{
"__comment": "© Le0, Mineland.eu 2019 | www.mineland.eu",
"textures": {
    "normal_gun_texture": "guns/brokovnice/normal_gun_texture",
    "bright_gun_texture": "guns/brokovnice/bright_gun_texture"
},
"elements": [ 
{
    "from": [ 0, 8.25, 7.1875 ],
    "to": [ 14, 9, 7.9375 ],
    "faces": {
        "down":  { "uv": [ 2, 1, 3, 2 ], "texture": "#bright_gun_texture" },
        "up":    { "uv": [ 2, 1, 3, 2 ], "texture": "#bright_gun_texture" },
        "north": { "uv": [ 2, 1, 3, 2 ], "texture": "#bright_gun_texture" },
        "south": { "uv": [ 2, 1, 3, 2 ], "texture": "#bright_gun_texture" },
        "west":  { "uv": [ 2, 1, 3, 2 ], "texture": "#bright_gun_texture" },
        "east":  { "uv": [ 2, 1, 3, 2 ], "texture": "#bright_gun_texture" }
    }
},
{
    "from": [ 0, 8.25, 8.0625 ],
    "to": [ 14, 9, 8.8125 ],
    "faces": {
        "down":  { "uv": [ 2, 1, 3, 2 ], "texture": "#bright_gun_texture" },
        "up":    { "uv": [ 2, 1, 3, 2 ], "texture": "#bright_gun_texture" },
        "north": { "uv": [ 2, 1, 3, 2 ], "texture": "#bright_gun_texture" },
        "south": { "uv": [ 2, 1, 3, 2 ], "texture": "#bright_gun_texture" },
        "west":  { "uv": [ 2, 1, 3, 2 ], "texture": "#bright_gun_texture" },
        "east":  { "uv": [ 2, 1, 3, 2 ], "texture": "#bright_gun_texture" }
    }
},
{
    "from": [ 0, 9.28125, 7.53125 ],
    "to": [ 9, 10.2188, 8.46875 ],
    "faces": {
        "down":  { "uv": [ 16, 8.46875, 7, 7.53125 ], "texture": "#normal_gun_texture" },
        "up":    { "uv": [ 0, 7.53125, 9, 8.46875 ], "texture": "#normal_gun_texture" },
        "north": { "uv": [ 7, 5.78125, 16, 6.71875 ], "texture": "#normal_gun_texture" },
        "south": { "uv": [ 0, 5.78125, 9, 6.71875 ], "texture": "#normal_gun_texture" },
        "west":  { "uv": [ 7.53125, 5.78125, 8.46875, 6.71875 ], "texture": "#normal_gun_texture" }
    }
},
{
    "from": [ 9, 9, 7.625 ],
    "to": [ 14, 9.1875, 8.375 ],
    "faces": {
        "down":  { "uv": [ 7, 8.375, 2, 7.625 ], "texture": "#normal_gun_texture" },
        "north": { "uv": [ 2, 6.8125, 7, 7 ], "texture": "#normal_gun_texture" },
        "south": { "uv": [ 9, 6.8125, 14, 7 ], "texture": "#normal_gun_texture" },
        "west":  { "uv": [ 7.625, 6.8125, 8.375, 7 ], "texture": "#normal_gun_texture" }
    }
},
{
    "from": [ 9, 9.1875, 7.4375 ],
    "to": [ 14, 10.3125, 8.5625 ],
    "faces": {
        "down":  { "uv": [ 7, 8.5625, 2, 7.4375 ], "texture": "#normal_gun_texture" },
        "up":    { "uv": [ 9, 7.4375, 14, 8.5625 ], "texture": "#normal_gun_texture" },
        "north": { "uv": [ 2, 5.6875, 7, 6.8125 ], "texture": "#normal_gun_texture" },
        "south": { "uv": [ 9, 5.6875, 14, 6.8125 ], "texture": "#normal_gun_texture" },
        "west":  { "uv": [ 7.4375, 5.6875, 8.5625, 6.8125 ], "texture": "#normal_gun_texture" },
        "east":  { "uv": [ 7.4375, 5.6875, 8.5625, 6.8125 ], "texture": "#normal_gun_texture" }
    }
},
{
    "from": [ 14, 9.8125, 7.625 ],
    "to": [ 20, 10.5, 8.375 ],
    "faces": {
        "down":  { "uv": [ 2, 1, 3, 2 ], "texture": "#bright_gun_texture" },
        "up":    { "uv": [ 2, 1, 3, 2 ], "texture": "#bright_gun_texture" },
        "north": { "uv": [ 2, 1, 3, 2 ], "texture": "#bright_gun_texture" },
        "south": { "uv": [ 2, 1, 3, 2 ], "texture": "#bright_gun_texture" },
        "west":  { "uv": [ 2, 1, 3, 2 ], "texture": "#bright_gun_texture" }
    }
},
{
    "from": [ 14, 10.3125, 8.375 ],
    "to": [ 20, 10.5, 8.6375 ],
    "rotation": { "origin": [ 14, 10.5, 8.375 ], "axis": "x", "angle": 45 },
    "faces": {
        "down":  { "uv": [ 2, 1, 3, 2 ], "texture": "#bright_gun_texture" },
        "up":    { "uv": [ 2, 1, 3, 2 ], "texture": "#bright_gun_texture" },
        "south": { "uv": [ 2, 1, 3, 2 ], "texture": "#bright_gun_texture" },
        "west":  { "uv": [ 2, 1, 3, 2 ], "texture": "#bright_gun_texture" },
        "east":  { "uv": [ 2, 1, 3, 2 ], "texture": "#bright_gun_texture" }
    }
},
{
    "from": [ 14, 10.1275, 7.44 ],
    "to": [ 20, 10.315, 7.7025 ],
    "rotation": { "origin": [ 14, 10.315, 7.44 ], "axis": "x", "angle": -45 },
    "faces": {
        "down":  { "uv": [ 2, 1, 3, 2 ], "texture": "#bright_gun_texture" },
        "up":    { "uv": [ 2, 1, 3, 2 ], "texture": "#bright_gun_texture" },
        "north": { "uv": [ 2, 1, 3, 2 ], "texture": "#bright_gun_texture" },
        "south": { "uv": [ 2, 1, 3, 2 ], "texture": "#bright_gun_texture" },
        "west":  { "uv": [ 2, 1, 3, 2 ], "texture": "#bright_gun_texture" },
        "east":  { "uv": [ 2, 1, 3, 2 ], "texture": "#bright_gun_texture" }
    }
},
{
    "from": [ 14, 10, 8.375 ],
    "to": [ 20, 10.3125, 8.5625 ],
    "faces": {
        "south": { "uv": [ 2, 1, 3, 2 ], "texture": "#bright_gun_texture" }
    }
},
{
    "from": [ 14, 9.6875, 8.375 ],
    "to": [ 20, 10, 8.625 ],
    "faces": {
        "down":  { "uv": [ 2, 1, 3, 2 ], "texture": "#bright_gun_texture" },
        "up":    { "uv": [ 2, 1, 3, 2 ], "texture": "#bright_gun_texture" },
        "north": { "uv": [ 2, 1, 3, 2 ], "texture": "#bright_gun_texture" },
        "south": { "uv": [ 2, 1, 3, 2 ], "texture": "#bright_gun_texture" },
        "west":  { "uv": [ 2, 1, 3, 2 ], "texture": "#bright_gun_texture" }
    }
},
{
    "from": [ 14, 9.375, 8.5625 ],
    "to": [ 20, 9.6875, 8.6875 ],
    "faces": {
        "down":  { "uv": [ 2, 1, 3, 2 ], "texture": "#bright_gun_texture" },
        "up":    { "uv": [ 2, 1, 3, 2 ], "texture": "#bright_gun_texture" },
        "north": { "uv": [ 2, 1, 3, 2 ], "texture": "#bright_gun_texture" },
        "south": { "uv": [ 2, 1, 3, 2 ], "texture": "#bright_gun_texture" },
        "west":  { "uv": [ 2, 1, 3, 2 ], "texture": "#bright_gun_texture" }
    }
},
{
    "from": [ 14, 9.0625, 8.625 ],
    "to": [ 20, 9.375, 8.75 ],
    "faces": {
        "down":  { "uv": [ 2, 1, 3, 2 ], "texture": "#bright_gun_texture" },
        "up":    { "uv": [ 2, 1, 3, 2 ], "texture": "#bright_gun_texture" },
        "north": { "uv": [ 2, 1, 3, 2 ], "texture": "#bright_gun_texture" },
        "south": { "uv": [ 2, 1, 3, 2 ], "texture": "#bright_gun_texture" },
        "west":  { "uv": [ 2, 1, 3, 2 ], "texture": "#bright_gun_texture" }
    }
},
{
    "from": [ 14, 8.75, 8.6875 ],
    "to": [ 20, 9.0625, 8.8125 ],
    "faces": {
        "down":  { "uv": [ 2, 1, 3, 2 ], "texture": "#bright_gun_texture" },
        "up":    { "uv": [ 2, 1, 3, 2 ], "texture": "#bright_gun_texture" },
        "north": { "uv": [ 2, 1, 3, 2 ], "texture": "#bright_gun_texture" },
        "south": { "uv": [ 2, 1, 3, 2 ], "texture": "#bright_gun_texture" },
        "west":  { "uv": [ 2, 1, 3, 2 ], "texture": "#bright_gun_texture" }
    }
},
{
    "from": [ 14, 8.3125, 8.75 ],
    "to": [ 20, 8.75, 8.875 ],
    "faces": {
        "down":  { "uv": [ 2, 1, 3, 2 ], "texture": "#bright_gun_texture" },
        "up":    { "uv": [ 2, 1, 3, 2 ], "texture": "#bright_gun_texture" },
        "north": { "uv": [ 2, 1, 3, 2 ], "texture": "#bright_gun_texture" },
        "south": { "uv": [ 2, 1, 3, 2 ], "texture": "#bright_gun_texture" },
        "west":  { "uv": [ 2, 1, 3, 2 ], "texture": "#bright_gun_texture" },
        "east":  { "uv": [ 2, 1, 3, 2 ], "texture": "#bright_gun_texture" }
    }
},
{
    "from": [ 14, 8.25, 8.5 ],
    "to": [ 20, 8.375, 8.8125 ],
    "faces": {
        "down":  { "uv": [ 2, 1, 3, 2 ], "texture": "#bright_gun_texture" },
        "up":    { "uv": [ 2, 1, 3, 2 ], "texture": "#bright_gun_texture" },
        "north": { "uv": [ 2, 1, 3, 2 ], "texture": "#bright_gun_texture" },
        "south": { "uv": [ 2, 1, 3, 2 ], "texture": "#bright_gun_texture" }
    }
},
{
    "from": [ 14, 10, 7.4375 ],
    "to": [ 20, 10.3125, 7.625 ],
    "faces": {
        "up":    { "uv": [ 2, 1, 3, 2 ], "texture": "#bright_gun_texture" },
        "north": { "uv": [ 2, 1, 3, 2 ], "texture": "#bright_gun_texture" }
    }
},
{
    "from": [ 14, 9.6875, 7.375 ],
    "to": [ 20, 10, 7.625 ],
    "faces": {
        "down":  { "uv": [ 2, 1, 3, 2 ], "texture": "#bright_gun_texture" },
        "up":    { "uv": [ 2, 1, 3, 2 ], "texture": "#bright_gun_texture" },
        "north": { "uv": [ 2, 1, 3, 2 ], "texture": "#bright_gun_texture" },
        "south": { "uv": [ 2, 1, 3, 2 ], "texture": "#bright_gun_texture" },
        "west":  { "uv": [ 2, 1, 3, 2 ], "texture": "#bright_gun_texture" }
    }
},
{
    "from": [ 14, 9.375, 7.3125 ],
    "to": [ 20, 9.6875, 7.4375 ],
    "faces": {
        "down":  { "uv": [ 2, 1, 3, 2 ], "texture": "#bright_gun_texture" },
        "up":    { "uv": [ 2, 1, 3, 2 ], "texture": "#bright_gun_texture" },
        "north": { "uv": [ 2, 1, 3, 2 ], "texture": "#bright_gun_texture" },
        "south": { "uv": [ 2, 1, 3, 2 ], "texture": "#bright_gun_texture" },
        "west":  { "uv": [ 2, 1, 3, 2 ], "texture": "#bright_gun_texture" }
    }
},
{
    "from": [ 14, 9.0625, 7.25 ],
    "to": [ 20, 9.375, 7.375 ],
    "faces": {
        "down":  { "uv": [ 2, 1, 3, 2 ], "texture": "#bright_gun_texture" },
        "up":    { "uv": [ 2, 1, 3, 2 ], "texture": "#bright_gun_texture" },
        "north": { "uv": [ 2, 1, 3, 2 ], "texture": "#bright_gun_texture" },
        "south": { "uv": [ 2, 1, 3, 2 ], "texture": "#bright_gun_texture" },
        "west":  { "uv": [ 2, 1, 3, 2 ], "texture": "#bright_gun_texture" }
    }
},
{
    "from": [ 14, 8.75, 7.1875 ],
    "to": [ 20, 9.0625, 7.3125 ],
    "faces": {
        "down":  { "uv": [ 2, 1, 3, 2 ], "texture": "#bright_gun_texture" },
        "up":    { "uv": [ 2, 1, 3, 2 ], "texture": "#bright_gun_texture" },
        "north": { "uv": [ 2, 1, 3, 2 ], "texture": "#bright_gun_texture" },
        "south": { "uv": [ 2, 1, 3, 2 ], "texture": "#bright_gun_texture" },
        "west":  { "uv": [ 2, 1, 3, 2 ], "texture": "#bright_gun_texture" }
    }
},
{
    "from": [ 14, 8.3125, 7.125 ],
    "to": [ 20, 8.75, 7.25 ],
    "faces": {
        "down":  { "uv": [ 2, 1, 3, 2 ], "texture": "#bright_gun_texture" },
        "up":    { "uv": [ 2, 1, 3, 2 ], "texture": "#bright_gun_texture" },
        "north": { "uv": [ 2, 1, 3, 2 ], "texture": "#bright_gun_texture" },
        "south": { "uv": [ 2, 1, 3, 2 ], "texture": "#bright_gun_texture" },
        "west":  { "uv": [ 2, 1, 3, 2 ], "texture": "#bright_gun_texture" },
        "east":  { "uv": [ 2, 1, 3, 2 ], "texture": "#bright_gun_texture" }
    }
},
{
    "from": [ 14, 8.1875, 7.1875 ],
    "to": [ 20, 8.3125, 7.5 ],
    "faces": {
        "down":  { "uv": [ 2, 1, 3, 2 ], "texture": "#bright_gun_texture" },
        "up":    { "uv": [ 2, 1, 3, 2 ], "texture": "#bright_gun_texture" },
        "north": { "uv": [ 2, 1, 3, 2 ], "texture": "#bright_gun_texture" },
        "south": { "uv": [ 2, 1, 3, 2 ], "texture": "#bright_gun_texture" },
        "west":  { "uv": [ 2, 1, 3, 2 ], "texture": "#bright_gun_texture" }
    }
},
{
    "from": [ 13.1875, 10.3125, 7.625 ],
    "to": [ 14, 10.375, 8.375 ],
    "faces": {
        "up":    { "uv": [ 13.1875, 7.625, 14, 8.375 ], "texture": "#normal_gun_texture" },
        "north": { "uv": [ 2, 5.625, 2.8125, 5.6875 ], "texture": "#normal_gun_texture" },
        "south": { "uv": [ 13.1875, 5.625, 14, 5.6875 ], "texture": "#normal_gun_texture" },
        "west":  { "uv": [ 7.625, 5.625, 8.375, 5.6875 ], "texture": "#normal_gun_texture" }
    }
},
{
    "from": [ 13.1875, 9.375, 8.5625 ],
    "to": [ 14, 10, 8.625 ],
    "faces": {
        "down":  { "uv": [ 2.8125, 8.625, 2, 8.5625 ], "texture": "#normal_gun_texture" },
        "up":    { "uv": [ 13.1875, 8.5625, 14, 8.625 ], "texture": "#normal_gun_texture" },
        "south": { "uv": [ 13.1875, 6, 14, 6.625 ], "texture": "#normal_gun_texture" },
        "west":  { "uv": [ 8.5625, 6, 8.625, 6.625 ], "texture": "#normal_gun_texture" },
        "east":  { "uv": [ 7.375, 6, 7.4375, 6.625 ], "texture": "#normal_gun_texture" }
    }
},
{
    "from": [ 13.1875, 9.375, 7.375 ],
    "to": [ 14, 10, 7.4375 ],
    "faces": {
        "down":  { "uv": [ 2.8125, 7.4375, 2, 7.375 ], "texture": "#normal_gun_texture" },
        "up":    { "uv": [ 13.1875, 7.375, 14, 7.4375 ], "texture": "#normal_gun_texture" },
        "north": { "uv": [ 2, 6, 2.8125, 6.625 ], "texture": "#normal_gun_texture" },
        "west":  { "uv": [ 7.375, 6, 7.4375, 6.625 ], "texture": "#normal_gun_texture" },
        "east":  { "uv": [ 8.5625, 6, 8.625, 6.625 ], "texture": "#normal_gun_texture" }
    }
},
{
    "from": [ 13.5625, 10.375, 7.625 ],
    "to": [ 14, 10.4375, 8.375 ],
    "faces": {
        "up":    { "uv": [ 13.5625, 7.625, 14, 8.375 ], "texture": "#normal_gun_texture" },
        "north": { "uv": [ 2, 5.5625, 2.4375, 5.625 ], "texture": "#normal_gun_texture" },
        "south": { "uv": [ 13.5625, 5.5625, 14, 5.625 ], "texture": "#normal_gun_texture" },
        "west":  { "uv": [ 7.625, 5.5625, 8.375, 5.625 ], "texture": "#normal_gun_texture" }
    }
},
{
    "from": [ 9.5, 7.5, 7.5 ],
    "to": [ 13.5, 8.25, 8.5 ],
    "faces": {
        "down":  { "uv": [ 6.5, 8.5, 2.5, 7.5 ], "texture": "#normal_gun_texture" },
        "up":    { "uv": [ 9.5, 7.5, 13.5, 8.5 ], "texture": "#normal_gun_texture" },
        "north": { "uv": [ 2.5, 7.75, 6.5, 8.5 ], "texture": "#normal_gun_texture" },
        "south": { "uv": [ 9.5, 7.75, 13.5, 8.5 ], "texture": "#normal_gun_texture" },
        "west":  { "uv": [ 7.5, 7.75, 8.5, 8.5 ], "texture": "#normal_gun_texture" }
    }
},
{
    "from": [ 14, 8.28125, 8.09375 ],
    "to": [ 15, 8.96875, 8.78125 ],
    "faces": {
        "down":  { "uv": [ 2, 8.78125, 1, 8.09375 ], "texture": "#normal_gun_texture" },
        "up":    { "uv": [ 14, 8.09375, 15, 8.78125 ], "texture": "#normal_gun_texture" },
        "north": { "uv": [ 1, 7.03125, 2, 7.71875 ], "texture": "#normal_gun_texture" },
        "south": { "uv": [ 14, 7.03125, 15, 7.71875 ], "texture": "#normal_gun_texture" },
        "east":  { "uv": [ 7.21875, 7.03125, 7.90625, 7.71875 ], "texture": "#normal_gun_texture" }
    }
},
{
    "from": [ 14, 8.28125, 7.21875 ],
    "to": [ 15, 8.96875, 7.90625 ],
    "faces": {
        "down":  { "uv": [ 2, 7.90625, 1, 7.21875 ], "texture": "#normal_gun_texture" },
        "up":    { "uv": [ 14, 7.21875, 15, 7.90625 ], "texture": "#normal_gun_texture" },
        "north": { "uv": [ 1, 7.03125, 2, 7.71875 ], "texture": "#normal_gun_texture" },
        "south": { "uv": [ 14, 7.03125, 15, 7.71875 ], "texture": "#normal_gun_texture" },
        "east":  { "uv": [ 8.09375, 7.03125, 8.78125, 7.71875 ], "texture": "#normal_gun_texture" }
    }
},
{
    "from": [ 20, 9.8125, 7.625 ],
    "to": [ 21, 10.5, 8.375 ],
    "faces": {
        "down":  { "uv": [ 0, 8.375, 0, 7.625 ], "texture": "#normal_gun_texture" },
        "up":    { "uv": [ 16, 7.625, 16, 8.375 ], "texture": "#normal_gun_texture" },
        "north": { "uv": [ 0, 5.5, 0, 6.1875 ], "texture": "#normal_gun_texture" },
        "south": { "uv": [ 16, 5.5, 16, 6.1875 ], "texture": "#normal_gun_texture" },
        "east":  { "uv": [ 7.625, 5.5, 8.375, 6.1875 ], "texture": "#normal_gun_texture" }
    }
},
{
    "from": [ 20, 10.3125, 8.375 ],
    "to": [ 21, 10.5, 8.6375 ],
    "rotation": { "origin": [ 20, 10.5, 8.375 ], "axis": "x", "angle": 45 },
    "faces": {
        "down":  { "uv": [ 0, 8.6375, 0, 8.375 ], "texture": "#normal_gun_texture" },
        "up":    { "uv": [ 16, 8.375, 16, 8.6375 ], "texture": "#normal_gun_texture" },
        "south": { "uv": [ 16, 5.5, 16, 5.6875 ], "texture": "#normal_gun_texture" },
        "west":  { "uv": [ 8.375, 5.5, 8.6375, 5.6875 ], "texture": "#normal_gun_texture" },
        "east":  { "uv": [ 7.3625, 5.5, 7.625, 5.6875 ], "texture": "#normal_gun_texture" }
    }
},
{
    "from": [ 20, 10.1275, 7.44 ],
    "to": [ 21, 10.315, 7.7025 ],
    "rotation": { "origin": [ 20, 10.315, 7.44 ], "axis": "x", "angle": -45 },
    "faces": {
        "down":  { "uv": [ 0, 7.7025, 0, 7.44 ], "texture": "#normal_gun_texture" },
        "up":    { "uv": [ 16, 7.44, 16, 7.7025 ], "texture": "#normal_gun_texture" },
        "north": { "uv": [ 0, 5.685, 0, 5.8725 ], "texture": "#normal_gun_texture" },
        "south": { "uv": [ 16, 5.685, 16, 5.8725 ], "texture": "#normal_gun_texture" },
        "west":  { "uv": [ 7.44, 5.685, 7.7025, 5.8725 ], "texture": "#normal_gun_texture" },
        "east":  { "uv": [ 8.2975, 5.685, 8.56, 5.8725 ], "texture": "#normal_gun_texture" }
    }
},
{
    "from": [ 20, 10, 8.375 ],
    "to": [ 21, 10.3125, 8.5625 ],
    "faces": {
        "south": { "uv": [ 16, 5.6875, 16, 6 ], "texture": "#normal_gun_texture" }
    }
},
{
    "from": [ 20, 10, 7.4375 ],
    "to": [ 21, 10.3125, 7.625 ],
    "faces": {
        "up":    { "uv": [ 16, 7.4375, 16, 7.625 ], "texture": "#normal_gun_texture" },
        "north": { "uv": [ 0, 5.6875, 0, 6 ], "texture": "#normal_gun_texture" }
    }
},
{
    "from": [ 0.25, 8.1875, 7.125 ],
    "to": [ 0.625, 9.0625, 8.875 ],
    "faces": {
        "down":  { "uv": [ 15.75, 8.875, 15.375, 7.125 ], "texture": "#normal_gun_texture" },
        "up":    { "uv": [ 0.25, 7.125, 0.625, 8.875 ], "texture": "#normal_gun_texture" },
        "north": { "uv": [ 15.375, 6.9375, 15.75, 7.8125 ], "texture": "#normal_gun_texture" },
        "south": { "uv": [ 0.25, 6.9375, 0.625, 7.8125 ], "texture": "#normal_gun_texture" },
        "west":  { "uv": [ 7.125, 6.9375, 8.875, 7.8125 ], "texture": "#normal_gun_texture" },
        "east":  { "uv": [ 7.125, 6.9375, 8.875, 7.8125 ], "texture": "#normal_gun_texture" }
    }
},
{
    "from": [ 0.25, 9.0625, 7.5 ],
    "to": [ 0.625, 10.25, 8.5 ],
    "faces": {
        "up":    { "uv": [ 0.25, 7.5, 0.625, 8.5 ], "texture": "#normal_gun_texture" },
        "north": { "uv": [ 15.375, 5.75, 15.75, 6.9375 ], "texture": "#normal_gun_texture" },
        "south": { "uv": [ 0.25, 5.75, 0.625, 6.9375 ], "texture": "#normal_gun_texture" },
        "west":  { "uv": [ 7.5, 5.75, 8.5, 6.9375 ], "texture": "#normal_gun_texture" },
        "east":  { "uv": [ 7.5, 5.75, 8.5, 6.9375 ], "texture": "#normal_gun_texture" }
    }
},
{
    "from": [ 0.25, 9.0625, 7.1875 ],
    "to": [ 0.625, 9.5, 7.3125 ],
    "faces": {
        "up":    { "uv": [ 0.25, 7.1875, 0.625, 7.3125 ], "texture": "#normal_gun_texture" },
        "north": { "uv": [ 15.375, 6.5, 15.75, 6.9375 ], "texture": "#normal_gun_texture" },
        "south": { "uv": [ 0.25, 6.5, 0.625, 6.9375 ], "texture": "#normal_gun_texture" },
        "west":  { "uv": [ 7.1875, 6.5, 7.3125, 6.9375 ], "texture": "#normal_gun_texture" },
        "east":  { "uv": [ 8.6875, 6.5, 8.8125, 6.9375 ], "texture": "#normal_gun_texture" }
    }
},
{
    "from": [ 0.25, 9.5, 7.25 ],
    "to": [ 0.625, 9.9375, 7.375 ],
    "faces": {
        "down":  { "uv": [ 15.75, 7.375, 15.375, 7.25 ], "texture": "#normal_gun_texture" },
        "up":    { "uv": [ 0.25, 7.25, 0.625, 7.375 ], "texture": "#normal_gun_texture" },
        "north": { "uv": [ 15.375, 6.0625, 15.75, 6.5 ], "texture": "#normal_gun_texture" },
        "south": { "uv": [ 0.25, 6.0625, 0.625, 6.5 ], "texture": "#normal_gun_texture" },
        "west":  { "uv": [ 7.25, 6.0625, 7.375, 6.5 ], "texture": "#normal_gun_texture" },
        "east":  { "uv": [ 8.625, 6.0625, 8.75, 6.5 ], "texture": "#normal_gun_texture" }
    }
},
{
    "from": [ 0.25, 9.9375, 7.3125 ],
    "to": [ 0.625, 10.0625, 7.5 ],
    "faces": {
        "down":  { "uv": [ 15.75, 7.5, 15.375, 7.3125 ], "texture": "#normal_gun_texture" },
        "up":    { "uv": [ 0.25, 7.3125, 0.625, 7.5 ], "texture": "#normal_gun_texture" },
        "north": { "uv": [ 15.375, 5.9375, 15.75, 6.0625 ], "texture": "#normal_gun_texture" },
        "west":  { "uv": [ 7.3125, 5.9375, 7.5, 6.0625 ], "texture": "#normal_gun_texture" },
        "east":  { "uv": [ 8.5, 5.9375, 8.6875, 6.0625 ], "texture": "#normal_gun_texture" }
    }
},
{
    "from": [ 0.25, 9.0625, 8.6875 ],
    "to": [ 0.625, 9.5, 8.8125 ],
    "faces": {
        "up":    { "uv": [ 0.25, 8.6875, 0.625, 8.8125 ], "texture": "#normal_gun_texture" },
        "north": { "uv": [ 15.375, 6.5, 15.75, 6.9375 ], "texture": "#normal_gun_texture" },
        "south": { "uv": [ 0.25, 6.5, 0.625, 6.9375 ], "texture": "#normal_gun_texture" },
        "west":  { "uv": [ 8.6875, 6.5, 8.8125, 6.9375 ], "texture": "#normal_gun_texture" },
        "east":  { "uv": [ 7.1875, 6.5, 7.3125, 6.9375 ], "texture": "#normal_gun_texture" }
    }
},
{
    "from": [ 0.25, 9.5, 8.625 ],
    "to": [ 0.625, 9.9375, 8.75 ],
    "faces": {
        "down":  { "uv": [ 15.75, 8.75, 15.375, 8.625 ], "texture": "#normal_gun_texture" },
        "up":    { "uv": [ 0.25, 8.625, 0.625, 8.75 ], "texture": "#normal_gun_texture" },
        "north": { "uv": [ 15.375, 6.0625, 15.75, 6.5 ], "texture": "#normal_gun_texture" },
        "south": { "uv": [ 0.25, 6.0625, 0.625, 6.5 ], "texture": "#normal_gun_texture" },
        "west":  { "uv": [ 8.625, 6.0625, 8.75, 6.5 ], "texture": "#normal_gun_texture" },
        "east":  { "uv": [ 7.25, 6.0625, 7.375, 6.5 ], "texture": "#normal_gun_texture" }
    }
},
{
    "from": [ 0.25, 9.9375, 8.5 ],
    "to": [ 0.625, 10.0625, 8.6875 ],
    "faces": {
        "down":  { "uv": [ 15.75, 8.6875, 15.375, 8.5 ], "texture": "#normal_gun_texture" },
        "up":    { "uv": [ 0.25, 8.5, 0.625, 8.6875 ], "texture": "#normal_gun_texture" },
        "south": { "uv": [ 0.25, 5.9375, 0.625, 6.0625 ], "texture": "#normal_gun_texture" },
        "west":  { "uv": [ 8.5, 5.9375, 8.6875, 6.0625 ], "texture": "#normal_gun_texture" },
        "east":  { "uv": [ 7.3125, 5.9375, 7.5, 6.0625 ], "texture": "#normal_gun_texture" }
    }
},
{
    "from": [ 0.25, 10.25, 7.625 ],
    "to": [ 0.625, 10.4375, 8.375 ],
    "faces": {
        "north": { "uv": [ 15.375, 5.5625, 15.75, 5.75 ], "texture": "#normal_gun_texture" },
        "south": { "uv": [ 0.25, 5.5625, 0.625, 5.75 ], "texture": "#normal_gun_texture" },
        "west":  { "uv": [ 7.625, 5.5625, 8.375, 5.75 ], "texture": "#normal_gun_texture" },
        "east":  { "uv": [ 7.625, 5.5625, 8.375, 5.75 ], "texture": "#normal_gun_texture" }
    }
},
{
    "from": [ 8.625, 10.2188, 7.625 ],
    "to": [ 9, 10.4375, 8.375 ],
    "faces": {
        "down":  { "uv": [ 7.375, 8.375, 7, 7.625 ], "texture": "#normal_gun_texture" },
        "north": { "uv": [ 7, 5.5625, 7.375, 5.78125 ], "texture": "#normal_gun_texture" },
        "south": { "uv": [ 8.625, 5.5625, 9, 5.78125 ], "texture": "#normal_gun_texture" },
        "west":  { "uv": [ 7.625, 5.5625, 8.375, 5.78125 ], "texture": "#normal_gun_texture" },
        "east":  { "uv": [ 7.625, 5.5625, 8.375, 5.78125 ], "texture": "#normal_gun_texture" }
    }
},
{
    "from": [ 0, 10.4375, 7.625 ],
    "to": [ 9.3125, 10.625, 8.375 ],
    "faces": {
        "down":  { "uv": [ 16, 8.375, 6.6875, 7.625 ], "texture": "#normal_gun_texture" },
        "up":    { "uv": [ 0, 7.625, 9.3125, 8.375 ], "texture": "#normal_gun_texture" },
        "north": { "uv": [ 6.6875, 5.375, 16, 5.5625 ], "texture": "#normal_gun_texture" },
        "south": { "uv": [ 0, 5.375, 9.3125, 5.5625 ], "texture": "#normal_gun_texture" },
        "west":  { "uv": [ 7.625, 5.375, 8.375, 5.5625 ], "texture": "#normal_gun_texture" },
        "east":  { "uv": [ 7.625, 5.375, 8.375, 5.5625 ], "texture": "#normal_gun_texture" }
    }
},
{
    "from": [ 0.6875, 9.1175, 7.40625 ],
    "to": [ 5, 10.2175, 8.59375 ],
    "faces": {
        "up":    { "uv": [ 15, 0, 16, 1 ], "texture": "#bright_gun_texture" },
        "north": { "uv": [ 15, 0, 16, 1 ], "texture": "#bright_gun_texture" },
        "south": { "uv": [ 15, 0, 16, 1 ], "texture": "#bright_gun_texture" },
        "west":  { "uv": [ 15, 0, 16, 1 ], "texture": "#bright_gun_texture" },
        "east":  { "uv": [ 15, 0, 16, 1 ], "texture": "#bright_gun_texture" }
    }
},
{
    "from": [ 0.6875, 10.1875, 7.53125 ],
    "to": [ 5, 10.375, 8.46875 ],
    "faces": {
        "up":    { "uv": [ 15, 0, 16, 1 ], "texture": "#bright_gun_texture" },
        "north": { "uv": [ 15, 0, 16, 1 ], "texture": "#bright_gun_texture" },
        "south": { "uv": [ 15, 0, 16, 1 ], "texture": "#bright_gun_texture" },
        "west":  { "uv": [ 15, 0, 16, 1 ], "texture": "#bright_gun_texture" },
        "east":  { "uv": [ 15, 0, 16, 1 ], "texture": "#bright_gun_texture" }
    }
},
{
    "from": [ 5, 9.125, 7.40625 ],
    "to": [ 9, 9.4375, 8.59375 ],
    "faces": {
        "up":    { "uv": [ 15, 0, 16, 1 ], "texture": "#bright_gun_texture" },
        "north": { "uv": [ 15, 0, 16, 1 ], "texture": "#bright_gun_texture" },
        "south": { "uv": [ 15, 0, 16, 1 ], "texture": "#bright_gun_texture" },
        "west":  { "uv": [ 15, 0, 16, 1 ], "texture": "#bright_gun_texture" },
        "east":  { "uv": [ 15, 0, 16, 1 ], "texture": "#bright_gun_texture" }
    }
},
{
    "from": [ 0.6875, 8.25, 7.09375 ],
    "to": [ 9, 9.125, 8.90625 ],
    "faces": {
        "down":  { "uv": [ 15, 0, 16, 1 ], "texture": "#bright_gun_texture" },
        "up":    { "uv": [ 15, 0, 16, 1 ], "texture": "#bright_gun_texture" },
        "north": { "uv": [ 15, 0, 16, 1 ], "texture": "#bright_gun_texture" },
        "south": { "uv": [ 15, 0, 16, 1 ], "texture": "#bright_gun_texture" },
        "west":  { "uv": [ 15, 0, 16, 1 ], "texture": "#bright_gun_texture" },
        "east":  { "uv": [ 15, 0, 16, 1 ], "texture": "#bright_gun_texture" }
    }
},
{
    "from": [ 1, 8.0625, 7.1875 ],
    "to": [ 5.5, 8.25, 8.8125 ],
    "faces": {
        "down":  { "uv": [ 15, 0, 16, 1 ], "texture": "#bright_gun_texture" },
        "north": { "uv": [ 15, 0, 16, 1 ], "texture": "#bright_gun_texture" },
        "south": { "uv": [ 15, 0, 16, 1 ], "texture": "#bright_gun_texture" }
    }
},
{
    "from": [ 1, 7.8125, 7.3125 ],
    "to": [ 5.5, 8.0625, 8.625 ],
    "faces": {
        "down":  { "uv": [ 15, 0, 16, 1 ], "texture": "#bright_gun_texture" },
        "north": { "uv": [ 15, 0, 16, 1 ], "texture": "#bright_gun_texture" },
        "south": { "uv": [ 15, 0, 16, 1 ], "texture": "#bright_gun_texture" },
        "west":  { "uv": [ 15, 0, 16, 1 ], "texture": "#bright_gun_texture" }
    }
},
{
    "from": [ 1, 7.5625, 7.5 ],
    "to": [ 5.6875, 7.8125, 8.4375 ],
    "faces": {
        "down":  { "uv": [ 15, 0, 16, 1 ], "texture": "#bright_gun_texture" },
        "up":    { "uv": [ 15, 0, 16, 1 ], "texture": "#bright_gun_texture" },
        "north": { "uv": [ 15, 0, 16, 1 ], "texture": "#bright_gun_texture" },
        "south": { "uv": [ 15, 0, 16, 1 ], "texture": "#bright_gun_texture" },
        "west":  { "uv": [ 15, 0, 16, 1 ], "texture": "#bright_gun_texture" },
        "east":  { "uv": [ 15, 0, 16, 1 ], "texture": "#bright_gun_texture" }
    }
},
{
    "from": [ 0.625, 7.9375, 7.15625 ],
    "to": [ 1, 8.25, 8.84375 ],
    "faces": {
        "down":  { "uv": [ 15, 0, 16, 1 ], "texture": "#bright_gun_texture" },
        "up":    { "uv": [ 15, 0, 16, 1 ], "texture": "#bright_gun_texture" },
        "north": { "uv": [ 15, 0, 16, 1 ], "texture": "#bright_gun_texture" },
        "south": { "uv": [ 15, 0, 16, 1 ], "texture": "#bright_gun_texture" },
        "west":  { "uv": [ 15, 0, 16, 1 ], "texture": "#bright_gun_texture" },
        "east":  { "uv": [ 15, 0, 16, 1 ], "texture": "#bright_gun_texture" }
    }
},
{
    "from": [ 5.5, 7.75, 7.09375 ],
    "to": [ 9.5, 8.25, 8.90625 ],
    "faces": {
        "down":  { "uv": [ 15, 0, 16, 1 ], "texture": "#bright_gun_texture" },
        "up":    { "uv": [ 15, 0, 16, 1 ], "texture": "#bright_gun_texture" },
        "north": { "uv": [ 15, 0, 16, 1 ], "texture": "#bright_gun_texture" },
        "south": { "uv": [ 15, 0, 16, 1 ], "texture": "#bright_gun_texture" },
        "west":  { "uv": [ 15, 0, 16, 1 ], "texture": "#bright_gun_texture" },
        "east":  { "uv": [ 15, 0, 16, 1 ], "texture": "#bright_gun_texture" }
    }
},
{
    "from": [ 9, 8.25, 7.09375 ],
    "to": [ 9.25, 8.75, 8.90625 ],
    "faces": {
        "down":  { "uv": [ 15, 0, 16, 1 ], "texture": "#bright_gun_texture" },
        "up":    { "uv": [ 15, 0, 16, 1 ], "texture": "#bright_gun_texture" },
        "north": { "uv": [ 15, 0, 16, 1 ], "texture": "#bright_gun_texture" },
        "south": { "uv": [ 15, 0, 16, 1 ], "texture": "#bright_gun_texture" },
        "west":  { "uv": [ 15, 0, 16, 1 ], "texture": "#bright_gun_texture" },
        "east":  { "uv": [ 15, 0, 16, 1 ], "texture": "#bright_gun_texture" }
    }
},
{
    "from": [ 11, 4.5625, 7.5 ],
    "to": [ 12, 7.5625, 8.5 ],
    "rotation": { "origin": [ 11, 7.5625, 7.5 ], "axis": "z", "angle": 22.5 },
    "faces": {
        "down":  { "uv": [ 5, 8.5, 4, 7.5 ], "texture": "#normal_gun_texture" },
        "up":    { "uv": [ 11, 7.5, 12, 8.5 ], "texture": "#normal_gun_texture" },
        "north": { "uv": [ 4, 8.4375, 5, 11.4375 ], "texture": "#normal_gun_texture" },
        "south": { "uv": [ 11, 8.4375, 12, 11.4375 ], "texture": "#normal_gun_texture" },
        "west":  { "uv": [ 7.5, 8.4375, 8.5, 11.4375 ], "texture": "#normal_gun_texture" },
        "east":  { "uv": [ 7.5, 8.4375, 8.5, 11.4375 ], "texture": "#normal_gun_texture" }
    }
},
{
    "from": [ 9.5, 6.3125, 7.75 ],
    "to": [ 9.6875, 7.5, 8.25 ],
    "rotation": { "origin": [ 9.5, 7.5, 7.75 ], "axis": "z", "angle": 22.5 },
    "faces": {
        "down":  { "uv": [ 6.5, 8.25, 6.3125, 7.75 ], "texture": "#normal_gun_texture" },
        "north": { "uv": [ 6.3125, 8.5, 6.5, 9.6875 ], "texture": "#normal_gun_texture" },
        "south": { "uv": [ 9.5, 8.5, 9.6875, 9.6875 ], "texture": "#normal_gun_texture" },
        "west":  { "uv": [ 7.75, 8.5, 8.25, 9.6875 ], "texture": "#normal_gun_texture" },
        "east":  { "uv": [ 7.75, 8.5, 8.25, 9.6875 ], "texture": "#normal_gun_texture" }
    }
},
{
    "from": [ 9.95625, 6.40375, 7.75 ],
    "to": [ 11.5188, 6.59125, 8.25 ],
    "faces": {
        "down":  { "uv": [ 6.04375, 8.25, 4.48125, 7.75 ], "texture": "#normal_gun_texture" },
        "up":    { "uv": [ 9.95625, 7.75, 11.5188, 8.25 ], "texture": "#normal_gun_texture" },
        "north": { "uv": [ 4.48125, 9.40875, 6.04375, 9.59625 ], "texture": "#normal_gun_texture" },
        "south": { "uv": [ 9.95625, 9.40875, 11.5188, 9.59625 ], "texture": "#normal_gun_texture" },
        "west":  { "uv": [ 7.75, 9.40875, 8.25, 9.59625 ], "texture": "#normal_gun_texture" },
        "east":  { "uv": [ 7.75, 9.40875, 8.25, 9.59625 ], "texture": "#normal_gun_texture" }
    }
},
{
    "from": [ 10.875, 6.45, 7.75 ],
    "to": [ 11.0625, 7.5, 8.25 ],
    "rotation": { "origin": [ 10.875, 7.5, 7.75 ], "axis": "z", "angle": 22.5 },
    "faces": {
        "down":  { "uv": [ 5.125, 8.25, 4.9375, 7.75 ], "texture": "#normal_gun_texture" },
        "north": { "uv": [ 4.9375, 8.5, 5.125, 9.55 ], "texture": "#normal_gun_texture" },
        "south": { "uv": [ 10.875, 8.5, 11.0625, 9.55 ], "texture": "#normal_gun_texture" },
        "west":  { "uv": [ 7.75, 8.5, 8.25, 9.55 ], "texture": "#normal_gun_texture" },
        "east":  { "uv": [ 7.75, 8.5, 8.25, 9.55 ], "texture": "#normal_gun_texture" }
    }
},
{
    "from": [ 11.1563, 6.5625, 7.75 ],
    "to": [ 11.3438, 6.8125, 8.25 ],
    "rotation": { "origin": [ 11.1563, 6.8125, 7.75 ], "axis": "z", "angle": -22.5 },
    "faces": {
        "up":    { "uv": [ 11.1563, 7.75, 11.3438, 8.25 ], "texture": "#normal_gun_texture" },
        "north": { "uv": [ 4.65625, 9.1875, 4.84375, 9.4375 ], "texture": "#normal_gun_texture" },
        "south": { "uv": [ 11.1563, 9.1875, 11.3438, 9.4375 ], "texture": "#normal_gun_texture" },
        "west":  { "uv": [ 7.75, 9.1875, 8.25, 9.4375 ], "texture": "#normal_gun_texture" },
        "east":  { "uv": [ 7.75, 9.1875, 8.25, 9.4375 ], "texture": "#normal_gun_texture" }
    }
},
{
    "from": [ 9.6875, 7.34375, 7.75 ],
    "to": [ 9.875, 7.59375, 8.25 ],
    "rotation": { "origin": [ 9.6875, 7.59375, 7.75 ], "axis": "z", "angle": -22.5 },
    "faces": {
        "down":  { "uv": [ 6.3125, 8.25, 6.125, 7.75 ], "texture": "#normal_gun_texture" },
        "up":    { "uv": [ 9.6875, 7.75, 9.875, 8.25 ], "texture": "#normal_gun_texture" },
        "north": { "uv": [ 6.125, 8.40625, 6.3125, 8.65625 ], "texture": "#normal_gun_texture" },
        "south": { "uv": [ 9.6875, 8.40625, 9.875, 8.65625 ], "texture": "#normal_gun_texture" },
        "west":  { "uv": [ 7.75, 8.40625, 8.25, 8.65625 ], "texture": "#normal_gun_texture" },
        "east":  { "uv": [ 7.75, 8.40625, 8.25, 8.65625 ], "texture": "#normal_gun_texture" }
    }
},
{
    "from": [ 14, 8.875, 7.375 ],
    "to": [ 14.125, 9.5625, 8.625 ],
    "faces": {
        "down":  { "uv": [ 2, 8.625, 1.875, 7.375 ], "texture": "#normal_gun_texture" },
        "up":    { "uv": [ 14, 7.375, 14.125, 8.625 ], "texture": "#normal_gun_texture" },
        "north": { "uv": [ 1.875, 6.4375, 2, 7.125 ], "texture": "#normal_gun_texture" },
        "south": { "uv": [ 14, 6.4375, 14.125, 7.125 ], "texture": "#normal_gun_texture" },
        "west":  { "uv": [ 7.375, 6.4375, 8.625, 7.125 ], "texture": "#normal_gun_texture" },
        "east":  { "uv": [ 7.375, 6.4375, 8.625, 7.125 ], "texture": "#normal_gun_texture" }
    }
},
{
    "from": [ 14, 8.9375, 7.3125 ],
    "to": [ 14.125, 9.0625, 7.375 ],
    "faces": {
        "west":  { "uv": [ 7.3125, 6.9375, 7.375, 7.0625 ], "texture": "#normal_gun_texture" },
        "east":  { "uv": [ 8.625, 6.9375, 8.6875, 7.0625 ], "texture": "#normal_gun_texture" }
    }
},
{
    "from": [ 14, 8.9375, 8.625 ],
    "to": [ 14.125, 9.0625, 8.6875 ],
    "faces": {
        "west":  { "uv": [ 8.625, 6.9375, 8.6875, 7.0625 ], "texture": "#normal_gun_texture" },
        "east":  { "uv": [ 7.3125, 6.9375, 7.375, 7.0625 ], "texture": "#normal_gun_texture" }
    }
},
{
    "from": [ 13.5, 7.5, 7.375 ],
    "to": [ 15.0625, 8.25, 8.625 ],
    "faces": {
        "down":  { "uv": [ 2.5, 8.625, 0.9375, 7.375 ], "texture": "#normal_gun_texture" },
        "up":    { "uv": [ 13.5, 7.375, 15.0625, 8.625 ], "texture": "#normal_gun_texture" },
        "north": { "uv": [ 0.9375, 7.75, 2.5, 8.5 ], "texture": "#normal_gun_texture" },
        "south": { "uv": [ 13.5, 7.75, 15.0625, 8.5 ], "texture": "#normal_gun_texture" },
        "west":  { "uv": [ 7.375, 7.75, 8.625, 8.5 ], "texture": "#normal_gun_texture" },
        "east":  { "uv": [ 7.375, 7.75, 8.625, 8.5 ], "texture": "#normal_gun_texture" }
    }
},
{
    "from": [ 11.9688, 4.7925, 7.5 ],
    "to": [ 12.1563, 4.98, 8.5 ],
    "faces": {
        "down":  { "uv": [ 4.03125, 8.5, 3.84375, 7.5 ], "texture": "#normal_gun_texture" },
        "up":    { "uv": [ 11.9688, 7.5, 12.1563, 8.5 ], "texture": "#normal_gun_texture" },
        "north": { "uv": [ 3.84375, 11.02, 4.03125, 11.2075 ], "texture": "#normal_gun_texture" },
        "south": { "uv": [ 11.9688, 11.02, 12.1563, 11.2075 ], "texture": "#normal_gun_texture" },
        "west":  { "uv": [ 7.5, 11.02, 8.5, 11.2075 ], "texture": "#normal_gun_texture" },
        "east":  { "uv": [ 7.5, 11.02, 8.5, 11.2075 ], "texture": "#normal_gun_texture" }
    }
},
{
    "from": [ 12.125, 7, 7.5 ],
    "to": [ 12.3125, 7.5, 8.5 ],
    "faces": {
        "down":  { "uv": [ 3.875, 8.5, 3.6875, 7.5 ], "texture": "#normal_gun_texture" },
        "north": { "uv": [ 3.6875, 8.5, 3.875, 9 ], "texture": "#normal_gun_texture" },
        "south": { "uv": [ 12.125, 8.5, 12.3125, 9 ], "texture": "#normal_gun_texture" },
        "west":  { "uv": [ 7.5, 8.5, 8.5, 9 ], "texture": "#normal_gun_texture" },
        "east":  { "uv": [ 7.5, 8.5, 8.5, 9 ], "texture": "#normal_gun_texture" }
    }
},
{
    "from": [ 12.1563, 7.1875, 7.5 ],
    "to": [ 12.5313, 7.375, 8.5 ],
    "rotation": { "origin": [ 12.1563, 7.375, 7.5 ], "axis": "z", "angle": 45 },
    "faces": {
        "down":  { "uv": [ 3.84375, 8.5, 3.46875, 7.5 ], "texture": "#normal_gun_texture" },
        "up":    { "uv": [ 12.1563, 7.5, 12.5313, 8.5 ], "texture": "#normal_gun_texture" },
        "north": { "uv": [ 3.46875, 8.625, 3.84375, 8.8125 ], "texture": "#normal_gun_texture" },
        "south": { "uv": [ 12.1563, 8.625, 12.5313, 8.8125 ], "texture": "#normal_gun_texture" },
        "west":  { "uv": [ 7.5, 8.625, 8.5, 8.8125 ], "texture": "#normal_gun_texture" },
        "east":  { "uv": [ 7.5, 8.625, 8.5, 8.8125 ], "texture": "#normal_gun_texture" }
    }
},
{
    "from": [ 20, 9.6875, 7.375 ],
    "to": [ 21, 10, 8.625 ],
    "faces": {
        "up":    { "uv": [ 16, 7.375, 16, 8.625 ], "texture": "#normal_gun_texture" },
        "north": { "uv": [ 0, 6, 0, 6.3125 ], "texture": "#normal_gun_texture" },
        "south": { "uv": [ 16, 6, 16, 6.3125 ], "texture": "#normal_gun_texture" },
        "west":  { "uv": [ 7.375, 6, 8.625, 6.3125 ], "texture": "#normal_gun_texture" },
        "east":  { "uv": [ 7.375, 6, 8.625, 6.3125 ], "texture": "#normal_gun_texture" }
    }
},
{
    "from": [ 20, 9.375, 7.3125 ],
    "to": [ 21, 9.6875, 8.6875 ],
    "faces": {
        "down":  { "uv": [ 0, 8.6875, 0, 7.3125 ], "texture": "#normal_gun_texture" },
        "up":    { "uv": [ 16, 7.3125, 16, 8.6875 ], "texture": "#normal_gun_texture" },
        "north": { "uv": [ 0, 6.3125, 0, 6.625 ], "texture": "#normal_gun_texture" },
        "south": { "uv": [ 16, 6.3125, 16, 6.625 ], "texture": "#normal_gun_texture" },
        "west":  { "uv": [ 7.3125, 6.3125, 8.6875, 6.625 ], "texture": "#normal_gun_texture" },
        "east":  { "uv": [ 7.3125, 6.3125, 8.6875, 6.625 ], "texture": "#normal_gun_texture" }
    }
},
{
    "from": [ 20, 9.0625, 7.25 ],
    "to": [ 20.5, 9.375, 8.75 ],
    "faces": {
        "down":  { "uv": [ 0, 8.75, 0, 7.25 ], "texture": "#normal_gun_texture" },
        "up":    { "uv": [ 16, 7.25, 16, 8.75 ], "texture": "#normal_gun_texture" },
        "north": { "uv": [ 0, 6.625, 0, 6.9375 ], "texture": "#normal_gun_texture" },
        "south": { "uv": [ 16, 6.625, 16, 6.9375 ], "texture": "#normal_gun_texture" },
        "west":  { "uv": [ 7.25, 6.625, 8.75, 6.9375 ], "texture": "#normal_gun_texture" },
        "east":  { "uv": [ 7.25, 6.625, 8.75, 6.9375 ], "texture": "#normal_gun_texture" }
    }
},
{
    "from": [ 20, 8.1875, 7.1875 ],
    "to": [ 20.25, 9.0625, 8.8125 ],
    "faces": {
        "down":  { "uv": [ 0, 8.8125, 0, 7.1875 ], "texture": "#normal_gun_texture" },
        "up":    { "uv": [ 16, 7.1875, 16, 8.8125 ], "texture": "#normal_gun_texture" },
        "north": { "uv": [ 0, 6.9375, 0, 7.8125 ], "texture": "#normal_gun_texture" },
        "south": { "uv": [ 16, 6.9375, 16, 7.8125 ], "texture": "#normal_gun_texture" },
        "west":  { "uv": [ 7.1875, 6.9375, 8.8125, 7.8125 ], "texture": "#normal_gun_texture" },
        "east":  { "uv": [ 7.1875, 6.9375, 8.8125, 7.8125 ], "texture": "#normal_gun_texture" }
    }
},
{
    "from": [ 20.5, 9.0625, 7.3125 ],
    "to": [ 21, 9.375, 8.6875 ],
    "faces": {
        "down":  { "uv": [ 0, 8.6875, 0, 7.3125 ], "texture": "#normal_gun_texture" },
        "north": { "uv": [ 0, 6.625, 0, 6.9375 ], "texture": "#normal_gun_texture" },
        "south": { "uv": [ 16, 6.625, 16, 6.9375 ], "texture": "#normal_gun_texture" },
        "east":  { "uv": [ 7.3125, 6.625, 8.6875, 6.9375 ], "texture": "#normal_gun_texture" }
    }
},
{
    "from": [ 20.5, 8.75, 7.3125 ],
    "to": [ 20.8125, 9.0625, 8.6875 ],
    "faces": {
        "down":  { "uv": [ 0, 8.6875, 0, 7.3125 ], "texture": "#normal_gun_texture" },
        "north": { "uv": [ 0, 6.9375, 0, 7.25 ], "texture": "#normal_gun_texture" },
        "south": { "uv": [ 16, 6.9375, 16, 7.25 ], "texture": "#normal_gun_texture" },
        "east":  { "uv": [ 7.3125, 6.9375, 8.6875, 7.25 ], "texture": "#normal_gun_texture" }
    }
},
{
    "from": [ 20.25, 8.75, 7.25 ],
    "to": [ 20.5, 9.0625, 8.75 ],
    "faces": {
        "down":  { "uv": [ 0, 8.75, 0, 7.25 ], "texture": "#normal_gun_texture" },
        "north": { "uv": [ 0, 6.9375, 0, 7.25 ], "texture": "#normal_gun_texture" },
        "south": { "uv": [ 16, 6.9375, 16, 7.25 ], "texture": "#normal_gun_texture" },
        "east":  { "uv": [ 7.25, 6.9375, 8.75, 7.25 ], "texture": "#normal_gun_texture" }
    }
},
{
    "from": [ 20.25, 8.1875, 7.25 ],
    "to": [ 20.375, 8.75, 8.75 ],
    "faces": {
        "down":  { "uv": [ 0, 8.75, 0, 7.25 ], "texture": "#normal_gun_texture" },
        "north": { "uv": [ 0, 7.25, 0, 7.8125 ], "texture": "#normal_gun_texture" },
        "south": { "uv": [ 16, 7.25, 16, 7.8125 ], "texture": "#normal_gun_texture" },
        "east":  { "uv": [ 7.25, 7.25, 8.75, 7.8125 ], "texture": "#normal_gun_texture" }
    }
},
{
    "from": [ 20.375, 8.1875, 7.3125 ],
    "to": [ 20.625, 8.75, 8.6875 ],
    "faces": {
        "down":  { "uv": [ 0, 8.6875, 0, 7.3125 ], "texture": "#normal_gun_texture" },
        "up":    { "uv": [ 16, 7.3125, 16, 8.6875 ], "texture": "#normal_gun_texture" },
        "north": { "uv": [ 0, 7.25, 0, 7.8125 ], "texture": "#normal_gun_texture" },
        "south": { "uv": [ 16, 7.25, 16, 7.8125 ], "texture": "#normal_gun_texture" },
        "east":  { "uv": [ 7.3125, 7.25, 8.6875, 7.8125 ], "texture": "#normal_gun_texture" }
    }
},
{
    "from": [ 21, 6.5, 7.4375 ],
    "to": [ 21.375, 10.3125, 8.5625 ],
    "faces": {
        "down":  { "uv": [ 0, 8.5625, 0, 7.4375 ], "texture": "#normal_gun_texture" },
        "up":    { "uv": [ 16, 7.4375, 16, 8.5625 ], "texture": "#normal_gun_texture" },
        "north": { "uv": [ 0, 5.6875, 0, 9.5 ], "texture": "#normal_gun_texture" },
        "south": { "uv": [ 16, 5.6875, 16, 9.5 ], "texture": "#normal_gun_texture" },
        "west":  { "uv": [ 7.4375, 5.6875, 8.5625, 9.5 ], "texture": "#normal_gun_texture" },
        "east":  { "uv": [ 7.4375, 5.6875, 8.5625, 9.5 ], "texture": "#normal_gun_texture" }
    }
},
{
    "from": [ 20.8125, 8.75, 7.375 ],
    "to": [ 21, 9.0625, 8.625 ],
    "faces": {
        "down":  { "uv": [ 0, 8.625, 0, 7.375 ], "texture": "#normal_gun_texture" },
        "north": { "uv": [ 0, 6.9375, 0, 7.25 ], "texture": "#normal_gun_texture" },
        "south": { "uv": [ 16, 6.9375, 16, 7.25 ], "texture": "#normal_gun_texture" },
        "east":  { "uv": [ 7.375, 6.9375, 8.625, 7.25 ], "texture": "#normal_gun_texture" }
    }
},
{
    "from": [ 20.625, 8.1875, 7.375 ],
    "to": [ 20.875, 8.75, 8.625 ],
    "faces": {
        "down":  { "uv": [ 0, 8.625, 0, 7.375 ], "texture": "#normal_gun_texture" },
        "up":    { "uv": [ 16, 7.375, 16, 8.625 ], "texture": "#normal_gun_texture" },
        "north": { "uv": [ 0, 7.25, 0, 7.8125 ], "texture": "#normal_gun_texture" },
        "south": { "uv": [ 16, 7.25, 16, 7.8125 ], "texture": "#normal_gun_texture" },
        "east":  { "uv": [ 7.375, 7.25, 8.625, 7.8125 ], "texture": "#normal_gun_texture" }
    }
},
{
    "from": [ 19.75, 8, 7.5 ],
    "to": [ 20.375, 8.1875, 8.5 ],
    "faces": {
        "down":  { "uv": [ 0, 8.5, 0, 7.5 ], "texture": "#normal_gun_texture" },
        "up":    { "uv": [ 16, 7.5, 16, 8.5 ], "texture": "#normal_gun_texture" },
        "north": { "uv": [ 0, 7.8125, 0, 8 ], "texture": "#normal_gun_texture" },
        "south": { "uv": [ 16, 7.8125, 16, 8 ], "texture": "#normal_gun_texture" }
    }
},
{
    "from": [ 20.875, 8.1875, 7.4375 ],
    "to": [ 21, 8.75, 8.5625 ],
    "faces": {
        "north": { "uv": [ 0, 7.25, 0, 7.8125 ], "texture": "#normal_gun_texture" },
        "south": { "uv": [ 16, 7.25, 16, 7.8125 ], "texture": "#normal_gun_texture" }
    }
},
{
    "from": [ 18, 7.8125, 7.375 ],
    "to": [ 19, 8.1875, 8.625 ],
    "faces": {
        "down":  { "uv": [ 0, 8.625, 0, 7.375 ], "texture": "#normal_gun_texture" },
        "up":    { "uv": [ 16, 7.375, 16, 8.625 ], "texture": "#normal_gun_texture" },
        "north": { "uv": [ 0, 7.8125, 0, 8.1875 ], "texture": "#normal_gun_texture" },
        "south": { "uv": [ 16, 7.8125, 16, 8.1875 ], "texture": "#normal_gun_texture" },
        "west":  { "uv": [ 7.375, 7.8125, 8.625, 8.1875 ], "texture": "#normal_gun_texture" },
        "east":  { "uv": [ 7.375, 7.8125, 8.625, 8.1875 ], "texture": "#normal_gun_texture" }
    }
},
{
    "from": [ 16.5, 7.9375, 7.375 ],
    "to": [ 18, 8.1875, 7.5 ],
    "faces": {
        "down":  { "uv": [ 0, 7.5, 0, 7.375 ], "texture": "#normal_gun_texture" },
        "north": { "uv": [ 0, 7.8125, 0, 8.0625 ], "texture": "#normal_gun_texture" },
        "south": { "uv": [ 16, 7.8125, 16, 8.0625 ], "texture": "#normal_gun_texture" }
    }
},
{
    "from": [ 16.5, 7.9375, 8.5 ],
    "to": [ 18, 8.1875, 8.625 ],
    "faces": {
        "down":  { "uv": [ 0, 8.625, 0, 8.5 ], "texture": "#normal_gun_texture" },
        "up":    { "uv": [ 16, 8.5, 16, 8.625 ], "texture": "#normal_gun_texture" },
        "north": { "uv": [ 0, 7.8125, 0, 8.0625 ], "texture": "#normal_gun_texture" },
        "south": { "uv": [ 16, 7.8125, 16, 8.0625 ], "texture": "#normal_gun_texture" }
    }
},
{
    "from": [ 15.0625, 7.8125, 8.5 ],
    "to": [ 16.5, 8.1875, 8.625 ],
    "faces": {
        "down":  { "uv": [ 0.9375, 8.625, 0, 8.5 ], "texture": "#normal_gun_texture" },
        "up":    { "uv": [ 15.0625, 8.5, 16, 8.625 ], "texture": "#normal_gun_texture" },
        "north": { "uv": [ 0, 7.8125, 0.9375, 8.1875 ], "texture": "#normal_gun_texture" },
        "south": { "uv": [ 15.0625, 7.8125, 16, 8.1875 ], "texture": "#normal_gun_texture" },
        "east":  { "uv": [ 7.375, 7.8125, 7.5, 8.1875 ], "texture": "#normal_gun_texture" }
    }
},
{
    "from": [ 15.0625, 7.625, 8.5 ],
    "to": [ 15.75, 7.8125, 8.625 ],
    "faces": {
        "down":  { "uv": [ 0.9375, 8.625, 0.25, 8.5 ], "texture": "#normal_gun_texture" },
        "north": { "uv": [ 0.25, 8.1875, 0.9375, 8.375 ], "texture": "#normal_gun_texture" },
        "south": { "uv": [ 15.0625, 8.1875, 15.75, 8.375 ], "texture": "#normal_gun_texture" },
        "east":  { "uv": [ 7.375, 8.1875, 7.5, 8.375 ], "texture": "#normal_gun_texture" }
    }
},
{
    "from": [ 15.0625, 7.8125, 7.375 ],
    "to": [ 16.5, 8.1875, 7.5 ],
    "faces": {
        "down":  { "uv": [ 0.9375, 7.5, 0, 7.375 ], "texture": "#normal_gun_texture" },
        "north": { "uv": [ 0, 7.8125, 0.9375, 8.1875 ], "texture": "#normal_gun_texture" },
        "south": { "uv": [ 15.0625, 7.8125, 16, 8.1875 ], "texture": "#normal_gun_texture" },
        "east":  { "uv": [ 8.5, 7.8125, 8.625, 8.1875 ], "texture": "#normal_gun_texture" }
    }
},
{
    "from": [ 15.0625, 7.625, 7.375 ],
    "to": [ 15.75, 7.8125, 7.5 ],
    "faces": {
        "down":  { "uv": [ 0.9375, 7.5, 0.25, 7.375 ], "texture": "#normal_gun_texture" },
        "north": { "uv": [ 0.25, 8.1875, 0.9375, 8.375 ], "texture": "#normal_gun_texture" },
        "south": { "uv": [ 15.0625, 8.1875, 15.75, 8.375 ], "texture": "#normal_gun_texture" },
        "east":  { "uv": [ 8.5, 8.1875, 8.625, 8.375 ], "texture": "#normal_gun_texture" }
    }
},
{
    "from": [ 20.375, 6.5, 7.5 ],
    "to": [ 20.625, 8.1875, 8.5 ],
    "faces": {
        "down":  { "uv": [ 0, 8.5, 0, 7.5 ], "texture": "#normal_gun_texture" },
        "north": { "uv": [ 0, 7.8125, 0, 9.5 ], "texture": "#normal_gun_texture" },
        "south": { "uv": [ 16, 7.8125, 16, 9.5 ], "texture": "#normal_gun_texture" },
        "west":  { "uv": [ 7.5, 7.8125, 8.5, 9.5 ], "texture": "#normal_gun_texture" }
    }
},
{
    "from": [ 19, 7.9375, 7.5 ],
    "to": [ 19.75, 8.1875, 8.5 ],
    "faces": {
        "down":  { "uv": [ 2, 1, 3, 2 ], "texture": "#bright_gun_texture" },
        "up":    { "uv": [ 2, 1, 3, 2 ], "texture": "#bright_gun_texture" },
        "north": { "uv": [ 2, 1, 3, 2 ], "texture": "#bright_gun_texture" },
        "south": { "uv": [ 2, 1, 3, 2 ], "texture": "#bright_gun_texture" },
        "east":  { "uv": [ 2, 1, 3, 2 ], "texture": "#bright_gun_texture" }
    }
},
{
    "from": [ 20.625, 6.5, 7.4375 ],
    "to": [ 21, 8.1875, 8.5625 ],
    "faces": {
        "down":  { "uv": [ 0, 8.5625, 0, 7.4375 ], "texture": "#normal_gun_texture" },
        "up":    { "uv": [ 16, 7.4375, 16, 8.5625 ], "texture": "#normal_gun_texture" },
        "north": { "uv": [ 0, 7.8125, 0, 9.5 ], "texture": "#normal_gun_texture" },
        "south": { "uv": [ 16, 7.8125, 16, 9.5 ], "texture": "#normal_gun_texture" },
        "west":  { "uv": [ 7.4375, 7.8125, 8.5625, 9.5 ], "texture": "#normal_gun_texture" }
    }
},
{
    "from": [ 20, 6.5, 7.5 ],
    "to": [ 20.375, 6.6875, 8.5 ],
    "faces": {
        "down":  { "uv": [ 0, 8.5, 0, 7.5 ], "texture": "#normal_gun_texture" },
        "up":    { "uv": [ 16, 7.5, 16, 8.5 ], "texture": "#normal_gun_texture" },
        "north": { "uv": [ 0, 9.3125, 0, 9.5 ], "texture": "#normal_gun_texture" },
        "south": { "uv": [ 16, 9.3125, 16, 9.5 ], "texture": "#normal_gun_texture" },
        "west":  { "uv": [ 7.5, 9.3125, 8.5, 9.5 ], "texture": "#normal_gun_texture" }
    }
},
{
    "from": [ 18.8125, 6, 7.5 ],
    "to": [ 19, 7.6875, 8.5 ],
    "rotation": { "origin": [ 18.8125, 7.6875, 7.5 ], "axis": "z", "angle": 45 },
    "faces": {
        "down":  { "uv": [ 0, 8.5, 0, 7.5 ], "texture": "#normal_gun_texture" },
        "up":    { "uv": [ 16, 7.5, 16, 8.5 ], "texture": "#normal_gun_texture" },
        "north": { "uv": [ 0, 8.3125, 0, 10 ], "texture": "#normal_gun_texture" },
        "south": { "uv": [ 16, 8.3125, 16, 10 ], "texture": "#normal_gun_texture" },
        "west":  { "uv": [ 7.5, 8.3125, 8.5, 10 ], "texture": "#normal_gun_texture" },
        "east":  { "uv": [ 7.5, 8.3125, 8.5, 10 ], "texture": "#normal_gun_texture" }
    }
},
{
    "from": [ 18.75, 7.6875, 7.375 ],
    "to": [ 18.9375, 7.8125, 8.625 ],
    "faces": {
        "down":  { "uv": [ 0, 8.625, 0, 7.375 ], "texture": "#normal_gun_texture" },
        "north": { "uv": [ 0, 8.1875, 0, 8.3125 ], "texture": "#normal_gun_texture" },
        "south": { "uv": [ 16, 8.1875, 16, 8.3125 ], "texture": "#normal_gun_texture" },
        "west":  { "uv": [ 7.375, 8.1875, 8.625, 8.3125 ], "texture": "#normal_gun_texture" },
        "east":  { "uv": [ 7.375, 8.1875, 8.625, 8.3125 ], "texture": "#normal_gun_texture" }
    }
},
{
    "from": [ 19.5, 6.4375, 7.5 ],
    "to": [ 19.6875, 7.9375, 8.5 ],
    "rotation": { "origin": [ 19.5, 7.9375, 7.5 ], "axis": "z", "angle": 22.5 },
    "faces": {
        "down":  { "uv": [ 0, 8.5, 0, 7.5 ], "texture": "#normal_gun_texture" },
        "north": { "uv": [ 0, 8.0625, 0, 9.5625 ], "texture": "#normal_gun_texture" },
        "south": { "uv": [ 16, 8.0625, 16, 9.5625 ], "texture": "#normal_gun_texture" },
        "west":  { "uv": [ 7.5, 8.0625, 8.5, 9.5625 ], "texture": "#normal_gun_texture" },
        "east":  { "uv": [ 7.5, 8.0625, 8.5, 9.5625 ], "texture": "#normal_gun_texture" }
    }
},
{
    "from": [ 14.875, 7.375, 7.375 ],
    "to": [ 15.0625, 7.5, 8.625 ],
    "faces": {
        "down":  { "uv": [ 1.125, 8.625, 0.9375, 7.375 ], "texture": "#normal_gun_texture" },
        "north": { "uv": [ 0.9375, 8.5, 1.125, 8.625 ], "texture": "#normal_gun_texture" },
        "south": { "uv": [ 14.875, 8.5, 15.0625, 8.625 ], "texture": "#normal_gun_texture" },
        "west":  { "uv": [ 7.375, 8.5, 8.625, 8.625 ], "texture": "#normal_gun_texture" },
        "east":  { "uv": [ 7.375, 8.5, 8.625, 8.625 ], "texture": "#normal_gun_texture" }
    }
},
{
    "from": [ 15.0625, 7, 7.5625 ],
    "to": [ 15.1875, 8.1875, 7.8125 ],
    "rotation": { "origin": [ 15.0625, 8.1875, 7.5625 ], "axis": "x", "angle": -22.5 },
    "faces": {
        "down":  { "uv": [ 0.9375, 7.8125, 0.8125, 7.5625 ], "texture": "#normal_gun_texture" },
        "up":    { "uv": [ 15.0625, 7.5625, 15.1875, 7.8125 ], "texture": "#normal_gun_texture" },
        "north": { "uv": [ 0.8125, 7.8125, 0.9375, 9 ], "texture": "#normal_gun_texture" },
        "south": { "uv": [ 15.0625, 7.8125, 15.1875, 9 ], "texture": "#normal_gun_texture" },
        "west":  { "uv": [ 7.5625, 7.8125, 7.8125, 9 ], "texture": "#normal_gun_texture" },
        "east":  { "uv": [ 8.1875, 7.8125, 8.4375, 9 ], "texture": "#normal_gun_texture" }
    }
},
{
    "from": [ 14, 9.1, 7.6875 ],
    "to": [ 15, 9.725, 8.3125 ],
    "faces": {
        "down":  { "uv": [ 2, 8.3125, 1, 7.6875 ], "texture": "#normal_gun_texture" },
        "up":    { "uv": [ 14, 7.6875, 15, 8.3125 ], "texture": "#normal_gun_texture" },
        "north": { "uv": [ 1, 6.275, 2, 6.9 ], "texture": "#normal_gun_texture" },
        "south": { "uv": [ 14, 6.275, 15, 6.9 ], "texture": "#normal_gun_texture" },
        "west":  { "uv": [ 7.6875, 6.275, 8.3125, 6.9 ], "texture": "#normal_gun_texture" },
        "east":  { "uv": [ 7.6875, 6.275, 8.3125, 6.9 ], "texture": "#normal_gun_texture" }
    }
},
{
    "from": [ 0.0625, 10.625, 7.625 ],
    "to": [ 0.6875, 10.8125, 8.375 ],
    "faces": {
        "up":    { "uv": [ 0.0625, 7.625, 0.6875, 8.375 ], "texture": "#normal_gun_texture" },
        "north": { "uv": [ 15.3125, 5.1875, 15.9375, 5.375 ], "texture": "#normal_gun_texture" },
        "south": { "uv": [ 0.0625, 5.1875, 0.6875, 5.375 ], "texture": "#normal_gun_texture" },
        "west":  { "uv": [ 7.625, 5.1875, 8.375, 5.375 ], "texture": "#normal_gun_texture" },
        "east":  { "uv": [ 7.625, 5.1875, 8.375, 5.375 ], "texture": "#normal_gun_texture" }
    }
},
{
    "from": [ 0.3125, 10.8125, 7.625 ],
    "to": [ 0.6875, 10.9375, 8.375 ],
    "faces": {
        "up":    { "uv": [ 0.3125, 7.625, 0.6875, 8.375 ], "texture": "#normal_gun_texture" },
        "north": { "uv": [ 15.3125, 5.0625, 15.6875, 5.1875 ], "texture": "#normal_gun_texture" },
        "south": { "uv": [ 0.3125, 5.0625, 0.6875, 5.1875 ], "texture": "#normal_gun_texture" },
        "west":  { "uv": [ 7.625, 5.0625, 8.375, 5.1875 ], "texture": "#normal_gun_texture" },
        "east":  { "uv": [ 7.625, 5.0625, 8.375, 5.1875 ], "texture": "#normal_gun_texture" }
    }
},
{
    "from": [ 0.1875, 10.8125, 7.625 ],
    "to": [ 0.3125, 10.875, 8.375 ],
    "faces": {
        "up":    { "uv": [ 0.1875, 7.625, 0.3125, 8.375 ], "texture": "#normal_gun_texture" },
        "north": { "uv": [ 15.6875, 5.125, 15.8125, 5.1875 ], "texture": "#normal_gun_texture" },
        "south": { "uv": [ 0.1875, 5.125, 0.3125, 5.1875 ], "texture": "#normal_gun_texture" },
        "west":  { "uv": [ 7.625, 5.125, 8.375, 5.1875 ], "texture": "#normal_gun_texture" }
    }
},
{
    "from": [ 8.6625, 10.625, 7.625 ],
    "to": [ 9.2875, 10.8125, 8.375 ],
    "faces": {
        "up":    { "uv": [ 8.6625, 7.625, 9.2875, 8.375 ], "texture": "#normal_gun_texture" },
        "north": { "uv": [ 6.7125, 5.1875, 7.3375, 5.375 ], "texture": "#normal_gun_texture" },
        "south": { "uv": [ 8.6625, 5.1875, 9.2875, 5.375 ], "texture": "#normal_gun_texture" },
        "west":  { "uv": [ 7.625, 5.1875, 8.375, 5.375 ], "texture": "#normal_gun_texture" },
        "east":  { "uv": [ 7.625, 5.1875, 8.375, 5.375 ], "texture": "#normal_gun_texture" }
    }
},
{
    "from": [ 8.9125, 10.8125, 7.625 ],
    "to": [ 9.2875, 10.9375, 8.375 ],
    "faces": {
        "down":  { "uv": [ 7.0875, 8.375, 6.7125, 7.625 ], "texture": "#normal_gun_texture" },
        "up":    { "uv": [ 8.9125, 7.625, 9.2875, 8.375 ], "texture": "#normal_gun_texture" },
        "north": { "uv": [ 6.7125, 5.0625, 7.0875, 5.1875 ], "texture": "#normal_gun_texture" },
        "south": { "uv": [ 8.9125, 5.0625, 9.2875, 5.1875 ], "texture": "#normal_gun_texture" },
        "west":  { "uv": [ 7.625, 5.0625, 8.375, 5.1875 ], "texture": "#normal_gun_texture" },
        "east":  { "uv": [ 7.625, 5.0625, 8.375, 5.1875 ], "texture": "#normal_gun_texture" }
    }
},
{
    "from": [ 8.7875, 10.8125, 7.625 ],
    "to": [ 8.9125, 10.875, 8.375 ],
    "faces": {
        "up":    { "uv": [ 8.7875, 7.625, 8.9125, 8.375 ], "texture": "#normal_gun_texture" },
        "north": { "uv": [ 7.0875, 5.125, 7.2125, 5.1875 ], "texture": "#normal_gun_texture" },
        "south": { "uv": [ 8.7875, 5.125, 8.9125, 5.1875 ], "texture": "#normal_gun_texture" },
        "west":  { "uv": [ 7.625, 5.125, 8.375, 5.1875 ], "texture": "#normal_gun_texture" },
        "east":  { "uv": [ 7.625, 5.125, 8.375, 5.1875 ], "texture": "#normal_gun_texture" }
    }
},
{
    "from": [ 0.5, 10.9375, 7.75 ],
    "to": [ 0.625, 11.1875, 8.25 ],
    "faces": {
        "up":    { "uv": [ 0.5, 7.75, 0.625, 8.25 ], "texture": "#normal_gun_texture" },
        "north": { "uv": [ 15.375, 4.8125, 15.5, 5.0625 ], "texture": "#normal_gun_texture" },
        "south": { "uv": [ 0.5, 4.8125, 0.625, 5.0625 ], "texture": "#normal_gun_texture" },
        "west":  { "uv": [ 7.75, 4.8125, 8.25, 5.0625 ], "texture": "#normal_gun_texture" },
        "east":  { "uv": [ 7.75, 4.8125, 8.25, 5.0625 ], "texture": "#normal_gun_texture" }
    }
},
{
    "from": [ 0.5, 11.1875, 7.75 ],
    "to": [ 0.625, 11.4375, 7.875 ],
    "faces": {
        "up":    { "uv": [ 0.5, 7.75, 0.625, 7.875 ], "texture": "#normal_gun_texture" },
        "north": { "uv": [ 15.375, 4.5625, 15.5, 4.8125 ], "texture": "#normal_gun_texture" },
        "south": { "uv": [ 0.5, 4.5625, 0.625, 4.8125 ], "texture": "#normal_gun_texture" },
        "west":  { "uv": [ 7.75, 4.5625, 7.875, 4.8125 ], "texture": "#normal_gun_texture" },
        "east":  { "uv": [ 8.125, 4.5625, 8.25, 4.8125 ], "texture": "#normal_gun_texture" }
    }
},
{
    "from": [ 0.5, 11.1875, 8.125 ],
    "to": [ 0.625, 11.4375, 8.25 ],
    "faces": {
        "up":    { "uv": [ 0.5, 8.125, 0.625, 8.25 ], "texture": "#normal_gun_texture" },
        "north": { "uv": [ 15.375, 4.5625, 15.5, 4.8125 ], "texture": "#normal_gun_texture" },
        "south": { "uv": [ 0.5, 4.5625, 0.625, 4.8125 ], "texture": "#normal_gun_texture" },
        "west":  { "uv": [ 8.125, 4.5625, 8.25, 4.8125 ], "texture": "#normal_gun_texture" },
        "east":  { "uv": [ 7.75, 4.5625, 7.875, 4.8125 ], "texture": "#normal_gun_texture" }
    }
},
{
    "from": [ 0.53125, 11.1875, 7.9875 ],
    "to": [ 0.59375, 11.375, 8.0125 ],
    "faces": {
        "up":    { "uv": [ 0.53125, 7.9875, 0.59375, 8.0125 ], "texture": "#bright_gun_texture" },
        "north": { "uv": [ 15.4063, 4.625, 15.4688, 4.8125 ], "texture": "#bright_gun_texture" },
        "south": { "uv": [ 0.53125, 4.625, 0.59375, 4.8125 ], "texture": "#bright_gun_texture" },
        "west":  { "uv": [ 7.9875, 4.625, 8.0125, 4.8125 ], "texture": "#bright_gun_texture" },
        "east":  { "uv": [ 7.9875, 4.625, 8.0125, 4.8125 ], "texture": "#bright_gun_texture" }
    }
},
{
    "from": [ 9.125, 10.9375, 7.8125 ],
    "to": [ 9.25, 11.1875, 8.1875 ],
    "faces": {
        "up":    { "uv": [ 9.125, 7.8125, 9.25, 8.1875 ], "texture": "#normal_gun_texture" },
        "north": { "uv": [ 6.75, 4.8125, 6.875, 5.0625 ], "texture": "#normal_gun_texture" },
        "south": { "uv": [ 9.125, 4.8125, 9.25, 5.0625 ], "texture": "#normal_gun_texture" },
        "west":  { "uv": [ 7.8125, 4.8125, 8.1875, 5.0625 ], "texture": "#normal_gun_texture" },
        "east":  { "uv": [ 7.8125, 4.8125, 8.1875, 5.0625 ], "texture": "#normal_gun_texture" }
    }
},
{
    "from": [ 9.125, 11, 7.75 ],
    "to": [ 9.25, 11.5, 7.8125 ],
    "faces": {
        "down":  { "uv": [ 6.875, 7.8125, 6.75, 7.75 ], "texture": "#normal_gun_texture" },
        "up":    { "uv": [ 9.125, 7.75, 9.25, 7.8125 ], "texture": "#normal_gun_texture" },
        "north": { "uv": [ 6.75, 4.5, 6.875, 5 ], "texture": "#normal_gun_texture" },
        "south": { "uv": [ 9.125, 4.5, 9.25, 5 ], "texture": "#normal_gun_texture" },
        "west":  { "uv": [ 7.75, 4.5, 7.8125, 5 ], "texture": "#normal_gun_texture" },
        "east":  { "uv": [ 8.1875, 4.5, 8.25, 5 ], "texture": "#normal_gun_texture" }
    }
},
{
    "from": [ 9.125, 11, 8.1875 ],
    "to": [ 9.25, 11.5, 8.25 ],
    "faces": {
        "down":  { "uv": [ 6.875, 8.25, 6.75, 8.1875 ], "texture": "#normal_gun_texture" },
        "up":    { "uv": [ 9.125, 8.1875, 9.25, 8.25 ], "texture": "#normal_gun_texture" },
        "north": { "uv": [ 6.75, 4.5, 6.875, 5 ], "texture": "#normal_gun_texture" },
        "south": { "uv": [ 9.125, 4.5, 9.25, 5 ], "texture": "#normal_gun_texture" },
        "west":  { "uv": [ 8.1875, 4.5, 8.25, 5 ], "texture": "#normal_gun_texture" },
        "east":  { "uv": [ 7.75, 4.5, 7.8125, 5 ], "texture": "#normal_gun_texture" }
    }
},
{
    "from": [ 9.1875, 11.25, 7.875 ],
    "to": [ 9.25, 11.4375, 7.9375 ],
    "faces": {
        "up":    { "uv": [ 9.1875, 7.875, 9.25, 7.9375 ], "texture": "#normal_gun_texture" },
        "north": { "uv": [ 6.75, 4.5625, 6.8125, 4.75 ], "texture": "#normal_gun_texture" },
        "south": { "uv": [ 9.1875, 4.5625, 9.25, 4.75 ], "texture": "#normal_gun_texture" },
        "west":  { "uv": [ 7.875, 4.5625, 7.9375, 4.75 ], "texture": "#normal_gun_texture" },
        "east":  { "uv": [ 8.0625, 4.5625, 8.125, 4.75 ], "texture": "#normal_gun_texture" }
    }
},
{
    "from": [ 9.1875, 11.25, 8.0625 ],
    "to": [ 9.25, 11.4375, 8.125 ],
    "faces": {
        "up":    { "uv": [ 9.1875, 8.0625, 9.25, 8.125 ], "texture": "#normal_gun_texture" },
        "north": { "uv": [ 6.75, 4.5625, 6.8125, 4.75 ], "texture": "#normal_gun_texture" },
        "south": { "uv": [ 9.1875, 4.5625, 9.25, 4.75 ], "texture": "#normal_gun_texture" },
        "west":  { "uv": [ 8.0625, 4.5625, 8.125, 4.75 ], "texture": "#normal_gun_texture" },
        "east":  { "uv": [ 7.875, 4.5625, 7.9375, 4.75 ], "texture": "#normal_gun_texture" }
    }
},
{
    "from": [ 9.1875, 11.375, 7.9375 ],
    "to": [ 9.25, 11.4375, 8.0625 ],
    "faces": {
        "down":  { "uv": [ 6.8125, 8.0625, 6.75, 7.9375 ], "texture": "#normal_gun_texture" },
        "up":    { "uv": [ 9.1875, 7.9375, 9.25, 8.0625 ], "texture": "#normal_gun_texture" },
        "west":  { "uv": [ 7.9375, 4.5625, 8.0625, 4.625 ], "texture": "#normal_gun_texture" },
        "east":  { "uv": [ 7.9375, 4.5625, 8.0625, 4.625 ], "texture": "#normal_gun_texture" }
    }
},
{
    "from": [ 9.125, 11.1875, 7.875 ],
    "to": [ 9.25, 11.25, 8.125 ],
    "faces": {
        "up":    { "uv": [ 9.125, 7.875, 9.25, 8.125 ], "texture": "#normal_gun_texture" },
        "north": { "uv": [ 6.75, 4.75, 6.875, 4.8125 ], "texture": "#normal_gun_texture" },
        "south": { "uv": [ 9.125, 4.75, 9.25, 4.8125 ], "texture": "#normal_gun_texture" },
        "west":  { "uv": [ 7.875, 4.75, 8.125, 4.8125 ], "texture": "#normal_gun_texture" },
        "east":  { "uv": [ 7.875, 4.75, 8.125, 4.8125 ], "texture": "#normal_gun_texture" }
    }
},
{
    "from": [ 9, 11.1875, 7.9375 ],
    "to": [ 9.125, 11.25, 8.0625 ],
    "faces": {
        "down":  { "uv": [ 7, 8.0625, 6.875, 7.9375 ], "texture": "#normal_gun_texture" },
        "up":    { "uv": [ 9, 7.9375, 9.125, 8.0625 ], "texture": "#normal_gun_texture" },
        "north": { "uv": [ 6.875, 4.75, 7, 4.8125 ], "texture": "#normal_gun_texture" },
        "south": { "uv": [ 9, 4.75, 9.125, 4.8125 ], "texture": "#normal_gun_texture" },
        "west":  { "uv": [ 7.9375, 4.75, 8.0625, 4.8125 ], "texture": "#normal_gun_texture" }
    }
},
{
    "from": [ 9.125, 11.2188, 7.625 ],
    "to": [ 9.25, 11.3438, 7.75 ],
    "faces": {
        "down":  { "uv": [ 6.875, 7.75, 6.75, 7.625 ], "texture": "#normal_gun_texture" },
        "up":    { "uv": [ 9.125, 7.625, 9.25, 7.75 ], "texture": "#normal_gun_texture" },
        "north": { "uv": [ 6.75, 4.65625, 6.875, 4.78125 ], "texture": "#normal_gun_texture" },
        "west":  { "uv": [ 7.625, 4.65625, 7.75, 4.78125 ], "texture": "#normal_gun_texture" },
        "east":  { "uv": [ 8.25, 4.65625, 8.375, 4.78125 ], "texture": "#normal_gun_texture" }
    }
},
{
    "from": [ 10.625, 6.9375, 7.875 ],
    "to": [ 10.8125, 7.625, 8.125 ],
    "rotation": { "origin": [ 10.625, 7.625, 7.875 ], "axis": "z", "angle": 22.5 },
    "faces": {
        "down":  { "uv": [ 5.375, 8.125, 5.1875, 7.875 ], "texture": "#normal_gun_texture" },
        "up":    { "uv": [ 10.625, 7.875, 10.8125, 8.125 ], "texture": "#normal_gun_texture" },
        "north": { "uv": [ 5.1875, 8.375, 5.375, 9.0625 ], "texture": "#normal_gun_texture" },
        "south": { "uv": [ 10.625, 8.375, 10.8125, 9.0625 ], "texture": "#normal_gun_texture" },
        "west":  { "uv": [ 7.875, 8.375, 8.125, 9.0625 ], "texture": "#normal_gun_texture" },
        "east":  { "uv": [ 7.875, 8.375, 8.125, 9.0625 ], "texture": "#normal_gun_texture" }
    }
},
{
    "from": [ 10.6875, 6.71875, 7.875 ],
    "to": [ 11.125, 6.90625, 8.125 ],
    "rotation": { "origin": [ 10.6875, 6.90625, 7.875 ], "axis": "z", "angle": 22.5 },
    "faces": {
        "down":  { "uv": [ 5.3125, 8.125, 4.875, 7.875 ], "texture": "#normal_gun_texture" },
        "up":    { "uv": [ 10.6875, 7.875, 11.125, 8.125 ], "texture": "#normal_gun_texture" },
        "north": { "uv": [ 4.875, 9.09375, 5.3125, 9.28125 ], "texture": "#normal_gun_texture" },
        "south": { "uv": [ 10.6875, 9.09375, 11.125, 9.28125 ], "texture": "#normal_gun_texture" },
        "west":  { "uv": [ 7.875, 9.09375, 8.125, 9.28125 ], "texture": "#normal_gun_texture" },
        "east":  { "uv": [ 7.875, 9.09375, 8.125, 9.28125 ], "texture": "#normal_gun_texture" }
    }
},
{
    "from": [ 10.8125, 6.875, 7.875 ],
    "to": [ 11, 7.1875, 8.125 ],
    "rotation": { "origin": [ 10.8125, 7.1875, 7.875 ], "axis": "z", "angle": -22.5 },
    "faces": {
        "up":    { "uv": [ 10.8125, 7.875, 11, 8.125 ], "texture": "#normal_gun_texture" },
        "north": { "uv": [ 5, 8.8125, 5.1875, 9.125 ], "texture": "#normal_gun_texture" },
        "south": { "uv": [ 10.8125, 8.8125, 11, 9.125 ], "texture": "#normal_gun_texture" },
        "west":  { "uv": [ 7.875, 8.8125, 8.125, 9.125 ], "texture": "#normal_gun_texture" }
    }
},
{
    "from": [ 9.375, 7.3125, 7.875 ],
    "to": [ 9.5, 7.75, 8.125 ],
    "faces": {
        "down":  { "uv": [ 6.625, 8.125, 6.5, 7.875 ], "texture": "#normal_gun_texture" },
        "north": { "uv": [ 6.5, 8.25, 6.625, 8.6875 ], "texture": "#normal_gun_texture" },
        "south": { "uv": [ 9.375, 8.25, 9.5, 8.6875 ], "texture": "#normal_gun_texture" },
        "west":  { "uv": [ 7.875, 8.25, 8.125, 8.6875 ], "texture": "#normal_gun_texture" },
        "east":  { "uv": [ 7.875, 8.25, 8.125, 8.6875 ], "texture": "#normal_gun_texture" }
    }
},
{
    "from": [ 21, 10.31, 7.625 ],
    "to": [ 21.375, 10.5, 8.375 ],
    "faces": {
        "down":  { "uv": [ 0, 8.375, 0, 7.625 ], "texture": "#normal_gun_texture" },
        "up":    { "uv": [ 16, 7.625, 16, 8.375 ], "texture": "#normal_gun_texture" },
        "north": { "uv": [ 0, 5.5, 0, 5.69 ], "texture": "#normal_gun_texture" },
        "south": { "uv": [ 16, 5.5, 16, 5.69 ], "texture": "#normal_gun_texture" },
        "east":  { "uv": [ 7.625, 5.5, 8.375, 5.69 ], "texture": "#normal_gun_texture" }
    }
},
{
    "from": [ 21, 10.3125, 8.375 ],
    "to": [ 21.375, 10.5, 8.6375 ],
    "rotation": { "origin": [ 21, 10.5, 8.375 ], "axis": "x", "angle": 45 },
    "faces": {
        "down":  { "uv": [ 0, 8.6375, 0, 8.375 ], "texture": "#normal_gun_texture" },
        "up":    { "uv": [ 16, 8.375, 16, 8.6375 ], "texture": "#normal_gun_texture" },
        "south": { "uv": [ 16, 5.5, 16, 5.6875 ], "texture": "#normal_gun_texture" },
        "west":  { "uv": [ 8.375, 5.5, 8.6375, 5.6875 ], "texture": "#normal_gun_texture" },
        "east":  { "uv": [ 7.3625, 5.5, 7.625, 5.6875 ], "texture": "#normal_gun_texture" }
    }
},
{
    "from": [ 21, 10.1275, 7.44 ],
    "to": [ 21.375, 10.315, 7.7025 ],
    "rotation": { "origin": [ 21, 10.315, 7.44 ], "axis": "x", "angle": -45 },
    "faces": {
        "down":  { "uv": [ 0, 7.7025, 0, 7.44 ], "texture": "#normal_gun_texture" },
        "up":    { "uv": [ 16, 7.44, 16, 7.7025 ], "texture": "#normal_gun_texture" },
        "north": { "uv": [ 0, 5.685, 0, 5.8725 ], "texture": "#normal_gun_texture" },
        "south": { "uv": [ 16, 5.685, 16, 5.8725 ], "texture": "#normal_gun_texture" },
        "west":  { "uv": [ 7.44, 5.685, 7.7025, 5.8725 ], "texture": "#normal_gun_texture" },
        "east":  { "uv": [ 8.2975, 5.685, 8.56, 5.8725 ], "texture": "#normal_gun_texture" }
    }
}
],
"display": {
    "thirdperson_righthand": {
        "rotation": [ -180, -90, 130 ],
        "translation": [ 0, 3.5, 0 ],
        "scale": [ 0.8, 1, 1 ]
    },
    "thirdperson_lefthand": {
		"rotation": [ 0, 90, 140 ],
		"translation": [ 0, 4, 4 ],
        "scale": [ 0.8, 1, 1 ]
    },
    "head": {
        "rotation": [ 0, -90, 0 ],
        "translation": [ 0, 10, -2 ],
        "scale": [ 0.8, 0.8, 0.8 ]
    },
    "ground": {
        "rotation": [ 90, 0, 0 ],
        "translation": [ -3, 0, 0 ],
        "scale": [ 0.8, 0.8, 0.8 ]
    },
    "fixed": {
        "rotation": [ 0, 0, 0 ],
        "translation": [ -3.5, 0, -1 ],
        "scale": [ 1, 1.2, 1.2 ]
    },
    "firstperson_righthand": {
        "rotation": [ 0, -90, 0 ],
        "translation": [ -2.5, 4, -1 ],
        "scale": [ 0.8, 1, 1 ]
    },
    "firstperson_lefthand": {
		"rotation": [ 0, 90, 80 ],
		"translation": [ 5, 4, -5 ],
        "scale": [ 0.8, 1, 1 ]
    },
    "gui": {
        "rotation": [ -15, 40, 0 ],
        "translation": [ -2, 0, 0 ],
        "scale": [ 0.75, 0.9, 0.9 ]
    }
}
}