{
"__comment": "© Le0, Mineland.eu 2019 | www.mineland.eu",
"textures": {
    "normal_gun_texture": "guns/brokovnice/normal_gun_texture",
    "bright_gun_texture": "guns/brokovnice/bright_gun_texture"
},
"elements": [ 
{
    "from": [ 4.5, 6, 7 ],
    "to": [ 16, 8.5, 9 ],
    "faces": {
        "down":  { "uv": [ 4.501, 12.251, 9.874, 12.874 ], "texture": "#bright_gun_texture" },
        "up":    { "uv": [ 4.501, 12.251, 9.874, 12.874 ], "texture": "#bright_gun_texture" },
        "north": { "uv": [ 4.126, 12.251, 9.624, 12.874 ], "texture": "#bright_gun_texture" },
        "south": { "uv": [ 4.126, 12.251, 9.624, 12.874 ], "texture": "#bright_gun_texture" },
        "west":  { "uv": [ 7.751, 12.501, 8.749, 13.749 ], "texture": "#bright_gun_texture" },
        "east":  { "uv": [ 7.751, 12.501, 8.749, 13.749 ], "texture": "#bright_gun_texture" }
    }
},
{
    "from": [ 4.5, 8.5, 7 ],
    "to": [ 15, 9, 8.5 ],
    "faces": {
        "down":  { "uv": [ 4.501, 12.251, 9.874, 12.874 ], "texture": "#bright_gun_texture" },
        "up":    { "uv": [ 4.501, 12.251, 9.874, 12.874 ], "texture": "#bright_gun_texture" },
        "north": { "uv": [ 4.126, 12.251, 9.624, 12.874 ], "texture": "#bright_gun_texture" },
        "south": { "uv": [ 4.126, 12.251, 9.624, 12.874 ], "texture": "#bright_gun_texture" },
        "west":  { "uv": [ 7.751, 12.501, 8.749, 13.749 ], "texture": "#bright_gun_texture" },
        "east":  { "uv": [ 7.751, 12.501, 8.749, 13.749 ], "texture": "#bright_gun_texture" }
    }
},
{
    "from": [ 4.5, 8.5, 8.5 ],
    "to": [ 5.5, 9, 9 ],
    "faces": {
        "down":  { "uv": [ 4.501, 12.251, 9.874, 12.874 ], "texture": "#bright_gun_texture" },
        "up":    { "uv": [ 4.501, 12.251, 9.874, 12.874 ], "texture": "#bright_gun_texture" },
        "north": { "uv": [ 4.126, 12.251, 9.624, 12.874 ], "texture": "#bright_gun_texture" },
        "south": { "uv": [ 4.126, 12.251, 9.624, 12.874 ], "texture": "#bright_gun_texture" },
        "west":  { "uv": [ 7.751, 12.501, 8.749, 13.749 ], "texture": "#bright_gun_texture" },
        "east":  { "uv": [ 7.751, 12.501, 8.749, 13.749 ], "texture": "#bright_gun_texture" }
    }
},
{
    "from": [ 11, 8.5, 8.5 ],
    "to": [ 15, 9, 9 ],
    "faces": {
        "down":  { "uv": [ 4.501, 12.251, 9.874, 12.874 ], "texture": "#bright_gun_texture" },
        "up":    { "uv": [ 4.501, 12.251, 9.874, 12.874 ], "texture": "#bright_gun_texture" },
        "north": { "uv": [ 4.126, 12.251, 9.624, 12.874 ], "texture": "#bright_gun_texture" },
        "south": { "uv": [ 4.126, 12.251, 9.624, 12.874 ], "texture": "#bright_gun_texture" },
        "west":  { "uv": [ 7.751, 12.501, 8.749, 13.749 ], "texture": "#bright_gun_texture" },
        "east":  { "uv": [ 7.751, 12.501, 8.749, 13.749 ], "texture": "#bright_gun_texture" }
    }
},
{
    "from": [ 13.805, 9, 7.25 ],
    "to": [ 15.105, 9.5, 8.75 ],
    "rotation": { "origin": [ 13.805, 9.5, 7.25 ], "axis": "z", "angle": -22.5 },
    "faces": {
        "down":  { "uv": [ 4.501, 12.251, 9.874, 12.874 ], "texture": "#bright_gun_texture" },
        "up":    { "uv": [ 4.501, 12.251, 9.874, 12.874 ], "texture": "#bright_gun_texture" },
        "north": { "uv": [ 4.126, 12.251, 9.624, 12.874 ], "texture": "#bright_gun_texture" },
        "south": { "uv": [ 4.126, 12.251, 9.624, 12.874 ], "texture": "#bright_gun_texture" },
        "west":  { "uv": [ 7.751, 12.501, 8.749, 13.749 ], "texture": "#bright_gun_texture" },
        "east":  { "uv": [ 7.751, 12.501, 8.749, 13.749 ], "texture": "#bright_gun_texture" }
    }
},
{
    "from": [ 4.5, 9, 8.5 ],
    "to": [ 5.5, 9.5, 8.75 ],
    "faces": {
        "down":  { "uv": [ 4.501, 12.251, 9.874, 12.874 ], "texture": "#bright_gun_texture" },
        "up":    { "uv": [ 4.501, 12.251, 9.874, 12.874 ], "texture": "#bright_gun_texture" },
        "north": { "uv": [ 4.126, 12.251, 9.624, 12.874 ], "texture": "#bright_gun_texture" },
        "south": { "uv": [ 4.126, 12.251, 9.624, 12.874 ], "texture": "#bright_gun_texture" },
        "west":  { "uv": [ 7.751, 12.501, 8.749, 13.749 ], "texture": "#bright_gun_texture" },
        "east":  { "uv": [ 7.751, 12.501, 8.749, 13.749 ], "texture": "#bright_gun_texture" }
    }
},
{
    "from": [ 4.5, 8.5, 8.5 ],
    "to": [ 5.5, 9, 9 ],
    "faces": {
        "down":  { "uv": [ 4.501, 12.251, 9.874, 12.874 ], "texture": "#bright_gun_texture" },
        "up":    { "uv": [ 4.501, 12.251, 9.874, 12.874 ], "texture": "#bright_gun_texture" },
        "north": { "uv": [ 4.126, 12.251, 9.624, 12.874 ], "texture": "#bright_gun_texture" },
        "south": { "uv": [ 4.126, 12.251, 9.624, 12.874 ], "texture": "#bright_gun_texture" },
        "west":  { "uv": [ 7.751, 12.501, 8.749, 13.749 ], "texture": "#bright_gun_texture" },
        "east":  { "uv": [ 7.751, 12.501, 8.749, 13.749 ], "texture": "#bright_gun_texture" }
    }
},
{
    "from": [ 8, 9, 8.5 ],
    "to": [ 13.8125, 9.5, 8.75 ],
    "faces": {
        "down":  { "uv": [ 4.501, 12.251, 9.874, 12.874 ], "texture": "#bright_gun_texture" },
        "up":    { "uv": [ 4.501, 12.251, 9.874, 12.874 ], "texture": "#bright_gun_texture" },
        "north": { "uv": [ 4.126, 12.251, 9.624, 12.874 ], "texture": "#bright_gun_texture" },
        "south": { "uv": [ 4.126, 12.251, 9.624, 12.874 ], "texture": "#bright_gun_texture" },
        "west":  { "uv": [ 7.751, 12.501, 8.749, 13.749 ], "texture": "#bright_gun_texture" },
        "east":  { "uv": [ 7.751, 12.501, 8.749, 13.749 ], "texture": "#bright_gun_texture" }
    }
},
{
    "from": [ 8, 8.875, 8.5 ],
    "to": [ 11, 9, 9 ],
    "faces": {
        "down":  { "uv": [ 4.501, 12.251, 9.874, 12.874 ], "texture": "#bright_gun_texture" },
        "up":    { "uv": [ 4.501, 12.251, 9.874, 12.874 ], "texture": "#bright_gun_texture" },
        "north": { "uv": [ 4.126, 12.251, 9.624, 12.874 ], "texture": "#bright_gun_texture" },
        "south": { "uv": [ 4.126, 12.251, 9.624, 12.874 ], "texture": "#bright_gun_texture" },
        "west":  { "uv": [ 7.751, 12.501, 8.749, 13.749 ], "texture": "#bright_gun_texture" },
        "east":  { "uv": [ 7.751, 12.501, 8.749, 13.749 ], "texture": "#bright_gun_texture" }
    }
},
{
    "from": [ 5.5, 9, 8.5 ],
    "to": [ 8, 9.5, 8.625 ],
    "faces": {
        "down":  { "uv": [ 1.626, 9.751, 4.499, 10.499 ], "texture": "#bright_gun_texture" },
        "up":    { "uv": [ 1.626, 9.751, 4.499, 10.499 ], "texture": "#bright_gun_texture" },
        "north": { "uv": [ 1.251, 9.751, 4.624, 10.4365 ], "texture": "#bright_gun_texture" },
        "south": { "uv": [ 1.251, 9.751, 4.624, 10.4365 ], "texture": "#bright_gun_texture" },
        "west":  { "uv": [ 2.751, 9.501, 3.499, 10.1865 ], "texture": "#bright_gun_texture" },
        "east":  { "uv": [ 2.751, 9.501, 3.499, 10.1865 ], "texture": "#bright_gun_texture" }
    }
},
{
    "from": [ 5.5, 8.5, 8.5 ],
    "to": [ 11, 9, 8.75 ],
    "faces": {
        "down":  { "uv": [ 1.626, 9.751, 4.499, 10.499 ], "texture": "#bright_gun_texture" },
        "up":    { "uv": [ 1.626, 9.751, 4.499, 10.499 ], "texture": "#bright_gun_texture" },
        "north": { "uv": [ 1.251, 9.751, 4.624, 10.4365 ], "texture": "#bright_gun_texture" },
        "south": { "uv": [ 1.251, 9.751, 4.624, 10.4365 ], "texture": "#bright_gun_texture" },
        "west":  { "uv": [ 2.751, 9.501, 3.499, 10.1865 ], "texture": "#bright_gun_texture" },
        "east":  { "uv": [ 2.751, 9.501, 3.499, 10.1865 ], "texture": "#bright_gun_texture" }
    }
},
{
    "from": [ 5.875, 8.5625, 8.75 ],
    "to": [ 6.125, 8.8125, 9.125 ],
    "faces": {
        "down":  { "uv": [ 1.626, 9.751, 4.499, 10.499 ], "texture": "#bright_gun_texture" },
        "up":    { "uv": [ 1.626, 9.751, 4.499, 10.499 ], "texture": "#bright_gun_texture" },
        "north": { "uv": [ 1.251, 9.751, 4.624, 10.4365 ], "texture": "#bright_gun_texture" },
        "south": { "uv": [ 1.251, 9.751, 4.624, 10.4365 ], "texture": "#bright_gun_texture" },
        "west":  { "uv": [ 2.751, 9.501, 3.499, 10.1865 ], "texture": "#bright_gun_texture" },
        "east":  { "uv": [ 2.751, 9.501, 3.499, 10.1865 ], "texture": "#bright_gun_texture" }
    }
},
{
    "from": [ 5.8425, 8.5325, 9.125 ],
    "to": [ 6.155, 8.845, 9.5 ],
    "faces": {
        "down":  { "uv": [ 1.626, 9.751, 4.499, 10.499 ], "texture": "#bright_gun_texture" },
        "up":    { "uv": [ 1.626, 9.751, 4.499, 10.499 ], "texture": "#bright_gun_texture" },
        "north": { "uv": [ 1.251, 9.751, 4.624, 10.4365 ], "texture": "#bright_gun_texture" },
        "south": { "uv": [ 1.251, 9.751, 4.624, 10.4365 ], "texture": "#bright_gun_texture" },
        "west":  { "uv": [ 2.751, 9.501, 3.499, 10.1865 ], "texture": "#bright_gun_texture" },
        "east":  { "uv": [ 2.751, 9.501, 3.499, 10.1865 ], "texture": "#bright_gun_texture" }
    }
},
{
    "from": [ -13.5, 8.25, 7.5 ],
    "to": [ 4.5, 9.25, 8.5 ],
    "faces": {
        "down":  { "uv": [ 4.501, 12.251, 9.874, 12.874 ], "texture": "#bright_gun_texture" },
        "up":    { "uv": [ 4.501, 12.251, 9.874, 12.874 ], "texture": "#bright_gun_texture" },
        "north": { "uv": [ 4.126, 12.251, 9.624, 12.874 ], "texture": "#bright_gun_texture" },
        "south": { "uv": [ 4.126, 12.251, 9.624, 12.874 ], "texture": "#bright_gun_texture" },
        "west":  { "uv": [ 2.001, 9.376, 2.999, 10.624 ], "texture": "#bright_gun_texture" },
        "east":  { "uv": [ 7.751, 12.501, 8.749, 13.749 ], "texture": "#bright_gun_texture" }
    }
},
{
    "from": [ -13, 6.75, 7.5 ],
    "to": [ 4.5, 7.75, 8.5 ],
    "faces": {
        "down":  { "uv": [ 4.501, 12.251, 9.874, 12.874 ], "texture": "#bright_gun_texture" },
        "up":    { "uv": [ 4.501, 12.251, 9.874, 12.874 ], "texture": "#bright_gun_texture" },
        "north": { "uv": [ 4.126, 12.251, 9.624, 12.874 ], "texture": "#bright_gun_texture" },
        "south": { "uv": [ 4.126, 12.251, 9.624, 12.874 ], "texture": "#bright_gun_texture" },
        "west":  { "uv": [ 7.751, 12.501, 8.749, 13.749 ], "texture": "#bright_gun_texture" },
        "east":  { "uv": [ 7.751, 12.501, 8.749, 13.749 ], "texture": "#bright_gun_texture" }
    }
},
{
    "from": [ -10.25, 5, 7.5 ],
    "to": [ -7.375, 6, 8.5 ],
    "faces": {
        "down":  { "uv": [ 4.501, 12.251, 9.874, 12.874 ], "texture": "#bright_gun_texture" },
        "up":    { "uv": [ 4.501, 12.251, 9.874, 12.874 ], "texture": "#bright_gun_texture" },
        "north": { "uv": [ 4.126, 12.251, 9.624, 12.874 ], "texture": "#bright_gun_texture" },
        "south": { "uv": [ 4.126, 12.251, 9.624, 12.874 ], "texture": "#bright_gun_texture" },
        "west":  { "uv": [ 7.751, 12.501, 8.749, 13.749 ], "texture": "#bright_gun_texture" },
        "east":  { "uv": [ 7.751, 12.501, 8.749, 13.749 ], "texture": "#bright_gun_texture" }
    }
},
{
    "from": [ -11, 4.875, 7.5 ],
    "to": [ -10.25, 6.125, 8.625 ],
    "faces": {
        "down":  { "uv": [ 4.501, 12.251, 9.874, 12.874 ], "texture": "#bright_gun_texture" },
        "up":    { "uv": [ 4.501, 12.251, 9.874, 12.874 ], "texture": "#bright_gun_texture" },
        "north": { "uv": [ 4.126, 12.251, 9.624, 12.874 ], "texture": "#bright_gun_texture" },
        "south": { "uv": [ 4.126, 12.251, 9.624, 12.874 ], "texture": "#bright_gun_texture" },
        "west":  { "uv": [ 7.751, 12.501, 8.749, 13.749 ], "texture": "#bright_gun_texture" },
        "east":  { "uv": [ 7.751, 12.501, 8.749, 13.749 ], "texture": "#bright_gun_texture" }
    }
},
{
    "from": [ -12.375, 4.8125, 7.3125 ],
    "to": [ -11, 6.1875, 8.6875 ],
    "faces": {
        "down":  { "uv": [ 4.501, 12.251, 9.874, 12.874 ], "texture": "#bright_gun_texture" },
        "up":    { "uv": [ 4.501, 12.251, 9.874, 12.874 ], "texture": "#bright_gun_texture" },
        "north": { "uv": [ 4.126, 12.251, 9.624, 12.874 ], "texture": "#bright_gun_texture" },
        "south": { "uv": [ 4.126, 12.251, 9.624, 12.874 ], "texture": "#bright_gun_texture" },
        "west":  { "uv": [ 12.376, 4.501, 13.374, 5.749 ], "texture": "#bright_gun_texture" },
        "east":  { "uv": [ 7.751, 12.501, 8.749, 13.749 ], "texture": "#bright_gun_texture" }
    }
},
{
    "from": [ -7.375, 4.625, 7.125 ],
    "to": [ -3.125, 6.875, 8.875 ],
    "faces": {
        "down":  { "uv": [ 1.626, 9.751, 4.499, 10.499 ], "texture": "#bright_gun_texture" },
        "up":    { "uv": [ 1.626, 9.751, 4.499, 10.499 ], "texture": "#bright_gun_texture" },
        "north": { "uv": [ 1.251, 9.751, 4.624, 10.4365 ], "texture": "#bright_gun_texture" },
        "south": { "uv": [ 1.251, 9.751, 4.624, 10.4365 ], "texture": "#bright_gun_texture" },
        "west":  { "uv": [ 2.751, 9.501, 3.499, 10.1865 ], "texture": "#bright_gun_texture" },
        "east":  { "uv": [ 2.751, 9.501, 3.499, 10.1865 ], "texture": "#bright_gun_texture" }
    }
},
{
    "from": [ -7.375, 6.875, 7.25 ],
    "to": [ -0.625, 8.25, 8.75 ],
    "faces": {
        "down":  { "uv": [ 1.626, 9.751, 4.499, 10.499 ], "texture": "#bright_gun_texture" },
        "up":    { "uv": [ 1.626, 9.751, 4.499, 10.499 ], "texture": "#bright_gun_texture" },
        "north": { "uv": [ 1.251, 9.751, 4.624, 10.4365 ], "texture": "#bright_gun_texture" },
        "south": { "uv": [ 1.251, 9.751, 4.624, 10.4365 ], "texture": "#bright_gun_texture" },
        "west":  { "uv": [ 2.751, 9.501, 3.499, 10.1865 ], "texture": "#bright_gun_texture" },
        "east":  { "uv": [ 2.751, 9.501, 3.499, 10.1865 ], "texture": "#bright_gun_texture" }
    }
},
{
    "from": [ -3.125, 5.375, 7.125 ],
    "to": [ 0, 6.875, 8.875 ],
    "faces": {
        "down":  { "uv": [ 1.626, 9.751, 4.499, 10.499 ], "texture": "#bright_gun_texture" },
        "up":    { "uv": [ 1.626, 9.751, 4.499, 10.499 ], "texture": "#bright_gun_texture" },
        "north": { "uv": [ 1.251, 9.751, 4.624, 10.4365 ], "texture": "#bright_gun_texture" },
        "south": { "uv": [ 1.251, 9.751, 4.624, 10.4365 ], "texture": "#bright_gun_texture" },
        "west":  { "uv": [ 2.751, 9.501, 3.499, 10.1865 ], "texture": "#bright_gun_texture" },
        "east":  { "uv": [ 2.751, 9.501, 3.499, 10.1865 ], "texture": "#bright_gun_texture" }
    }
},
{
    "from": [ -0.625, 6.875, 7.1875 ],
    "to": [ 0, 8.25, 8.8125 ],
    "faces": {
        "down":  { "uv": [ 1.626, 9.751, 4.499, 10.499 ], "texture": "#bright_gun_texture" },
        "up":    { "uv": [ 1.626, 9.751, 4.499, 10.499 ], "texture": "#bright_gun_texture" },
        "north": { "uv": [ 1.251, 9.751, 4.624, 10.4365 ], "texture": "#bright_gun_texture" },
        "south": { "uv": [ 1.251, 9.751, 4.624, 10.4365 ], "texture": "#bright_gun_texture" },
        "west":  { "uv": [ 2.751, 9.501, 3.499, 10.1865 ], "texture": "#bright_gun_texture" },
        "east":  { "uv": [ 2.751, 9.501, 3.499, 10.1865 ], "texture": "#bright_gun_texture" }
    }
},
{
    "from": [ -3.5, 4.5625, 7.125 ],
    "to": [ -1.625, 5.5625, 8.875 ],
    "rotation": { "origin": [ -3.5, 5.5625, 7.125 ], "axis": "z", "angle": 22.5 },
    "faces": {
        "down":  { "uv": [ 1.626, 9.751, 4.499, 10.499 ], "texture": "#bright_gun_texture" },
        "up":    { "uv": [ 1.626, 9.751, 4.499, 10.499 ], "texture": "#bright_gun_texture" },
        "north": { "uv": [ 1.251, 9.751, 4.624, 10.4365 ], "texture": "#bright_gun_texture" },
        "south": { "uv": [ 1.251, 9.751, 4.624, 10.4365 ], "texture": "#bright_gun_texture" },
        "west":  { "uv": [ 2.751, 9.501, 3.499, 10.1865 ], "texture": "#bright_gun_texture" },
        "east":  { "uv": [ 2.751, 9.501, 3.499, 10.1865 ], "texture": "#bright_gun_texture" }
    }
},
{
    "from": [ -11.625, 8.125, 7.4375 ],
    "to": [ -10.875, 9.375, 8.5625 ],
    "faces": {
        "down":  { "uv": [ 4.501, 12.251, 9.874, 12.874 ], "texture": "#bright_gun_texture" },
        "up":    { "uv": [ 4.501, 12.251, 9.874, 12.874 ], "texture": "#bright_gun_texture" },
        "north": { "uv": [ 4.126, 12.251, 9.624, 12.874 ], "texture": "#bright_gun_texture" },
        "south": { "uv": [ 4.126, 12.251, 9.624, 12.874 ], "texture": "#bright_gun_texture" },
        "west":  { "uv": [ 7.751, 12.501, 8.749, 13.749 ], "texture": "#bright_gun_texture" },
        "east":  { "uv": [ 7.751, 12.501, 8.749, 13.749 ], "texture": "#bright_gun_texture" }
    }
},
{
    "from": [ -11.625, 6.625, 7.4375 ],
    "to": [ -10.875, 7.875, 8.5625 ],
    "faces": {
        "down":  { "uv": [ 4.501, 12.251, 9.874, 12.874 ], "texture": "#bright_gun_texture" },
        "up":    { "uv": [ 4.501, 12.251, 9.874, 12.874 ], "texture": "#bright_gun_texture" },
        "north": { "uv": [ 4.126, 12.251, 9.624, 12.874 ], "texture": "#bright_gun_texture" },
        "south": { "uv": [ 4.126, 12.251, 9.624, 12.874 ], "texture": "#bright_gun_texture" },
        "west":  { "uv": [ 7.751, 12.501, 8.749, 13.749 ], "texture": "#bright_gun_texture" },
        "east":  { "uv": [ 7.751, 12.501, 8.749, 13.749 ], "texture": "#bright_gun_texture" }
    }
},
{
    "from": [ -11.625, 7.875, 7.5625 ],
    "to": [ -10.875, 8.125, 8.4375 ],
    "faces": {
        "down":  { "uv": [ 4.501, 12.251, 9.874, 12.874 ], "texture": "#bright_gun_texture" },
        "up":    { "uv": [ 4.501, 12.251, 9.874, 12.874 ], "texture": "#bright_gun_texture" },
        "north": { "uv": [ 4.126, 12.251, 9.624, 12.874 ], "texture": "#bright_gun_texture" },
        "south": { "uv": [ 4.126, 12.251, 9.624, 12.874 ], "texture": "#bright_gun_texture" },
        "west":  { "uv": [ 7.751, 12.501, 8.749, 13.749 ], "texture": "#bright_gun_texture" },
        "east":  { "uv": [ 7.751, 12.501, 8.749, 13.749 ], "texture": "#bright_gun_texture" }
    }
},
{
    "from": [ 0, 5.625, 7.25 ],
    "to": [ 0.875, 6.75, 8.75 ],
    "faces": {
        "down":  { "uv": [ 1.626, 9.751, 4.499, 10.499 ], "texture": "#bright_gun_texture" },
        "up":    { "uv": [ 1.626, 9.751, 4.499, 10.499 ], "texture": "#bright_gun_texture" },
        "north": { "uv": [ 1.251, 9.751, 4.624, 10.4365 ], "texture": "#bright_gun_texture" },
        "south": { "uv": [ 1.251, 9.751, 4.624, 10.4365 ], "texture": "#bright_gun_texture" },
        "west":  { "uv": [ 2.751, 9.501, 3.499, 10.1865 ], "texture": "#bright_gun_texture" },
        "east":  { "uv": [ 2.751, 9.501, 3.499, 10.1865 ], "texture": "#bright_gun_texture" }
    }
},
{
    "from": [ 0, 6.75, 7.375 ],
    "to": [ 0.875, 7.875, 8.625 ],
    "faces": {
        "down":  { "uv": [ 1.626, 9.751, 4.499, 10.499 ], "texture": "#bright_gun_texture" },
        "up":    { "uv": [ 1.626, 9.751, 4.499, 10.499 ], "texture": "#bright_gun_texture" },
        "north": { "uv": [ 1.251, 9.751, 4.624, 10.4365 ], "texture": "#bright_gun_texture" },
        "south": { "uv": [ 1.251, 9.751, 4.624, 10.4365 ], "texture": "#bright_gun_texture" },
        "west":  { "uv": [ 2.751, 9.501, 3.499, 10.1865 ], "texture": "#bright_gun_texture" },
        "east":  { "uv": [ 2.751, 9.501, 3.499, 10.1865 ], "texture": "#bright_gun_texture" }
    }
},
{
    "from": [ 0.875, 5.875, 7.5 ],
    "to": [ 3.75, 6.75, 8.5 ],
    "faces": {
        "down":  { "uv": [ 4.501, 12.251, 9.874, 12.874 ], "texture": "#bright_gun_texture" },
        "up":    { "uv": [ 4.501, 12.251, 9.874, 12.874 ], "texture": "#bright_gun_texture" },
        "north": { "uv": [ 4.126, 12.251, 9.624, 12.874 ], "texture": "#bright_gun_texture" },
        "south": { "uv": [ 4.126, 12.251, 9.624, 12.874 ], "texture": "#bright_gun_texture" },
        "west":  { "uv": [ 7.751, 12.501, 8.749, 13.749 ], "texture": "#bright_gun_texture" },
        "east":  { "uv": [ 7.751, 12.501, 8.749, 13.749 ], "texture": "#bright_gun_texture" }
    }
},
{
    "from": [ 3.4375, 5.8125, 7.5 ],
    "to": [ 4.4375, 6.6875, 8.5 ],
    "rotation": { "origin": [ 3.4375, 6.6875, 7.5 ], "axis": "z", "angle": 22.5 },
    "faces": {
        "down":  { "uv": [ 4.501, 12.251, 9.874, 12.874 ], "texture": "#bright_gun_texture" },
        "up":    { "uv": [ 4.501, 12.251, 9.874, 12.874 ], "texture": "#bright_gun_texture" },
        "north": { "uv": [ 4.126, 12.251, 9.624, 12.874 ], "texture": "#bright_gun_texture" },
        "south": { "uv": [ 4.126, 12.251, 9.624, 12.874 ], "texture": "#bright_gun_texture" },
        "west":  { "uv": [ 7.751, 12.501, 8.749, 13.749 ], "texture": "#bright_gun_texture" },
        "east":  { "uv": [ 7.751, 12.501, 8.749, 13.749 ], "texture": "#bright_gun_texture" }
    }
},
{
    "from": [ 16.625, 5.875, 7 ],
    "to": [ 29.375, 8, 9 ],
    "rotation": { "origin": [ 16.625, 8, 7 ], "axis": "z", "angle": -22.5 },
    "faces": {
        "down":  { "uv": [ 9.126, 13.376, 9.6865, 14.374 ], "texture": "#normal_gun_texture" },
        "up":    { "uv": [ 9.126, 13.376, 9.6865, 14.374 ], "texture": "#normal_gun_texture" },
        "north": { "uv": [ 8.751, 13.001, 9.3115, 13.124 ], "texture": "#normal_gun_texture" },
        "south": { "uv": [ 8.751, 13.001, 9.3115, 13.124 ], "texture": "#normal_gun_texture" },
        "west":  { "uv": [ 8.626, 14.001, 9.624, 14.124 ], "texture": "#normal_gun_texture" },
        "east":  { "uv": [ 8.626, 14.001, 9.624, 14.124 ], "texture": "#normal_gun_texture" }
    }
},
{
    "from": [ 14.5, 0.875, 7.25 ],
    "to": [ 16.75, 6, 8.75 ],
    "rotation": { "origin": [ 14.5, 6, 7.25 ], "axis": "z", "angle": 22.5 },
    "faces": {
        "down":  { "uv": [ 7.501, 6.626, 8.624, 7.374 ], "texture": "#normal_gun_texture" },
        "up":    { "uv": [ 7.501, 6.626, 8.624, 7.374 ], "texture": "#normal_gun_texture" },
        "north": { "uv": [ 7.376, 6.251, 8.499, 7.499 ], "texture": "#normal_gun_texture" },
        "south": { "uv": [ 7.376, 6.251, 8.499, 7.499 ], "texture": "#normal_gun_texture" },
        "west":  { "uv": [ 7.626, 6.501, 8.499, 7.749 ], "texture": "#normal_gun_texture" },
        "east":  { "uv": [ 7.626, 6.501, 8.499, 7.749 ], "texture": "#normal_gun_texture" }
    }
},
{
    "from": [ 15.8125, 1.0625, 7.25 ],
    "to": [ 16.3125, 1.6875, 8.75 ],
    "rotation": { "origin": [ 15.8125, 1.6875, 7.25 ], "axis": "z", "angle": 22.5 },
    "faces": {
        "down":  { "uv": [ 7.501, 6.626, 8.624, 7.374 ], "texture": "#normal_gun_texture" },
        "up":    { "uv": [ 7.501, 6.626, 8.624, 7.374 ], "texture": "#normal_gun_texture" },
        "north": { "uv": [ 7.376, 6.251, 8.499, 7.499 ], "texture": "#normal_gun_texture" },
        "south": { "uv": [ 7.376, 6.251, 8.499, 7.499 ], "texture": "#normal_gun_texture" },
        "west":  { "uv": [ 7.626, 6.501, 8.499, 7.749 ], "texture": "#normal_gun_texture" },
        "east":  { "uv": [ 7.626, 6.501, 8.499, 7.749 ], "texture": "#normal_gun_texture" }
    }
},
{
    "from": [ 17, 4.375, 7.25 ],
    "to": [ 17.625, 5.5, 8.75 ],
    "faces": {
        "down":  { "uv": [ 7.501, 6.626, 8.624, 7.374 ], "texture": "#normal_gun_texture" },
        "up":    { "uv": [ 7.501, 6.626, 8.624, 7.374 ], "texture": "#normal_gun_texture" },
        "north": { "uv": [ 7.376, 6.251, 8.499, 7.499 ], "texture": "#normal_gun_texture" },
        "south": { "uv": [ 7.376, 6.251, 8.499, 7.499 ], "texture": "#normal_gun_texture" },
        "west":  { "uv": [ 7.626, 6.501, 8.499, 7.749 ], "texture": "#normal_gun_texture" },
        "east":  { "uv": [ 7.626, 6.501, 8.499, 7.749 ], "texture": "#normal_gun_texture" }
    }
},
{
    "from": [ 17.1875, 4.6875, 7.25 ],
    "to": [ 17.6875, 5.3125, 8.75 ],
    "rotation": { "origin": [ 17.1875, 5.3125, 7.25 ], "axis": "z", "angle": 45 },
    "faces": {
        "down":  { "uv": [ 7.501, 6.626, 8.624, 7.374 ], "texture": "#normal_gun_texture" },
        "up":    { "uv": [ 7.501, 6.626, 8.624, 7.374 ], "texture": "#normal_gun_texture" },
        "north": { "uv": [ 7.376, 6.251, 8.499, 7.499 ], "texture": "#normal_gun_texture" },
        "south": { "uv": [ 7.376, 6.251, 8.499, 7.499 ], "texture": "#normal_gun_texture" },
        "west":  { "uv": [ 7.626, 6.501, 8.499, 7.749 ], "texture": "#normal_gun_texture" },
        "east":  { "uv": [ 7.626, 6.501, 8.499, 7.749 ], "texture": "#normal_gun_texture" }
    }
},
{
    "from": [ 14.5, 4.375, 7.25 ],
    "to": [ 15.125, 6, 8.75 ],
    "rotation": { "origin": [ 14.5, 6, 7.25 ], "axis": "z", "angle": -22.5 },
    "faces": {
        "down":  { "uv": [ 7.501, 6.626, 8.624, 7.374 ], "texture": "#normal_gun_texture" },
        "up":    { "uv": [ 7.501, 6.626, 8.624, 7.374 ], "texture": "#normal_gun_texture" },
        "north": { "uv": [ 7.376, 6.251, 8.499, 7.499 ], "texture": "#normal_gun_texture" },
        "south": { "uv": [ 7.376, 6.251, 8.499, 7.499 ], "texture": "#normal_gun_texture" },
        "west":  { "uv": [ 7.626, 6.501, 8.499, 7.749 ], "texture": "#normal_gun_texture" },
        "east":  { "uv": [ 7.626, 6.501, 8.499, 7.749 ], "texture": "#normal_gun_texture" }
    }
},
{
    "from": [ 14.375, 4.25, 7.25 ],
    "to": [ 15.25, 5.25, 8.75 ],
    "faces": {
        "down":  { "uv": [ 7.501, 6.626, 8.624, 7.374 ], "texture": "#normal_gun_texture" },
        "up":    { "uv": [ 7.501, 6.626, 8.624, 7.374 ], "texture": "#normal_gun_texture" },
        "north": { "uv": [ 7.376, 6.251, 8.499, 7.499 ], "texture": "#normal_gun_texture" },
        "south": { "uv": [ 7.376, 6.251, 8.499, 7.499 ], "texture": "#normal_gun_texture" },
        "west":  { "uv": [ 7.626, 6.501, 8.499, 7.749 ], "texture": "#normal_gun_texture" },
        "east":  { "uv": [ 7.626, 6.501, 8.499, 7.749 ], "texture": "#normal_gun_texture" }
    }
},
{
    "from": [ 13.875, 4.25, 7.25 ],
    "to": [ 14.375, 4.5, 8.75 ],
    "faces": {
        "down":  { "uv": [ 7.501, 6.626, 8.624, 7.374 ], "texture": "#normal_gun_texture" },
        "up":    { "uv": [ 7.501, 6.626, 8.624, 7.374 ], "texture": "#normal_gun_texture" },
        "north": { "uv": [ 7.376, 6.251, 8.499, 7.499 ], "texture": "#normal_gun_texture" },
        "south": { "uv": [ 7.376, 6.251, 8.499, 7.499 ], "texture": "#normal_gun_texture" },
        "west":  { "uv": [ 7.626, 6.501, 8.499, 7.749 ], "texture": "#normal_gun_texture" },
        "east":  { "uv": [ 7.626, 6.501, 8.499, 7.749 ], "texture": "#normal_gun_texture" }
    }
},
{
    "from": [ 4.5, 5.625, 7.25 ],
    "to": [ 5.875, 6, 8.75 ],
    "faces": {
        "down":  { "uv": [ 4.501, 12.251, 9.874, 12.874 ], "texture": "#bright_gun_texture" },
        "up":    { "uv": [ 4.501, 12.251, 9.874, 12.874 ], "texture": "#bright_gun_texture" },
        "north": { "uv": [ 4.126, 12.251, 9.624, 12.874 ], "texture": "#bright_gun_texture" },
        "south": { "uv": [ 4.126, 12.251, 9.624, 12.874 ], "texture": "#bright_gun_texture" },
        "west":  { "uv": [ 7.751, 12.501, 8.749, 13.749 ], "texture": "#bright_gun_texture" },
        "east":  { "uv": [ 7.751, 12.501, 8.749, 13.749 ], "texture": "#bright_gun_texture" }
    }
},
{
    "from": [ 8.125, 5.625, 7.25 ],
    "to": [ 14.5, 6, 8.75 ],
    "faces": {
        "down":  { "uv": [ 4.501, 12.251, 9.874, 12.874 ], "texture": "#bright_gun_texture" },
        "up":    { "uv": [ 4.501, 12.251, 9.874, 12.874 ], "texture": "#bright_gun_texture" },
        "north": { "uv": [ 4.126, 12.251, 9.624, 12.874 ], "texture": "#bright_gun_texture" },
        "south": { "uv": [ 4.126, 12.251, 9.624, 12.874 ], "texture": "#bright_gun_texture" },
        "west":  { "uv": [ 7.751, 12.501, 8.749, 13.749 ], "texture": "#bright_gun_texture" },
        "east":  { "uv": [ 7.751, 12.501, 8.749, 13.749 ], "texture": "#bright_gun_texture" }
    }
},
{
    "from": [ 12.5, 4.375, 7.375 ],
    "to": [ 13.375, 4.625, 8.625 ],
    "faces": {
        "down":  { "uv": [ 7.501, 6.626, 8.624, 7.374 ], "texture": "#normal_gun_texture" },
        "up":    { "uv": [ 7.501, 6.626, 8.624, 7.374 ], "texture": "#normal_gun_texture" },
        "north": { "uv": [ 7.376, 6.251, 8.499, 7.499 ], "texture": "#normal_gun_texture" },
        "south": { "uv": [ 7.376, 6.251, 8.499, 7.499 ], "texture": "#normal_gun_texture" },
        "west":  { "uv": [ 7.626, 6.501, 8.499, 7.749 ], "texture": "#normal_gun_texture" },
        "east":  { "uv": [ 7.626, 6.501, 8.499, 7.749 ], "texture": "#normal_gun_texture" }
    }
},
{
    "from": [ 13.2775, 4.355, 7.375 ],
    "to": [ 14.1525, 4.605, 8.625 ],
    "rotation": { "origin": [ 13.2775, 4.605, 7.375 ], "axis": "z", "angle": 22.5 },
    "faces": {
        "down":  { "uv": [ 7.501, 6.626, 8.624, 7.374 ], "texture": "#normal_gun_texture" },
        "up":    { "uv": [ 7.501, 6.626, 8.624, 7.374 ], "texture": "#normal_gun_texture" },
        "north": { "uv": [ 7.376, 6.251, 8.499, 7.499 ], "texture": "#normal_gun_texture" },
        "south": { "uv": [ 7.376, 6.251, 8.499, 7.499 ], "texture": "#normal_gun_texture" },
        "west":  { "uv": [ 7.626, 6.501, 8.499, 7.749 ], "texture": "#normal_gun_texture" },
        "east":  { "uv": [ 7.626, 6.501, 8.499, 7.749 ], "texture": "#normal_gun_texture" }
    }
},
{
    "from": [ 12.02, 4.595, 7.375 ],
    "to": [ 12.645, 4.845, 8.625 ],
    "rotation": { "origin": [ 12.02, 4.845, 7.375 ], "axis": "z", "angle": -22.5 },
    "faces": {
        "down":  { "uv": [ 7.501, 6.626, 8.624, 7.374 ], "texture": "#normal_gun_texture" },
        "up":    { "uv": [ 7.501, 6.626, 8.624, 7.374 ], "texture": "#normal_gun_texture" },
        "north": { "uv": [ 7.376, 6.251, 8.499, 7.499 ], "texture": "#normal_gun_texture" },
        "south": { "uv": [ 7.376, 6.251, 8.499, 7.499 ], "texture": "#normal_gun_texture" },
        "west":  { "uv": [ 7.626, 6.501, 8.499, 7.749 ], "texture": "#normal_gun_texture" },
        "east":  { "uv": [ 7.626, 6.501, 8.499, 7.749 ], "texture": "#normal_gun_texture" }
    }
},
{
    "from": [ 11.6875, 4.5625, 7.375 ],
    "to": [ 11.9375, 5.1875, 8.625 ],
    "rotation": { "origin": [ 11.6875, 5.1875, 7.375 ], "axis": "z", "angle": 22.5 },
    "faces": {
        "down":  { "uv": [ 7.501, 6.626, 8.624, 7.374 ], "texture": "#normal_gun_texture" },
        "up":    { "uv": [ 7.501, 6.626, 8.624, 7.374 ], "texture": "#normal_gun_texture" },
        "north": { "uv": [ 7.376, 6.251, 8.499, 7.499 ], "texture": "#normal_gun_texture" },
        "south": { "uv": [ 7.376, 6.251, 8.499, 7.499 ], "texture": "#normal_gun_texture" },
        "west":  { "uv": [ 7.626, 6.501, 8.499, 7.749 ], "texture": "#normal_gun_texture" },
        "east":  { "uv": [ 7.626, 6.501, 8.499, 7.749 ], "texture": "#normal_gun_texture" }
    }
},
{
    "from": [ 12, 5.125, 7.375 ],
    "to": [ 12.25, 5.75, 8.625 ],
    "rotation": { "origin": [ 12, 5.75, 7.375 ], "axis": "z", "angle": -22.5 },
    "faces": {
        "down":  { "uv": [ 7.501, 6.626, 8.624, 7.374 ], "texture": "#normal_gun_texture" },
        "up":    { "uv": [ 7.501, 6.626, 8.624, 7.374 ], "texture": "#normal_gun_texture" },
        "north": { "uv": [ 7.376, 6.251, 8.499, 7.499 ], "texture": "#normal_gun_texture" },
        "south": { "uv": [ 7.376, 6.251, 8.499, 7.499 ], "texture": "#normal_gun_texture" },
        "west":  { "uv": [ 7.626, 6.501, 8.499, 7.749 ], "texture": "#normal_gun_texture" },
        "east":  { "uv": [ 7.626, 6.501, 8.499, 7.749 ], "texture": "#normal_gun_texture" }
    }
},
{
    "from": [ 11.125, 4.8125, 7.375 ],
    "to": [ 11.375, 5.6875, 8.625 ],
    "rotation": { "origin": [ 11.125, 5.6875, 7.375 ], "axis": "z", "angle": 45 },
    "faces": {
        "down":  { "uv": [ 7.501, 6.626, 8.624, 7.374 ], "texture": "#normal_gun_texture" },
        "up":    { "uv": [ 7.501, 6.626, 8.624, 7.374 ], "texture": "#normal_gun_texture" },
        "north": { "uv": [ 7.376, 6.251, 8.499, 7.499 ], "texture": "#normal_gun_texture" },
        "south": { "uv": [ 7.376, 6.251, 8.499, 7.499 ], "texture": "#normal_gun_texture" },
        "west":  { "uv": [ 7.626, 6.501, 8.499, 7.749 ], "texture": "#normal_gun_texture" },
        "east":  { "uv": [ 7.626, 6.501, 8.499, 7.749 ], "texture": "#normal_gun_texture" }
    }
},
{
    "from": [ 11.5625, 5.3125, 7.375 ],
    "to": [ 12, 5.625, 8.625 ],
    "faces": {
        "down":  { "uv": [ 7.501, 6.626, 8.624, 7.374 ], "texture": "#normal_gun_texture" },
        "up":    { "uv": [ 7.501, 6.626, 8.624, 7.374 ], "texture": "#normal_gun_texture" },
        "north": { "uv": [ 7.376, 6.251, 8.499, 7.499 ], "texture": "#normal_gun_texture" },
        "south": { "uv": [ 7.376, 6.251, 8.499, 7.499 ], "texture": "#normal_gun_texture" },
        "west":  { "uv": [ 7.626, 6.501, 8.499, 7.749 ], "texture": "#normal_gun_texture" },
        "east":  { "uv": [ 7.626, 6.501, 8.499, 7.749 ], "texture": "#normal_gun_texture" }
    }
},
{
    "from": [ 14, 5.125, 7.375 ],
    "to": [ 14.375, 5.75, 8.625 ],
    "rotation": { "origin": [ 14, 5.75, 7.375 ], "axis": "z", "angle": 22.5 },
    "faces": {
        "down":  { "uv": [ 7.501, 6.626, 8.624, 7.374 ], "texture": "#normal_gun_texture" },
        "up":    { "uv": [ 7.501, 6.626, 8.624, 7.374 ], "texture": "#normal_gun_texture" },
        "north": { "uv": [ 7.376, 6.251, 8.499, 7.499 ], "texture": "#normal_gun_texture" },
        "south": { "uv": [ 7.376, 6.251, 8.499, 7.499 ], "texture": "#normal_gun_texture" },
        "west":  { "uv": [ 7.626, 6.501, 8.499, 7.749 ], "texture": "#normal_gun_texture" },
        "east":  { "uv": [ 7.626, 6.501, 8.499, 7.749 ], "texture": "#normal_gun_texture" }
    }
},
{
    "from": [ 13.375, 5.25, 7.375 ],
    "to": [ 13.625, 5.875, 8.375 ],
    "faces": {
        "down":  { "uv": [ 7.501, 6.626, 8.624, 7.374 ], "texture": "#normal_gun_texture" },
        "up":    { "uv": [ 7.501, 6.626, 8.624, 7.374 ], "texture": "#normal_gun_texture" },
        "north": { "uv": [ 7.376, 6.251, 8.499, 7.499 ], "texture": "#normal_gun_texture" },
        "south": { "uv": [ 7.376, 6.251, 8.499, 7.499 ], "texture": "#normal_gun_texture" },
        "west":  { "uv": [ 7.626, 6.501, 8.499, 7.749 ], "texture": "#normal_gun_texture" },
        "east":  { "uv": [ 7.626, 6.501, 8.499, 7.749 ], "texture": "#normal_gun_texture" }
    }
},
{
    "from": [ 13.395, 4.73, 7.375 ],
    "to": [ 13.645, 5.355, 8.375 ],
    "rotation": { "origin": [ 13.395, 5.355, 7.375 ], "axis": "z", "angle": -22.5 },
    "faces": {
        "down":  { "uv": [ 7.501, 6.626, 8.624, 7.374 ], "texture": "#normal_gun_texture" },
        "up":    { "uv": [ 7.501, 6.626, 8.624, 7.374 ], "texture": "#normal_gun_texture" },
        "north": { "uv": [ 7.376, 6.251, 8.499, 7.499 ], "texture": "#normal_gun_texture" },
        "south": { "uv": [ 7.376, 6.251, 8.499, 7.499 ], "texture": "#normal_gun_texture" },
        "west":  { "uv": [ 7.626, 6.501, 8.499, 7.749 ], "texture": "#normal_gun_texture" },
        "east":  { "uv": [ 7.626, 6.501, 8.499, 7.749 ], "texture": "#normal_gun_texture" }
    }
},
{
    "from": [ 5.875, 5.875, 7.25 ],
    "to": [ 8.125, 6, 8.75 ],
    "faces": {
        "down":  { "uv": [ 4.501, 12.251, 9.874, 12.874 ], "texture": "#bright_gun_texture" },
        "up":    { "uv": [ 4.501, 12.251, 9.874, 12.874 ], "texture": "#bright_gun_texture" },
        "north": { "uv": [ 4.126, 12.251, 9.624, 12.874 ], "texture": "#bright_gun_texture" },
        "south": { "uv": [ 4.126, 12.251, 9.624, 12.874 ], "texture": "#bright_gun_texture" },
        "west":  { "uv": [ 7.751, 12.501, 8.749, 13.749 ], "texture": "#bright_gun_texture" },
        "east":  { "uv": [ 7.751, 12.501, 8.749, 13.749 ], "texture": "#bright_gun_texture" }
    }
},
{
    "from": [ 21.875, 5.875, 7 ],
    "to": [ 29.625, 7.375, 9 ],
    "rotation": { "origin": [ 21.875, 7.375, 7 ], "axis": "z", "angle": -22.5 },
    "faces": {
        "down":  { "uv": [ 9.126, 13.376, 9.6865, 14.374 ], "texture": "#normal_gun_texture" },
        "up":    { "uv": [ 9.126, 13.376, 9.6865, 14.374 ], "texture": "#normal_gun_texture" },
        "north": { "uv": [ 8.751, 13.001, 9.3115, 13.124 ], "texture": "#normal_gun_texture" },
        "south": { "uv": [ 8.751, 13.001, 9.3115, 13.124 ], "texture": "#normal_gun_texture" },
        "west":  { "uv": [ 8.626, 14.001, 9.624, 14.124 ], "texture": "#normal_gun_texture" },
        "east":  { "uv": [ 8.626, 14.001, 9.624, 14.124 ], "texture": "#normal_gun_texture" }
    }
},
{
    "from": [ 27.25, 5.25, 7 ],
    "to": [ 29.875, 6.75, 9 ],
    "rotation": { "origin": [ 27.25, 6.75, 7 ], "axis": "z", "angle": -22.5 },
    "faces": {
        "down":  { "uv": [ 9.126, 13.376, 9.6865, 14.374 ], "texture": "#normal_gun_texture" },
        "up":    { "uv": [ 9.126, 13.376, 9.6865, 14.374 ], "texture": "#normal_gun_texture" },
        "north": { "uv": [ 8.751, 13.001, 9.3115, 13.124 ], "texture": "#normal_gun_texture" },
        "south": { "uv": [ 8.751, 13.001, 9.3115, 13.124 ], "texture": "#normal_gun_texture" },
        "west":  { "uv": [ 8.626, 14.001, 9.624, 14.124 ], "texture": "#normal_gun_texture" },
        "east":  { "uv": [ 8.626, 14.001, 9.624, 14.124 ], "texture": "#normal_gun_texture" }
    }
},
{
    "from": [ 18.125, 6, 7 ],
    "to": [ 22, 7.375, 9 ],
    "faces": {
        "down":  { "uv": [ 9.126, 13.376, 9.6865, 14.374 ], "texture": "#normal_gun_texture" },
        "up":    { "uv": [ 9.126, 13.376, 9.6865, 14.374 ], "texture": "#normal_gun_texture" },
        "north": { "uv": [ 8.751, 13.001, 9.3115, 13.124 ], "texture": "#normal_gun_texture" },
        "south": { "uv": [ 8.751, 13.001, 9.3115, 13.124 ], "texture": "#normal_gun_texture" },
        "west":  { "uv": [ 8.626, 14.001, 9.624, 14.124 ], "texture": "#normal_gun_texture" },
        "east":  { "uv": [ 8.626, 14.001, 9.624, 14.124 ], "texture": "#normal_gun_texture" }
    }
},
{
    "from": [ 23.375, 5.375, 7 ],
    "to": [ 27.25, 6.75, 9 ],
    "faces": {
        "down":  { "uv": [ 9.126, 13.376, 9.6865, 14.374 ], "texture": "#normal_gun_texture" },
        "up":    { "uv": [ 9.126, 13.376, 9.6865, 14.374 ], "texture": "#normal_gun_texture" },
        "north": { "uv": [ 8.751, 13.001, 9.3115, 13.124 ], "texture": "#normal_gun_texture" },
        "south": { "uv": [ 8.751, 13.001, 9.3115, 13.124 ], "texture": "#normal_gun_texture" },
        "west":  { "uv": [ 8.626, 14.001, 9.624, 14.124 ], "texture": "#normal_gun_texture" },
        "east":  { "uv": [ 8.626, 14.001, 9.624, 14.124 ], "texture": "#normal_gun_texture" }
    }
},
{
    "from": [ 28.25, 5.75, 7 ],
    "to": [ 29.75, 6.25, 9 ],
    "faces": {
        "down":  { "uv": [ 9.126, 13.376, 9.6865, 14.374 ], "texture": "#normal_gun_texture" },
        "up":    { "uv": [ 9.126, 13.376, 9.6865, 14.374 ], "texture": "#normal_gun_texture" },
        "north": { "uv": [ 8.751, 13.001, 9.3115, 13.124 ], "texture": "#normal_gun_texture" },
        "south": { "uv": [ 8.751, 13.001, 9.3115, 13.124 ], "texture": "#normal_gun_texture" },
        "west":  { "uv": [ 8.626, 14.001, 9.624, 14.124 ], "texture": "#normal_gun_texture" },
        "east":  { "uv": [ 8.626, 14.001, 9.624, 14.124 ], "texture": "#normal_gun_texture" }
    }
},
{
    "from": [ 17.375, 7.375, 7 ],
    "to": [ 19.875, 7.625, 9 ],
    "faces": {
        "down":  { "uv": [ 9.126, 13.376, 9.6865, 14.374 ], "texture": "#normal_gun_texture" },
        "up":    { "uv": [ 9.126, 13.376, 9.6865, 14.374 ], "texture": "#normal_gun_texture" },
        "north": { "uv": [ 8.751, 13.001, 9.3115, 13.124 ], "texture": "#normal_gun_texture" },
        "south": { "uv": [ 8.751, 13.001, 9.3115, 13.124 ], "texture": "#normal_gun_texture" },
        "west":  { "uv": [ 8.626, 14.001, 9.624, 14.124 ], "texture": "#normal_gun_texture" },
        "east":  { "uv": [ 8.626, 14.001, 9.624, 14.124 ], "texture": "#normal_gun_texture" }
    }
},
{
    "from": [ 22.875, 6.75, 7 ],
    "to": [ 25.375, 7, 9 ],
    "faces": {
        "down":  { "uv": [ 9.126, 13.376, 9.6865, 14.374 ], "texture": "#normal_gun_texture" },
        "up":    { "uv": [ 9.126, 13.376, 9.6865, 14.374 ], "texture": "#normal_gun_texture" },
        "north": { "uv": [ 8.751, 13.001, 9.3115, 13.124 ], "texture": "#normal_gun_texture" },
        "south": { "uv": [ 8.751, 13.001, 9.3115, 13.124 ], "texture": "#normal_gun_texture" },
        "west":  { "uv": [ 8.626, 14.001, 9.624, 14.124 ], "texture": "#normal_gun_texture" },
        "east":  { "uv": [ 8.626, 14.001, 9.624, 14.124 ], "texture": "#normal_gun_texture" }
    }
},
{
    "from": [ 27.875, 6.25, 7 ],
    "to": [ 28.5, 6.5, 9 ],
    "faces": {
        "down":  { "uv": [ 9.126, 13.376, 9.6865, 14.374 ], "texture": "#normal_gun_texture" },
        "up":    { "uv": [ 9.126, 13.376, 9.6865, 14.374 ], "texture": "#normal_gun_texture" },
        "north": { "uv": [ 8.751, 13.001, 9.3115, 13.124 ], "texture": "#normal_gun_texture" },
        "south": { "uv": [ 8.751, 13.001, 9.3115, 13.124 ], "texture": "#normal_gun_texture" },
        "west":  { "uv": [ 8.626, 14.001, 9.624, 14.124 ], "texture": "#normal_gun_texture" },
        "east":  { "uv": [ 8.626, 14.001, 9.624, 14.124 ], "texture": "#normal_gun_texture" }
    }
},
{
    "from": [ 17, 7.625, 7 ],
    "to": [ 18.125, 7.875, 9 ],
    "faces": {
        "down":  { "uv": [ 9.126, 13.376, 9.6865, 14.374 ], "texture": "#normal_gun_texture" },
        "up":    { "uv": [ 9.126, 13.376, 9.6865, 14.374 ], "texture": "#normal_gun_texture" },
        "north": { "uv": [ 8.751, 13.001, 9.3115, 13.124 ], "texture": "#normal_gun_texture" },
        "south": { "uv": [ 8.751, 13.001, 9.3115, 13.124 ], "texture": "#normal_gun_texture" },
        "west":  { "uv": [ 8.626, 14.001, 9.624, 14.124 ], "texture": "#normal_gun_texture" },
        "east":  { "uv": [ 8.626, 14.001, 9.624, 14.124 ], "texture": "#normal_gun_texture" }
    }
},
{
    "from": [ 19.875, 7.375, 7 ],
    "to": [ 21.375, 7.5, 9 ],
    "faces": {
        "down":  { "uv": [ 9.126, 13.376, 9.6865, 14.374 ], "texture": "#normal_gun_texture" },
        "up":    { "uv": [ 9.126, 13.376, 9.6865, 14.374 ], "texture": "#normal_gun_texture" },
        "north": { "uv": [ 8.751, 13.001, 9.3115, 13.124 ], "texture": "#normal_gun_texture" },
        "south": { "uv": [ 8.751, 13.001, 9.3115, 13.124 ], "texture": "#normal_gun_texture" },
        "west":  { "uv": [ 8.626, 14.001, 9.624, 14.124 ], "texture": "#normal_gun_texture" },
        "east":  { "uv": [ 8.626, 14.001, 9.624, 14.124 ], "texture": "#normal_gun_texture" }
    }
},
{
    "from": [ 22.25, 7, 7 ],
    "to": [ 23.5, 7.25, 9 ],
    "faces": {
        "down":  { "uv": [ 9.126, 13.376, 9.6865, 14.374 ], "texture": "#normal_gun_texture" },
        "up":    { "uv": [ 9.126, 13.376, 9.6865, 14.374 ], "texture": "#normal_gun_texture" },
        "north": { "uv": [ 8.751, 13.001, 9.3115, 13.124 ], "texture": "#normal_gun_texture" },
        "south": { "uv": [ 8.751, 13.001, 9.3115, 13.124 ], "texture": "#normal_gun_texture" },
        "west":  { "uv": [ 8.626, 14.001, 9.624, 14.124 ], "texture": "#normal_gun_texture" },
        "east":  { "uv": [ 8.626, 14.001, 9.624, 14.124 ], "texture": "#normal_gun_texture" }
    }
},
{
    "from": [ 23.5, 7, 7 ],
    "to": [ 24.375, 7.125, 9 ],
    "faces": {
        "down":  { "uv": [ 9.126, 13.376, 9.6865, 14.374 ], "texture": "#normal_gun_texture" },
        "up":    { "uv": [ 9.126, 13.376, 9.6865, 14.374 ], "texture": "#normal_gun_texture" },
        "north": { "uv": [ 8.751, 13.001, 9.3115, 13.124 ], "texture": "#normal_gun_texture" },
        "south": { "uv": [ 8.751, 13.001, 9.3115, 13.124 ], "texture": "#normal_gun_texture" },
        "west":  { "uv": [ 8.626, 14.001, 9.624, 14.124 ], "texture": "#normal_gun_texture" },
        "east":  { "uv": [ 8.626, 14.001, 9.624, 14.124 ], "texture": "#normal_gun_texture" }
    }
},
{
    "from": [ 25.375, 6.75, 7 ],
    "to": [ 26.375, 6.875, 9 ],
    "faces": {
        "down":  { "uv": [ 9.126, 13.376, 9.6865, 14.374 ], "texture": "#normal_gun_texture" },
        "up":    { "uv": [ 9.126, 13.376, 9.6865, 14.374 ], "texture": "#normal_gun_texture" },
        "north": { "uv": [ 8.751, 13.001, 9.3115, 13.124 ], "texture": "#normal_gun_texture" },
        "south": { "uv": [ 8.751, 13.001, 9.3115, 13.124 ], "texture": "#normal_gun_texture" },
        "west":  { "uv": [ 8.626, 14.001, 9.624, 14.124 ], "texture": "#normal_gun_texture" },
        "east":  { "uv": [ 8.626, 14.001, 9.624, 14.124 ], "texture": "#normal_gun_texture" }
    }
},
{
    "from": [ 28.5, 6.25, 7 ],
    "to": [ 29, 6.375, 9 ],
    "faces": {
        "down":  { "uv": [ 9.126, 13.376, 9.6865, 14.374 ], "texture": "#normal_gun_texture" },
        "up":    { "uv": [ 9.126, 13.376, 9.6865, 14.374 ], "texture": "#normal_gun_texture" },
        "north": { "uv": [ 8.751, 13.001, 9.3115, 13.124 ], "texture": "#normal_gun_texture" },
        "south": { "uv": [ 8.751, 13.001, 9.3115, 13.124 ], "texture": "#normal_gun_texture" },
        "west":  { "uv": [ 8.626, 14.001, 9.624, 14.124 ], "texture": "#normal_gun_texture" },
        "east":  { "uv": [ 8.626, 14.001, 9.624, 14.124 ], "texture": "#normal_gun_texture" }
    }
},
{
    "from": [ 27.375, 6.5, 7 ],
    "to": [ 27.875, 6.625, 9 ],
    "faces": {
        "down":  { "uv": [ 9.126, 13.376, 9.6865, 14.374 ], "texture": "#normal_gun_texture" },
        "up":    { "uv": [ 9.126, 13.376, 9.6865, 14.374 ], "texture": "#normal_gun_texture" },
        "north": { "uv": [ 8.751, 13.001, 9.3115, 13.124 ], "texture": "#normal_gun_texture" },
        "south": { "uv": [ 8.751, 13.001, 9.3115, 13.124 ], "texture": "#normal_gun_texture" },
        "west":  { "uv": [ 8.626, 14.001, 9.624, 14.124 ], "texture": "#normal_gun_texture" },
        "east":  { "uv": [ 8.626, 14.001, 9.624, 14.124 ], "texture": "#normal_gun_texture" }
    }
},
{
    "from": [ 18.125, 7.625, 7 ],
    "to": [ 19, 7.75, 9 ],
    "faces": {
        "down":  { "uv": [ 9.126, 13.376, 9.6865, 14.374 ], "texture": "#normal_gun_texture" },
        "up":    { "uv": [ 9.126, 13.376, 9.6865, 14.374 ], "texture": "#normal_gun_texture" },
        "north": { "uv": [ 8.751, 13.001, 9.3115, 13.124 ], "texture": "#normal_gun_texture" },
        "south": { "uv": [ 8.751, 13.001, 9.3115, 13.124 ], "texture": "#normal_gun_texture" },
        "west":  { "uv": [ 8.626, 14.001, 9.624, 14.124 ], "texture": "#normal_gun_texture" },
        "east":  { "uv": [ 8.626, 14.001, 9.624, 14.124 ], "texture": "#normal_gun_texture" }
    }
},
{
    "from": [ 16.145, 7.895, 7 ],
    "to": [ 17.895, 8.52, 9 ],
    "rotation": { "origin": [ 16.145, 8.52, 7 ], "axis": "z", "angle": -22.5 },
    "faces": {
        "down":  { "uv": [ 9.126, 13.376, 9.6865, 14.374 ], "texture": "#normal_gun_texture" },
        "up":    { "uv": [ 9.126, 13.376, 9.6865, 14.374 ], "texture": "#normal_gun_texture" },
        "north": { "uv": [ 8.751, 13.001, 9.3115, 13.124 ], "texture": "#normal_gun_texture" },
        "south": { "uv": [ 8.751, 13.001, 9.3115, 13.124 ], "texture": "#normal_gun_texture" },
        "west":  { "uv": [ 8.626, 14.001, 9.624, 14.124 ], "texture": "#normal_gun_texture" },
        "east":  { "uv": [ 8.626, 14.001, 9.624, 14.124 ], "texture": "#normal_gun_texture" }
    }
},
{
    "from": [ 16, 6.6875, 7 ],
    "to": [ 16.625, 7.9375, 9 ],
    "rotation": { "origin": [ 16, 7.9375, 7 ], "axis": "z", "angle": -22.5 },
    "faces": {
        "down":  { "uv": [ 9.126, 13.376, 9.6865, 14.374 ], "texture": "#normal_gun_texture" },
        "up":    { "uv": [ 9.126, 13.376, 9.6865, 14.374 ], "texture": "#normal_gun_texture" },
        "north": { "uv": [ 8.751, 13.001, 9.3115, 13.124 ], "texture": "#normal_gun_texture" },
        "south": { "uv": [ 8.751, 13.001, 9.3115, 13.124 ], "texture": "#normal_gun_texture" },
        "west":  { "uv": [ 8.626, 14.001, 9.624, 14.124 ], "texture": "#normal_gun_texture" },
        "east":  { "uv": [ 8.626, 14.001, 9.624, 14.124 ], "texture": "#normal_gun_texture" }
    }
},
{
    "from": [ 15, 8.5, 7 ],
    "to": [ 16.25, 9, 9 ],
    "rotation": { "origin": [ 15, 9, 7 ], "axis": "z", "angle": -22.5 },
    "faces": {
        "down":  { "uv": [ 4.501, 12.251, 9.874, 12.874 ], "texture": "#bright_gun_texture" },
        "up":    { "uv": [ 4.501, 12.251, 9.874, 12.874 ], "texture": "#bright_gun_texture" },
        "north": { "uv": [ 4.126, 12.251, 9.624, 12.874 ], "texture": "#bright_gun_texture" },
        "south": { "uv": [ 4.126, 12.251, 9.624, 12.874 ], "texture": "#bright_gun_texture" },
        "west":  { "uv": [ 7.751, 12.501, 8.749, 13.749 ], "texture": "#bright_gun_texture" },
        "east":  { "uv": [ 7.751, 12.501, 8.749, 13.749 ], "texture": "#bright_gun_texture" }
    }
},
{
    "from": [ 4.5, 9, 7.25 ],
    "to": [ 13.8125, 9.5, 8.5 ],
    "faces": {
        "down":  { "uv": [ 4.501, 12.251, 9.874, 12.874 ], "texture": "#bright_gun_texture" },
        "up":    { "uv": [ 4.501, 12.251, 9.874, 12.874 ], "texture": "#bright_gun_texture" },
        "north": { "uv": [ 4.126, 12.251, 9.624, 12.874 ], "texture": "#bright_gun_texture" },
        "south": { "uv": [ 4.126, 12.251, 9.624, 12.874 ], "texture": "#bright_gun_texture" },
        "west":  { "uv": [ 7.751, 12.501, 8.749, 13.749 ], "texture": "#bright_gun_texture" },
        "east":  { "uv": [ 7.751, 12.501, 8.749, 13.749 ], "texture": "#bright_gun_texture" }
    }
},
{
    "from": [ -11.625, 8.875, 7.875 ],
    "to": [ -11, 9.375, 8.125 ],
    "rotation": { "origin": [ -11.625, 9.375, 7.875 ], "axis": "z", "angle": 22.5 },
    "faces": {
        "down":  { "uv": [ 4.501, 12.251, 9.874, 12.874 ], "texture": "#bright_gun_texture" },
        "up":    { "uv": [ 4.501, 12.251, 9.874, 12.874 ], "texture": "#bright_gun_texture" },
        "north": { "uv": [ 4.126, 12.251, 9.624, 12.874 ], "texture": "#bright_gun_texture" },
        "south": { "uv": [ 4.126, 12.251, 9.624, 12.874 ], "texture": "#bright_gun_texture" },
        "west":  { "uv": [ 7.751, 12.501, 8.749, 13.749 ], "texture": "#bright_gun_texture" },
        "east":  { "uv": [ 7.751, 12.501, 8.749, 13.749 ], "texture": "#bright_gun_texture" }
    }
},
{
    "from": [ 3.125, 9.25, 7.625 ],
    "to": [ 4, 9.5, 8.375 ],
    "faces": {
        "down":  { "uv": [ 4.501, 12.251, 9.874, 12.874 ], "texture": "#bright_gun_texture" },
        "up":    { "uv": [ 4.501, 12.251, 9.874, 12.874 ], "texture": "#bright_gun_texture" },
        "north": { "uv": [ 4.126, 12.251, 9.624, 12.874 ], "texture": "#bright_gun_texture" },
        "south": { "uv": [ 4.126, 12.251, 9.624, 12.874 ], "texture": "#bright_gun_texture" },
        "west":  { "uv": [ 7.751, 12.501, 8.749, 13.749 ], "texture": "#bright_gun_texture" },
        "east":  { "uv": [ 7.751, 12.501, 8.749, 13.749 ], "texture": "#bright_gun_texture" }
    }
},
{
    "from": [ 3.25, 9.5, 7.75 ],
    "to": [ 3.875, 9.75, 7.875 ],
    "faces": {
        "down":  { "uv": [ 4.501, 12.251, 9.874, 12.874 ], "texture": "#bright_gun_texture" },
        "up":    { "uv": [ 4.501, 12.251, 9.874, 12.874 ], "texture": "#bright_gun_texture" },
        "north": { "uv": [ 4.126, 12.251, 9.624, 12.874 ], "texture": "#bright_gun_texture" },
        "south": { "uv": [ 4.126, 12.251, 9.624, 12.874 ], "texture": "#bright_gun_texture" },
        "west":  { "uv": [ 7.751, 12.501, 8.749, 13.749 ], "texture": "#bright_gun_texture" },
        "east":  { "uv": [ 7.751, 12.501, 8.749, 13.749 ], "texture": "#bright_gun_texture" }
    }
},
{
    "from": [ 3.25, 9.5, 8.125 ],
    "to": [ 3.875, 9.75, 8.25 ],
    "faces": {
        "down":  { "uv": [ 4.501, 12.251, 9.874, 12.874 ], "texture": "#bright_gun_texture" },
        "up":    { "uv": [ 4.501, 12.251, 9.874, 12.874 ], "texture": "#bright_gun_texture" },
        "north": { "uv": [ 4.126, 12.251, 9.624, 12.874 ], "texture": "#bright_gun_texture" },
        "south": { "uv": [ 4.126, 12.251, 9.624, 12.874 ], "texture": "#bright_gun_texture" },
        "west":  { "uv": [ 7.751, 12.501, 8.749, 13.749 ], "texture": "#bright_gun_texture" },
        "east":  { "uv": [ 7.751, 12.501, 8.749, 13.749 ], "texture": "#bright_gun_texture" }
    }
}
],
"display": {
    "thirdperson_righthand": {
        "rotation": [ -180, -90, 130 ],
        "translation": [ 0, 7, 1 ],
        "scale": [ 0.7, 0.7, 0.7 ]
    },
    "thirdperson_lefthand": {
        "rotation": [ 0, 90, 140 ],
		"translation": [ 0, 2, 4 ],
        "scale": [ 0.7, 0.7, 0.7 ]
    },
    "head": {
        "rotation": [ 0, -90, 0 ],
        "translation": [ 0, 12, 0 ],
        "scale": [ 0.5, 0.5, 0.5 ]
    },
    "ground": {
        "rotation": [ 90, 0, 0 ],
        "translation": [ 1, 0, 0 ],
        "scale": [ 0.6, 0.6, 0.6 ]
    },
    "fixed": {
        "rotation": [ 0, 0, 0 ],
        "translation": [ 0, 0, -1 ],
        "scale": [ 1, 1, 1 ]
    },
    "firstperson_righthand": {
        "rotation": [ 0, -90, 0 ],
        "translation": [ -2.5, 4.25, -2 ],
        "scale": [ 0.8, 0.8, 0.8 ]
    },
    "firstperson_lefthand": {
        "rotation": [ 0, 90, 80 ],
		"translation": [ 5, 2, -5 ],
        "scale": [ 0.8, 0.8, 0.8 ]
    },
    "gui": {
        "rotation": [ -15, 40, 0 ],
        "translation": [ 0, 0, 0 ],
        "scale": [ 0.5, 0.5, 0.5 ]
    }
}
}