{
    "__comment": "© Le0, Mineland.eu 2019 | www.mineland.eu",
    "textures": {
		"normal_gun_texture": "guns/brokovnice/normal_gun_texture",
		"bright_gun_texture": "guns/brokovnice/bright_gun_texture"
    },
    "elements": [
        {
            "name": "Front Barrel",
            "from": [ -10.0, 8.300000004470348, 7.4000000059604645 ], 
            "to": [ 10.0, 9.50000000745058, 8.600000008940697 ], 
            "faces": {
                "north": { "texture": "#bright_gun_texture", "uv": [ 4.0, 5.0, 6.0, 6.4000000059604645 ] },
                "east": { "texture": "#bright_gun_texture", "uv": [ 3.0, 3.0, 4.4000000059604645, 4.4000000059604645 ] },
                "south": { "texture": "#bright_gun_texture", "uv": [ 8.0, 11.0, 10.0, 12.400000005960464 ] },
                "west": { "texture": "#bright_gun_texture", "uv": [ 9.0, 6.0, 10.400000005960464, 7.4000000059604645 ] },
                "up": { "texture": "#bright_gun_texture", "uv": [ 12.0, 7.0, 14.0, 8.400000005960464 ] },
                "down": { "texture": "#bright_gun_texture", "uv": [ 4.0, 14.0, 6.0, 15.400000005960464 ] }
            }
        },
        {
            "name": "Back Barrel",
            "from": [ -1.0000000149011612, 7.600000023841858, 6.900000013411045 ], 
            "to": [ 3.999999985098839, 9.200000002980232, 9.100000001490116 ], 
            "faces": {
                "north": { "texture": "#normal_gun_texture", "uv": [ 9.0, 7.0, 16.0, 9.799999997019768 ] },
                "east": { "texture": "#normal_gun_texture", "uv": [ 6.0, 6.0, 8.799999997019768, 8.799999997019768 ] },
                "south": { "texture": "#normal_gun_texture", "uv": [ 5.0, 7.0, 12.0, 9.799999997019768 ] },
                "west": { "texture": "#normal_gun_texture", "uv": [ 3.0, 6.0, 5.799999997019768, 8.799999997019768 ] },
                "up": { "texture": "#normal_gun_texture", "uv": [ 5.0, 13.0, 12.0, 15.799999997019768 ] },
                "down": { "texture": "#normal_gun_texture", "uv": [ 0.0, 12.0, 7.0, 14.799999997019768 ] }
            }
        },
        {
            "name": "Body",
            "from": [ 9.400000005960464, 6.900000013411045, 7.100000001490116 ], 
            "to": [ 17.400000005960464, 9.799999997019768, 8.899999998509884 ], 
            "faces": {
                "north": { "texture": "#bright_gun_texture", "uv": [ 8.0, 4.0, 16.0, 7.499999992549419 ] },
                "east": { "texture": "#bright_gun_texture", "uv": [ 4.0, 5.0, 6.600000008940697, 8.49999999254942 ] },
                "south": { "texture": "#bright_gun_texture", "uv": [ 7.0, 4.0, 15.0, 7.499999992549419 ] },
                "west": { "texture": "#bright_gun_texture", "uv": [ 6.0, 3.0, 8.600000008940697, 6.499999992549419 ] },
                "up": { "texture": "#bright_gun_texture", "uv": [ 2.0, 10.0, 10.0, 12.600000008940697 ] },
                "down": { "texture": "#bright_gun_texture", "uv": [ 7.0, 5.0, 15.0, 7.600000008940697 ] }
            }
        },
        {
            "name": "Back Handle",
            "from": [ 13.900000013411045, -1.9999999850988388, 7.200000002980232 ], 
            "to": [ 15.700000010430813, 2.600000023841858, 8.799999997019768 ], 
            "rotation": { "origin": [ 8.0, 8.0, 8.0 ], "axis": "z", "angle": 45.0 },
            "faces": {
                "north": { "texture": "#normal_gun_texture", "uv": [ 9.0, 11.0, 11.0, 15.0 ] },
                "east": { "texture": "#normal_gun_texture", "uv": [ 10.0, 10.0, 12.0, 14.0 ] },
                "south": { "texture": "#normal_gun_texture", "uv": [ 8.0, 7.0, 5.0, 11.0 ] },
                "west": { "texture": "#normal_gun_texture", "uv": [ 8.0, 7.0, 10.0, 11.0 ] },
                "up": { "texture": "#normal_gun_texture", "uv": [ 7.0, 9.0, 9.0, 11.0 ] },
                "down": { "texture": "#normal_gun_texture", "uv": [ 8.0, 9.0, 10.0, 11.0 ] }
            }
        },
        {
            "name": "Shooter Vertical Piece",
            "from": [ 13.299999974668026, 3.1000000163912773, 7.700000010430813 ], 
            "to": [ 13.499999962747097, 5.100000016391277, 8.300000004470348 ], 
            "rotation": { "origin": [ 8.0, 8.0, 8.0 ], "axis": "z", "angle": 22.5 },
            "faces": {
                "north": { "texture": "#normal_gun_texture", "uv": [ 0.0, 0.0, 0.19999998807907104, 2.0 ] },
                "east": { "texture": "#normal_gun_texture", "uv": [ 0.0, 0.0, 0.5999999940395355, 2.0 ] },
                "south": { "texture": "#normal_gun_texture", "uv": [ 0.0, 0.0, 0.19999998807907104, 2.0 ] },
                "west": { "texture": "#normal_gun_texture", "uv": [ 0.0, 0.0, 0.5999999940395355, 2.0 ] },
                "up": { "texture": "#normal_gun_texture", "uv": [ 0.0, 0.0, 0.19999998807907104, 0.5999999940395355 ] },
                "down": { "texture": "#normal_gun_texture", "uv": [ 0.0, 0.0, 0.19999998807907104, 0.5999999940395355 ] }
            }
        },
        {
            "name": "Shooter Horizontal Piece",
            "from": [ 14.799999982118607, 5.500000007450581, 7.700000010430813 ], 
            "to": [ 16.299999989569187, 5.6999999806284904, 8.300000004470348 ], 
            "faces": {
                "north": { "texture": "#normal_gun_texture", "uv": [ 0.0, 0.0, 1.900000013411045, 0.19999997317790985 ] },
                "east": { "texture": "#normal_gun_texture", "uv": [ 0.0, 0.0, 0.5999999940395355, 0.19999997317790985 ] },
                "south": { "texture": "#normal_gun_texture", "uv": [ 0.0, 0.0, 1.900000013411045, 0.19999997317790985 ] },
                "west": { "texture": "#normal_gun_texture", "uv": [ 0.0, 0.0, 0.5999999940395355, 0.19999997317790985 ] },
                "up": { "texture": "#normal_gun_texture", "uv": [ 0.0, 0.0, 1.900000013411045, 0.5999999940395355 ] },
                "down": { "texture": "#normal_gun_texture", "uv": [ 0.0, 0.0, 1.900000013411045, 0.5999999940395355 ] }
            }
        },
        {
            "name": "Stock Up",
            "from": [ 19.50000000745058, 5.900000013411045, 7.100000001490116 ], 
            "to": [ 23.50000000745058, 7.900000013411045, 8.899999998509884 ], 
            "faces": {
                "north": { "texture": "#normal_gun_texture", "uv": [ 6.0, 7.0, 12.0, 9.0 ] },
                "east": { "texture": "#normal_gun_texture", "uv": [ 4.0, 5.0, 6.0, 7.0 ] },
                "south": { "texture": "#normal_gun_texture", "uv": [ 2.0, 3.0, 8.0, 5.0 ] },
                "west": { "texture": "#normal_gun_texture", "uv": [ 2.0, 6.0, 4.0, 8.0 ] },
                "up": { "texture": "#normal_gun_texture", "uv": [ 5.0, 8.0, 11.0, 10.0 ] },
                "down": { "texture": "#normal_gun_texture", "uv": [ 6.0, 5.0, 12.0, 7.0 ] }
            }
        },
        {
            "name": "Stock Side",
            "from": [ 22.0, 4.3000000193715096, 7.0 ], 
            "to": [ 24.0, 7.299999989569187, 9.0 ], 
            "faces": {
                "north": { "texture": "#normal_gun_texture", "uv": [ 7.0, 3.0, 9.0, 5.999999970197678 ] },
                "east": { "texture": "#normal_gun_texture", "uv": [ 9.0, 11.0, 11.0, 13.999999970197678 ] },
                "south": { "texture": "#normal_gun_texture", "uv": [ 3.0, 7.0, 5.0, 9.999999970197678 ] },
                "west": { "texture": "#normal_gun_texture", "uv": [ 7.0, 8.0, 9.0, 10.999999970197678 ] },
                "up": { "texture": "#normal_gun_texture", "uv": [ 6.0, 2.0, 8.0, 4.0 ] },
                "down": { "texture": "#normal_gun_texture", "uv": [ 4.0, 11.0, 6.0, 13.0 ] }
            }
        },
        {
            "name": "Stock Under",
            "from": [ 18.400000005960464, 10.100000016391277, 7.0 ], 
            "to": [ 22.900000013411045, 11.599999979138374, 9.0 ], 
            "rotation": { "origin": [ 8.0, 8.0, 8.0 ], "axis": "z", "angle": -22.5 },
            "faces": {
                "north": { "texture": "#normal_gun_texture", "uv": [ 7.0, 8.0, 11.50000000745058, 10.299999959766865 ] },
                "east": { "texture": "#normal_gun_texture", "uv": [ 14.0, 13.0, 16.0, 15.299999959766865 ] },
                "south": { "texture": "#normal_gun_texture", "uv": [ 6.0, 10.0, 10.50000000745058, 12.299999959766865 ] },
                "west": { "texture": "#normal_gun_texture", "uv": [ 7.0, 5.0, 9.0, 7.299999959766865 ] },
                "up": { "texture": "#normal_gun_texture", "uv": [ 4.0, 6.0, 8.50000000745058, 8.0 ] },
                "down": { "texture": "#normal_gun_texture", "uv": [ 5.0, 5.0, 9.50000000745058, 7.0 ] }
            }
        },
        {
            "name": "Front Targeter Base",
            "from": [ -9.200000017881393, 8.199999988079071, 7.700000010430813 ], 
            "to": [ -7.700000010430813, 9.799999982118607, 8.300000004470348 ], 
            "faces": {
                "north": { "texture": "#bright_gun_texture", "uv": [ 2.0, 1.0, 3.0, 2.5999999940395355 ] },
                "east": { "texture": "#bright_gun_texture", "uv": [ 6.0, 4.0, 7.5999999940395355, 5.5999999940395355 ] },
                "south": { "texture": "#bright_gun_texture", "uv": [ 4.0, 6.0, 5.0, 7.5999999940395355 ] },
                "west": { "texture": "#bright_gun_texture", "uv": [ 7.0, 10.0, 8.599999994039536, 11.599999994039536 ] },
                "up": { "texture": "#bright_gun_texture", "uv": [ 8.0, 11.0, 9.0, 12.599999994039536 ] },
                "down": { "texture": "#bright_gun_texture", "uv": [ 8.0, 6.0, 9.0, 7.5999999940395355 ] }
            }
        },
        {
            "name": "Cube",
            "from": [ -2.4999999925494194, 6.499999992549419, 7.300000004470348 ], 
            "to": [ -0.4999999925494194, 7.899999998509884, 8.700000010430813 ], 
            "faces": {
                "north": { "texture": "#bright_gun_texture", "uv": [ 4.0, 5.0, 6.0, 6.4000000059604645 ] },
                "east": { "texture": "#bright_gun_texture", "uv": [ 3.0, 3.0, 4.4000000059604645, 4.4000000059604645 ] },
                "south": { "texture": "#bright_gun_texture", "uv": [ 8.0, 11.0, 10.0, 12.400000005960464 ] },
                "west": { "texture": "#bright_gun_texture", "uv": [ 9.0, 6.0, 10.400000005960464, 7.4000000059604645 ] },
                "up": { "texture": "#bright_gun_texture", "uv": [ 12.0, 7.0, 14.0, 8.400000005960464 ] },
                "down": { "texture": "#bright_gun_texture", "uv": [ 4.0, 14.0, 6.0, 15.400000005960464 ] }
            }
        },
        {
            "name": "Cube",
            "from": [ 13.400000005960464, 6.700000025331974, 7.4000000059604645 ], 
            "to": [ 18.30000001937151, 6.899999998509884, 8.600000008940697 ], 
            "faces": {
                "north": { "texture": "#bright_gun_texture", "uv": [ 0.0, 0.0, 1.900000013411045, 0.19999997317790985 ] },
                "east": { "texture": "#normal_gun_texture", "uv": [ 0.0, 0.0, 0.5999999940395355, 0.19999997317790985 ] },
                "south": { "texture": "#normal_gun_texture", "uv": [ 0.0, 0.0, 1.900000013411045, 0.19999997317790985 ] },
                "west": { "texture": "#normal_gun_texture", "uv": [ 0.0, 0.0, 0.5999999940395355, 0.19999997317790985 ] },
                "up": { "texture": "#normal_gun_texture", "uv": [ 0.0, 0.0, 1.900000013411045, 0.5999999940395355 ] },
                "down": { "texture": "#normal_gun_texture", "uv": [ 0.0, 0.0, 1.900000013411045, 0.5999999940395355 ] }
            }
        },
        {
            "name": "Cube",
            "from": [ -0.4999999925494194, 6.200000002980232, 7.0 ], 
            "to": [ 9.50000000745058, 8.200000002980232, 9.0 ], 
            "faces": {
                "north": { "texture": "#normal_gun_texture", "uv": [ 4.0, 5.0, 11.0, 7.0 ] },
                "east": { "texture": "#normal_gun_texture", "uv": [ 7.0, 6.0, 9.0, 8.0 ] },
                "south": { "texture": "#normal_gun_texture", "uv": [ 2.0, 7.0, 9.0, 9.0 ] },
                "west": { "texture": "#normal_gun_texture", "uv": [ 5.0, 10.0, 7.0, 12.0 ] },
                "up": { "texture": "#normal_gun_texture", "uv": [ 4.0, 7.0, 11.0, 9.0 ] },
                "down": { "texture": "#normal_gun_texture", "uv": [ 7.0, 9.0, 14.0, 11.0 ] }
            }
        },
        {
            "name": "Shooter Vertical Piece 2",
            "from": [ 16.399999976158142, 8.900000013411045, 7.700000010430813 ], 
            "to": [ 16.599999964237213, 10.900000013411045, 8.300000004470348 ], 
            "rotation": { "origin": [ 8.0, 8.0, 8.0 ], "axis": "z", "angle": -22.5 },
            "faces": {
                "north": { "texture": "#normal_gun_texture", "uv": [ 0.0, 0.0, 0.19999998807907104, 2.0 ] },
                "east": { "texture": "#normal_gun_texture", "uv": [ 0.0, 0.0, 0.5999999940395355, 2.0 ] },
                "south": { "texture": "#normal_gun_texture", "uv": [ 0.0, 0.0, 0.19999998807907104, 2.0 ] },
                "west": { "texture": "#normal_gun_texture", "uv": [ 0.0, 0.0, 0.5999999940395355, 2.0 ] },
                "up": { "texture": "#normal_gun_texture", "uv": [ 0.0, 0.0, 0.19999998807907104, 0.5999999940395355 ] },
                "down": { "texture": "#normal_gun_texture", "uv": [ 0.0, 0.0, 0.19999998807907104, 0.5999999940395355 ] }
            }
        },
        {
            "name": "Front Targeter L",
            "from": [ -9.100000016391277, 9.600000008940697, 8.200000017881393 ], 
            "to": [ -8.000000014901161, 10.199999988079071, 8.300000004470348 ], 
            "faces": {
                "north": { "texture": "#bright_gun_texture", "uv": [ 2.0, 1.0, 3.0, 2.5999999940395355 ] },
                "east": { "texture": "#bright_gun_texture", "uv": [ 6.0, 4.0, 7.5999999940395355, 5.5999999940395355 ] },
                "south": { "texture": "#bright_gun_texture", "uv": [ 4.0, 6.0, 5.0, 7.5999999940395355 ] },
                "west": { "texture": "#bright_gun_texture", "uv": [ 7.0, 10.0, 8.599999994039536, 11.599999994039536 ] },
                "up": { "texture": "#bright_gun_texture", "uv": [ 8.0, 11.0, 9.0, 12.599999994039536 ] },
                "down": { "texture": "#bright_gun_texture", "uv": [ 8.0, 6.0, 9.0, 7.5999999940395355 ] }
            }
        },
        {
            "name": "Front Targeter R",
            "from": [ -9.100000016391277, 9.600000008940697, 7.700000010430813 ], 
            "to": [ -8.000000014901161, 10.199999988079071, 7.799999997019768 ], 
            "faces": {
                "north": { "texture": "#bright_gun_texture", "uv": [ 2.0, 1.0, 3.0, 2.5999999940395355 ] },
                "east": { "texture": "#bright_gun_texture", "uv": [ 6.0, 4.0, 7.5999999940395355, 5.5999999940395355 ] },
                "south": { "texture": "#bright_gun_texture", "uv": [ 4.0, 6.0, 5.0, 7.5999999940395355 ] },
                "west": { "texture": "#bright_gun_texture", "uv": [ 7.0, 10.0, 8.599999994039536, 11.599999994039536 ] },
                "up": { "texture": "#bright_gun_texture", "uv": [ 8.0, 11.0, 9.0, 12.599999994039536 ] },
                "down": { "texture": "#bright_gun_texture", "uv": [ 8.0, 6.0, 9.0, 7.5999999940395355 ] }
            }
        },
        {
            "name": "Body Top",
            "from": [ 9.399999976158142, 8.49999999254942, 7.500000007450581 ], 
            "to": [ 16.899999983608723, 10.099999986588955, 8.50000000745058 ], 
            "faces": {
                "north": { "texture": "#bright_gun_texture", "uv": [ 2.0, 1.0, 3.0, 2.5999999940395355 ] },
                "east": { "texture": "#bright_gun_texture", "uv": [ 6.0, 4.0, 7.5999999940395355, 5.5999999940395355 ] },
                "south": { "texture": "#bright_gun_texture", "uv": [ 4.0, 6.0, 5.0, 7.5999999940395355 ] },
                "west": { "texture": "#bright_gun_texture", "uv": [ 7.0, 10.0, 8.599999994039536, 11.599999994039536 ] },
                "up": { "texture": "#bright_gun_texture", "uv": [ 8.0, 11.0, 9.0, 12.599999994039536 ] },
                "down": { "texture": "#bright_gun_texture", "uv": [ 8.0, 6.0, 9.0, 7.5999999940395355 ] }
            }
        },
        {
            "name": "Back Targeter Base",
            "from": [ 14.799999997019768, 8.599999979138374, 7.300000004470348 ], 
            "to": [ 16.30000000447035, 10.19999997317791, 8.700000010430813 ], 
            "faces": {
                "north": { "texture": "#bright_gun_texture", "uv": [ 8.0, 3.0, 9.0, 4.5999999940395355 ] },
                "east": { "texture": "#bright_gun_texture", "uv": [ 6.0, 9.0, 7.5999999940395355, 10.599999994039536 ] },
                "south": { "texture": "#bright_gun_texture", "uv": [ 6.0, 11.0, 7.0, 12.599999994039536 ] },
                "west": { "texture": "#bright_gun_texture", "uv": [ 9.0, 12.0, 10.599999994039536, 13.599999994039536 ] },
                "up": { "texture": "#bright_gun_texture", "uv": [ 9.0, 8.0, 10.0, 9.599999994039536 ] },
                "down": { "texture": "#bright_gun_texture", "uv": [ 12.0, 9.0, 13.0, 10.599999994039536 ] }
            }
        },
        {
            "name": "Back Targeter R",
            "from": [ 15.200000002980232, 9.099999986588955, 7.300000004470348 ], 
            "to": [ 16.200000002980232, 10.69999998062849, 7.499999992549419 ], 
            "faces": {
                "north": { "texture": "#bright_gun_texture", "uv": [ 8.0, 3.0, 9.0, 4.5999999940395355 ] },
                "east": { "texture": "#bright_gun_texture", "uv": [ 6.0, 9.0, 7.5999999940395355, 10.599999994039536 ] },
                "south": { "texture": "#bright_gun_texture", "uv": [ 6.0, 11.0, 7.0, 12.599999994039536 ] },
                "west": { "texture": "#bright_gun_texture", "uv": [ 9.0, 12.0, 10.599999994039536, 13.599999994039536 ] },
                "up": { "texture": "#bright_gun_texture", "uv": [ 9.0, 8.0, 10.0, 9.599999994039536 ] },
                "down": { "texture": "#bright_gun_texture", "uv": [ 12.0, 9.0, 13.0, 10.599999994039536 ] }
            }
        },
        {
            "name": "Back Targeter L",
            "from": [ 15.200000002980232, 9.099999986588955, 8.500000022351742 ], 
            "to": [ 16.200000002980232, 10.69999998062849, 8.700000010430813 ], 
            "faces": {
                "north": { "texture": "#bright_gun_texture", "uv": [ 8.0, 3.0, 9.0, 4.5999999940395355 ] },
                "east": { "texture": "#bright_gun_texture", "uv": [ 6.0, 9.0, 7.5999999940395355, 10.599999994039536 ] },
                "south": { "texture": "#bright_gun_texture", "uv": [ 6.0, 11.0, 7.0, 12.599999994039536 ] },
                "west": { "texture": "#bright_gun_texture", "uv": [ 9.0, 12.0, 10.599999994039536, 13.599999994039536 ] },
                "up": { "texture": "#bright_gun_texture", "uv": [ 9.0, 8.0, 10.0, 9.599999994039536 ] },
                "down": { "texture": "#bright_gun_texture", "uv": [ 12.0, 9.0, 13.0, 10.599999994039536 ] }
            }
        },
        {
            "name": "Back Targeter M",
            "from": [ 16.00000001490116, 8.799999982118607, 7.300000004470348 ], 
            "to": [ 16.200000002980232, 10.399999976158142, 8.700000010430813 ], 
            "faces": {
                "north": { "texture": "#bright_gun_texture", "uv": [ 8.0, 3.0, 9.0, 4.5999999940395355 ] },
                "east": { "texture": "#bright_gun_texture", "uv": [ 6.0, 9.0, 7.5999999940395355, 10.599999994039536 ] },
                "south": { "texture": "#bright_gun_texture", "uv": [ 6.0, 11.0, 7.0, 12.599999994039536 ] },
                "west": { "texture": "#bright_gun_texture", "uv": [ 9.0, 12.0, 10.599999994039536, 13.599999994039536 ] },
                "up": { "texture": "#bright_gun_texture", "uv": [ 9.0, 8.0, 10.0, 9.599999994039536 ] },
                "down": { "texture": "#bright_gun_texture", "uv": [ 12.0, 9.0, 13.0, 10.599999994039536 ] }
            }
        }
    ],
    "display": {
        "thirdperson_righthand": {
            "rotation": [ 0, 270, -60 ],
            "translation": [ 0, 5, 3 ],
            "scale": [ 0.67, 0.67, 0.67 ]
        },
		"thirdperson_lefthand": {
			"rotation": [ 0, 90, 140 ],
			"translation": [ 0, 1, 2 ],
            "scale": [ 0.67, 0.67, 0.67 ]
        },
        "firstperson_righthand": {
            "rotation": [ 0, -90, 0 ],
              "translation": [ -2, 4, -5 ],
            "scale": [ 0.9, 0.9, 0.9 ]
        },
		"firstperson_lefthand": {
			"rotation": [ 0, 90, 80 ],
			"translation": [ 5, 2, -5 ],
            "scale": [ 0.9, 0.9, 0.9 ]
        },
        "head": {
			"rotation": [ 0, -90, 0 ],
			"translation": [ 0, 12, 0 ],
            "scale": [ 0.6, 0.6, 0.6 ]
        },
        "ground": {
            "rotation": [ 90, 0, 0 ],
            "translation": [ 0, -2, 0 ],
            "scale": [ 0.67, 0.67, 0.67 ]
        },
        "gui": {
            "rotation": [ -20, 30, 0 ],
            "translation": [ 0, 0, 0 ],
            "scale": [ 0.5, 0.5, 0.5 ]
        }
    }
}