{
	"__comment": "© Le0, Mineland.eu 2019 | www.mineland.eu",
	"textures": {
		"mag7": "guns/brokovnice/mag7",
		"white_block": "guns/brokovnice/white_block"
	},
	"elements": [ 	 
		{
			"from": [ 7.6, 6, -8 ],
			"to": [ 8, 6.2, 8 ],
			"faces": {
				"down": { "uv": [ 4, 8, 4.4, 8 ], "texture": "#mag7" },
				"up": { "uv": [ 4, 4, 4.4, 4 ], "texture": "#mag7" },
				"north": { "uv": [ 8, 2, 8.4, 2.2 ], "texture": "#mag7" },
				"south": { "uv": [ 13, 8, 13.4, 8.2 ], "texture": "#mag7" },
				"west": { "uv": [ 9, 7, 10, 7.2 ], "texture": "#mag7" },
				"east": { "uv": [ 9, 7, 10, 7.2 ], "texture": "#mag7" }
			}
		},
		{
			"from": [ 7.6, 6.8, -8 ],
			"to": [ 8, 7, 9 ],
			"faces": {
				"down": { "uv": [ 13, 11, 13.4, 11 ], "texture": "#mag7" },
				"up": { "uv": [ 4, 9, 4.4, 9 ], "texture": "#mag7" },
				"north": { "uv": [ 2, 7, 2.4, 7.2 ], "texture": "#mag7" },
				"south": { "uv": [ 13, 8, 12.4, 8.2 ], "texture": "#mag7" },
				"west": { "uv": [ 9, 8, 10, 8.2 ], "texture": "#mag7" },
				"east": { "uv": [ 10, 8, 11, 8.2 ], "texture": "#mag7" }
			}
		},
		{
			"from": [ 7.6, 5.015, -8 ],
			"to": [ 8.023, 5.215, 8 ],
			"rotation": { "origin": [ 9, 6.015, 18 ], "axis": "z", "angle": -45 },
			"faces": {
				"down": { "uv": [ 4, 8, 4.4, 8 ], "texture": "#mag7" },
				"up": { "uv": [ 3, 11, 3.4, 11 ], "texture": "#mag7" },
				"north": { "uv": [ 2, 7, 2.4, 7.2 ], "texture": "#mag7" },
				"south": { "uv": [ 13, 8, 13.4, 8.2 ], "texture": "#mag7" },
				"west": { "uv": [ 7, 9, 8, 9.2 ], "texture": "#mag7" },
				"east": { "uv": [ 8, 8, 10, 8.2 ], "texture": "#mag7" }
			}
		},
		{
			"from": [ 8.514999, 6.175, -8 ],
			"to": [ 8.94, 6.375, 9 ],
			"rotation": { "origin": [ 7.515, 5.074999, 18 ], "axis": "z", "angle": 45 },
			"faces": {
				"down": { "uv": [ 5, 13, 5.4, 14 ], "texture": "#mag7" },
				"up": { "uv": [ 5, 11, 5.4, 12 ], "texture": "#mag7" },
				"north": { "uv": [ 2, 7, 2.4, 7.2 ], "texture": "#mag7" },
				"south": { "uv": [ 12, 8, 12.4, 8.2 ], "texture": "#mag7" },
				"west": { "uv": [ 8, 9, 9, 8.2 ], "texture": "#mag7" },
				"east": { "uv": [ 8, 8, 9, 8.2 ], "texture": "#mag7" }
			}
		},
		{
			"from": [ 7.3, 6.3, -8 ],
			"to": [ 7.5, 6.699997, 9 ],
			"faces": {
				"down": { "uv": [ 8, 8, 8.2, 9 ], "texture": "#mag7" },
				"up": { "uv": [ 8, 11, 8.2, 11 ], "texture": "#mag7" },
				"north": { "uv": [ 2, 7, 2.2, 7.4 ], "texture": "#mag7" },
				"south": { "uv": [ 12, 8, 12.2, 8.4 ], "texture": "#mag7" },
				"west": { "uv": [ 11, 5, 12, 5.4 ], "texture": "#mag7" },
				"east": { "uv": [ 6, 3, 6, 3.4 ], "texture": "#mag7" }
			}
		},
		{
			"from": [ 8.099999, 6.3, -8 ],
			"to": [ 8.299999, 6.699997, 9 ],
			"faces": {
				"down": { "uv": [ 7.5, 8, 9, 9.5 ], "texture": "#mag7" },
				"up": { "uv": [ 8, 8, 9, 10 ], "texture": "#mag7" },
				"north": { "uv": [ 15, 8, 16, 9 ], "texture": "#mag7" },
				"south": { "uv": [ 8.5, 9.5, 7.5, 8 ], "texture": "#mag7" },
				"west": { "uv": [ 6.5, 7.5, 8.5, 10 ], "texture": "#mag7" },
				"east": { "uv": [ 7, 9.299999, 8.5, 10 ], "texture": "#mag7" }
			}
		},
		{
			"from": [ 7.585, 5, -8 ],
			"to": [ 8.008, 5.2, 8 ],
			"rotation": { "origin": [ 6.585, 6, 18 ], "axis": "z", "angle": 45 },
			"faces": {
				"down": { "uv": [ 4, 9, 4.4, 8 ], "texture": "#mag7" },
				"up": { "uv": [ 7, 14, 7.4, 15 ], "texture": "#mag7" },
				"north": { "uv": [ 2, 7, 2.4, 7.2 ], "texture": "#mag7" },
				"south": { "uv": [ 12, 9, 12.4, 9.2 ], "texture": "#mag7" },
				"west": { "uv": [ 8, 8, 10, 8.2 ], "texture": "#mag7" },
				"east": { "uv": [ 7, 7, 9, 7.2 ], "texture": "#mag7" }
			}
		},
		{
			"from": [ 8.09, 6.015, -8 ],
			"to": [ 8.513, 6.215, 9 ],
			"rotation": { "origin": [ 8.99, 6.715, 18 ], "axis": "z", "angle": -45 },
			"faces": {
				"down": { "uv": [ 8, 14, 8.4, 14 ], "texture": "#mag7" },
				"up": { "uv": [ 4, 9, 4.4, 10 ], "texture": "#mag7" },
				"north": { "uv": [ 2, 7, 2.4, 7.2 ], "texture": "#mag7" },
				"south": { "uv": [ 12, 9, 12.4, 9.2 ], "texture": "#mag7" },
				"west": { "uv": [ 7, 7, 8, 7.2 ], "texture": "#mag7" },
				"east": { "uv": [ 7, 8, 8, 8.2 ], "texture": "#mag7" }
			}
		},
		{
			"from": [ 7.6, 5.8, 9 ],
			"to": [ 8, 6.9, 16 ],
			"faces": {
				"down": { "uv": [ 8, 7, 8.4, 11 ], "texture": "#mag7" },
				"up": { "uv": [ 9, 6, 9.4, 10 ], "texture": "#mag7" },
				"north": { "uv": [ 8, 8, 8.4, 8.1 ], "texture": "#mag7" },
				"south": { "uv": [ 8, 8, 8.4, 8.1 ], "texture": "#mag7" },
				"west": { "uv": [ 7, 8, 10, 8.1 ], "texture": "#mag7" },
				"east": { "uv": [ 6, 8, 10, 8.1 ], "texture": "#mag7" }
			}
		},
		{
			"from": [ 7.6, 5.5, -6 ],
			"to": [ 8, 5.9, 8 ],
			"faces": {
				"down": { "uv": [ 8, 6, 8.4, 14 ], "texture": "#mag7" },
				"up": { "uv": [ 8, 2, 8.4, 10 ], "texture": "#mag7" },
				"north": { "uv": [ 4, 5, 4.4, 5.4 ], "texture": "#mag7" },
				"south": { "uv": [ 3, 3, 3.4, 3.4 ], "texture": "#mag7" },
				"west": { "uv": [ 2, 8, 10, 8.4 ], "texture": "#mag7" },
				"east": { "uv": [ 6, 8, 14, 8.4 ], "texture": "#mag7" }
			}
		},
		{
			"from": [ 7.4, 5.6, 0.6 ],
			"to": [ 7.699997, 5.8, 8 ],
			"faces": {
				"down": { "uv": [ 8, 6, 8.3, 10.4 ], "texture": "#mag7" },
				"up": { "uv": [ 8, 6, 8.3, 9.4 ], "texture": "#mag7" },
				"north": { "uv": [ 8, 8, 8.3, 8.2 ], "texture": "#mag7" },
				"south": { "uv": [ 8, 7, 8.3, 7.2 ], "texture": "#mag7" },
				"west": { "uv": [ 7, 8, 9.4, 8.2 ], "texture": "#mag7" },
				"east": { "uv": [ 7, 8, 10.4, 8.2 ], "texture": "#mag7" }
			}
		},
		{
			"from": [ 7.9, 5.6, 0.6 ],
			"to": [ 8.199999, 5.8, 8 ],
			"faces": {
				"down": { "uv": [ 7, 7, 7.3, 9.4 ], "texture": "#mag7" },
				"up": { "uv": [ 8, 6, 8.3, 9.4 ], "texture": "#mag7" },
				"north": { "uv": [ 7, 8, 7.3, 8.2 ], "texture": "#mag7" },
				"south": { "uv": [ 9, 8, 9.3, 8.2 ], "texture": "#mag7" },
				"west": { "uv": [ 8, 8, 10.4, 8.2 ], "texture": "#mag7" },
				"east": { "uv": [ 8, 9, 9.4, 9.2 ], "texture": "#mag7" }
			}
		},
		{
			"from": [ 8.2, 5.5, 0.6 ],
			"to": [ 8.3, 5.9, 10 ],
			"faces": {
				"down": { "uv": [ 8, 7, 8.1, 9.4 ], "texture": "#mag7" },
				"up": { "uv": [ 8, 8, 8.1, 10.4 ], "texture": "#mag7" },
				"north": { "uv": [ 7, 6, 7.1, 6.4 ], "texture": "#mag7" },
				"south": { "uv": [ 9, 8, 6.1, 7.4 ], "texture": "#mag7" },
				"west": { "uv": [ 13, 8, 13.4, 8.4 ], "texture": "#mag7" },
				"east": { "uv": [ 8, 3, 8.4, 3.4 ], "texture": "#mag7" }
			}
		},
		{
			"from": [ 7.3, 5.5, 0.6 ],
			"to": [ 7.4, 5.9, 10 ],
			"faces": {
				"down": { "uv": [ 8, 7, 8.1, 9.4 ], "texture": "#mag7" },
				"up": { "uv": [ 8, 8, 8.1, 9.4 ], "texture": "#mag7" },
				"north": { "uv": [ 7, 8, 7.1, 8.4 ], "texture": "#mag7" },
				"south": { "uv": [ 8, 8, 8.1, 8.4 ], "texture": "#mag7" },
				"west": { "uv": [ 8, 3, 8.4, 3.4 ], "texture": "#mag7" },
				"east": { "uv": [ 4, 11, 4.4, 11.4 ], "texture": "#mag7" }
			}
		},
		{
			"from": [ 7.28, 5.315, 0.6 ],
			"to": [ 7.38, 5.715, 9.8 ],
			"rotation": { "origin": [ 6.38, 7.915, 18 ], "axis": "z", "angle": 22.5 },
			"faces": {
				"down": { "uv": [ 8, 8, 8.1, 8.2 ], "texture": "#mag7" },
				"up": { "uv": [ 9, 8, 9.1, 8.2 ], "texture": "#mag7" },
				"north": { "uv": [ 8, 8, 8.1, 8.4 ], "texture": "#mag7" },
				"south": { "uv": [ 8, 8, 8.1, 8.4 ], "texture": "#mag7" },
				"west": { "uv": [ 13, 7, 13.2, 7.4 ], "texture": "#mag7" },
				"east": { "uv": [ 9, 3, 9.2, 3.4 ], "texture": "#mag7" }
			}
		},
		{
			"from": [ 7.42, 5.52, 0.6 ],
			"to": [ 7.52, 5.92, 9.7 ],
			"rotation": { "origin": [ 8.320001, 6.02, 18 ], "axis": "z", "angle": -22.5 },
			"faces": {
				"down": { "uv": [ 7, 8, 7.1, 8.3 ], "texture": "#mag7" },
				"up": { "uv": [ 8, 8, 8.1, 8.3 ], "texture": "#mag7" },
				"north": { "uv": [ 9, 9, 9.1, 9.4 ], "texture": "#mag7" },
				"south": { "uv": [ 8, 9, 8.1, 9.4 ], "texture": "#mag7" },
				"west": { "uv": [ 3, 9, 3.3, 9.4 ], "texture": "#mag7" },
				"east": { "uv": [ 4, 5, 4.3, 5.4 ], "texture": "#mag7" }
			}
		},
		{
			"from": [ 7.6, 5.2, 0.6 ],
			"to": [ 8, 5.4, 10 ],
			"faces": {
				"down": { "uv": [ 2, 8, 2.4, 8.4 ], "texture": "#mag7" },
				"up": { "uv": [ 13, 7, 13.4, 7.4 ], "texture": "#mag7" },
				"north": { "uv": [ 8, 8, 8.4, 8.2 ], "texture": "#mag7" },
				"south": { "uv": [ 8, 7, 8.4, 7.2 ], "texture": "#mag7" },
				"west": { "uv": [ 8, 8, 8.4, 8.2 ], "texture": "#mag7" },
				"east": { "uv": [ 8, 8, 8.4, 8.2 ], "texture": "#mag7" }
			}
		},
		{
			"from": [ 7.605, 4.955, 0.6 ],
			"to": [ 8.03, 5.055, 10 ],
			"rotation": { "origin": [ 7.505, 5.554999, 18 ], "axis": "z", "angle": 45 },
			"faces": {
				"down": { "uv": [ 3, 7, 3.4, 7.4 ], "texture": "#mag7" },
				"up": { "uv": [ 3, 10, 3.4, 10.4 ], "texture": "#mag7" },
				"north": { "uv": [ 7, 8, 7.4, 8.1 ], "texture": "#mag7" },
				"south": { "uv": [ 0, 0, 0.4, 0.1000004 ], "texture": "#mag7" },
				"west": { "uv": [ 9, 8, 8.4, 8.1 ], "texture": "#mag7" },
				"east": { "uv": [ 8, 9, 8.4, 9.1 ], "texture": "#mag7" }
			}
		},
		{
			"from": [ 7.58, 4.97, 0.6 ],
			"to": [ 8.005, 5.07, 10 ],
			"rotation": { "origin": [ 8.08, 5.569999, 18 ], "axis": "z", "angle": -45 },
			"faces": {
				"down": { "uv": [ 3, 6, 3.4, 6.4 ], "texture": "#mag7" },
				"up": { "uv": [ 13, 9, 13.4, 9.4 ], "texture": "#mag7" },
				"north": { "uv": [ 7, 9, 7.4, 9.1 ], "texture": "#mag7" },
				"south": { "uv": [ 7, 7, 7.4, 7.1 ], "texture": "#mag7" },
				"west": { "uv": [ 8, 8, 8.4, 8.1 ], "texture": "#mag7" },
				"east": { "uv": [ 8, 9, 8.4, 9.1 ], "texture": "#mag7" }
			}
		},
		{
			"from": [ 7.7, 5.6, -6.1 ],
			"to": [ 7.9, 5.8, -6 ],
			"faces": {
				"down": { "uv": [ 6, 3, 6.2, 3.1 ], "texture": "#mag7" },
				"up": { "uv": [ 6, 4, 6.2, 4.1 ], "texture": "#mag7" },
				"north": { "uv": [ 5, 6, 5.2, 6.2 ], "texture": "#mag7" },
				"west": { "uv": [ 4, 4, 4.1, 4.2 ], "texture": "#mag7" },
				"east": { "uv": [ 6, 4, 6.1, 4.2 ], "texture": "#mag7" }
			}
		},
		{
			"from": [ 7.7, 6.9, -7.8 ],
			"to": [ 7.9, 7.099998, -7 ],
			"faces": {
				"down": { "uv": [ 0, 0, 0.2, 0.8000002 ], "texture": "#mag7" },
				"up": { "uv": [ 0, 0, 0.2, 0.8000002 ], "texture": "#mag7" },
				"north": { "uv": [ 0, 0, 0.2, 0.1999998 ], "texture": "#mag7" },
				"west": { "uv": [ 0, 0, 0.8, 0.1999998 ], "texture": "#mag7" },
				"east": { "uv": [ 0, 0, 0.8, 0.1999998 ], "texture": "#mag7" }
			}
		},
		{
			"from": [ 7.4, 6.2, 8 ],
			"to": [ 8.199999, 6.3, 14.6 ],
			"faces": {
				"down": { "uv": [ 8, 7, 8.8, 8.4 ], "texture": "#mag7" },
				"up": { "uv": [ 5, 3, 5.8, 3.4 ], "texture": "#mag7" },
				"north": { "uv": [ 8, 8, 8.8, 8.1 ], "texture": "#mag7" },
				"south": { "uv": [ 8, 8, 8.8, 8.1 ], "texture": "#mag7" },
				"west": { "uv": [ 8, 8, 8.4, 8.1 ], "texture": "#mag7" },
				"east": { "uv": [ 8, 8, 9.4, 8.1 ], "texture": "#mag7" }
			}
		},
		{
			"from": [ 7.4, 6.3, 7.6 ],
			"to": [ 8.199999, 6.699997, 11.6 ],
			"faces": {
				"down": { "uv": [ 8, 8, 8.8, 9 ], "texture": "#mag7" },
				"up": { "uv": [ 7, 8, 7.8, 9 ], "texture": "#mag7" },
				"north": { "uv": [ 8, 7, 8.8, 7.4 ], "texture": "#mag7" },
				"south": { "uv": [ 12, 4, 12.8, 4.4 ], "texture": "#mag7" },
				"west": { "uv": [ 8, 7, 8, 7.4 ], "texture": "#mag7" },
				"east": { "uv": [ 8, 8, 8, 8.4 ], "texture": "#mag7" }
			}
		},
		{
			"from": [ 7.5, 6.7, 7.6 ],
			"to": [ 8.1, 6.8, 16 ],
			"faces": {
				"down": { "uv": [ 8, 9, 8.6, 9 ], "texture": "#mag7" },
				"up": { "uv": [ 8, 8, 8.6, 9 ], "texture": "#mag7" },
				"north": { "uv": [ 9, 8, 9.6, 8.1 ], "texture": "#mag7" },
				"south": { "uv": [ 8, 8, 8.6, 8.1 ], "texture": "#mag7" },
				"west": { "uv": [ 9, 8, 9, 8.1 ], "texture": "#mag7" },
				"east": { "uv": [ 9, 8, 9, 8.1 ], "texture": "#mag7" }
			}
		},
		{
			"from": [ 7.4, 6.3, 13 ],
			"to": [ 8.199999, 6.699997, 14.6 ],
			"faces": {
				"down": { "uv": [ 7, 8, 7.8, 9.6 ], "texture": "#mag7" },
				"up": { "uv": [ 8, 7, 8.8, 8.6 ], "texture": "#mag7" },
				"north": { "uv": [ 3, 6, 2.8, 6.4 ], "texture": "#mag7" },
				"south": { "uv": [ 7, 8, 7.8, 8.4 ], "texture": "#mag7" },
				"west": { "uv": [ 7, 8, 8.6, 8.4 ], "texture": "#mag7" },
				"east": { "uv": [ 7, 7, 8.6, 7.4 ], "texture": "#mag7" }
			}
		},
		{
			"from": [ 7.4, 6.3, 11.6 ],
			"to": [ 8.1, 6.699997, 13 ],
			"faces": {
				"down": { "uv": [ 8, 8, 8.7, 9.4 ], "texture": "#mag7" },
				"up": { "uv": [ 8, 7, 8.7, 8.4 ], "texture": "#mag7" },
				"north": { "uv": [ 8, 8, 8.7, 8.4 ], "texture": "#mag7" },
				"south": { "uv": [ 7, 8, 7.7, 8.4 ], "texture": "#mag7" },
				"west": { "uv": [ 7, 8, 8.4, 8.4 ], "texture": "#mag7" },
				"east": { "uv": [ 7, 3, 9.4, 3.4 ], "texture": "#mag7" }
			}
		},
		{
			"from": [ 8.099999, 6.7, 11.4 ],
			"to": [ 8.199999, 6.8, 13.2 ],
			"faces": {
				"down": { "uv": [ 3, 5, 3.6, 5.8 ], "texture": "#mag7" },
				"up": { "uv": [ 8, 8, 8.6, 9.8 ], "texture": "#mag7" },
				"north": { "uv": [ 8, 8, 8.6, 8.1 ], "texture": "#mag7" },
				"south": { "uv": [ 8, 8, 7.6, 8.1 ], "texture": "#mag7" },
				"west": { "uv": [ 8, 8, 8.8, 8.1 ], "texture": "#mag7" },
				"east": { "uv": [ 8, 9, 8.8, 9.1 ], "texture": "#mag7" }
			}
		},
		{
			"from": [ 7.4, 5.5, 7.6 ],
			"to": [ 8.199999, 5.9, 14.6 ],
			"faces": {
				"down": { "uv": [ 8, 3, 7.8, 4 ], "texture": "#mag7" },
				"up": { "uv": [ 8, 8, 8.8, 9 ], "texture": "#mag7" },
				"north": { "uv": [ 8, 7, 8.8, 7.4 ], "texture": "#mag7" },
				"south": { "uv": [ 7, 8, 7.8, 8.4 ], "texture": "#mag7" },
				"west": { "uv": [ 8, 7, 9, 7.4 ], "texture": "#mag7" },
				"east": { "uv": [ 10, 9, 10, 9.4 ], "texture": "#mag7" }
			}
		},
		{
			"from": [ 7.4, 5.7, 7.6 ],
			"to": [ 8.199999, 6.2, 14.6 ],
			"faces": {
				"down": { "uv": [ 8, 6, 8.8, 7 ], "texture": "#mag7" },
				"up": { "uv": [ 9, 7, 9.8, 9 ], "texture": "#mag7" },
				"north": { "uv": [ 8, 7, 8.8, 7.4 ], "texture": "#mag7" },
				"south": { "uv": [ 8, 7, 8.8, 7.4 ], "texture": "#mag7" },
				"west": { "uv": [ 8, 9, 9, 9.4 ], "texture": "#mag7" },
				"east": { "uv": [ 7, 7, 8, 7.4 ], "texture": "#mag7" }
			}
		},
		{
			"from": [ 7.5, 5.4, 7.6 ],
			"to": [ 8.1, 5.5, 14.6 ],
			"faces": {
				"down": { "uv": [ 5, 4, 5.6, 5 ], "texture": "#mag7" },
				"up": { "uv": [ 7, 8, 7.6, 9 ], "texture": "#mag7" },
				"north": { "uv": [ 7, 8, 7.6, 8.1 ], "texture": "#mag7" },
				"south": { "uv": [ 7, 8, 7.6, 8.1 ], "texture": "#mag7" },
				"west": { "uv": [ 7, 8, 8, 8.1 ], "texture": "#mag7" },
				"east": { "uv": [ 8, 8, 9, 8.1 ], "texture": "#mag7" }
			}
		},
		{
			"from": [ 7.6, 4.41, 15.8 ],
			"to": [ 8, 5.51, 16.2 ],
			"rotation": { "origin": [ 8, 5.71, 19.4 ], "axis": "x", "angle": 22.5 },
			"faces": {
				"down": { "uv": [ 8, 7, 8.6, 8 ], "texture": "#mag7" },
				"up": { "uv": [ 8, 8, 8.6, 9 ], "texture": "#mag7" },
				"north": { "uv": [ 7, 8, 7.6, 8.1 ], "texture": "#mag7" },
				"south": { "uv": [ 7, 8, 7.6, 8.1 ], "texture": "#mag7" },
				"west": { "uv": [ 7, 8, 8, 8.1 ], "texture": "#mag7" },
				"east": { "uv": [ 8, 7, 8, 7.1 ], "texture": "#mag7" }
			}
		},
		{
			"from": [ 7.5, 5.7, 14.6 ],
			"to": [ 8.1, 6.8, 16 ],
			"faces": {
				"down": { "uv": [ 4, 6, 4.6, 6 ], "texture": "#mag7" },
				"up": { "uv": [ 8, 9, 8.6, 9 ], "texture": "#mag7" },
				"north": { "uv": [ 7, 9, 7.6, 9.1 ], "texture": "#mag7" },
				"south": { "uv": [ 7, 9, 7.6, 9.1 ], "texture": "#mag7" },
				"west": { "uv": [ 8, 8, 8, 8.1 ], "texture": "#mag7" },
				"east": { "uv": [ 9, 7, 9, 7.1 ], "texture": "#mag7" }
			}
		},
		{
			"from": [ 7.6, 4.59, 15.928 ],
			"to": [ 8, 5.69, 16.328 ],
			"rotation": { "origin": [ 8, 5.689999, 17.428 ], "axis": "x", "angle": 45 },
			"faces": {
				"down": { "uv": [ 8, 8, 8.6, 9 ], "texture": "#mag7" },
				"up": { "uv": [ 8, 8, 8.6, 8 ], "texture": "#mag7" },
				"north": { "uv": [ 9, 8, 9.6, 8.1 ], "texture": "#mag7" },
				"south": { "uv": [ 7, 9, 7.6, 9.1 ], "texture": "#mag7" },
				"west": { "uv": [ 8, 8, 9, 8.1 ], "texture": "#mag7" },
				"east": { "uv": [ 7, 8, 9, 8.1 ], "texture": "#mag7" }
			}
		},
		{
			"from": [ 7.6, 5, 15.8 ],
			"to": [ 8, 5.5, 17.8 ],
			"rotation": { "origin": [ 8, 4.5, 18.8 ], "axis": "x", "angle": 22.5 },
			"faces": {
				"down": { "uv": [ 8, 8, 8.6, 9 ], "texture": "#mag7" },
				"up": { "uv": [ 9, 8, 8.6, 9 ], "texture": "#mag7" },
				"north": { "uv": [ 8, 8, 8.6, 8.1 ], "texture": "#mag7" },
				"south": { "uv": [ 8, 9, 8.6, 9.1 ], "texture": "#mag7" },
				"west": { "uv": [ 7, 8, 8, 8.1 ], "texture": "#mag7" },
				"east": { "uv": [ 8, 8, 9, 8.1 ], "texture": "#mag7" }
			}
		},
		{
			"from": [ 7.6, 4.7, 18.2 ],
			"to": [ 8, 5.2, 19.3 ],
			"rotation": { "origin": [ 8, 5.5, 17.7 ], "axis": "x", "angle": -45 },
			"faces": {
				"down": { "uv": [ 8, 8, 8.6, 9 ], "texture": "#mag7" },
				"up": { "uv": [ 8, 8, 8.6, 9 ], "texture": "#mag7" },
				"north": { "uv": [ 8, 8, 8.6, 8.1 ], "texture": "#mag7" },
				"south": { "uv": [ 8, 8, 8.6, 8.1 ], "texture": "#mag7" },
				"west": { "uv": [ 8, 9, 9, 8.1 ], "texture": "#mag7" },
				"east": { "uv": [ 8, 8, 8, 8.1 ], "texture": "#mag7" }
			}
		},
		{
			"from": [ 7.6, 5, 18.62 ],
			"to": [ 8, 5.5, 19.1 ],
			"rotation": { "origin": [ 9, 7, 16.52 ], "axis": "x", "angle": -22.5 },
			"faces": {
				"down": { "uv": [ 8, 8, 8.6, 9 ], "texture": "#mag7" },
				"up": { "uv": [ 8, 8, 8.6, 9 ], "texture": "#mag7" },
				"north": { "uv": [ 8, 8, 8.6, 8.1 ], "texture": "#mag7" },
				"south": { "uv": [ 8, 8, 8.6, 8.1 ], "texture": "#mag7" },
				"west": { "uv": [ 8, 9, 9, 9.1 ], "texture": "#mag7" },
				"east": { "uv": [ 8, 8, 9, 8.1 ], "texture": "#mag7" }
			}
		},
		{
			"from": [ 7.6, 6.1, 19.48 ],
			"to": [ 8, 6.6, 21.51 ],
			"faces": {
				"down": { "uv": [ 8, 8, 8.6, 10 ], "texture": "#mag7" },
				"up": { "uv": [ 7, 7, 7.6, 9 ], "texture": "#mag7" },
				"north": { "uv": [ 8, 8, 8.6, 8.1 ], "texture": "#mag7" },
				"south": { "uv": [ 8, 8, 8.6, 8.1 ], "texture": "#mag7" },
				"west": { "uv": [ 8, 8, 9, 8.1 ], "texture": "#mag7" },
				"east": { "uv": [ 8, 8, 10, 8.1 ], "texture": "#mag7" }
			}
		},
		{
			"from": [ 7.6, 7.315, 19.205 ],
			"to": [ 8, 7.815, 19.505 ],
			"rotation": { "origin": [ 10, 1.415, 17.305 ], "axis": "x", "angle": 22.5 },
			"faces": {
				"down": { "uv": [ 8, 8, 8.6, 9 ], "texture": "#mag7" },
				"up": { "uv": [ 8, 8, 8.6, 9 ], "texture": "#mag7" },
				"north": { "uv": [ 8, 8, 8.6, 8.1 ], "texture": "#mag7" },
				"south": { "uv": [ 7, 8, 7.6, 8.1 ], "texture": "#mag7" },
				"west": { "uv": [ 8, 8, 10, 8.1 ], "texture": "#mag7" },
				"east": { "uv": [ 8, 8, 9, 8.1 ], "texture": "#mag7" }
			}
		},
		{
			"from": [ 7.6, 6, 19.6 ],
			"to": [ 8, 6.5, 22.7 ],
			"faces": {
				"down": { "uv": [ 8, 8, 8.6, 9 ], "texture": "#mag7" },
				"up": { "uv": [ 8, 8, 8.6, 8 ], "texture": "#mag7" },
				"north": { "uv": [ 8, 9, 8.6, 9.1 ], "texture": "#mag7" },
				"south": { "uv": [ 8, 8, 8.6, 8.1 ], "texture": "#mag7" },
				"west": { "uv": [ 8, 8, 8, 8.1 ], "texture": "#mag7" },
				"east": { "uv": [ 9, 8, 9, 8.1 ], "texture": "#mag7" }
			}
		},
		{
			"from": [ 7.6, 5.9, 19.7 ],
			"to": [ 8, 6.4, 23.4 ],
			"faces": {
				"down": { "uv": [ 8, 8, 8.6, 9 ], "texture": "#mag7" },
				"up": { "uv": [ 8, 8, 8.6, 9 ], "texture": "#mag7" },
				"north": { "uv": [ 8, 8, 8.6, 8.1 ], "texture": "#mag7" },
				"south": { "uv": [ 8, 8, 8.6, 8.1 ], "texture": "#mag7" },
				"west": { "uv": [ 8, 8, 9, 8.1 ], "texture": "#mag7" },
				"east": { "uv": [ 8, 7, 8, 7.1 ], "texture": "#mag7" }
			}
		},
		{
			"from": [ 7.6, 5.8, 20.2 ],
			"to": [ 8, 6.3, 24.2 ],
			"faces": {
				"down": { "uv": [ 7, 9, 7.6, 9 ], "texture": "#mag7" },
				"up": { "uv": [ 8, 8, 8.6, 8 ], "texture": "#mag7" },
				"north": { "uv": [ 8, 8, 8.6, 8.1 ], "texture": "#mag7" },
				"south": { "uv": [ 8, 9, 8.6, 8.1 ], "texture": "#mag7" },
				"west": { "uv": [ 8, 8, 9, 8.1 ], "texture": "#mag7" },
				"east": { "uv": [ 8, 8, 9, 8.1 ], "texture": "#mag7" }
			}
		},
		{
			"from": [ 7.5, 5, 19.4 ],
			"to": [ 8.1, 6.5, 20.9 ],
			"faces": {
				"down": { "uv": [ 12, 7, 12.6, 8 ], "texture": "#mag7" },
				"up": { "uv": [ 8, 8, 8.6, 9 ], "texture": "#mag7" },
				"north": { "uv": [ 12, 7, 12.6, 7.1 ], "texture": "#mag7" },
				"south": { "uv": [ 8, 9, 8.6, 9.1 ], "texture": "#mag7" },
				"west": { "uv": [ 8, 8, 8, 8.1 ], "texture": "#mag7" },
				"east": { "uv": [ 8, 8, 9, 8.1 ], "texture": "#mag7" }
			}
		},
		{
			"from": [ 7.5, 4.031, 18.61 ],
			"to": [ 8.1, 5.431, 19.01 ],
			"rotation": { "origin": [ 9, 7.031001, 16.51 ], "axis": "x", "angle": -22.5 },
			"faces": {
				"down": { "uv": [ 8, 8, 8.6, 9 ], "texture": "#mag7" },
				"up": { "uv": [ 8, 7, 8.6, 6 ], "texture": "#mag7" },
				"north": { "uv": [ 12, 8, 12.6, 8.1 ], "texture": "#mag7" },
				"south": { "uv": [ 8, 9, 8.6, 9.1 ], "texture": "#mag7" },
				"west": { "uv": [ 8, 9, 8, 9.1 ], "texture": "#mag7" },
				"east": { "uv": [ 8, 8, 9, 8.1 ], "texture": "#mag7" }
			}
		},
		{
			"from": [ 7.6, 5.6, 16.9 ],
			"to": [ 8, 6.1, 23.7 ],
			"faces": {
				"down": { "uv": [ 7, 7, 7.6, 8 ], "texture": "#mag7" },
				"up": { "uv": [ 8, 8, 8.6, 9 ], "texture": "#mag7" },
				"north": { "uv": [ 8, 9, 8.6, 9.1 ], "texture": "#mag7" },
				"south": { "uv": [ 8, 8, 8.6, 8.1 ], "texture": "#mag7" },
				"west": { "uv": [ 8, 8, 8, 8.1 ], "texture": "#mag7" },
				"east": { "uv": [ 8, 8, 9, 8.1 ], "texture": "#mag7" }
			}
		},
		{
			"from": [ 7.6, 4.75, 17.8 ],
			"to": [ 8, 5.25, 23.6 ],
			"rotation": { "origin": [ 10, 3.25, 20.1 ], "axis": "x", "angle": 22.5 },
			"faces": {
				"down": { "uv": [ 12, 6, 12.6, 7 ], "texture": "#mag7" },
				"up": { "uv": [ 8, 7, 8.6, 8 ], "texture": "#mag7" },
				"north": { "uv": [ 8, 9, 8.6, 9.1 ], "texture": "#mag7" },
				"south": { "uv": [ 7, 9, 7.6, 9.1 ], "texture": "#mag7" },
				"west": { "uv": [ 8, 8, 8, 8.1 ], "texture": "#mag7" },
				"east": { "uv": [ 7, 8, 8, 8.1 ], "texture": "#mag7" }
			}
		},
		{
			"from": [ 7.6, 4.825, 18.54 ],
			"to": [ 8, 6.325, 20.74 ],
			"rotation": { "origin": [ 10, 3.325, 20.14 ], "axis": "x", "angle": -22.5 },
			"faces": {
				"down": { "uv": [ 12, 7, 12.6, 8 ], "texture": "#mag7" },
				"up": { "uv": [ 8, 7, 8.6, 9 ], "texture": "#mag7" },
				"north": { "uv": [ 8, 8, 7.6, 8.1 ], "texture": "#mag7" },
				"south": { "uv": [ 8, 8, 8.6, 8.1 ], "texture": "#mag7" },
				"west": { "uv": [ 8, 7, 9, 7.1 ], "texture": "#mag7" },
				"east": { "uv": [ 8, 8, 9, 8.1 ], "texture": "#mag7" }
			}
		},
		{
			"from": [ 7.6, 4.1, 17.7 ],
			"to": [ 8, 4.8, 18.1 ],
			"faces": {
				"down": { "uv": [ 12, 6, 12.6, 7 ], "texture": "#mag7" },
				"up": { "uv": [ 9, 8, 8.6, 9 ], "texture": "#mag7" },
				"north": { "uv": [ 8, 8, 8.6, 8.1 ], "texture": "#mag7" },
				"south": { "uv": [ 8, 8, 8.6, 8.1 ], "texture": "#mag7" },
				"west": { "uv": [ 8, 8, 8, 8.1 ], "texture": "#mag7" },
				"east": { "uv": [ 9, 8, 9, 8.1 ], "texture": "#mag7" }
			}
		},
		{
			"from": [ 7.6, 5.4, 13.1 ],
			"to": [ 8, 6.1, 17.6 ],
			"faces": {
				"down": { "uv": [ 12, 10, 12.6, 11 ], "texture": "#mag7" },
				"up": { "uv": [ 8, 8, 8.6, 8 ], "texture": "#mag7" },
				"north": { "uv": [ 7, 8, 7.6, 8.1 ], "texture": "#mag7" },
				"south": { "uv": [ 8, 8, 8.6, 8.1 ], "texture": "#mag7" },
				"west": { "uv": [ 8, 8, 8, 8.1 ], "texture": "#mag7" },
				"east": { "uv": [ 8, 8, 9, 8.1 ], "texture": "#mag7" }
			}
		},
		{
			"from": [ 7.6, 3.3, 23.9 ],
			"to": [ 8, 5.7, 24.3 ],
			"faces": {
				"down": { "uv": [ 12, 7, 12.6, 8 ], "texture": "#mag7" },
				"up": { "uv": [ 8, 8, 8.6, 8 ], "texture": "#mag7" },
				"north": { "uv": [ 8, 8, 8.6, 8.1 ], "texture": "#mag7" },
				"south": { "uv": [ 8, 9, 8.6, 9.1 ], "texture": "#mag7" },
				"west": { "uv": [ 9, 8, 8, 8.1 ], "texture": "#mag7" },
				"east": { "uv": [ 8, 9, 9, 9.1 ], "texture": "#mag7" }
			}
		},
		{
			"from": [ 7.6, 4.1, 17.7 ],
			"to": [ 8, 4.8, 18.1 ],
			"rotation": { "origin": [ 10, 4.3, 16.6 ], "axis": "x", "angle": -22.5 },
			"faces": {
				"down": { "uv": [ 8, 8, 8.6, 9 ], "texture": "#mag7" },
				"up": { "uv": [ 7, 8, 7.6, 8 ], "texture": "#mag7" },
				"north": { "uv": [ 8, 7, 8.6, 7.1 ], "texture": "#mag7" },
				"south": { "uv": [ 7, 8, 7.6, 8.1 ], "texture": "#mag7" },
				"west": { "uv": [ 7, 8, 7, 8.1 ], "texture": "#mag7" },
				"east": { "uv": [ 8, 8, 8, 9.1 ], "texture": "#mag7" }
			}
		},
		{
			"from": [ 7.6, 4.1, 17.7 ],
			"to": [ 8, 4.8, 18.1 ],
			"rotation": { "origin": [ 10, 4.3, 16.6 ], "axis": "x", "angle": -45 },
			"faces": {
				"down": { "uv": [ 8, 8, 8.6, 9 ], "texture": "#mag7" },
				"up": { "uv": [ 8, 7, 8.6, 8 ], "texture": "#mag7" },
				"north": { "uv": [ 8, 9, 8.6, 9.1 ], "texture": "#mag7" },
				"south": { "uv": [ 8, 8, 8.6, 8.1 ], "texture": "#mag7" },
				"west": { "uv": [ 8, 8, 9, 8.1 ], "texture": "#mag7" },
				"east": { "uv": [ 8, 7, 9, 7.1 ], "texture": "#mag7" }
			}
		},
		{
			"from": [ 7.6, 2.1, 16.7 ],
			"to": [ 8, 2.8, 19.4 ],
			"rotation": { "origin": [ 10, 6.2, 25.4 ], "axis": "x", "angle": 22.5 },
			"faces": {
				"down": { "uv": [ 8, 7, 8.6, 8 ], "texture": "#mag7" },
				"up": { "uv": [ 8, 8, 8.6, 9 ], "texture": "#mag7" },
				"north": { "uv": [ 8, 9, 8.6, 9.1 ], "texture": "#mag7" },
				"south": { "uv": [ 8, 8, 8.6, 8.1 ], "texture": "#mag7" },
				"west": { "uv": [ 8, 8, 9, 8.1 ], "texture": "#mag7" },
				"east": { "uv": [ 8, 8, 9, 8.1 ], "texture": "#mag7" }
			}
		},
		{
			"from": [ 7.6, 5.3, 16.7 ],
			"to": [ 8, 6, 19.4 ],
			"faces": {
				"down": { "uv": [ 8, 8, 8.6, 9 ], "texture": "#mag7" },
				"up": { "uv": [ 8, 9, 8.6, 9 ], "texture": "#mag7" },
				"north": { "uv": [ 9, 8, 9.6, 8.1 ], "texture": "#mag7" },
				"south": { "uv": [ 8, 8, 8.6, 8.1 ], "texture": "#mag7" },
				"west": { "uv": [ 8, 8, 9, 8.1 ], "texture": "#mag7" },
				"east": { "uv": [ 8, 8, 8, 8.1 ], "texture": "#mag7" }
			}
		},
		{
			"from": [ 7.6, 4.8, 19.1 ],
			"to": [ 8, 5.8, 23.1 ],
			"faces": {
				"down": { "uv": [ 11, 5, 11.6, 5 ], "texture": "#mag7" },
				"up": { "uv": [ 8, 9, 7.6, 9 ], "texture": "#mag7" },
				"north": { "uv": [ 8, 8, 8.6, 8.1 ], "texture": "#mag7" },
				"south": { "uv": [ 9, 7, 9.6, 7.1 ], "texture": "#mag7" },
				"west": { "uv": [ 8, 9, 8, 9.1 ], "texture": "#mag7" },
				"east": { "uv": [ 8, 9, 8, 8.1 ], "texture": "#mag7" }
			}
		},
		{
			"from": [ 7.5, 5.8, 19.2 ],
			"to": [ 8.1, 6.3, 22.3 ],
			"faces": {
				"down": { "uv": [ 9, 7, 8.6, 8 ], "texture": "#mag7" },
				"up": { "uv": [ 8, 7, 8.6, 8 ], "texture": "#mag7" },
				"north": { "uv": [ 8, 9, 8.6, 9.1 ], "texture": "#mag7" },
				"south": { "uv": [ 7, 8, 7.6, 8.1 ], "texture": "#mag7" },
				"west": { "uv": [ 8, 7, 8, 7.1 ], "texture": "#mag7" },
				"east": { "uv": [ 9, 8, 9, 9.1 ], "texture": "#mag7" }
			}
		},
		{
			"from": [ 7.5, 5.7, 19.7 ],
			"to": [ 8.1, 6.2, 22.8 ],
			"faces": {
				"down": { "uv": [ 8, 7, 8.6, 8 ], "texture": "#mag7" },
				"up": { "uv": [ 8, 8, 8.6, 8 ], "texture": "#mag7" },
				"north": { "uv": [ 8, 8, 8.6, 8.1 ], "texture": "#mag7" },
				"south": { "uv": [ 8, 8, 8.6, 8.1 ], "texture": "#mag7" },
				"west": { "uv": [ 9, 8, 9, 8.1 ], "texture": "#mag7" },
				"east": { "uv": [ 8, 9, 9, 9.1 ], "texture": "#mag7" }
			}
		},
		{
			"from": [ 7.5, 5.6, 20.2 ],
			"to": [ 8.1, 6.1, 23.3 ],
			"faces": {
				"down": { "uv": [ 8, 8, 7.6, 9 ], "texture": "#mag7" },
				"up": { "uv": [ 8, 8, 8.6, 9 ], "texture": "#mag7" },
				"north": { "uv": [ 8, 8, 8.6, 8.1 ], "texture": "#mag7" },
				"south": { "uv": [ 8, 8, 8.6, 8.1 ], "texture": "#mag7" },
				"west": { "uv": [ 8, 8, 9, 8.1 ], "texture": "#mag7" },
				"east": { "uv": [ 8, 9, 8, 9.1 ], "texture": "#mag7" }
			}
		},
		{
			"from": [ 7.6, 4.8, 18.8 ],
			"to": [ 8, 5.8, 23.6 ],
			"rotation": { "origin": [ 10, 3.3, 20.1 ], "axis": "x", "angle": 22.5 },
			"faces": {
				"down": { "uv": [ 8, 8, 8.6, 8 ], "texture": "#mag7" },
				"up": { "uv": [ 7, 8, 7.6, 8 ], "texture": "#mag7" },
				"north": { "uv": [ 9, 8, 9.6, 8.1 ], "texture": "#mag7" },
				"south": { "uv": [ 8, 8, 8.6, 8.1 ], "texture": "#mag7" },
				"west": { "uv": [ 9, 7, 9, 7.1 ], "texture": "#mag7" },
				"east": { "uv": [ 9, 8, 9, 8.1 ], "texture": "#mag7" }
			}
		},
		{
			"from": [ 7.6, 5.8, 20.4 ],
			"to": [ 8, 6.3, 23.2 ],
			"rotation": { "origin": [ 10, 3.3, 20.1 ], "axis": "x", "angle": 22.5 },
			"faces": {
				"down": { "uv": [ 8, 8, 7.6, 8 ], "texture": "#mag7" },
				"up": { "uv": [ 8, 9, 8.6, 9 ], "texture": "#mag7" },
				"north": { "uv": [ 9, 8, 9.6, 8.1 ], "texture": "#mag7" },
				"south": { "uv": [ 8, 8, 8.6, 8.1 ], "texture": "#mag7" },
				"west": { "uv": [ 8, 9, 9, 9.1 ], "texture": "#mag7" },
				"east": { "uv": [ 9, 8, 9, 8.1 ], "texture": "#mag7" }
			}
		},
		{
			"from": [ 7.5, 5.5, 20.5 ],
			"to": [ 8.1, 6, 23.6 ],
			"faces": {
				"down": { "uv": [ 8, 8, 8.6, 8 ], "texture": "#mag7" },
				"up": { "uv": [ 8, 9, 7.6, 9 ], "texture": "#mag7" },
				"north": { "uv": [ 7, 8, 7.6, 8.1 ], "texture": "#mag7" },
				"south": { "uv": [ 7, 8, 7.6, 8.1 ], "texture": "#mag7" },
				"west": { "uv": [ 8, 8, 8, 8.1 ], "texture": "#mag7" },
				"east": { "uv": [ 8, 8, 8, 8.1 ], "texture": "#mag7" }
			}
		},
		{
			"from": [ 7.5, 5.4, 20.9 ],
			"to": [ 8.1, 5.9, 24.025 ],
			"faces": {
				"down": { "uv": [ 8, 8, 8.6, 8 ], "texture": "#mag7" },
				"up": { "uv": [ 8, 8, 8.6, 9 ], "texture": "#mag7" },
				"north": { "uv": [ 8, 8, 8.6, 8.1 ], "texture": "#mag7" },
				"south": { "uv": [ 8, 8, 8.6, 8.1 ], "texture": "#mag7" },
				"west": { "uv": [ 8, 9, 8, 9.1 ], "texture": "#mag7" },
				"east": { "uv": [ 9, 8, 9, 8.1 ], "texture": "#mag7" }
			}
		},
		{
			"from": [ 7.5, 3.5, 23.9 ],
			"to": [ 8.1, 5.6, 24.025 ],
			"faces": {
				"down": { "uv": [ 8, 7, 8.6, 8 ], "texture": "#mag7" },
				"up": { "uv": [ 9, 8, 8.6, 8 ], "texture": "#mag7" },
				"north": { "uv": [ 9, 8, 9.6, 8.1 ], "texture": "#mag7" },
				"south": { "uv": [ 7, 8, 7.6, 8.1 ], "texture": "#mag7" },
				"west": { "uv": [ 9, 8, 9, 8.1 ], "texture": "#mag7" },
				"east": { "uv": [ 8, 8, 8, 7.1 ], "texture": "#mag7" }
			}
		},
		{
			"from": [ 7.5, 4.9, 18.8 ],
			"to": [ 8.1, 5, 23.6 ],
			"rotation": { "origin": [ 10, 3.3, 20.1 ], "axis": "x", "angle": 22.5 },
			"faces": {
				"down": { "uv": [ 12, 8, 12.6, 8 ], "texture": "#mag7" },
				"up": { "uv": [ 8, 8, 7.6, 7 ], "texture": "#mag7" },
				"north": { "uv": [ 8, 8, 8.6, 8.1 ], "texture": "#mag7" },
				"south": { "uv": [ 8, 9, 8.6, 9.1 ], "texture": "#mag7" },
				"west": { "uv": [ 8, 8, 8, 8.1 ], "texture": "#mag7" },
				"east": { "uv": [ 9, 8, 8, 8.1 ], "texture": "#mag7" }
			}
		},
		{
			"from": [ 7.5, 5, 18.7 ],
			"to": [ 8.1, 5.1, 23.5 ],
			"rotation": { "origin": [ 10, 3.3, 20.1 ], "axis": "x", "angle": 22.5 },
			"faces": {
				"down": { "uv": [ 8, 9, 8.6, 9 ], "texture": "#mag7" },
				"up": { "uv": [ 8, 9, 8.6, 9 ], "texture": "#mag7" },
				"north": { "uv": [ 9, 8, 9.6, 8.1 ], "texture": "#mag7" },
				"south": { "uv": [ 7, 9, 7.6, 9.1 ], "texture": "#mag7" },
				"west": { "uv": [ 8, 7, 7, 7.1 ], "texture": "#mag7" },
				"east": { "uv": [ 8, 7, 8, 7.1 ], "texture": "#mag7" }
			}
		},
		{
			"from": [ 7.5, 5.1, 18.7 ],
			"to": [ 8.1, 5.2, 23.5 ],
			"rotation": { "origin": [ 10, 3.3, 20.1 ], "axis": "x", "angle": 22.5 },
			"faces": {
				"down": { "uv": [ 8, 7, 8.6, 7 ], "texture": "#mag7" },
				"up": { "uv": [ 8, 8, 8.6, 8 ], "texture": "#mag7" },
				"north": { "uv": [ 8, 8, 8.6, 8.1 ], "texture": "#mag7" },
				"south": { "uv": [ 7, 8, 7.6, 8.1 ], "texture": "#mag7" },
				"west": { "uv": [ 9, 9, 9, 8.1 ], "texture": "#mag7" },
				"east": { "uv": [ 8, 8, 9, 8.1 ], "texture": "#mag7" }
			}
		},
		{
			"from": [ 7.5, 5.2, 18.7 ],
			"to": [ 8.1, 5.3, 23.5 ],
			"rotation": { "origin": [ 10, 3.3, 20.1 ], "axis": "x", "angle": 22.5 },
			"faces": {
				"down": { "uv": [ 8, 7, 8.6, 8 ], "texture": "#mag7" },
				"up": { "uv": [ 9, 8, 9.6, 8 ], "texture": "#mag7" },
				"north": { "uv": [ 8, 8, 8.6, 8.1 ], "texture": "#mag7" },
				"south": { "uv": [ 7, 8, 7.6, 8.1 ], "texture": "#mag7" },
				"west": { "uv": [ 7, 8, 8, 8.1 ], "texture": "#mag7" },
				"east": { "uv": [ 8, 9, 8, 9.1 ], "texture": "#mag7" }
			}
		},
		{
			"from": [ 7.5, 5.3, 18.6 ],
			"to": [ 8.1, 5.4, 23.4 ],
			"rotation": { "origin": [ 10, 3.3, 20.1 ], "axis": "x", "angle": 22.5 },
			"faces": {
				"up": { "uv": [ 9, 7, 8.6, 7 ], "texture": "#mag7" },
				"south": { "uv": [ 8, 10, 8.6, 10.1 ], "texture": "#mag7" },
				"west": { "uv": [ 9, 9, 8, 9.1 ], "texture": "#mag7" },
				"east": { "uv": [ 10, 8, 10, 8.1 ], "texture": "#mag7" }
			}
		},
		{
			"from": [ 7.5, 5.4, 18.6 ],
			"to": [ 8.1, 5.5, 23.4 ],
			"rotation": { "origin": [ 10, 3.3, 20.1 ], "axis": "x", "angle": 22.5 },
			"faces": {
				"up": { "uv": [ 8, 7, 8.6, 7 ], "texture": "#mag7" },
				"south": { "uv": [ 8, 8, 8.6, 8.1 ], "texture": "#mag7" },
				"west": { "uv": [ 8, 8, 8, 8.1 ], "texture": "#mag7" },
				"east": { "uv": [ 9, 8, 9, 8.1 ], "texture": "#mag7" }
			}
		},
		{
			"from": [ 7.5, 5.5, 18.5 ],
			"to": [ 8.1, 5.6, 23.3 ],
			"rotation": { "origin": [ 10, 3.3, 20.1 ], "axis": "x", "angle": 22.5 },
			"faces": {
				"up": { "uv": [ 9, 9, 9.6, 9 ], "texture": "#mag7" },
				"south": { "uv": [ 7, 8, 7.6, 8.1 ], "texture": "#mag7" },
				"west": { "uv": [ 8, 8, 8, 8.1 ], "texture": "#mag7" },
				"east": { "uv": [ 8, 9, 7, 8.1 ], "texture": "#mag7" }
			}
		},
		{
			"from": [ 7.5, 5.6, 18.5 ],
			"to": [ 8.1, 5.7, 23.3 ],
			"rotation": { "origin": [ 10, 3.3, 20.1 ], "axis": "x", "angle": 22.5 },
			"faces": {
				"up": { "uv": [ 8, 8, 8.6, 9 ], "texture": "#mag7" },
				"south": { "uv": [ 8, 8, 8.6, 8.1 ], "texture": "#mag7" },
				"west": { "uv": [ 8, 8, 9, 8.1 ], "texture": "#mag7" },
				"east": { "uv": [ 9, 9, 9, 9.1 ], "texture": "#mag7" }
			}
		},
		{
			"from": [ 7.5, 5.7, 18.5 ],
			"to": [ 8.1, 5.8, 23.3 ],
			"rotation": { "origin": [ 10, 3.3, 20.1 ], "axis": "x", "angle": 22.5 },
			"faces": {
				"up": { "uv": [ 9, 8, 7.6, 9 ], "texture": "#mag7" },
				"south": { "uv": [ 8, 8, 8.6, 8.1 ], "texture": "#mag7" },
				"west": { "uv": [ 8, 8, 8, 8.1 ], "texture": "#mag7" },
				"east": { "uv": [ 9, 8, 9, 8.1 ], "texture": "#mag7" }
			}
		},
		{
			"from": [ 7.5, 5.8, 18.4 ],
			"to": [ 8.1, 5.9, 23.2 ],
			"rotation": { "origin": [ 10, 3.3, 20.1 ], "axis": "x", "angle": 22.5 },
			"faces": {

				"up": { "uv": [ 8, 8, 8.6, 9 ], "texture": "#mag7" },
				"south": { "uv": [ 8, 8, 8.6, 8.1 ], "texture": "#mag7" },
				"west": { "uv": [ 9, 7, 9, 7.1 ], "texture": "#mag7" },
				"east": { "uv": [ 9, 8, 9, 8.1 ], "texture": "#mag7" }
			}
		},
		{
			"from": [ 7.5, 5.9, 18.4 ],
			"to": [ 8.1, 6, 23.2 ],
			"rotation": { "origin": [ 10, 3.3, 20.1 ], "axis": "x", "angle": 22.5 },
			"faces": {
				"up": { "uv": [ 8, 7, 8.6, 8 ], "texture": "#mag7" },
				"south": { "uv": [ 8, 8, 8.6, 8.1 ], "texture": "#mag7" },
				"west": { "uv": [ 8, 8, 8, 8.1 ], "texture": "#mag7" },
				"east": { "uv": [ 8, 8, 8, 8.1 ], "texture": "#mag7" }
			}
		},
		{
			"from": [ 7.5, 6, 19.3 ],
			"to": [ 8.1, 6.1, 23.1 ],
			"rotation": { "origin": [ 10, 3.3, 20.1 ], "axis": "x", "angle": 22.5 },
			"faces": {

				"up": { "uv": [ 9, 7, 8.6, 8 ], "texture": "#mag7" },
				"south": { "uv": [ 8, 8, 8.6, 8.1 ], "texture": "#mag7" },
				"west": { "uv": [ 8, 8, 8, 8.1 ], "texture": "#mag7" },
				"east": { "uv": [ 8, 9, 8, 9.1 ], "texture": "#mag7" }
			}
		},
		{
			"from": [ 7.5, 6.1, 19.3 ],
			"to": [ 8.1, 6.2, 23.1 ],
			"rotation": { "origin": [ 10, 3.3, 20.1 ], "axis": "x", "angle": 22.5 },
			"faces": {
				"up": { "uv": [ 9, 7, 9.6, 9 ], "texture": "#mag7" },
				"south": { "uv": [ 9, 7, 9.6, 7.1 ], "texture": "#mag7" },
				"west": { "uv": [ 9, 8, 9, 8.1 ], "texture": "#mag7" },
				"east": { "uv": [ 8, 8, 9, 8.1 ], "texture": "#mag7" }
			}
		},
		{
			"from": [ 7.5, 6.2, 19.3 ],
			"to": [ 8.1, 6.3, 23.1 ],
			"rotation": { "origin": [ 10, 3.3, 20.1 ], "axis": "x", "angle": 22.5 },
			"faces": {
				"down": { "uv": [ 0, 0, 0.6, 7 ], "texture": "#mag7" },
				"up": { "uv": [ 8, 7, 8.6, 7 ], "texture": "#mag7" },
				"north": { "uv": [ 0, 0, 0.6, 0.1000004 ], "texture": "#mag7" },
				"south": { "uv": [ 8, 8, 8.6, 8.1 ], "texture": "#mag7" },
				"west": { "uv": [ 8, 9, 8, 8.1 ], "texture": "#mag7" },
				"east": { "uv": [ 8, 8, 9, 8.1 ], "texture": "#mag7" }
			}
		},
		{
			"from": [ 7.5, 6.4, 20.8 ],
			"to": [ 8.1, 6.5, 23 ],
			"rotation": { "origin": [ 10, 3.3, 20.1 ], "axis": "x", "angle": 22.5 },
			"faces": {
				"down": { "uv": [ 7, 8, 7.6, 8 ], "texture": "#mag7" },
				"up": { "uv": [ 8, 8, 8.6, 9 ], "texture": "#mag7" },
				"north": { "uv": [ 8, 8, 8.6, 8.1 ], "texture": "#mag7" },
				"south": { "uv": [ 7, 8, 7.6, 8.1 ], "texture": "#mag7" },
				"west": { "uv": [ 7, 7, 8, 7.1 ], "texture": "#mag7" },
				"east": { "uv": [ 7, 9, 8, 9.1 ], "texture": "#mag7" }
			}
		},
		{
			"from": [ 7.5, 6.5, 21.7 ],
			"to": [ 8.1, 6.6, 22.9 ],
			"rotation": { "origin": [ 10, 3.3, 20.1 ], "axis": "x", "angle": 22.5 },
			"faces": {
				"down": { "uv": [ 8, 8, 8.6, 9 ], "texture": "#mag7" },
				"up": { "uv": [ 8, 7, 8.6, 8 ], "texture": "#mag7" },
				"north": { "uv": [ 8, 8, 8.6, 8.1 ], "texture": "#mag7" },
				"south": { "uv": [ 8, 8, 8.6, 8.1 ], "texture": "#mag7" },
				"west": { "uv": [ 8, 8, 8, 8.1 ], "texture": "#mag7" },
				"east": { "uv": [ 9, 9, 9, 9.1 ], "texture": "#mag7" }
			}
		},
		{
			"from": [ 7.5, 6.6, 21.7 ],
			"to": [ 8.1, 6.7, 22.9 ],
			"rotation": { "origin": [ 10, 3.3, 20.1 ], "axis": "x", "angle": 22.5 },
			"faces": {
				"down": { "uv": [ 8, 8, 8.6, 8 ], "texture": "#mag7" },
				"up": { "uv": [ 8, 9, 7.6, 9 ], "texture": "#mag7" },
				"north": { "uv": [ 8, 8, 8.6, 8.1 ], "texture": "#mag7" },
				"south": { "uv": [ 8, 8, 8.6, 8.1 ], "texture": "#mag7" },
				"west": { "uv": [ 8, 8, 8, 8.1 ], "texture": "#mag7" },
				"east": { "uv": [ 8, 8, 9, 8.1 ], "texture": "#mag7" }
			}
		},
		{
			"from": [ 7.6, 4.75, 16.11 ],
			"to": [ 8, 5.75, 16.21 ],
			"rotation": { "origin": [ 8, 4.05, 16.51 ], "axis": "x", "angle": 22.5 },
			"faces": {
				"down": { "uv": [ 8, 8, 8.6, 9 ], "texture": "#mag7" },
				"up": { "uv": [ 8, 8, 8.6, 8 ], "texture": "#mag7" },
				"north": { "uv": [ 8, 9, 8.6, 9.1 ], "texture": "#mag7" },
				"south": { "uv": [ 8, 9, 8.6, 9.1 ], "texture": "#mag7" },
				"west": { "uv": [ 9, 8, 9, 8.1 ], "texture": "#mag7" },
				"east": { "uv": [ 8, 8, 8, 8.1 ], "texture": "#mag7" }
			}
		},
		{
			"from": [ 7.6, 4.695, 16.12 ],
			"to": [ 8, 5.695, 16.22 ],
			"rotation": { "origin": [ 8, 3.195, 15.52 ], "axis": "x", "angle": -22.5 },
			"faces": {
				"down": { "uv": [ 8, 8, 8.6, 8 ], "texture": "#mag7" },
				"up": { "uv": [ 7, 8, 7.6, 8 ], "texture": "#mag7" },
				"north": { "uv": [ 9, 8, 9.6, 8.1 ], "texture": "#mag7" },
				"south": { "uv": [ 8, 9, 8.6, 9.1 ], "texture": "#mag7" },
				"west": { "uv": [ 8, 8, 9, 8.1 ], "texture": "#mag7" },
				"east": { "uv": [ 9, 8, 9, 8.1 ], "texture": "#mag7" }
			}
		},
		{
			"from": [ 7.6, 4.8, 15.5 ],
			"to": [ 8, 4.9, 16.5 ],
			"faces": {
				"down": { "uv": [ 8, 8, 8.6, 8 ], "texture": "#mag7" },
				"up": { "uv": [ 9, 8, 9.6, 9 ], "texture": "#mag7" },
				"north": { "uv": [ 8, 8, 8.6, 8.1 ], "texture": "#mag7" },
				"south": { "uv": [ 8, 8, 8.6, 8.1 ], "texture": "#mag7" },
				"west": { "uv": [ 9, 8, 9, 8.1 ], "texture": "#mag7" },
				"east": { "uv": [ 8, 8, 8, 8.1 ], "texture": "#mag7" }
			}
		},
		{
			"from": [ 7.7, 5.22, 16.09 ],
			"to": [ 7.9, 5.42, 16.19 ],
			"faces": {
				"down": { "uv": [ 12, 6, 12.6, 7 ], "texture": "#mag7" },
				"up": { "uv": [ 12, 8, 12.6, 9 ], "texture": "#mag7" },
				"north": { "uv": [ 12, 8, 12.6, 8.1 ], "texture": "#mag7" },
				"south": { "uv": [ 12, 8, 12.6, 8.1 ], "texture": "#mag7" },
				"west": { "uv": [ 12, 8, 12, 8.1 ], "texture": "#mag7" },
				"east": { "uv": [ 12, 8, 12, 8.1 ], "texture": "#mag7" }
			}
		},
		{
			"from": [ 7.7, 5.2, 16.09 ],
			"to": [ 7.9, 5.4, 16.19 ],
			"rotation": { "origin": [ 8, 5.3, 15.79 ], "axis": "x", "angle": 45 },
			"faces": {
				"down": { "uv": [ 12, 9, 12.6, 9 ], "texture": "#mag7" },
				"up": { "uv": [ 12, 8, 12.6, 8 ], "texture": "#mag7" },
				"north": { "uv": [ 12, 9, 12.6, 9.1 ], "texture": "#mag7" },
				"south": { "uv": [ 12, 9, 12.6, 9.1 ], "texture": "#mag7" },
				"west": { "uv": [ 12, 9, 12, 9.1 ], "texture": "#mag7" },
				"east": { "uv": [ 12, 9, 12, 9.1 ], "texture": "#mag7" }
			}
		},
		{
			"from": [ 7.7, 5.23, 16.11 ],
			"to": [ 7.9, 5.63, 16.21 ],
			"rotation": { "origin": [ 8, 5.330001, 15.81 ], "axis": "x", "angle": 22.5 },
			"faces": {
				"down": { "uv": [ 12, 8, 12.6, 9 ], "texture": "#mag7" },
				"up": { "uv": [ 12, 9, 12.6, 9 ], "texture": "#mag7" },
				"north": { "uv": [ 12, 8, 12.6, 8.1 ], "texture": "#mag7" },
				"south": { "uv": [ 9, 8, 9.6, 8.1 ], "texture": "#mag7" },
				"west": { "uv": [ 12, 9, 12, 9.1 ], "texture": "#mag7" },
				"east": { "uv": [ 12, 8, 12, 8.1 ], "texture": "#mag7" }
			}
		},
		{
			"from": [ 7.6, 5.7, 26.7 ],
			"to": [ 8, 7.1, 27.2 ],
			"rotation": { "origin": [ 8, 13, 23.3 ], "axis": "x", "angle": 22.5 },
			"faces": {
				"down": { "uv": [ 8, 10, 8.6, 10 ], "texture": "#mag7" },
				"up": { "uv": [ 8, 8, 8.6, 8 ], "texture": "#mag7" },
				"north": { "uv": [ 7, 7, 7.6, 7.1 ], "texture": "#mag7" },
				"south": { "uv": [ 12, 7, 12.6, 7.1 ], "texture": "#mag7" },
				"west": { "uv": [ 8, 7, 7, 7.1 ], "texture": "#mag7" },
				"east": { "uv": [ 9, 8, 9, 8.1 ], "texture": "#mag7" }
			}
		},
		{
			"from": [ 7.55, 5.45, -5.475 ],
			"to": [ 8.049999, 6.2, -4.475 ],
			"faces": {
				"down": { "uv": [ 6, 3, 6.2, 3.1 ], "texture": "#mag7" },
				"up": { "uv": [ 6, 4, 6.2, 4.1 ], "texture": "#mag7" },
				"north": { "uv": [ 5, 6, 5.2, 6.2 ], "texture": "#mag7" },
				"south": { "uv": [ 0, 0, 0.2, 0.1999998 ], "texture": "#mag7" },
				"west": { "uv": [ 4, 4, 4.1, 4.2 ], "texture": "#mag7" },
				"east": { "uv": [ 6, 4, 6.1, 4.2 ], "texture": "#mag7" }
			}
		},
		{
			"from": [ 7.5, 6.3085, 19.3 ],
			"to": [ 8.1, 6.4085, 23.1 ],
			"rotation": { "origin": [ 10, 3.4085, 20.1 ], "axis": "x", "angle": 22.5 },
			"faces": {
				"down": { "uv": [ 0, 0, 0.6, 7 ], "texture": "#mag7" },
				"up": { "uv": [ 8, 7, 8.6, 7 ], "texture": "#mag7" },
				"north": { "uv": [ 0, 0, 0.6, 0.1000004 ], "texture": "#mag7" },
				"south": { "uv": [ 8, 8, 8.6, 8.1 ], "texture": "#mag7" },
				"west": { "uv": [ 8, 9, 8, 8.1 ], "texture": "#mag7" },
				"east": { "uv": [ 8, 8, 9, 8.1 ], "texture": "#mag7" }
			}
		},
		{
			"from": [ 7.5, 5.625, 19.377 ],
			"to": [ 8.1, 5.875, 19.627 ],
			"rotation": { "origin": [ 7.5, 5.625001, 19.377 ], "axis": "x", "angle": -45 },
			"faces": {
				"down": { "uv": [ 9, 7, 8.6, 8 ], "texture": "#white_block" },
				"up": { "uv": [ 8, 7, 8.6, 8 ], "texture": "#white_block" },
				"north": { "uv": [ 8, 9, 8.6, 9.1 ], "texture": "#mag7" },
				"south": { "uv": [ 7, 8, 7.6, 8.1 ], "texture": "#white_block" },
				"west": { "uv": [ 8, 7, 8, 7.1 ], "texture": "#mag7" },
				"east": { "uv": [ 9, 8, 9, 9.1 ], "texture": "#mag7" }
			}
		},
		{
			"from": [ 7.7, 7, -7.005 ],
			"to": [ 7.9, 7.05, -6.905 ],
			"faces": {
				"down": { "uv": [ 0, 0, 0.2, 0.8000002 ], "texture": "#mag7" },
				"up": { "uv": [ 0, 0, 0.2, 0.8000002 ], "texture": "#mag7" },
				"north": { "uv": [ 0, 0, 0.2, 0.1999998 ], "texture": "#mag7" },
				"south": { "uv": [ 1, 1, 15.2, 15.2 ], "texture": "#white_block" },
				"west": { "uv": [ 0, 0, 0.8, 0.1999998 ], "texture": "#mag7" },
				"east": { "uv": [ 0, 0, 0.8, 0.1999998 ], "texture": "#mag7" }
			}
		},
		{
			"from": [ 7.7, 7, -6.906 ],
			"to": [ 7.9, 7.025, -6.806 ],
			"faces": {
				"down": { "uv": [ 0, 0, 0.2, 0.8000002 ], "texture": "#mag7" },
				"up": { "uv": [ 0, 0, 0.2, 0.8000002 ], "texture": "#mag7" },
				"north": { "uv": [ 0, 0, 0.2, 0.1999998 ], "texture": "#mag7" },
				"south": { "uv": [ 1, 1, 15.2, 15.2 ], "texture": "#white_block" },
				"west": { "uv": [ 0, 0, 0.8, 0.1999998 ], "texture": "#mag7" },
				"east": { "uv": [ 0, 0, 0.8, 0.1999998 ], "texture": "#mag7" }
			}
		}
	],
	"display": {
		"thirdperson_righthand": {
			"rotation":  [ 45, 0, 0 ],
			"translation":  [ 0, 6, 0 ],
			"scale":  [ 1.4, 1.4, 0.8 ]
		},
		"thirdperson_lefthand": {
			"rotation":  [ 140, 0, 0 ],
			"translation":  [ 0, 0.5, 6 ],
			"scale":  [ 1.4, 1.4, 0.8 ]
		},
		"firstperson_righthand": {
			"translation":  [ -2.5, 6, -4 ],
			"scale":  [ 1.5, 1.5, 1 ]
		},
		"firstperson_lefthand": {
			"rotation": [ 80, 0, 0 ],
			"translation":  [ 4, 6, 0 ],
			"scale":  [ 1.5, 1.5, 1 ]
		},
		"gui": {
			"rotation":  [ -15, 130, 0 ],
			"translation":  [ 0, 2, 0 ],
			"scale":  [ 1.1, 1.1, 0.65 ]
		},
		"head": {
			"translation":  [ 0, 12, 0 ]
		},
		"ground": {
			"rotation":  [ 0, 0, 90 ],
			"scale":  [ 0.7, 0.7, 0.7 ]
		},
		"fixed": {
			"rotation":  [ 0, 90, 0 ],
			"translation":  [ 0, 2, -1 ]
		}
	}
}