{
    "__comment": "© Le0, Mineland.eu 2019 | www.mineland.eu",
    "textures": {
        "normal_gun_texture": "guns/brokovnice/normal_gun_texture",
        "dark_wood": "guns/brokovnice/dark_wood",
        "bright_gun_texture": "guns/brokovnice/brightguntexture"
    },
    "elements": [
        {
            "name": "Front Barrel",
            "from": [ -12.0, 8.400000005960464, 7.300000004470348 ], 
            "to": [ 10.0, 9.800000011920929, 8.700000010430813 ], 
            "faces": {
                "north": { "texture": "#normal_gun_texture", "uv": [ 4.0, 5.0, 6.0, 6.4000000059604645 ] },
                "east": { "texture": "#normal_gun_texture", "uv": [ 3.0, 3.0, 4.4000000059604645, 4.4000000059604645 ] },
                "south": { "texture": "#normal_gun_texture", "uv": [ 12.0, 11.0, 14.0, 12.400000005960464 ] },
                "west": { "texture": "#normal_gun_texture", "uv": [ 9.0, 6.0, 10.400000005960464, 7.4000000059604645 ] },
                "up": { "texture": "#normal_gun_texture", "uv": [ 12.0, 5.0, 14.0, 6.4000000059604645 ] },
                "down": { "texture": "#normal_gun_texture", "uv": [ 4.0, 14.0, 6.0, 15.400000005960464 ] }
            }
        },
        {
            "name": "Body",
            "from": [ 6.000000014901161, 6.500000007450581, 7.100000001490116 ], 
            "to": [ 17.00000001490116, 9.899999998509884, 8.899999998509884 ], 
            "faces": {
                "north": { "texture": "#normal_gun_texture", "uv": [ 8.0, 4.0, 16.0, 7.499999992549419 ] },
                "east": { "texture": "#normal_gun_texture", "uv": [ 4.0, 5.0, 6.600000008940697, 8.49999999254942 ] },
                "south": { "texture": "#normal_gun_texture", "uv": [ 7.0, 4.0, 15.0, 7.499999992549419 ] },
                "west": { "texture": "#normal_gun_texture", "uv": [ 6.0, 3.0, 8.600000008940697, 6.499999992549419 ] },
                "up": { "texture": "#normal_gun_texture", "uv": [ 2.0, 10.0, 10.0, 12.600000008940697 ] },
                "down": { "texture": "#normal_gun_texture", "uv": [ 7.0, 5.0, 15.0, 7.600000008940697 ] }
            }
        },
        {
            "name": "Back Handle",
            "from": [ 15.700000010430813, 10.400000020861626, 7.200000002980232 ], 
            "to": [ 18.900000013411045, 13.000000029802322, 8.799999997019768 ], 
            "rotation": { "origin": [ 8.0, 8.0, 8.0 ], "axis": "z", "angle": -22.5 },
            "faces": {
                "north": { "texture": "#normal_gun_texture", "uv": [ 9.0, 11.0, 11.0, 15.0 ] },
                "east": { "texture": "#normal_gun_texture", "uv": [ 10.0, 10.0, 12.0, 14.0 ] },
                "south": { "texture": "#normal_gun_texture", "uv": [ 8.0, 7.0, 5.0, 11.0 ] },
                "west": { "texture": "#normal_gun_texture", "uv": [ 8.0, 7.0, 10.0, 11.0 ] },
                "up": { "texture": "#normal_gun_texture", "uv": [ 7.0, 9.0, 9.0, 11.0 ] },
                "down": { "texture": "#normal_gun_texture", "uv": [ 8.0, 9.0, 10.0, 11.0 ] }
            }
        },
        {
            "name": "Shooter Vertical Piece",
            "from": [ 12.999999970197678, 2.900000013411045, 7.700000010430813 ], 
            "to": [ 13.399999961256981, 4.900000013411045, 8.300000004470348 ], 
            "rotation": { "origin": [ 8.0, 8.0, 8.0 ], "axis": "z", "angle": 22.5 },
            "faces": {
                "north": { "texture": "#normal_gun_texture", "uv": [ 0.0, 0.0, 0.19999998807907104, 2.0 ] },
                "east": { "texture": "#normal_gun_texture", "uv": [ 0.0, 0.0, 0.5999999940395355, 2.0 ] },
                "south": { "texture": "#normal_gun_texture", "uv": [ 0.0, 0.0, 0.19999998807907104, 2.0 ] },
                "west": { "texture": "#normal_gun_texture", "uv": [ 0.0, 0.0, 0.5999999940395355, 2.0 ] },
                "up": { "texture": "#normal_gun_texture", "uv": [ 0.0, 0.0, 0.19999998807907104, 0.5999999940395355 ] },
                "down": { "texture": "#normal_gun_texture", "uv": [ 0.0, 0.0, 0.19999998807907104, 0.5999999940395355 ] }
            }
        },
        {
            "name": "Shooter Horizontal Piece",
            "from": [ 14.69999998062849, 5.100000001490116, 7.700000010430813 ], 
            "to": [ 16.399999991059303, 5.299999974668026, 8.300000004470348 ], 
            "faces": {
                "north": { "texture": "#normal_gun_texture", "uv": [ 0.0, 0.0, 1.900000013411045, 0.19999997317790985 ] },
                "east": { "texture": "#normal_gun_texture", "uv": [ 0.0, 0.0, 0.5999999940395355, 0.19999997317790985 ] },
                "south": { "texture": "#normal_gun_texture", "uv": [ 0.0, 0.0, 1.900000013411045, 0.19999997317790985 ] },
                "west": { "texture": "#normal_gun_texture", "uv": [ 0.0, 0.0, 0.5999999940395355, 0.19999997317790985 ] },
                "up": { "texture": "#normal_gun_texture", "uv": [ 0.0, 0.0, 1.900000013411045, 0.5999999940395355 ] },
                "down": { "texture": "#normal_gun_texture", "uv": [ 0.0, 0.0, 1.900000013411045, 0.5999999940395355 ] }
            }
        },
        {
            "name": "Stock Up",
            "from": [ 18.50000000745058, 10.30000001937151, 7.100000001490116 ], 
            "to": [ 22.50000000745058, 12.900000028312206, 8.899999998509884 ], 
            "rotation": { "origin": [ 8.0, 8.0, 8.0 ], "axis": "z", "angle": -22.5 },
            "faces": {
                "north": { "texture": "#dark_wood", "uv": [ 6.0, 7.0, 12.0, 9.0 ] },
                "east": { "texture": "#dark_wood", "uv": [ 4.0, 5.0, 6.0, 7.0 ] },
                "south": { "texture": "#dark_wood", "uv": [ 2.0, 3.0, 8.0, 5.0 ] },
                "west": { "texture": "#dark_wood", "uv": [ 2.0, 6.0, 4.0, 8.0 ] },
                "up": { "texture": "#dark_wood", "uv": [ 5.0, 8.0, 11.0, 10.0 ] },
                "down": { "texture": "#dark_wood", "uv": [ 6.0, 5.0, 12.0, 7.0 ] }
            }
        },
        {
            "name": "Stock Side",
            "from": [ 21.30000000447035, 3.700000025331974, 7.0 ], 
            "to": [ 23.30000000447035, 8.300000004470348, 9.0 ], 
            "faces": {
                "north": { "texture": "#dark_wood", "uv": [ 10.0, 6.0, 12.0, 8.999999970197678 ] },
                "east": { "texture": "#dark_wood", "uv": [ 6.0, 6.0, 8.0, 8.999999970197678 ] },
                "south": { "texture": "#dark_wood", "uv": [ 7.0, 5.0, 9.0, 7.999999970197678 ] },
                "west": { "texture": "#dark_wood", "uv": [ 7.0, 13.0, 9.0, 15.999999970197678 ] },
                "up": { "texture": "#dark_wood", "uv": [ 8.0, 6.0, 10.0, 8.0 ] },
                "down": { "texture": "#dark_wood", "uv": [ 5.0, 11.0, 7.0, 13.0 ] }
            }
        },
        {
            "name": "Stock Under",
            "from": [ 16.100000001490116, 14.100000001490116, 7.0 ], 
            "to": [ 20.600000008940697, 15.599999964237213, 9.0 ], 
            "rotation": { "origin": [ 8.0, 8.0, 8.0 ], "axis": "z", "angle": -45.0 },
            "faces": {
                "north": { "texture": "#dark_wood", "uv": [ 7.0, 8.0, 11.50000000745058, 10.299999959766865 ] },
                "east": { "texture": "#dark_wood", "uv": [ 14.0, 13.0, 16.0, 15.299999959766865 ] },
                "south": { "texture": "#dark_wood", "uv": [ 6.0, 10.0, 10.50000000745058, 12.299999959766865 ] },
                "west": { "texture": "#dark_wood", "uv": [ 7.0, 5.0, 9.0, 7.299999959766865 ] },
                "up": { "texture": "#dark_wood", "uv": [ 4.0, 6.0, 8.50000000745058, 8.0 ] },
                "down": { "texture": "#dark_wood", "uv": [ 5.0, 5.0, 9.50000000745058, 7.0 ] }
            }
        },
        {
            "name": "Cube",
            "from": [ -11.49999999254942, 6.699999995529652, 7.300000004470348 ], 
            "to": [ 6.500000007450581, 8.100000001490116, 8.700000010430813 ], 
            "faces": {
                "north": { "texture": "#normal_gun_texture", "uv": [ 5.0, 7.0, 7.0, 8.400000005960464 ] },
                "east": { "texture": "#normal_gun_texture", "uv": [ 9.0, 8.0, 10.400000005960464, 9.400000005960464 ] },
                "south": { "texture": "#normal_gun_texture", "uv": [ 12.0, 8.0, 14.0, 9.400000005960464 ] },
                "west": { "texture": "#normal_gun_texture", "uv": [ 7.0, 9.0, 8.400000005960464, 10.400000005960464 ] },
                "up": { "texture": "#normal_gun_texture", "uv": [ 13.0, 10.0, 15.0, 11.400000005960464 ] },
                "down": { "texture": "#normal_gun_texture", "uv": [ 4.0, 14.0, 6.0, 15.400000005960464 ] }
            }
        },
        {
            "name": "Cube",
            "from": [ 13.400000005960464, 6.700000025331974, 7.4000000059604645 ], 
            "to": [ 18.30000001937151, 6.899999998509884, 8.600000008940697 ], 
            "faces": {
                "north": { "texture": "#bright_gun_texture", "uv": [ 0.0, 0.0, 1.900000013411045, 0.19999997317790985 ] },
                "east": { "texture": "#normal_gun_texture", "uv": [ 0.0, 0.0, 0.5999999940395355, 0.19999997317790985 ] },
                "south": { "texture": "#normal_gun_texture", "uv": [ 0.0, 0.0, 1.900000013411045, 0.19999997317790985 ] },
                "west": { "texture": "#normal_gun_texture", "uv": [ 0.0, 0.0, 0.5999999940395355, 0.19999997317790985 ] },
                "up": { "texture": "#normal_gun_texture", "uv": [ 0.0, 0.0, 1.900000013411045, 0.5999999940395355 ] },
                "down": { "texture": "#normal_gun_texture", "uv": [ 0.0, 0.0, 1.900000013411045, 0.5999999940395355 ] }
            }
        },
        {
            "name": "Cube",
            "from": [ -10.199999988079071, 6.100000001490116, 6.799999997019768 ], 
            "to": [ -0.19999998807907104, 9.000000014901161, 9.200000002980232 ], 
            "faces": {
                "north": { "texture": "#dark_wood", "uv": [ 4.0, 5.0, 11.0, 7.0 ] },
                "east": { "texture": "#dark_wood", "uv": [ 7.0, 6.0, 9.0, 8.0 ] },
                "south": { "texture": "#dark_wood", "uv": [ 2.0, 7.0, 9.0, 9.0 ] },
                "west": { "texture": "#dark_wood", "uv": [ 5.0, 10.0, 7.0, 12.0 ] },
                "up": { "texture": "#dark_wood", "uv": [ 4.0, 7.0, 11.0, 9.0 ] },
                "down": { "texture": "#dark_wood", "uv": [ 7.0, 9.0, 14.0, 11.0 ] }
            }
        },
        {
            "name": "Shooter Vertical Piece 2",
            "from": [ 16.69999998062849, 8.600000008940697, 7.700000010430813 ], 
            "to": [ 16.89999996870756, 10.600000008940697, 8.300000004470348 ], 
            "rotation": { "origin": [ 8.0, 8.0, 8.0 ], "axis": "z", "angle": -22.5 },
            "faces": {
                "north": { "texture": "#normal_gun_texture", "uv": [ 0.0, 0.0, 0.19999998807907104, 2.0 ] },
                "east": { "texture": "#normal_gun_texture", "uv": [ 0.0, 0.0, 0.5999999940395355, 2.0 ] },
                "south": { "texture": "#normal_gun_texture", "uv": [ 0.0, 0.0, 0.19999998807907104, 2.0 ] },
                "west": { "texture": "#normal_gun_texture", "uv": [ 0.0, 0.0, 0.5999999940395355, 2.0 ] },
                "up": { "texture": "#normal_gun_texture", "uv": [ 0.0, 0.0, 0.19999998807907104, 0.5999999940395355 ] },
                "down": { "texture": "#normal_gun_texture", "uv": [ 0.0, 0.0, 0.19999998807907104, 0.5999999940395355 ] }
            }
        },
        {
            "name": "Body Top",
            "from": [ 5.899999983608723, 8.599999994039536, 7.500000007450581 ], 
            "to": [ 16.69999999552965, 10.199999988079071, 8.50000000745058 ], 
            "faces": {
                "north": { "texture": "#normal_gun_texture", "uv": [ 2.0, 1.0, 3.0, 2.5999999940395355 ] },
                "east": { "texture": "#normal_gun_texture", "uv": [ 6.0, 4.0, 7.5999999940395355, 5.5999999940395355 ] },
                "south": { "texture": "#normal_gun_texture", "uv": [ 4.0, 6.0, 5.0, 7.5999999940395355 ] },
                "west": { "texture": "#normal_gun_texture", "uv": [ 7.0, 10.0, 8.599999994039536, 11.599999994039536 ] },
                "up": { "texture": "#normal_gun_texture", "uv": [ 8.0, 11.0, 8.0, 12.599999994039536 ] },
                "down": { "texture": "#normal_gun_texture", "uv": [ 8.0, 6.0, 9.0, 7.5999999940395355 ] }
            }
        },
        {
            "name": "Shooter Front",
            "from": [ 12.499999962747097, 8.200000002980232, 7.700000010430813 ], 
            "to": [ 14.8999999538064, 9.200000002980232, 8.300000004470348 ], 
            "rotation": { "origin": [ 8.0, 8.0, 8.0 ], "axis": "z", "angle": -22.5 },
            "faces": {
                "north": { "texture": "#normal_gun_texture", "uv": [ 0.0, 0.0, 0.19999998807907104, 2.0 ] },
                "east": { "texture": "#normal_gun_texture", "uv": [ 0.0, 0.0, 0.5999999940395355, 2.0 ] },
                "south": { "texture": "#normal_gun_texture", "uv": [ 0.0, 0.0, 0.19999998807907104, 2.0 ] },
                "west": { "texture": "#normal_gun_texture", "uv": [ 0.0, 0.0, 0.5999999940395355, 2.0 ] },
                "up": { "texture": "#normal_gun_texture", "uv": [ 0.0, 0.0, 0.19999998807907104, 0.5999999940395355 ] },
                "down": { "texture": "#normal_gun_texture", "uv": [ 0.0, 0.0, 0.19999998807907104, 0.5999999940395355 ] }
            }
        }
    ],
    "display": {
        "thirdperson_righthand": {
            "rotation": [ 0, 270, -60 ],
            "translation": [ 0, 5, 3 ],
            "scale": [ 0.67, 0.67, 0.67 ]
        },
		"thirdperson_lefthand": {
			"rotation": [ 0, 90, 140 ],
			"translation": [ 0, 1, 2 ],
            "scale": [ 0.67, 0.67, 0.67 ]
        },
        "firstperson_righthand": {
            "rotation": [ 0, -90, 0 ],
              "translation": [ -2, 4, -5 ],
            "scale": [ 0.9, 0.9, 0.9 ]
        },
		"firstperson_lefthand": {
			"rotation": [ 0, 90, 80 ],
			"translation": [ 5, 2, -5 ],
            "scale": [ 0.9, 0.9, 0.9 ]
        },
        "head": {
            "rotation": [ 0, -90, 0 ],
			"translation": [ 0, 12, 0 ],
            "scale": [ 0.6, 0.6, 0.6 ]
        },
        "ground": {
            "rotation": [ 90, 0, 0 ],
            "translation": [ 0, -2, 0 ],
            "scale": [ 0.67, 0.67, 0.67 ]
        },
        "gui": {
            "rotation": [ -20, 30, 0 ],
            "translation": [ 0, 0, 0 ],
            "scale": [ 0.5, 0.5, 0.5 ]
        }
    }
}