{
    "__comment": "© Le0, Mineland.eu 2019 | www.mineland.eu",
    "textures": {
        "dark_wood": "guns/brokovnice/dark_wood",
		"normal_gun_texture": "guns/brokovnice/normal_gun_texture",
		"bright_gun_texture": "guns/brokovnice/bright_gun_texture"
    },
    "elements": [
        {
            "name": "Body Lower",
            "from": [ 7.0, 7.0, 6.799999997019768 ], 
            "to": [ 12.0, 8.0, 9.200000002980232 ], 
            "faces": {
                "north": { "texture": "#dark_wood", "uv": [ 0.0, 8.0, 10.0, 9.0 ] },
                "east": { "texture": "#dark_wood", "uv": [ 3.0, 8.0, 5.0, 9.0 ] },
                "south": { "texture": "#dark_wood", "uv": [ 3.0, 9.0, 13.0, 10.0 ] },
                "west": { "texture": "#dark_wood", "uv": [ 12.0, 6.0, 14.0, 7.0 ] },
                "up": { "texture": "#dark_wood", "uv": [ 6.0, 7.0, 16.0, 9.0 ] },
                "down": { "texture": "#dark_wood", "uv": [ 5.0, 10.0, 15.0, 12.0 ] }
            }
        },
        {
            "name": "Body Higher",
            "from": [ 7.0, 8.0, 6.5999999940395355 ], 
            "to": [ 11.50000000745058, 9.0, 9.400000005960464 ], 
            "faces": {
                "north": { "texture": "#dark_wood", "uv": [ 5.0, 7.0, 14.50000000745058, 8.0 ] },
                "east": { "texture": "#dark_wood", "uv": [ 6.0, 10.0, 8.0, 11.0 ] },
                "south": { "texture": "#dark_wood", "uv": [ 6.0, 8.0, 15.50000000745058, 9.0 ] },
                "west": { "texture": "#dark_wood", "uv": [ 8.0, 6.0, 10.0, 7.0 ] },
                "up": { "texture": "#dark_wood", "uv": [ 2.0, 9.0, 11.50000000745058, 11.0 ] },
                "down": { "texture": "#dark_wood", "uv": [ 6.0, 5.0, 15.50000000745058, 7.0 ] }
            }
        },
        {
            "name": "Barrel",
            "from": [ -1.3999999910593033, 7.600000008940697, 6.699999995529652 ], 
            "to": [ 7.600000008940697, 8.800000011920929, 7.899999998509884 ], 
            "faces": {
                "north": { "texture": "#normal_gun_texture", "uv": [ 1.0, 6.0, 13.0, 7.0 ] },
                "east": { "texture": "#normal_gun_texture", "uv": [ 2.0, 8.0, 3.0, 9.0 ] },
                "south": { "texture": "#normal_gun_texture", "uv": [ 5.0, 15.0, 14.0, 16.0 ] },
                "west": { "texture": "#normal_gun_texture", "uv": [ 4.0, 0.0, 15.0, 1.0 ] },
                "up": { "texture": "#normal_gun_texture", "uv": [ 6.0, 6.0, 14.0, 7.0 ] },
                "down": { "texture": "#normal_gun_texture", "uv": [ 3.0, 3.0, 13.0, 4.0 ] }
            }
        },
        {
            "name": "Handle",
            "from": [ 8.49999999254942, 1.5999999940395355, 7.200000002980232 ], 
            "to": [ 10.699999995529652, 6.5999999940395355, 8.799999997019768 ], 
            "rotation": { "origin": [ 8.0, 8.0, 8.0 ], "axis": "z", "angle": 45.0 },
            "faces": {
                "north": { "texture": "#dark_wood", "uv": [ 6.0, 3.0, 8.200000002980232, 8.0 ] },
                "east": { "texture": "#dark_wood", "uv": [ 11.0, 8.0, 12.599999994039536, 13.0 ] },
                "south": { "texture": "#dark_wood", "uv": [ 6.0, 8.0, 8.200000002980232, 13.0 ] },
                "west": { "texture": "#dark_wood", "uv": [ 4.0, 8.0, 5.5999999940395355, 13.0 ] },
                "up": { "texture": "#dark_wood", "uv": [ 12.0, 6.0, 14.200000002980232, 7.5999999940395355 ] },
                "down": { "texture": "#dark_wood", "uv": [ 1.0, 12.0, 3.2000000029802322, 13.599999994039536 ] }
            }
        },
        {
            "name": "Shooter Vertical Piece",
            "from": [ 7.200000017881393, 5.499999992549419, 7.600000008940697 ], 
            "to": [ 7.4000000059604645, 7.199999988079071, 8.400000005960464 ], 
            "rotation": { "origin": [ 8.0, 8.0, 8.0 ], "axis": "z", "angle": 22.5 },
            "faces": {
                "north": { "texture": "#bright_gun_texture", "uv": [ 10.0, 6.0, 10.199999988079071, 7.699999995529652 ] },
                "east": { "texture": "#bright_gun_texture", "uv": [ 2.0, 6.0, 2.7999999970197678, 7.699999995529652 ] },
                "south": { "texture": "#bright_gun_texture", "uv": [ 5.0, 9.0, 5.199999988079071, 10.699999995529652 ] },
                "west": { "texture": "#bright_gun_texture", "uv": [ 3.0, 4.0, 3.7999999970197678, 5.699999995529652 ] },
                "up": { "texture": "#bright_gun_texture", "uv": [ 8.0, 6.0, 8.199999988079071, 6.799999997019768 ] },
                "down": { "texture": "#bright_gun_texture", "uv": [ 6.0, 5.0, 6.199999988079071, 5.799999997019768 ] }
            }
        },
        {
            "name": "Shooter Horizontal Piece",
            "from": [ 7.3000000193715096, 5.399999991059303, 7.600000008940697 ], 
            "to": [ 9.700000040233135, 5.699999965727329, 8.400000005960464 ], 
            "rotation": { "origin": [ 8.0, 8.0, 8.0 ], "axis": "z", "angle": 22.5 },
            "faces": {
                "north": { "texture": "#bright_gun_texture", "uv": [ 8.0, 6.0, 10.200000017881393, 6.299999974668026 ] },
                "east": { "texture": "#bright_gun_texture", "uv": [ 6.0, 12.0, 6.799999997019768, 12.299999974668026 ] },
                "south": { "texture": "#bright_gun_texture", "uv": [ 6.0, 5.0, 8.200000017881393, 5.299999974668026 ] },
                "west": { "texture": "#bright_gun_texture", "uv": [ 9.0, 12.0, 9.799999997019768, 12.299999974668026 ] },
                "up": { "texture": "#bright_gun_texture", "uv": [ 4.0, 4.0, 6.200000017881393, 4.799999997019768 ] },
                "down": { "texture": "#bright_gun_texture", "uv": [ 6.0, 12.0, 8.200000017881393, 12.799999997019768 ] }
            }
        },
        {
            "name": "Cube",
            "from": [ -1.3999999910593033, 7.600000008940697, 8.100000001490116 ], 
            "to": [ 7.600000008940697, 8.800000011920929, 9.300000004470348 ], 
            "faces": {
                "north": { "texture": "#normal_gun_texture", "uv": [ 1.0, 6.0, 12.0, 7.0 ] },
                "east": { "texture": "#normal_gun_texture", "uv": [ 2.0, 8.0, 3.0, 9.0 ] },
                "south": { "texture": "#normal_gun_texture", "uv": [ 5.0, 15.0, 13.0, 16.0 ] },
                "west": { "texture": "#normal_gun_texture", "uv": [ 4.0, 0.0, 5.0, 1.0 ] },
                "up": { "texture": "#normal_gun_texture", "uv": [ 6.0, 6.0, 13.0, 7.0 ] },
                "down": { "texture": "#normal_gun_texture", "uv": [ 3.0, 3.0, 16.0, 4.0 ] }
            }
        },
        {
            "name": "Cube",
            "from": [ 7.200000017881393, 7.499999992549419, 7.600000008940697 ], 
            "to": [ 7.4000000059604645, 9.199999988079071, 8.400000005960464 ], 
            "faces": {
                "north": { "texture": "#bright_gun_texture", "uv": [ 10.0, 6.0, 10.199999988079071, 7.699999995529652 ] },
                "east": { "texture": "#bright_gun_texture", "uv": [ 2.0, 6.0, 2.7999999970197678, 7.699999995529652 ] },
                "south": { "texture": "#bright_gun_texture", "uv": [ 5.0, 9.0, 5.199999988079071, 10.699999995529652 ] },
                "west": { "texture": "#bright_gun_texture", "uv": [ 3.0, 4.0, 3.7999999970197678, 5.699999995529652 ] },
                "up": { "texture": "#bright_gun_texture", "uv": [ 8.0, 6.0, 8.199999988079071, 6.799999997019768 ] },
                "down": { "texture": "#bright_gun_texture", "uv": [ 6.0, 5.0, 6.199999988079071, 5.799999997019768 ] }
            }
        },
        {
            "name": "Cube",
            "from": [ -0.7999999821186066, 7.699999995529652, 7.600000008940697 ], 
            "to": [ -0.5999999940395355, 9.199999988079071, 8.400000005960464 ], 
            "faces": {
                "north": { "texture": "#bright_gun_texture", "uv": [ 10.0, 6.0, 10.199999988079071, 7.699999995529652 ] },
                "east": { "texture": "#bright_gun_texture", "uv": [ 2.0, 6.0, 2.7999999970197678, 7.699999995529652 ] },
                "south": { "texture": "#bright_gun_texture", "uv": [ 5.0, 9.0, 5.199999988079071, 10.699999995529652 ] },
                "west": { "texture": "#bright_gun_texture", "uv": [ 3.0, 4.0, 3.7999999970197678, 5.699999995529652 ] },
                "up": { "texture": "#bright_gun_texture", "uv": [ 8.0, 6.0, 8.199999988079071, 6.799999997019768 ] },
                "down": { "texture": "#bright_gun_texture", "uv": [ 6.0, 5.0, 6.199999988079071, 5.799999997019768 ] }
            }
        }
    ],
    "display": {
        "thirdperson_righthand": {
            "rotation": [ 0, 270, -60 ],
            "translation": [ 0, 3, 3 ],
            "scale": [ 0.8, 0.8, 0.8 ]
        },
		"thirdperson_lefthand": {
			"rotation": [ 0, 90, 0 ],
			"translation": [ 0, 0, -2 ],
            "scale": [ 0.8, 0.8, 0.8 ]
        },
        "firstperson_righthand": {
            "rotation": [ 0, -90, 0 ],
            "translation": [ 0, 4, -2 ],
            "scale": [ 0.9, 0.9, 0.9 ]
        },
		"firstperson_lefthand": {
			"rotation": [ 0, 90, -90 ],
			"translation": [ -2, 0, 0 ],
			"scale": [ 0.9, 0.9, 0.9 ]
		},
		"head": {
			"rotation": [ 0, -90, 0 ],
			"translation": [ 0, 12, 0 ],
			"scale": [ 0.9, 0.9, 0.9 ]
		},
        "ground": {
            "rotation": [ 90, 0, 0 ],
            "translation": [ 0, -2, 0 ],
            "scale": [ 0.67, 0.67, 0.67 ]
        },
        "gui": {
            "rotation": [ -20, 30, 0 ],
            "translation": [ 0, 0, 0 ],
            "scale": [ 0.5, 0.5, 0.5 ]
        }
    }
}