{
"__comment": "© Le0, Mineland.eu 2019 | www.mineland.eu",
"textures": {
    "normal_gun_texture": "guns/brokovnice/normal_gun_texture",
    "bright_gun_texture": "guns/brokovnice/bright_gun_texture"
},
"elements":[
{
"from":[10.375,6.75,7.25],
"to":[14.5625,7,8.75],
"faces":{
"down":{"uv":[10.375,7.25,14.5625,8.75],"texture":"#normal_gun_texture"},
"up":{"uv":[10.375,7.25,14.5625,8.75],"texture":"#normal_gun_texture"},
"north":{"uv":[1.4375,9,5.625,9.25],"texture":"#normal_gun_texture"},
"south":{"uv":[10.375,9,14.5625,9.25],"texture":"#normal_gun_texture"},
"west":{"uv":[7.25,9,8.75,9.25],"texture":"#normal_gun_texture"}
}
},
{
"from":[7,7,7],
"to":[15,8,7.5],
"faces":{
"down":{"uv":[7,8.5,15,9],"texture":"#normal_gun_texture"},
"up":{"uv":[7,7,15,7.5],"texture":"#normal_gun_texture"},
"north":{"uv":[1,8,9,9],"texture":"#normal_gun_texture"}
}
},
{
"from":[4,9,7.5],
"to":[15,9.375,8.625],
"faces":{
"down":{"uv":[4,7.375,15,8.5],"texture":"#normal_gun_texture"},
"up":{"uv":[4,7.5,15,8.625],"texture":"#normal_gun_texture"},
"north":{"uv":[1,6.625,12,7],"texture":"#normal_gun_texture"},
"south":{"uv":[4,6.625,15,7],"texture":"#normal_gun_texture"},
"west":{"uv":[7.5,6.625,8.625,7],"texture":"#normal_gun_texture"},
"east":{"uv":[7.375,6.625,8.5,7],"texture":"#normal_gun_texture"}
}
},
{
"from":[7,7,7.5],
"to":[15,9,9],
"faces":{
"down":{"uv":[7,7,15,8.5],"texture":"#normal_gun_texture"},
"up":{"uv":[7,7.5,15,9],"texture":"#normal_gun_texture"},
"north":{"uv":[1,7,9,9],"texture":"#normal_gun_texture"},
"south":{"uv":[7,7,15,9],"texture":"#normal_gun_texture"},
"east":{"uv":[7,7,8.5,9],"texture":"#normal_gun_texture"}
}
},
{
"from":[4,9,7.375],
"to":[8,9.375,7.5],
"faces":{
"down":{"uv":[4,8.5,8,8.625],"texture":"#normal_gun_texture"},
"up":{"uv":[4,7.375,8,7.5],"texture":"#normal_gun_texture"},
"north":{"uv":[8,6.625,12,7],"texture":"#normal_gun_texture"},
"west":{"uv":[7.375,6.625,7.5,7],"texture":"#normal_gun_texture"},
"east":{"uv":[8.5,6.625,8.625,7],"texture":"#normal_gun_texture"}
}
},
{
"from":[10.25,9,7.375],
"to":[15,9.375,7.5],
"faces":{
"down":{"uv":[10.25,8.5,15,8.625],"texture":"#normal_gun_texture"},
"up":{"uv":[10.25,7.375,15,7.5],"texture":"#normal_gun_texture"},
"north":{"uv":[1,6.625,5.75,7],"texture":"#normal_gun_texture"},
"west":{"uv":[7.375,6.625,7.5,7],"texture":"#normal_gun_texture"},
"east":{"uv":[8.5,6.625,8.625,7],"texture":"#normal_gun_texture"}
}
},
{
"from":[7,8,7],
"to":[8,9,7.5],
"faces":{
"up":{"uv":[7,7,8,7.5],"texture":"#normal_gun_texture"},
"north":{"uv":[8,7,9,8],"texture":"#normal_gun_texture"},
"east":{"uv":[8.5,7,9,8],"texture":"#normal_gun_texture"}
}
},
{
"from":[11.375,8,7],
"to":[15,9,7.5],
"faces":{
"up":{"uv":[11.375,7,15,7.5],"texture":"#normal_gun_texture"},
"north":{"uv":[1,7,4.625,8],"texture":"#normal_gun_texture"},
"west":{"uv":[7,7,7.5,8],"texture":"#normal_gun_texture"},
"east":{"uv":[8.5,7,9,8],"texture":"#normal_gun_texture"}
}
},
{
"from":[10.25,8.5,7],
"to":[11.375,9,7.5],
"faces":{
"down":{"uv":[10.25,8.5,11.375,9],"texture":"#normal_gun_texture"},
"up":{"uv":[10.25,7,11.375,7.5],"texture":"#normal_gun_texture"},
"north":{"uv":[4.625,7,5.75,7.5],"texture":"#normal_gun_texture"},
"west":{"uv":[7,7,7.5,7.5],"texture":"#normal_gun_texture"}
}
},
{
"from":[8,9.125,7.375],
"to":[10.25,9.375,7.5],
"faces":{
"down":{"uv":[8,8.5,10.25,8.625],"texture":"#normal_gun_texture"},
"up":{"uv":[8,7.375,10.25,7.5],"texture":"#normal_gun_texture"},
"north":{"uv":[5.75,6.625,8,6.875],"texture":"#normal_gun_texture"}
}
},
{
"from":[8,8,7.4975],
"to":[10.25,9.25,7.7475],
"faces":{
"north":{"uv":[5.75,6.75,8,8],"texture":"#bright_gun_texture"},
"south":{"uv":[8,6.75,10.25,8],"texture":"#bright_gun_texture"},
"west":{"uv":[7.4975,6.75,7.7475,8],"texture":"#bright_gun_texture"},
"east":{"uv":[8.252501,6.75,8.502501,8],"texture":"#bright_gun_texture"}
}
},
{
"from":[8.375,8.125,6.5],
"to":[8.75,8.5,7.5],
"faces":{
"down":{"uv":[8.375,8.5,8.75,9.5],"texture":"#normal_gun_texture"},
"up":{"uv":[8.375,6.5,8.75,7.5],"texture":"#normal_gun_texture"},
"north":{"uv":[7.25,7.5,7.625,7.875],"texture":"#normal_gun_texture"},
"west":{"uv":[6.5,7.5,7.5,7.875],"texture":"#normal_gun_texture"},
"east":{"uv":[8.5,7.5,9.5,7.875],"texture":"#normal_gun_texture"}
}
},
{
"from":[6,6.625,7.25],
"to":[8,7,8.75],
"faces":{
"down":{"uv":[6,7.25,8,8.75],"texture":"#normal_gun_texture"},
"up":{"uv":[6,7.25,8,8.75],"texture":"#normal_gun_texture"},
"north":{"uv":[8,9,10,9.375],"texture":"#normal_gun_texture"},
"south":{"uv":[6,9,8,9.375],"texture":"#normal_gun_texture"},
"west":{"uv":[7.25,9,8.75,9.375],"texture":"#normal_gun_texture"},
"east":{"uv":[7.25,9,8.75,9.375],"texture":"#normal_gun_texture"}
}
},
{
"from":[8,6.75,7.25],
"to":[10.375,7,7.5],
"faces":{
"down":{"uv":[8,8.5,10.375,8.75],"texture":"#normal_gun_texture"},
"north":{"uv":[5.625,9,8,9.25],"texture":"#normal_gun_texture"},
"south":{"uv":[8,9,10.375,9.25],"texture":"#normal_gun_texture"}
}
},
{
"from":[8,6.75,8.5],
"to":[10.375,7,8.75],
"faces":{
"down":{"uv":[8,7.25,10.375,7.5],"texture":"#normal_gun_texture"},
"north":{"uv":[5.625,9,8,9.25],"texture":"#normal_gun_texture"},
"south":{"uv":[8,9,10.375,9.25],"texture":"#normal_gun_texture"}
}
},
{
"from":[8,6.93,7.5],
"to":[10.375,7.18,8.5],
"faces":{
"down":{"uv":[8,7.5,10.375,8.5],"texture":"#bright_gun_texture"},
"north":{"uv":[5.625,8.82,8,9.07],"texture":"#bright_gun_texture"},
"south":{"uv":[8,8.82,10.375,9.07],"texture":"#bright_gun_texture"},
"west":{"uv":[7.5,8.82,8.5,9.07],"texture":"#bright_gun_texture"},
"east":{"uv":[7.5,8.82,8.5,9.07],"texture":"#bright_gun_texture"}
}
},
{
"from":[-3,7,7],
"to":[7,9,9],
"faces":{
"down":{"uv":[0,7,7,9],"texture":"#normal_gun_texture"},
"up":{"uv":[0,7,7,9],"texture":"#normal_gun_texture"},
"north":{"uv":[9,7,16,9],"texture":"#normal_gun_texture"},
"south":{"uv":[0,7,7,9],"texture":"#normal_gun_texture"},
"west":{"uv":[7,7,9,9],"texture":"#normal_gun_texture"}
}
},
{
"from":[6.75,6.875,6.875],
"to":[7,9.125,9.125],
"faces":{
"down":{"uv":[6.75,6.875,7,9.125],"texture":"#bright_gun_texture"},
"north":{"uv":[9,6.875,9.25,9.125],"texture":"#bright_gun_texture"},
"south":{"uv":[6.75,6.875,7,9.125],"texture":"#bright_gun_texture"},
"west":{"uv":[6.875,6.875,9.125,9.125],"texture":"#bright_gun_texture"},
"east":{"uv":[6.875,6.875,9.125,9.125],"texture":"#bright_gun_texture"}
}
},
{
"from":[3.75,9.125,6.875],
"to":[7,9.5,9.125],
"faces":{
"down":{"uv":[3.75,6.875,7,9.125],"texture":"#bright_gun_texture"},
"up":{"uv":[3.75,6.875,7,9.125],"texture":"#bright_gun_texture"},
"north":{"uv":[9,6.5,12.25,6.875],"texture":"#bright_gun_texture"},
"south":{"uv":[3.75,6.5,7,6.875],"texture":"#bright_gun_texture"},
"west":{"uv":[6.875,6.5,9.125,6.875],"texture":"#bright_gun_texture"},
"east":{"uv":[6.875,6.5,9.125,6.875],"texture":"#bright_gun_texture"}
}
},
{
"from":[6.75,6.5,7.125],
"to":[7,6.875,8.875],
"faces":{
"down":{"uv":[6.75,7.125,7,8.875],"texture":"#bright_gun_texture"},
"north":{"uv":[9,9.125,9.25,9.5],"texture":"#bright_gun_texture"},
"south":{"uv":[6.75,9.125,7,9.5],"texture":"#bright_gun_texture"},
"west":{"uv":[7.125,9.125,8.875,9.5],"texture":"#bright_gun_texture"},
"east":{"uv":[7.125,9.125,8.875,9.5],"texture":"#bright_gun_texture"}
}
},
{
"from":[3.0625,9.125,6.875],
"to":[3.40625,9.375,7.5625],
"faces":{
"down":{"uv":[3.0625,8.4375,3.40625,9.125],"texture":"#bright_gun_texture"},
"up":{"uv":[3.0625,6.875,3.40625,7.5625],"texture":"#bright_gun_texture"},
"north":{"uv":[12.59375,6.625,12.9375,6.875],"texture":"#bright_gun_texture"},
"west":{"uv":[6.875,6.625,7.5625,6.875],"texture":"#bright_gun_texture"}
}
},
{
"from":[2.7188,9.125,8.75],
"to":[3.06255,9.3125,9.125],
"faces":{
"up":{"uv":[2.71875,8.75,3.0625,9.125],"texture":"#bright_gun_texture"},
"north":{"uv":[12.9375,6.6875,13.28125,6.875],"texture":"#bright_gun_texture"},
"south":{"uv":[2.71875,6.6875,3.0625,6.875],"texture":"#bright_gun_texture"},
"west":{"uv":[8.75,6.6875,9.125,6.875],"texture":"#bright_gun_texture"}
}
},
{
"from":[6.125,6.625,8.875],
"to":[7,6.875,9],
"faces":{
"down":{"uv":[6.125,7,7,7.125],"texture":"#bright_gun_texture"},
"up":{"uv":[6.125,8.875,7,9],"texture":"#bright_gun_texture"},
"north":{"uv":[9,9.125,9.875,9.375],"texture":"#bright_gun_texture"},
"south":{"uv":[6.125,9.125,7,9.375],"texture":"#bright_gun_texture"},
"west":{"uv":[8.875,9.125,9,9.375],"texture":"#bright_gun_texture"},
"east":{"uv":[7,9.125,7.125,9.375],"texture":"#bright_gun_texture"}
}
},
{
"from":[6.125,6.625,7],
"to":[7,6.875,7.125],
"faces":{
"down":{"uv":[6.125,8.875,7,9],"texture":"#bright_gun_texture"},
"up":{"uv":[6.125,7,7,7.125],"texture":"#bright_gun_texture"},
"north":{"uv":[9,9.125,9.875,9.375],"texture":"#bright_gun_texture"},
"south":{"uv":[6.125,9.125,7,9.375],"texture":"#bright_gun_texture"},
"west":{"uv":[7,9.125,7.125,9.375],"texture":"#bright_gun_texture"},
"east":{"uv":[8.875,9.125,9,9.375],"texture":"#bright_gun_texture"}
}
},
{
"from":[-2.125,6.375,6.75],
"to":[4.5,8.25,9.25],
"faces":{
"down":{"uv":[0,6.75,4.5,9.25],"texture":"#normal_gun_texture"},
"up":{"uv":[0,6.75,4.5,9.25],"texture":"#normal_gun_texture"},
"north":{"uv":[11.5,7.75,16,9.625],"texture":"#normal_gun_texture"},
"south":{"uv":[0,7.75,4.5,9.625],"texture":"#normal_gun_texture"},
"west":{"uv":[6.75,7.75,9.25,9.625],"texture":"#normal_gun_texture"},
"east":{"uv":[6.75,7.75,9.25,9.625],"texture":"#normal_gun_texture"}
}
},
{
"from":[-3,6.375,6.75],
"to":[-2.125,7.89,9.25],
"faces":{
"down":{"uv":[13,6.75,13.875,9.25],"texture":"#normal_gun_texture"},
"up":{"uv":[13,6.75,13.875,9.25],"texture":"#normal_gun_texture"},
"north":{"uv":[2.125,8.110001,3,9.625],"texture":"#normal_gun_texture"},
"south":{"uv":[13,8.110001,13.875,9.625],"texture":"#normal_gun_texture"},
"west":{"uv":[6.75,8.110001,9.25,9.625],"texture":"#normal_gun_texture"}
}
},
{
"from":[4,6.125,6.875],
"to":[4.625,6.375,9.125],
"faces":{
"down":{"uv":[4,6.875,4.625,9.125],"texture":"#normal_gun_texture"},
"up":{"uv":[4,6.875,4.625,9.125],"texture":"#normal_gun_texture"},
"north":{"uv":[11.375,9.625,12,9.875],"texture":"#normal_gun_texture"},
"south":{"uv":[4,9.625,4.625,9.875],"texture":"#normal_gun_texture"},
"west":{"uv":[6.875,9.625,9.125,9.875],"texture":"#normal_gun_texture"},
"east":{"uv":[6.875,9.625,9.125,9.875],"texture":"#normal_gun_texture"}
}
},
{
"from":[-3,6.125,6.875],
"to":[0.25,6.375,9.125],
"faces":{
"down":{"uv":[0,6.875,0.25,9.125],"texture":"#normal_gun_texture"},
"up":{"uv":[0,6.875,0.25,9.125],"texture":"#normal_gun_texture"},
"north":{"uv":[15.75,9.625,16,9.875],"texture":"#normal_gun_texture"},
"south":{"uv":[0,9.625,0.25,9.875],"texture":"#normal_gun_texture"},
"west":{"uv":[6.875,9.625,9.125,9.875],"texture":"#normal_gun_texture"},
"east":{"uv":[6.875,9.625,9.125,9.875],"texture":"#normal_gun_texture"}
}
},
{
"from":[4.125,5.875,7],
"to":[4.625,6.125,9],
"faces":{
"down":{"uv":[4.125,7,4.625,9],"texture":"#normal_gun_texture"},
"north":{"uv":[11.375,9.875,11.875,10.125],"texture":"#normal_gun_texture"},
"south":{"uv":[4.125,9.875,4.625,10.125],"texture":"#normal_gun_texture"},
"west":{"uv":[7,9.875,9,10.125],"texture":"#normal_gun_texture"},
"east":{"uv":[7,9.875,9,10.125],"texture":"#normal_gun_texture"}
}
},
{
"from":[-1.75,5.875,7],
"to":[-0.625,6.125,9],
"faces":{
"down":{"uv":[14.25,7,15.375,9],"texture":"#normal_gun_texture"},
"north":{"uv":[0.625,9.875,1.75,10.125],"texture":"#normal_gun_texture"},
"south":{"uv":[14.25,9.875,15.375,10.125],"texture":"#normal_gun_texture"},
"west":{"uv":[7,9.875,9,10.125],"texture":"#normal_gun_texture"},
"east":{"uv":[7,9.875,9,10.125],"texture":"#normal_gun_texture"}
}
},
{
"from":[-2.2375,6.099,7],
"to":[-1.6075,6.349,9],
"rotation":{"origin":[-2.237499,6.349,7],"axis":"z","angle":-22.5},
"faces":{
"down":{"uv":[13.66683,7,14.29683,9],"texture":"#normal_gun_texture"},
"up":{"uv":[13.66683,7,14.29683,9],"texture":"#normal_gun_texture"},
"north":{"uv":[1.703171,9.631969,2.333172,9.881969],"texture":"#normal_gun_texture"},
"south":{"uv":[13.66683,9.631969,14.29683,9.881969],"texture":"#normal_gun_texture"}
}
},
{
"from":[-0.719,5.855,7],
"to":[-0.06900001,6.105,9],
"rotation":{"origin":[-0.7189999,6.105,7],"axis":"z","angle":22.5},
"faces":{
"down":{"uv":[0,7,0.02667087,9],"texture":"#normal_gun_texture"},
"up":{"uv":[0,7,0.02667087,9],"texture":"#normal_gun_texture"},
"north":{"uv":[15.97333,9.87597,16,10.12597],"texture":"#normal_gun_texture"},
"south":{"uv":[0,9.87597,0.02667087,10.12597],"texture":"#normal_gun_texture"}
}
},
{
"from":[-2.99,7.515,6.75],
"to":[-2.0525,7.89,9.25],
"rotation":{"origin":[-2.99,7.89,6.75],"axis":"z","angle":22.5},
"faces":{
"down":{"uv":[13.15351,6.75,14.09101,9.25],"texture":"#normal_gun_texture"},
"up":{"uv":[13.15351,6.75,14.09101,9.25],"texture":"#normal_gun_texture"},
"north":{"uv":[1.908993,8.081455,2.846493,8.456455],"texture":"#normal_gun_texture"},
"south":{"uv":[13.15351,8.081455,14.09101,8.456455],"texture":"#normal_gun_texture"}
}
},
{
"from":[-3.125,7.75,6.9375],
"to":[6.75,8.25,9.0625],
"faces":{
"down":{"uv":[0,6.9375,6.75,9.0625],"texture":"#bright_gun_texture"},
"north":{"uv":[9.25,7.75,16,8.25],"texture":"#bright_gun_texture"},
"south":{"uv":[0,7.75,6.75,8.25],"texture":"#bright_gun_texture"},
"west":{"uv":[6.9375,7.75,9.0625,8.25],"texture":"#bright_gun_texture"}
}
},
{
"from":[-3,8.75,6.875],
"to":[6.75,8.9375,9.125],
"faces":{
"down":{"uv":[0,6.875,6.75,9.125],"texture":"#bright_gun_texture"},
"up":{"uv":[0,6.875,6.75,9.125],"texture":"#bright_gun_texture"},
"north":{"uv":[9.25,7.0625,16,7.25],"texture":"#bright_gun_texture"},
"south":{"uv":[0,7.0625,6.75,7.25],"texture":"#bright_gun_texture"}
}
},
{
"from":[-3.125,8.25,6.875],
"to":[6.75,8.375,9.125],
"faces":{
"down":{"uv":[0,6.875,6.75,9.125],"texture":"#bright_gun_texture"},
"up":{"uv":[0,6.875,6.75,9.125],"texture":"#bright_gun_texture"},
"north":{"uv":[9.25,7.625,16,7.75],"texture":"#bright_gun_texture"},
"south":{"uv":[0,7.625,6.75,7.75],"texture":"#bright_gun_texture"},
"west":{"uv":[6.875,7.625,9.125,7.75],"texture":"#bright_gun_texture"}
}
},
{
"from":[-3.125,9,6.875],
"to":[-3,9.17677,9.125],
"rotation":{"origin":[-3.125,9,6.875],"axis":"z","angle":-45},
"faces":{
"up":{"uv":[12.875,6.875,13,9.125],"texture":"#bright_gun_texture"},
"north":{"uv":[3,6.82323,3.125,7],"texture":"#bright_gun_texture"},
"south":{"uv":[12.875,6.82323,13,7],"texture":"#bright_gun_texture"},
"west":{"uv":[6.875,6.82323,9.125,7],"texture":"#bright_gun_texture"},
"east":{"uv":[6.875,6.82323,9.125,7],"texture":"#bright_gun_texture"}
}
},
{
"from":[-3.125,8.375,6.875],
"to":[-2.875,8.75,9.125],
"faces":{
"up":{"uv":[12.875,6.875,13.125,9.125],"texture":"#bright_gun_texture"},
"north":{"uv":[2.875,7.25,3.125,7.625],"texture":"#bright_gun_texture"},
"south":{"uv":[12.875,7.25,13.125,7.625],"texture":"#bright_gun_texture"},
"west":{"uv":[6.875,7.25,9.125,7.625],"texture":"#bright_gun_texture"},
"east":{"uv":[6.875,7.25,9.125,7.625],"texture":"#bright_gun_texture"}
}
},
{
"from":[5.3125,9.5,7.5],
"to":[6.1875,9.625,8.5],
"faces":{
"up":{"uv":[5.3125,7.5,6.1875,8.5],"texture":"#normal_gun_texture"},
"north":{"uv":[9.8125,6.375,10.6875,6.5],"texture":"#normal_gun_texture"},
"south":{"uv":[5.3125,6.375,6.1875,6.5],"texture":"#normal_gun_texture"},
"west":{"uv":[7.5,6.375,8.5,6.5],"texture":"#normal_gun_texture"},
"east":{"uv":[7.5,6.375,8.5,6.5],"texture":"#normal_gun_texture"}
}
},
{
"from":[-2,8.375,6.875],
"to":[-1.75,8.75,9.125],
"faces":{
"north":{"uv":[1.75,7.25,2,7.625],"texture":"#bright_gun_texture"},
"south":{"uv":[14,7.25,14.25,7.625],"texture":"#bright_gun_texture"},
"west":{"uv":[6.875,7.25,9.125,7.625],"texture":"#bright_gun_texture"},
"east":{"uv":[6.875,7.25,9.125,7.625],"texture":"#bright_gun_texture"}
}
},
{
"from":[-0.75,8.375,6.875],
"to":[-0.5,8.75,9.125],
"faces":{
"north":{"uv":[0.5,7.25,0.75,7.625],"texture":"#bright_gun_texture"},
"south":{"uv":[15.25,7.25,15.5,7.625],"texture":"#bright_gun_texture"},
"west":{"uv":[6.875,7.25,9.125,7.625],"texture":"#bright_gun_texture"},
"east":{"uv":[6.875,7.25,9.125,7.625],"texture":"#bright_gun_texture"}
}
},
{
"from":[0.5,8.375,6.875],
"to":[0.75,8.75,9.125],
"faces":{
"north":{"uv":[15.25,7.25,15.5,7.625],"texture":"#bright_gun_texture"},
"south":{"uv":[0.5,7.25,0.75,7.625],"texture":"#bright_gun_texture"},
"west":{"uv":[6.875,7.25,9.125,7.625],"texture":"#bright_gun_texture"},
"east":{"uv":[6.875,7.25,9.125,7.625],"texture":"#bright_gun_texture"}
}
},
{
"from":[1.75,8.375,6.875],
"to":[2,8.75,9.125],
"faces":{
"north":{"uv":[14,7.25,14.25,7.625],"texture":"#bright_gun_texture"},
"south":{"uv":[1.75,7.25,2,7.625],"texture":"#bright_gun_texture"},
"west":{"uv":[6.875,7.25,9.125,7.625],"texture":"#bright_gun_texture"},
"east":{"uv":[6.875,7.25,9.125,7.625],"texture":"#bright_gun_texture"}
}
},
{
"from":[3,8.375,6.875],
"to":[3.25,8.75,9.125],
"faces":{
"north":{"uv":[12.75,7.25,13,7.625],"texture":"#bright_gun_texture"},
"south":{"uv":[3,7.25,3.25,7.625],"texture":"#bright_gun_texture"},
"west":{"uv":[6.875,7.25,9.125,7.625],"texture":"#bright_gun_texture"},
"east":{"uv":[6.875,7.25,9.125,7.625],"texture":"#bright_gun_texture"}
}
},
{
"from":[4.25,8.375,6.875],
"to":[4.5,8.75,9.125],
"faces":{
"north":{"uv":[11.5,7.25,11.75,7.625],"texture":"#bright_gun_texture"},
"south":{"uv":[4.25,7.25,4.5,7.625],"texture":"#bright_gun_texture"},
"west":{"uv":[6.875,7.25,9.125,7.625],"texture":"#bright_gun_texture"},
"east":{"uv":[6.875,7.25,9.125,7.625],"texture":"#bright_gun_texture"}
}
},
{
"from":[5.5,8.375,6.875],
"to":[5.75,8.75,9.125],
"faces":{
"north":{"uv":[10.25,7.25,10.5,7.625],"texture":"#bright_gun_texture"},
"south":{"uv":[5.5,7.25,5.75,7.625],"texture":"#bright_gun_texture"},
"west":{"uv":[6.875,7.25,9.125,7.625],"texture":"#bright_gun_texture"},
"east":{"uv":[6.875,7.25,9.125,7.625],"texture":"#bright_gun_texture"}
}
},
{
"from":[-3,8.9375,6.875],
"to":[6.75,9.125,7.25],
"faces":{
"up":{"uv":[0,6.875,6.75,7.25],"texture":"#bright_gun_texture"},
"north":{"uv":[9.25,6.875,16,7.0625],"texture":"#bright_gun_texture"},
"south":{"uv":[0,6.875,6.75,7.0625],"texture":"#bright_gun_texture"},
"west":{"uv":[6.875,6.875,7.25,7.0625],"texture":"#bright_gun_texture"}
}
},
{
"from":[-3,8.9375,8.75],
"to":[6.75,9.125,9.125],
"faces":{
"up":{"uv":[0,8.75,6.75,9.125],"texture":"#bright_gun_texture"},
"north":{"uv":[9.25,6.875,16,7.0625],"texture":"#bright_gun_texture"},
"south":{"uv":[0,6.875,6.75,7.0625],"texture":"#bright_gun_texture"},
"west":{"uv":[8.75,6.875,9.125,7.0625],"texture":"#bright_gun_texture"}
}
},
{
"from":[4.625,7.625,6.875],
"to":[6.75,7.75,9.125],
"faces":{
"down":{"uv":[4.625,6.875,6.75,9.125],"texture":"#bright_gun_texture"},
"up":{"uv":[4.625,6.875,6.75,9.125],"texture":"#bright_gun_texture"},
"north":{"uv":[9.25,8.25,11.375,8.375],"texture":"#bright_gun_texture"},
"south":{"uv":[4.625,8.25,6.75,8.375],"texture":"#bright_gun_texture"}
}
},
{
"from":[4.625,6.875,6.875],
"to":[6.75,7,9.125],
"faces":{
"down":{"uv":[4.625,6.875,6.75,9.125],"texture":"#bright_gun_texture"},
"up":{"uv":[4.625,6.875,6.75,9.125],"texture":"#bright_gun_texture"},
"north":{"uv":[9.25,9,11.375,9.125],"texture":"#bright_gun_texture"},
"south":{"uv":[4.625,9,6.75,9.125],"texture":"#bright_gun_texture"}
}
},
{
"from":[4.625,7.25,6.875],
"to":[6.75,7.375,9.125],
"faces":{
"down":{"uv":[4.625,6.875,6.75,9.125],"texture":"#bright_gun_texture"},
"up":{"uv":[4.625,6.875,6.75,9.125],"texture":"#bright_gun_texture"},
"north":{"uv":[9.25,8.625,11.375,8.75],"texture":"#bright_gun_texture"},
"south":{"uv":[4.625,8.625,6.75,8.75],"texture":"#bright_gun_texture"}
}
},
{
"from":[5.5,7,6.875],
"to":[5.75,7.25,9.125],
"faces":{
"north":{"uv":[10.25,8.75,10.5,9],"texture":"#bright_gun_texture"},
"south":{"uv":[5.5,8.75,5.75,9],"texture":"#bright_gun_texture"},
"west":{"uv":[6.875,8.75,9.125,9],"texture":"#bright_gun_texture"},
"east":{"uv":[6.875,8.75,9.125,9],"texture":"#bright_gun_texture"}
}
},
{
"from":[4.625,7.375,6.875],
"to":[5.125,7.625,9.125],
"faces":{
"north":{"uv":[10.875,8.375,11.375,8.625],"texture":"#bright_gun_texture"},
"south":{"uv":[4.625,8.375,5.125,8.625],"texture":"#bright_gun_texture"},
"east":{"uv":[6.875,8.375,9.125,8.625],"texture":"#bright_gun_texture"}
}
},
{
"from":[6.125,7.375,6.875],
"to":[6.75,7.625,9.125],
"faces":{
"north":{"uv":[9.25,8.375,9.875,8.625],"texture":"#bright_gun_texture"},
"south":{"uv":[6.125,8.375,6.75,8.625],"texture":"#bright_gun_texture"},
"west":{"uv":[6.875,8.375,9.125,8.625],"texture":"#bright_gun_texture"}
}
},
{
"from":[4.625,6.5,7.125],
"to":[6.75,6.625,8.875],
"faces":{
"down":{"uv":[4.625,7.125,6.75,8.875],"texture":"#bright_gun_texture"},
"up":{"uv":[4.625,7.125,6.75,8.875],"texture":"#bright_gun_texture"},
"north":{"uv":[9.25,9.375,11.375,9.5],"texture":"#bright_gun_texture"},
"south":{"uv":[4.625,9.375,6.75,9.5],"texture":"#bright_gun_texture"}
}
},
{
"from":[4.625,6.625,8.875],
"to":[5.1875,6.875,9],
"faces":{
"down":{"uv":[4.625,7,5.1875,7.125],"texture":"#bright_gun_texture"},
"north":{"uv":[10.8125,9.125,11.375,9.375],"texture":"#bright_gun_texture"},
"south":{"uv":[4.625,9.125,5.1875,9.375],"texture":"#bright_gun_texture"},
"east":{"uv":[7,9.125,7.125,9.375],"texture":"#bright_gun_texture"}
}
},
{
"from":[4.625,6.625,7],
"to":[5.1875,6.875,7.125],
"faces":{
"down":{"uv":[4.625,8.875,5.1875,9],"texture":"#bright_gun_texture"},
"north":{"uv":[10.8125,9.125,11.375,9.375],"texture":"#bright_gun_texture"},
"south":{"uv":[4.625,9.125,5.1875,9.375],"texture":"#bright_gun_texture"},
"east":{"uv":[8.875,9.125,9,9.375],"texture":"#bright_gun_texture"}
}
},
{
"from":[-3.125,6.9375,6.875],
"to":[-3,7.75,9.125],
"faces":{
"down":{"uv":[12.875,6.875,13,9.125],"texture":"#bright_gun_texture"},
"up":{"uv":[12.875,6.875,13,9.125],"texture":"#bright_gun_texture"},
"north":{"uv":[3,8.25,3.125,9.0625],"texture":"#bright_gun_texture"},
"south":{"uv":[12.875,8.25,13,9.0625],"texture":"#bright_gun_texture"},
"west":{"uv":[6.875,8.25,9.125,9.0625],"texture":"#bright_gun_texture"}
}
},
{
"from":[-3.125,6.5,7.25],
"to":[-3,6.9375,8.75],
"faces":{
"down":{"uv":[12.875,7.25,13,8.75],"texture":"#bright_gun_texture"},
"north":{"uv":[3,9.0625,3.125,9.5],"texture":"#bright_gun_texture"},
"south":{"uv":[12.875,9.0625,13,9.5],"texture":"#bright_gun_texture"},
"west":{"uv":[7.25,9.0625,8.75,9.5],"texture":"#bright_gun_texture"}
}
},
{
"from":[-3.125,6.625,7],
"to":[-3,6.9375,7.25],
"faces":{
"down":{"uv":[12.875,8.75,13,9],"texture":"#bright_gun_texture"},
"north":{"uv":[3,9.0625,3.125,9.375],"texture":"#bright_gun_texture"},
"west":{"uv":[7,9.0625,7.25,9.375],"texture":"#bright_gun_texture"}
}
},
{
"from":[-3.125,6.625,8.75],
"to":[-3,6.9375,9],
"faces":{
"down":{"uv":[12.875,7,13,7.25],"texture":"#bright_gun_texture"},
"south":{"uv":[12.875,9.0625,13,9.375],"texture":"#bright_gun_texture"},
"west":{"uv":[8.75,9.0625,9,9.375],"texture":"#bright_gun_texture"}
}
},
{
"from":[-3,8.9375,7.5625],
"to":[3.75,9.125,7.8125],
"faces":{
"up":{"uv":[0,7.5625,3.75,7.8125],"texture":"#bright_gun_texture"},
"north":{"uv":[12.25,6.875,16,7.0625],"texture":"#bright_gun_texture"},
"south":{"uv":[0,6.875,3.75,7.0625],"texture":"#bright_gun_texture"},
"west":{"uv":[7.5625,6.875,7.8125,7.0625],"texture":"#bright_gun_texture"},
"east":{"uv":[8.1875,6.875,8.4375,7.0625],"texture":"#bright_gun_texture"}
}
},
{
"from":[-3,8.9375,8.1875],
"to":[3.75,9.125,8.4375],
"faces":{
"up":{"uv":[0,8.1875,3.75,8.4375],"texture":"#bright_gun_texture"},
"north":{"uv":[12.25,6.875,16,7.0625],"texture":"#bright_gun_texture"},
"south":{"uv":[0,6.875,3.75,7.0625],"texture":"#bright_gun_texture"},
"west":{"uv":[8.1875,6.875,8.4375,7.0625],"texture":"#bright_gun_texture"},
"east":{"uv":[7.5625,6.875,7.8125,7.0625],"texture":"#bright_gun_texture"}
}
},
{
"from":[-2,8.875,7.25],
"to":[-1.75,9.125,7.5625],
"faces":{
"up":{"uv":[14,7.25,14.25,7.5625],"texture":"#bright_gun_texture"},
"north":{"uv":[1.75,6.875,2,7.125],"texture":"#bright_gun_texture"},
"south":{"uv":[14,6.875,14.25,7.125],"texture":"#bright_gun_texture"},
"west":{"uv":[7.25,6.875,7.5625,7.125],"texture":"#bright_gun_texture"},
"east":{"uv":[8.4375,6.875,8.75,7.125],"texture":"#bright_gun_texture"}
}
},
{
"from":[-2,8.875,8.4375],
"to":[-1.75,9.125,8.75],
"faces":{
"up":{"uv":[14,8.4375,14.25,8.75],"texture":"#bright_gun_texture"},
"north":{"uv":[1.75,6.875,2,7.125],"texture":"#bright_gun_texture"},
"south":{"uv":[14,6.875,14.25,7.125],"texture":"#bright_gun_texture"},
"west":{"uv":[8.4375,6.875,8.75,7.125],"texture":"#bright_gun_texture"},
"east":{"uv":[7.25,6.875,7.5625,7.125],"texture":"#bright_gun_texture"}
}
},
{
"from":[-3,8.875,8.4375],
"to":[-2.875,9.125,8.75],
"faces":{
"up":{"uv":[13,8.4375,13.125,8.75],"texture":"#bright_gun_texture"},
"north":{"uv":[2.875,6.875,3,7.125],"texture":"#bright_gun_texture"},
"south":{"uv":[13,6.875,13.125,7.125],"texture":"#bright_gun_texture"},
"west":{"uv":[8.4375,6.875,8.75,7.125],"texture":"#bright_gun_texture"},
"east":{"uv":[7.25,6.875,7.5625,7.125],"texture":"#bright_gun_texture"}
}
},
{
"from":[-3,8.875,7.25],
"to":[-2.875,9.125,7.5625],
"faces":{
"up":{"uv":[13,7.25,13.125,7.5625],"texture":"#bright_gun_texture"},
"north":{"uv":[2.875,6.875,3,7.125],"texture":"#bright_gun_texture"},
"south":{"uv":[13,6.875,13.125,7.125],"texture":"#bright_gun_texture"},
"west":{"uv":[7.25,6.875,7.5625,7.125],"texture":"#bright_gun_texture"},
"east":{"uv":[8.4375,6.875,8.75,7.125],"texture":"#bright_gun_texture"}
}
},
{
"from":[-3,8.875,7.8125],
"to":[-2.375,9.125,8.1875],
"faces":{
"up":{"uv":[13,7.8125,13.625,8.1875],"texture":"#bright_gun_texture"},
"north":{"uv":[2.375,6.875,3,7.125],"texture":"#bright_gun_texture"},
"south":{"uv":[13,6.875,13.625,7.125],"texture":"#bright_gun_texture"},
"west":{"uv":[7.8125,6.875,8.1875,7.125],"texture":"#bright_gun_texture"},
"east":{"uv":[7.8125,6.875,8.1875,7.125],"texture":"#bright_gun_texture"}
}
},
{
"from":[-0.75,8.875,8.4375],
"to":[-0.5,9.125,8.75],
"faces":{
"up":{"uv":[15.25,8.4375,15.5,8.75],"texture":"#bright_gun_texture"},
"north":{"uv":[0.5,6.875,0.75,7.125],"texture":"#bright_gun_texture"},
"south":{"uv":[15.25,6.875,15.5,7.125],"texture":"#bright_gun_texture"},
"west":{"uv":[8.4375,6.875,8.75,7.125],"texture":"#bright_gun_texture"},
"east":{"uv":[7.25,6.875,7.5625,7.125],"texture":"#bright_gun_texture"}
}
},
{
"from":[0.5,8.875,8.4375],
"to":[0.75,9.125,8.75],
"faces":{
"up":{"uv":[0.5,8.4375,0.75,8.75],"texture":"#bright_gun_texture"},
"north":{"uv":[15.25,6.875,15.5,7.125],"texture":"#bright_gun_texture"},
"south":{"uv":[0.5,6.875,0.75,7.125],"texture":"#bright_gun_texture"},
"west":{"uv":[8.4375,6.875,8.75,7.125],"texture":"#bright_gun_texture"},
"east":{"uv":[7.25,6.875,7.5625,7.125],"texture":"#bright_gun_texture"}
}
},
{
"from":[1.75,8.875,8.4375],
"to":[2,9.125,8.75],
"faces":{
"up":{"uv":[1.75,8.4375,2,8.75],"texture":"#bright_gun_texture"},
"north":{"uv":[14,6.875,14.25,7.125],"texture":"#bright_gun_texture"},
"south":{"uv":[1.75,6.875,2,7.125],"texture":"#bright_gun_texture"},
"west":{"uv":[8.4375,6.875,8.75,7.125],"texture":"#bright_gun_texture"},
"east":{"uv":[7.25,6.875,7.5625,7.125],"texture":"#bright_gun_texture"}
}
},
{
"from":[-0.75,8.875,7.25],
"to":[-0.5,9.125,7.5625],
"faces":{
"up":{"uv":[15.25,7.25,15.5,7.5625],"texture":"#bright_gun_texture"},
"north":{"uv":[0.5,6.875,0.75,7.125],"texture":"#bright_gun_texture"},
"south":{"uv":[15.25,6.875,15.5,7.125],"texture":"#bright_gun_texture"},
"west":{"uv":[7.25,6.875,7.5625,7.125],"texture":"#bright_gun_texture"},
"east":{"uv":[8.4375,6.875,8.75,7.125],"texture":"#bright_gun_texture"}
}
},
{
"from":[0.5,8.875,7.25],
"to":[0.75,9.125,7.5625],
"faces":{
"up":{"uv":[0.5,7.25,0.75,7.5625],"texture":"#bright_gun_texture"},
"north":{"uv":[15.25,6.875,15.5,7.125],"texture":"#bright_gun_texture"},
"south":{"uv":[0.5,6.875,0.75,7.125],"texture":"#bright_gun_texture"},
"west":{"uv":[7.25,6.875,7.5625,7.125],"texture":"#bright_gun_texture"},
"east":{"uv":[8.4375,6.875,8.75,7.125],"texture":"#bright_gun_texture"}
}
},
{
"from":[1.75,8.875,7.25],
"to":[2,9.125,7.5625],
"faces":{
"up":{"uv":[1.75,7.25,2,7.5625],"texture":"#bright_gun_texture"},
"north":{"uv":[14,6.875,14.25,7.125],"texture":"#bright_gun_texture"},
"south":{"uv":[1.75,6.875,2,7.125],"texture":"#bright_gun_texture"},
"west":{"uv":[7.25,6.875,7.5625,7.125],"texture":"#bright_gun_texture"},
"east":{"uv":[8.4375,6.875,8.75,7.125],"texture":"#bright_gun_texture"}
}
},
{
"from":[-1.375,8.875,7.8125],
"to":[-1.125,9.125,8.1875],
"faces":{
"up":{"uv":[14.625,7.8125,14.875,8.1875],"texture":"#bright_gun_texture"},
"north":{"uv":[1.125,6.875,1.375,7.125],"texture":"#bright_gun_texture"},
"south":{"uv":[14.625,6.875,14.875,7.125],"texture":"#bright_gun_texture"},
"west":{"uv":[7.8125,6.875,8.1875,7.125],"texture":"#bright_gun_texture"},
"east":{"uv":[7.8125,6.875,8.1875,7.125],"texture":"#bright_gun_texture"}
}
},
{
"from":[-0.125,8.875,7.8125],
"to":[0.125,9.125,8.1875],
"faces":{
"up":{"uv":[0,7.8125,0.125,8.1875],"texture":"#bright_gun_texture"},
"north":{"uv":[15.875,6.875,16,7.125],"texture":"#bright_gun_texture"},
"south":{"uv":[0,6.875,0.125,7.125],"texture":"#bright_gun_texture"},
"west":{"uv":[7.8125,6.875,8.1875,7.125],"texture":"#bright_gun_texture"},
"east":{"uv":[7.8125,6.875,8.1875,7.125],"texture":"#bright_gun_texture"}
}
},
{
"from":[1.125,8.875,7.8125],
"to":[1.375,9.125,8.1875],
"faces":{
"up":{"uv":[1.125,7.8125,1.375,8.1875],"texture":"#bright_gun_texture"},
"north":{"uv":[14.625,6.875,14.875,7.125],"texture":"#bright_gun_texture"},
"south":{"uv":[1.125,6.875,1.375,7.125],"texture":"#bright_gun_texture"},
"west":{"uv":[7.8125,6.875,8.1875,7.125],"texture":"#bright_gun_texture"},
"east":{"uv":[7.8125,6.875,8.1875,7.125],"texture":"#bright_gun_texture"}
}
},
{
"from":[4.5,6.375,6.75],
"to":[4.625,7.9375,9.25],
"faces":{
"down":{"uv":[4.5,6.75,4.625,9.25],"texture":"#normal_gun_texture"},
"up":{"uv":[4.5,6.75,4.625,9.25],"texture":"#normal_gun_texture"},
"north":{"uv":[11.375,8.0625,11.5,9.625],"texture":"#normal_gun_texture"},
"south":{"uv":[4.5,8.0625,4.625,9.625],"texture":"#normal_gun_texture"},
"east":{"uv":[6.75,8.0625,9.25,9.625],"texture":"#normal_gun_texture"}
}
},
{
"from":[2.0312,9.125,8.75],
"to":[2.37495,9.1875,9.125],
"faces":{
"up":{"uv":[2.03125,8.75,2.375,9.125],"texture":"#bright_gun_texture"},
"north":{"uv":[13.625,6.8125,13.96875,6.875],"texture":"#bright_gun_texture"},
"south":{"uv":[2.03125,6.8125,2.375,6.875],"texture":"#bright_gun_texture"},
"west":{"uv":[8.75,6.8125,9.125,6.875],"texture":"#bright_gun_texture"}
}
},
{
"from":[2.375,9.125,8.75],
"to":[2.71875,9.25,9.125],
"faces":{
"up":{"uv":[2.375,8.75,2.71875,9.125],"texture":"#bright_gun_texture"},
"north":{"uv":[13.28125,6.75,13.625,6.875],"texture":"#bright_gun_texture"},
"south":{"uv":[2.375,6.75,2.71875,6.875],"texture":"#bright_gun_texture"},
"west":{"uv":[8.75,6.75,9.125,6.875],"texture":"#bright_gun_texture"}
}
},
{
"from":[3.0625,9.125,8.75],
"to":[3.40625,9.375,9.125],
"faces":{
"up":{"uv":[3.0625,8.75,3.40625,9.125],"texture":"#bright_gun_texture"},
"south":{"uv":[3.0625,6.625,3.40625,6.875],"texture":"#bright_gun_texture"},
"west":{"uv":[8.75,6.625,9.125,6.875],"texture":"#bright_gun_texture"}
}
},
{
"from":[3.4062,9.125,8.75],
"to":[3.74995,9.4375,9.125],
"faces":{
"up":{"uv":[3.40625,8.75,3.75,9.125],"texture":"#bright_gun_texture"},
"south":{"uv":[3.40625,6.5625,3.75,6.875],"texture":"#bright_gun_texture"},
"west":{"uv":[8.75,6.5625,9.125,6.875],"texture":"#bright_gun_texture"}
}
},
{
"from":[3.4062,9.125,6.875],
"to":[3.74995,9.4375,7.5625],
"faces":{
"down":{"uv":[3.40625,8.4375,3.75,9.125],"texture":"#bright_gun_texture"},
"up":{"uv":[3.40625,6.875,3.75,7.5625],"texture":"#bright_gun_texture"},
"north":{"uv":[12.25,6.5625,12.59375,6.875],"texture":"#bright_gun_texture"},
"west":{"uv":[6.875,6.5625,7.5625,6.875],"texture":"#bright_gun_texture"}
}
},
{
"from":[2.7188,9.125,6.875],
"to":[3.06255,9.3125,7.25],
"faces":{
"up":{"uv":[2.71875,6.875,3.0625,7.25],"texture":"#bright_gun_texture"},
"north":{"uv":[12.9375,6.6875,13.28125,6.875],"texture":"#bright_gun_texture"},
"south":{"uv":[2.71875,6.6875,3.0625,6.875],"texture":"#bright_gun_texture"},
"west":{"uv":[6.875,6.6875,7.25,6.875],"texture":"#bright_gun_texture"}
}
},
{
"from":[2.375,9.125,6.875],
"to":[2.71875,9.25,7.25],
"faces":{
"up":{"uv":[2.375,6.875,2.71875,7.25],"texture":"#bright_gun_texture"},
"north":{"uv":[13.28125,6.75,13.625,6.875],"texture":"#bright_gun_texture"},
"south":{"uv":[2.375,6.75,2.71875,6.875],"texture":"#bright_gun_texture"},
"west":{"uv":[6.875,6.75,7.25,6.875],"texture":"#bright_gun_texture"}
}
},
{
"from":[2.0312,9.125,6.875],
"to":[2.37495,9.1875,7.25],
"faces":{
"up":{"uv":[2.03125,6.875,2.375,7.25],"texture":"#bright_gun_texture"},
"north":{"uv":[13.625,6.8125,13.96875,6.875],"texture":"#bright_gun_texture"},
"south":{"uv":[2.03125,6.8125,2.375,6.875],"texture":"#bright_gun_texture"},
"west":{"uv":[6.875,6.8125,7.25,6.875],"texture":"#bright_gun_texture"}
}
},
{
"from":[2.0312,9.125,8.1875],
"to":[2.37495,9.1875,8.4375],
"faces":{
"up":{"uv":[2.03125,8.1875,2.375,8.4375],"texture":"#bright_gun_texture"},
"north":{"uv":[13.625,6.8125,13.96875,6.875],"texture":"#bright_gun_texture"},
"south":{"uv":[2.03125,6.8125,2.375,6.875],"texture":"#bright_gun_texture"},
"west":{"uv":[8.1875,6.8125,8.4375,6.875],"texture":"#bright_gun_texture"}
}
},
{
"from":[2.0312,9.125,7.5625],
"to":[2.37495,9.1875,7.8125],
"faces":{
"up":{"uv":[2.03125,7.5625,2.375,7.8125],"texture":"#bright_gun_texture"},
"north":{"uv":[13.625,6.8125,13.96875,6.875],"texture":"#bright_gun_texture"},
"south":{"uv":[2.03125,6.8125,2.375,6.875],"texture":"#bright_gun_texture"},
"west":{"uv":[7.5625,6.8125,7.8125,6.875],"texture":"#bright_gun_texture"}
}
},
{
"from":[2.375,9.125,7.5625],
"to":[2.71875,9.25,8.1875],
"faces":{
"down":{"uv":[2.375,7.8125,2.71875,8.4375],"texture":"#bright_gun_texture"},
"up":{"uv":[2.375,7.5625,2.71875,8.1875],"texture":"#bright_gun_texture"},
"north":{"uv":[13.28125,6.75,13.625,6.875],"texture":"#bright_gun_texture"},
"west":{"uv":[7.5625,6.75,8.1875,6.875],"texture":"#bright_gun_texture"},
"east":{"uv":[7.8125,6.75,8.4375,6.875],"texture":"#bright_gun_texture"}
}
},
{
"from":[2.375,9.125,8.1875],
"to":[2.71875,9.25,8.4375],
"faces":{
"up":{"uv":[2.375,8.1875,2.71875,8.4375],"texture":"#bright_gun_texture"},
"south":{"uv":[2.375,6.75,2.71875,6.875],"texture":"#bright_gun_texture"},
"west":{"uv":[8.1875,6.75,8.4375,6.875],"texture":"#bright_gun_texture"}
}
},
{
"from":[2.7188,9.125,7.5625],
"to":[3.06255,9.3125,7.8125],
"faces":{
"up":{"uv":[2.71875,7.5625,3.0625,7.8125],"texture":"#bright_gun_texture"},
"north":{"uv":[12.9375,6.6875,13.28125,6.875],"texture":"#bright_gun_texture"},
"south":{"uv":[2.71875,6.6875,3.0625,6.875],"texture":"#bright_gun_texture"},
"west":{"uv":[7.5625,6.6875,7.8125,6.875],"texture":"#bright_gun_texture"}
}
},
{
"from":[2.7188,9.125,8.1875],
"to":[3.06255,9.3125,8.4375],
"faces":{
"up":{"uv":[2.71875,8.1875,3.0625,8.4375],"texture":"#bright_gun_texture"},
"north":{"uv":[12.9375,6.6875,13.28125,6.875],"texture":"#bright_gun_texture"},
"south":{"uv":[2.71875,6.6875,3.0625,6.875],"texture":"#bright_gun_texture"},
"west":{"uv":[8.1875,6.6875,8.4375,6.875],"texture":"#bright_gun_texture"}
}
},
{
"from":[3.0625,9.125,7.5625],
"to":[3.40625,9.375,7.8125],
"faces":{
"up":{"uv":[3.0625,7.5625,3.40625,7.8125],"texture":"#bright_gun_texture"},
"south":{"uv":[3.0625,6.625,3.40625,6.875],"texture":"#bright_gun_texture"},
"west":{"uv":[7.5625,6.625,7.8125,6.875],"texture":"#bright_gun_texture"}
}
},
{
"from":[3.0625,9.125,8.1875],
"to":[3.40625,9.375,8.75],
"faces":{
"down":{"uv":[3.0625,7.25,3.40625,7.8125],"texture":"#bright_gun_texture"},
"up":{"uv":[3.0625,8.1875,3.40625,8.75],"texture":"#bright_gun_texture"},
"north":{"uv":[12.59375,6.625,12.9375,6.875],"texture":"#bright_gun_texture"},
"west":{"uv":[8.1875,6.625,8.75,6.875],"texture":"#bright_gun_texture"}
}
},
{
"from":[3.4062,9.125,7.5625],
"to":[3.74995,9.4375,7.8125],
"faces":{
"up":{"uv":[3.40625,7.5625,3.75,7.8125],"texture":"#bright_gun_texture"},
"south":{"uv":[3.40625,6.5625,3.75,6.875],"texture":"#bright_gun_texture"},
"west":{"uv":[7.5625,6.5625,7.8125,6.875],"texture":"#bright_gun_texture"}
}
},
{
"from":[3.4062,9.125,8.1875],
"to":[3.74995,9.4375,8.75],
"faces":{
"down":{"uv":[3.40625,7.25,3.75,7.8125],"texture":"#bright_gun_texture"},
"up":{"uv":[3.40625,8.1875,3.75,8.75],"texture":"#bright_gun_texture"},
"north":{"uv":[12.25,6.5625,12.59375,6.875],"texture":"#bright_gun_texture"},
"west":{"uv":[8.1875,6.5625,8.75,6.875],"texture":"#bright_gun_texture"}
}
},
{
"from":[6.1875,9.5,7.5],
"to":[6.3125,10.5,7.75],
"faces":{
"up":{"uv":[6.1875,7.5,6.3125,7.75],"texture":"#normal_gun_texture"},
"north":{"uv":[9.6875,5.5,9.8125,6.5],"texture":"#normal_gun_texture"},
"south":{"uv":[6.1875,5.5,6.3125,6.5],"texture":"#normal_gun_texture"},
"west":{"uv":[7.5,5.5,7.75,6.5],"texture":"#normal_gun_texture"},
"east":{"uv":[8.25,5.5,8.5,6.5],"texture":"#normal_gun_texture"}
}
},
{
"from":[6.1875,9.5,8.25],
"to":[6.3125,10.5,8.5],
"faces":{
"up":{"uv":[6.1875,8.25,6.3125,8.5],"texture":"#normal_gun_texture"},
"north":{"uv":[9.6875,5.5,9.8125,6.5],"texture":"#normal_gun_texture"},
"south":{"uv":[6.1875,5.5,6.3125,6.5],"texture":"#normal_gun_texture"},
"west":{"uv":[8.25,5.5,8.5,6.5],"texture":"#normal_gun_texture"},
"east":{"uv":[7.5,5.5,7.75,6.5],"texture":"#normal_gun_texture"}
}
},
{
"from":[6.1875,10.25,7.75],
"to":[6.3125,10.5,8.25],
"faces":{
"down":{"uv":[6.1875,7.75,6.3125,8.25],"texture":"#normal_gun_texture"},
"up":{"uv":[6.1875,7.75,6.3125,8.25],"texture":"#normal_gun_texture"},
"west":{"uv":[7.75,5.5,8.25,5.75],"texture":"#normal_gun_texture"},
"east":{"uv":[7.75,5.5,8.25,5.75],"texture":"#normal_gun_texture"}
}
},
{
"from":[6.1875,9.5,7.75],
"to":[6.3125,9.75,8.25],
"faces":{
"up":{"uv":[6.1875,7.75,6.3125,8.25],"texture":"#normal_gun_texture"},
"west":{"uv":[7.75,6.25,8.25,6.5],"texture":"#normal_gun_texture"},
"east":{"uv":[7.75,6.25,8.25,6.5],"texture":"#normal_gun_texture"}
}
},
{
"from":[5.8125,9.625,8.375],
"to":[6.1875,9.75,8.5],
"faces":{
"up":{"uv":[5.8125,8.375,6.1875,8.5],"texture":"#normal_gun_texture"},
"north":{"uv":[9.8125,6.25,10.1875,6.375],"texture":"#normal_gun_texture"},
"south":{"uv":[5.8125,6.25,6.1875,6.375],"texture":"#normal_gun_texture"},
"west":{"uv":[8.375,6.25,8.5,6.375],"texture":"#normal_gun_texture"}
}
},
{
"from":[5.8125,9.625,7.5],
"to":[6.1875,9.75,7.625],
"faces":{
"up":{"uv":[5.8125,7.5,6.1875,7.625],"texture":"#normal_gun_texture"},
"north":{"uv":[9.8125,6.25,10.1875,6.375],"texture":"#normal_gun_texture"},
"south":{"uv":[5.8125,6.25,6.1875,6.375],"texture":"#normal_gun_texture"},
"west":{"uv":[7.5,6.25,7.625,6.375],"texture":"#normal_gun_texture"}
}
},
{
"from":[6.0625,9.75,8.375],
"to":[6.1875,10,8.5],
"faces":{
"up":{"uv":[6.0625,8.375,6.1875,8.5],"texture":"#normal_gun_texture"},
"north":{"uv":[9.8125,6,9.9375,6.25],"texture":"#normal_gun_texture"},
"south":{"uv":[6.0625,6,6.1875,6.25],"texture":"#normal_gun_texture"},
"west":{"uv":[8.375,6,8.5,6.25],"texture":"#normal_gun_texture"}
}
},
{
"from":[6.0625,9.75,7.5],
"to":[6.1875,10,7.625],
"faces":{
"up":{"uv":[6.0625,7.5,6.1875,7.625],"texture":"#normal_gun_texture"},
"north":{"uv":[9.8125,6,9.9375,6.25],"texture":"#normal_gun_texture"},
"south":{"uv":[6.0625,6,6.1875,6.25],"texture":"#normal_gun_texture"},
"west":{"uv":[7.5,6,7.625,6.25],"texture":"#normal_gun_texture"}
}
},
{
"from":[6,9.75,8.375],
"to":[6.0625,9.8125,8.5],
"faces":{
"up":{"uv":[6,8.375,6.0625,8.5],"texture":"#normal_gun_texture"},
"north":{"uv":[9.9375,6.1875,10,6.25],"texture":"#normal_gun_texture"},
"south":{"uv":[6,6.1875,6.0625,6.25],"texture":"#normal_gun_texture"},
"west":{"uv":[8.375,6.1875,8.5,6.25],"texture":"#normal_gun_texture"}
}
},
{
"from":[6,9.75,7.5],
"to":[6.0625,9.8125,7.625],
"faces":{
"up":{"uv":[6,7.5,6.0625,7.625],"texture":"#normal_gun_texture"},
"north":{"uv":[9.9375,6.1875,10,6.25],"texture":"#normal_gun_texture"},
"south":{"uv":[6,6.1875,6.0625,6.25],"texture":"#normal_gun_texture"},
"west":{"uv":[7.5,6.1875,7.625,6.25],"texture":"#normal_gun_texture"}
}
},
{
"from":[5.5625,9.625,8.375],
"to":[5.8125,9.6875,8.5],
"faces":{
"up":{"uv":[5.5625,8.375,5.8125,8.5],"texture":"#normal_gun_texture"},
"north":{"uv":[10.1875,6.3125,10.4375,6.375],"texture":"#normal_gun_texture"},
"south":{"uv":[5.5625,6.3125,5.8125,6.375],"texture":"#normal_gun_texture"},
"west":{"uv":[8.375,6.3125,8.5,6.375],"texture":"#normal_gun_texture"}
}
},
{
"from":[5.5625,9.625,7.5],
"to":[5.8125,9.6875,7.625],
"faces":{
"up":{"uv":[5.5625,7.5,5.8125,7.625],"texture":"#normal_gun_texture"},
"north":{"uv":[10.1875,6.3125,10.4375,6.375],"texture":"#normal_gun_texture"},
"south":{"uv":[5.5625,6.3125,5.8125,6.375],"texture":"#normal_gun_texture"},
"west":{"uv":[7.5,6.3125,7.625,6.375],"texture":"#normal_gun_texture"}
}
},
{
"from":[6.125,10,8.375],
"to":[6.1875,10.25,8.5],
"faces":{
"up":{"uv":[6.125,8.375,6.1875,8.5],"texture":"#normal_gun_texture"},
"north":{"uv":[9.8125,5.75,9.875,6],"texture":"#normal_gun_texture"},
"south":{"uv":[6.125,5.75,6.1875,6],"texture":"#normal_gun_texture"},
"west":{"uv":[8.375,5.75,8.5,6],"texture":"#normal_gun_texture"}
}
},
{
"from":[6.125,10,7.5],
"to":[6.1875,10.25,7.625],
"faces":{
"up":{"uv":[6.125,7.5,6.1875,7.625],"texture":"#normal_gun_texture"},
"north":{"uv":[9.8125,5.75,9.875,6],"texture":"#normal_gun_texture"},
"south":{"uv":[6.125,5.75,6.1875,6],"texture":"#normal_gun_texture"},
"west":{"uv":[7.5,5.75,7.625,6],"texture":"#normal_gun_texture"}
}
},
{
"from":[-10.875,7.2813,8.1875],
"to":[-3.125,7.5313,8.6294],
"rotation":{"origin":[-10.875,7.53125,8.1875],"axis":"x","angle":45},
"faces":{
"down":{"uv":[5.125,7.547359,12.875,7.98926],"texture":"#normal_gun_texture"},
"up":{"uv":[5.125,8.01074,12.875,8.452641],"texture":"#normal_gun_texture"},
"west":{"uv":[8.01074,8.395527,8.452641,8.645527],"texture":"#normal_gun_texture"}
}
},
{
"from":[-10.875,6.8438,7.5],
"to":[-3.125,7.2188,8.499958],
"faces":{
"down":{"uv":[5.125,7.500042,12.875,8.5],"texture":"#normal_gun_texture"},
"up":{"uv":[5.125,7.5,12.875,8.499958],"texture":"#normal_gun_texture"},
"north":{"uv":[3.125,8.78125,10.875,9.15625],"texture":"#normal_gun_texture"},
"south":{"uv":[5.125,8.78125,12.875,9.15625],"texture":"#normal_gun_texture"},
"west":{"uv":[7.5,8.78125,8.499958,9.15625],"texture":"#normal_gun_texture"},
"east":{"uv":[7.500042,8.78125,8.5,9.15625],"texture":"#normal_gun_texture"}
}
},
{
"from":[-9.125,8.625,7.6875],
"to":[-8.375,8.9375,8.3125],
"faces":{
"down":{"uv":[6.875,7.6875,7.625,8.3125],"texture":"#normal_gun_texture"},
"up":{"uv":[6.875,7.6875,7.625,8.3125],"texture":"#normal_gun_texture"},
"north":{"uv":[8.375,7.0625,9.125,7.375],"texture":"#normal_gun_texture"},
"south":{"uv":[6.875,7.0625,7.625,7.375],"texture":"#normal_gun_texture"},
"west":{"uv":[7.6875,7.0625,8.3125,7.375],"texture":"#normal_gun_texture"},
"east":{"uv":[7.6875,7.0625,8.3125,7.375],"texture":"#normal_gun_texture"}
}
},
{
"from":[-9,8.9375,7.9375],
"to":[-8.375,9.75,8.0625],
"faces":{
"up":{"uv":[7,7.9375,7.625,8.0625],"texture":"#normal_gun_texture"},
"north":{"uv":[8.375,6.25,9,7.0625],"texture":"#normal_gun_texture"},
"south":{"uv":[7,6.25,7.625,7.0625],"texture":"#normal_gun_texture"},
"west":{"uv":[7.9375,6.25,8.0625,7.0625],"texture":"#normal_gun_texture"},
"east":{"uv":[7.9375,6.25,8.0625,7.0625],"texture":"#normal_gun_texture"}
}
},
{
"from":[-9.0625,8.9375,7.9375],
"to":[-9,9.625,8.0625],
"faces":{
"up":{"uv":[6.9375,7.9375,7,8.0625],"texture":"#normal_gun_texture"},
"north":{"uv":[9,6.375,9.0625,7.0625],"texture":"#normal_gun_texture"},
"south":{"uv":[6.9375,6.375,7,7.0625],"texture":"#normal_gun_texture"},
"west":{"uv":[7.9375,6.375,8.0625,7.0625],"texture":"#normal_gun_texture"}
}
},
{
"from":[-9.125,8.9375,7.9375],
"to":[-9.0625,9.4375,8.0625],
"faces":{
"up":{"uv":[6.875,7.9375,6.9375,8.0625],"texture":"#normal_gun_texture"},
"north":{"uv":[9.0625,6.5625,9.125,7.0625],"texture":"#normal_gun_texture"},
"south":{"uv":[6.875,6.5625,6.9375,7.0625],"texture":"#normal_gun_texture"},
"west":{"uv":[7.9375,6.5625,8.0625,7.0625],"texture":"#normal_gun_texture"}
}
},
{
"from":[15,7,7],
"to":[16.5625,8.795,9],
"faces":{
"down":{"uv":[15,7,16,9],"texture":"#normal_gun_texture"},
"up":{"uv":[15,7,16,9],"texture":"#normal_gun_texture"},
"north":{"uv":[0,7.205,1,9],"texture":"#normal_gun_texture"},
"south":{"uv":[15,7.205,16,9],"texture":"#normal_gun_texture"},
"west":{"uv":[7,7.205,9,9],"texture":"#normal_gun_texture"},
"east":{"uv":[7,7.205,9,9],"texture":"#normal_gun_texture"}
}
},
{
"from":[14.5625,2.6875,7],
"to":[16.0625,6,9],
"rotation":{"origin":[14.5625,6,7],"axis":"z","angle":22.5},
"faces":{
"down":{"uv":[15.83014,7,16,9],"texture":"#normal_gun_texture"},
"north":{"uv":[0,9.74785,0.1698608,13.06035],"texture":"#normal_gun_texture"},
"south":{"uv":[15.83014,9.74785,16,13.06035],"texture":"#normal_gun_texture"},
"west":{"uv":[7,9.74785,9,13.06035],"texture":"#normal_gun_texture"},
"east":{"uv":[7,9.74785,9,13.06035],"texture":"#normal_gun_texture"}
}
},
{
"from":[14.5625,6,7],
"to":[16,7,9],
"faces":{
"down":{"uv":[14.5625,7,16,9],"texture":"#normal_gun_texture"},
"up":{"uv":[14.5625,7,16,9],"texture":"#normal_gun_texture"},
"north":{"uv":[0,9,1.4375,10],"texture":"#normal_gun_texture"},
"south":{"uv":[14.5625,9,16,10],"texture":"#normal_gun_texture"},
"west":{"uv":[7,9,9,10],"texture":"#normal_gun_texture"},
"east":{"uv":[7,9,9,10],"texture":"#normal_gun_texture"}
}
},
{
"from":[15.5,6.625,7],
"to":[16.375,7.25,9],
"rotation":{"origin":[15.5,7.25,7],"axis":"z","angle":22.5},
"faces":{
"down":{"uv":[15.73918,7,16,9],"texture":"#normal_gun_texture"},
"north":{"uv":[0,8.702425,0.2608232,9.327425],"texture":"#normal_gun_texture"},
"south":{"uv":[15.73918,8.702425,16,9.327425],"texture":"#normal_gun_texture"},
"west":{"uv":[7,8.702425,9,9.327425],"texture":"#normal_gun_texture"}
}
},
{
"from":[15.75,6.4375,7],
"to":[16.25,7.125,9],
"rotation":{"origin":[15.75,7.125,7],"axis":"z","angle":-22.5},
"faces":{
"up":{"uv":[15.48691,7,15.98691,9],"texture":"#normal_gun_texture"},
"north":{"uv":[0.0130949,8.822667,0.5130949,9.510167],"texture":"#normal_gun_texture"},
"south":{"uv":[15.48691,8.822667,15.98691,9.510167],"texture":"#normal_gun_texture"},
"west":{"uv":[7,8.822667,9,9.510167],"texture":"#normal_gun_texture"},
"east":{"uv":[7,8.822667,9,9.510167],"texture":"#normal_gun_texture"}
}
},
{
"from":[15.7813,2.9375,7],
"to":[16.9688,3.5,9],
"faces":{
"down":{"uv":[15.7813,7,16,9],"texture":"#normal_gun_texture"},
"up":{"uv":[15.7813,7,16,9],"texture":"#normal_gun_texture"},
"north":{"uv":[0,12.5,0.2187004,13.0625],"texture":"#normal_gun_texture"},
"south":{"uv":[15.7813,12.5,16,13.0625],"texture":"#normal_gun_texture"},
"west":{"uv":[7,12.5,9,13.0625],"texture":"#normal_gun_texture"},
"east":{"uv":[7,12.5,9,13.0625],"texture":"#normal_gun_texture"}
}
},
{
"from":[16.875,3.0312,7],
"to":[17.25,3.6562,9],
"rotation":{"origin":[16.875,3.65625,7],"axis":"z","angle":-22.5},
"faces":{
"down":{"uv":[0.6358223,7,1.010822,9],"texture":"#normal_gun_texture"},
"up":{"uv":[0.6358223,7,1.010822,9],"texture":"#normal_gun_texture"},
"north":{"uv":[14.98918,12.29618,15.36418,12.92118],"texture":"#normal_gun_texture"},
"south":{"uv":[0.6358223,12.29618,1.010822,12.92118],"texture":"#normal_gun_texture"},
"west":{"uv":[7,12.29618,9,12.92118],"texture":"#normal_gun_texture"},
"east":{"uv":[7,12.29618,9,12.92118],"texture":"#normal_gun_texture"}
}
},
{
"from":[15.4375,2.9375,7],
"to":[15.8125,3.0625,9],
"faces":{
"down":{"uv":[15.4375,7,15.8125,9],"texture":"#normal_gun_texture"},
"up":{"uv":[15.4375,7,15.8125,9],"texture":"#normal_gun_texture"},
"north":{"uv":[0.1875,12.9375,0.5625,13.0625],"texture":"#normal_gun_texture"},
"south":{"uv":[15.4375,12.9375,15.8125,13.0625],"texture":"#normal_gun_texture"},
"west":{"uv":[7,12.9375,9,13.0625],"texture":"#normal_gun_texture"}
}
},
{
"from":[15.4375,2.9375,7],
"to":[15.8125,3.0625,9],
"rotation":{"origin":[15.4375,3.0625,7],"axis":"z","angle":45},
"faces":{
"down":{"uv":[15.52589,7,15.90089,9],"texture":"#normal_gun_texture"},
"up":{"uv":[15.52589,7,15.90089,9],"texture":"#normal_gun_texture"},
"north":{"uv":[0.09911156,12.90089,0.4741116,13.02589],"texture":"#normal_gun_texture"},
"south":{"uv":[15.52589,12.90089,15.90089,13.02589],"texture":"#normal_gun_texture"},
"east":{"uv":[7,12.90089,9,13.02589],"texture":"#normal_gun_texture"}
}
},
{
"from":[15.5938,2.9375,7],
"to":[15.7813,3.0625,9],
"rotation":{"origin":[15.5938,3.0625,7],"axis":"z","angle":45},
"faces":{
"down":{"uv":[15.68219,7,15.86969,9],"texture":"#normal_gun_texture"},
"up":{"uv":[15.68219,7,15.86969,9],"texture":"#normal_gun_texture"},
"north":{"uv":[0.130312,12.90089,0.317812,13.02589],"texture":"#normal_gun_texture"},
"south":{"uv":[15.68219,12.90089,15.86969,13.02589],"texture":"#normal_gun_texture"},
"east":{"uv":[7,12.90089,9,13.02589],"texture":"#normal_gun_texture"}
}
},
{
"from":[14.4375,6,7.5],
"to":[14.5625,6.75,8.5],
"faces":{
"down":{"uv":[14.4375,7.5,14.5625,8.5],"texture":"#normal_gun_texture"},
"north":{"uv":[1.4375,9.25,1.5625,10],"texture":"#normal_gun_texture"},
"south":{"uv":[14.4375,9.25,14.5625,10],"texture":"#normal_gun_texture"},
"west":{"uv":[7.5,9.25,8.5,10],"texture":"#normal_gun_texture"}
}
},
{
"from":[13.4375,5.4688,7.5],
"to":[14.6875,5.5938,8.5],
"rotation":{"origin":[13.4375,5.59375,7.5],"axis":"z","angle":22.5},
"faces":{
"down":{"uv":[13.48534,7.5,14.73534,8.5],"texture":"#normal_gun_texture"},
"up":{"uv":[13.48534,7.5,14.73534,8.5],"texture":"#normal_gun_texture"},
"north":{"uv":[1.264665,10.39673,2.514665,10.52173],"texture":"#normal_gun_texture"},
"south":{"uv":[13.48534,10.39673,14.73534,10.52173],"texture":"#normal_gun_texture"},
"east":{"uv":[7.5,10.39673,8.5,10.52173],"texture":"#normal_gun_texture"}
}
},
{
"from":[13.2963,5.4788,7.5],
"to":[13.4838,5.6038,8.5],
"faces":{
"down":{"uv":[13.2963,7.5,13.4838,8.5],"texture":"#normal_gun_texture"},
"up":{"uv":[13.2963,7.5,13.4838,8.5],"texture":"#normal_gun_texture"},
"north":{"uv":[2.5162,10.39625,2.7037,10.52125],"texture":"#normal_gun_texture"},
"south":{"uv":[13.2963,10.39625,13.4838,10.52125],"texture":"#normal_gun_texture"},
"west":{"uv":[7.5,10.39625,8.5,10.52125],"texture":"#normal_gun_texture"},
"east":{"uv":[7.5,10.39625,8.5,10.52125],"texture":"#normal_gun_texture"}
}
},
{
"from":[13.1775,5.5413,7.5],
"to":[13.365,5.6663,8.5],
"rotation":{"origin":[13.1775,5.66625,7.5],"axis":"z","angle":-22.5},
"faces":{
"down":{"uv":[13.12966,7.5,13.31716,8.5],"texture":"#normal_gun_texture"},
"up":{"uv":[13.12966,7.5,13.31716,8.5],"texture":"#normal_gun_texture"},
"north":{"uv":[2.682836,10.32423,2.870336,10.44923],"texture":"#normal_gun_texture"},
"south":{"uv":[13.12966,10.32423,13.31716,10.44923],"texture":"#normal_gun_texture"},
"west":{"uv":[7.5,10.32423,8.5,10.44923],"texture":"#normal_gun_texture"}
}
},
{
"from":[13.0838,5.645,7.5],
"to":[13.2713,5.77,8.5],
"rotation":{"origin":[13.0838,5.77,7.5],"axis":"z","angle":-45},
"faces":{
"down":{"uv":[12.99541,7.5,13.18291,8.5],"texture":"#normal_gun_texture"},
"up":{"uv":[12.99541,7.5,13.18291,8.5],"texture":"#normal_gun_texture"},
"north":{"uv":[2.817088,10.19339,3.004588,10.31839],"texture":"#normal_gun_texture"},
"south":{"uv":[12.99541,10.19339,13.18291,10.31839],"texture":"#normal_gun_texture"},
"west":{"uv":[7.5,10.19339,8.5,10.31839],"texture":"#normal_gun_texture"},
"east":{"uv":[7.5,10.19339,8.5,10.31839],"texture":"#normal_gun_texture"}
}
},
{
"from":[12.7088,5.625,7.5],
"to":[12.8338,6.375,8.5],
"rotation":{"origin":[12.7088,6.375,7.5],"axis":"z","angle":22.5},
"faces":{
"down":{"uv":[12.99581,7.5,13.12081,8.5],"texture":"#normal_gun_texture"},
"north":{"uv":[2.879187,9.567909,3.004187,10.31791],"texture":"#normal_gun_texture"},
"south":{"uv":[12.99581,9.567909,13.12081,10.31791],"texture":"#normal_gun_texture"},
"west":{"uv":[7.5,9.567909,8.5,10.31791],"texture":"#normal_gun_texture"},
"east":{"uv":[7.5,9.567909,8.5,10.31791],"texture":"#normal_gun_texture"}
}
},
{
"from":[12.7188,6.375,7.5],
"to":[12.8438,6.625,8.5],
"faces":{
"down":{"uv":[12.7188,7.5,12.8438,8.5],"texture":"#normal_gun_texture"},
"up":{"uv":[12.7188,7.5,12.8438,8.5],"texture":"#normal_gun_texture"},
"north":{"uv":[3.1562,9.375,3.2812,9.625],"texture":"#normal_gun_texture"},
"south":{"uv":[12.7188,9.375,12.8438,9.625],"texture":"#normal_gun_texture"},
"east":{"uv":[7.5,9.375,8.5,9.625],"texture":"#normal_gun_texture"}
}
},
{
"from":[12.8125,6.5938,7.5],
"to":[12.9375,6.8438,8.5],
"rotation":{"origin":[12.8125,6.84375,7.5],"axis":"z","angle":-22.5},
"faces":{
"north":{"uv":[3.158171,9.13722,3.283171,9.38722],"texture":"#normal_gun_texture"},
"south":{"uv":[12.71683,9.13722,12.84183,9.38722],"texture":"#normal_gun_texture"},
"west":{"uv":[7.5,9.13722,8.5,9.38722],"texture":"#normal_gun_texture"},
"east":{"uv":[7.5,9.13722,8.5,9.38722],"texture":"#normal_gun_texture"}
}
},
{
"from":[11.4375,6.375,7.5],
"to":[12.7813,6.75,8.5],
"faces":{
"down":{"uv":[11.4375,7.5,12.7813,8.5],"texture":"#normal_gun_texture"},
"north":{"uv":[3.2187,9.25,4.5625,9.625],"texture":"#normal_gun_texture"},
"south":{"uv":[11.4375,9.25,12.7813,9.625],"texture":"#normal_gun_texture"},
"west":{"uv":[7.5,9.25,8.5,9.625],"texture":"#normal_gun_texture"},
"east":{"uv":[7.5,9.25,8.5,9.625],"texture":"#normal_gun_texture"}
}
},
{
"from":[12.125,6.25,7.5],
"to":[12.8125,6.375,8.5],
"faces":{
"down":{"uv":[12.125,7.5,12.8125,8.5],"texture":"#normal_gun_texture"},
"up":{"uv":[12.125,7.5,12.8125,8.5],"texture":"#normal_gun_texture"},
"north":{"uv":[3.1875,9.625,3.875,9.75],"texture":"#normal_gun_texture"},
"south":{"uv":[12.125,9.625,12.8125,9.75],"texture":"#normal_gun_texture"},
"west":{"uv":[7.5,9.625,8.5,9.75],"texture":"#normal_gun_texture"},
"east":{"uv":[7.5,9.625,8.5,9.75],"texture":"#normal_gun_texture"}
}
},
{
"from":[12.5625,6.1875,7.5],
"to":[12.8125,6.25,8.5],
"faces":{
"down":{"uv":[12.5625,7.5,12.8125,8.5],"texture":"#normal_gun_texture"},
"north":{"uv":[3.1875,9.75,3.4375,9.8125],"texture":"#normal_gun_texture"},
"south":{"uv":[12.5625,9.75,12.8125,9.8125],"texture":"#normal_gun_texture"},
"west":{"uv":[7.5,9.75,8.5,9.8125],"texture":"#normal_gun_texture"},
"east":{"uv":[7.5,9.75,8.5,9.8125],"texture":"#normal_gun_texture"}
}
},
{
"from":[11.75,6.3125,7.5],
"to":[12.125,6.375,8.5],
"faces":{
"down":{"uv":[11.75,7.5,12.125,8.5],"texture":"#normal_gun_texture"},
"north":{"uv":[3.875,9.625,4.25,9.6875],"texture":"#normal_gun_texture"},
"south":{"uv":[11.75,9.625,12.125,9.6875],"texture":"#normal_gun_texture"},
"west":{"uv":[7.5,9.625,8.5,9.6875],"texture":"#normal_gun_texture"}
}
},
{
"from":[14.1875,6.0625,7.6875],
"to":[14.3125,6.8125,8.3125],
"rotation":{"origin":[14.1875,6.8125,7.6875],"axis":"z","angle":-22.5},
"faces":{
"down":{"uv":[13.90049,7.6875,14.02549,8.3125],"texture":"#normal_gun_texture"},
"north":{"uv":[1.974512,9.130409,2.099512,9.880409],"texture":"#normal_gun_texture"},
"south":{"uv":[13.90049,9.130409,14.02549,9.880409],"texture":"#normal_gun_texture"},
"west":{"uv":[7.6875,9.130409,8.3125,9.880409],"texture":"#normal_gun_texture"},
"east":{"uv":[7.6875,9.130409,8.3125,9.880409],"texture":"#normal_gun_texture"}
}
},
{
"from":[14,6.375,7.6875],
"to":[14.125,6.75,8.3125],
"faces":{
"down":{"uv":[14,7.6875,14.125,8.3125],"texture":"#normal_gun_texture"},
"north":{"uv":[1.875,9.25,2,9.625],"texture":"#normal_gun_texture"},
"south":{"uv":[14,9.25,14.125,9.625],"texture":"#normal_gun_texture"},
"west":{"uv":[7.6875,9.25,8.3125,9.625],"texture":"#normal_gun_texture"},
"east":{"uv":[7.6875,9.25,8.3125,9.625],"texture":"#normal_gun_texture"}
}
},
{
"from":[14.125,6.625,7.6875],
"to":[14.1875,6.75,8.3125],
"faces":{
"down":{"uv":[14.125,7.6875,14.1875,8.3125],"texture":"#normal_gun_texture"},
"north":{"uv":[1.8125,9.25,1.875,9.375],"texture":"#normal_gun_texture"},
"south":{"uv":[14.125,9.25,14.1875,9.375],"texture":"#normal_gun_texture"},
"east":{"uv":[7.6875,9.25,8.3125,9.375],"texture":"#normal_gun_texture"}
}
},
{
"from":[15,8.75,7],
"to":[16.0625,9,9],
"faces":{
"up":{"uv":[15,7,16,9],"texture":"#normal_gun_texture"},
"north":{"uv":[0,7,1,7.25],"texture":"#normal_gun_texture"},
"south":{"uv":[15,7,16,7.25],"texture":"#normal_gun_texture"},
"west":{"uv":[7,7,9,7.25],"texture":"#normal_gun_texture"},
"east":{"uv":[7,7,9,7.25],"texture":"#normal_gun_texture"}
}
},
{
"from":[16.3125,8.1387,7],
"to":[16.5625,8.79495,9],
"rotation":{"origin":[16.5625,8.795,7],"axis":"z","angle":22.5},
"faces":{
"north":{"uv":[15.16733,7.250717,15.41733,7.906967],"texture":"#normal_gun_texture"},
"south":{"uv":[0.5826664,7.250717,0.8326664,7.906967],"texture":"#normal_gun_texture"},
"west":{"uv":[7,7.250717,9,7.906967],"texture":"#normal_gun_texture"},
"east":{"uv":[7,7.250717,9,7.906967],"texture":"#normal_gun_texture"}
}
},
{
"from":[16.5625,7.625,7],
"to":[16.8125,8.1875,9],
"faces":{
"down":{"uv":[0.5625,7,0.8125,9],"texture":"#normal_gun_texture"},
"up":{"uv":[0.5625,7,0.8125,9],"texture":"#normal_gun_texture"},
"north":{"uv":[15.1875,7.8125,15.4375,8.375],"texture":"#normal_gun_texture"},
"south":{"uv":[0.5625,7.8125,0.8125,8.375],"texture":"#normal_gun_texture"},
"east":{"uv":[7,7.8125,9,8.375],"texture":"#normal_gun_texture"}
}
},
{
"from":[15.75,8.375,9],
"to":[21.125,9,9.25],
"rotation":{"origin":[15.75,9,9],"axis":"z","angle":-22.5},
"faces":{
"down":{"uv":[15.51082,6.75,16,7],"texture":"#bright_gun_texture"},
"up":{"uv":[15.51082,9,16,9.25],"texture":"#bright_gun_texture"},
"north":{"uv":[0,6.952425,0.4891768,7.577425],"texture":"#bright_gun_texture"},
"south":{"uv":[15.51082,6.952425,16,7.577425],"texture":"#bright_gun_texture"},
"west":{"uv":[9,6.952425,9.25,7.577425],"texture":"#bright_gun_texture"}
}
},
{
"from":[15.75,8.375,6.75],
"to":[21.125,9,7],
"rotation":{"origin":[15.75,9,6.75],"axis":"z","angle":-22.5},
"faces":{
"down":{"uv":[15.51082,9,16,9.25],"texture":"#bright_gun_texture"},
"up":{"uv":[15.51082,6.75,16,7],"texture":"#bright_gun_texture"},
"north":{"uv":[0,6.952425,0.4891768,7.577425],"texture":"#bright_gun_texture"},
"south":{"uv":[15.51082,6.952425,16,7.577425],"texture":"#bright_gun_texture"},
"west":{"uv":[6.75,6.952425,7,7.577425],"texture":"#bright_gun_texture"}
}
},
{
"from":[20.4688,6.375,9],
"to":[20.8438,7,9.25],
"faces":{
"down":{"uv":[4.4688,6.75,4.8438,7],"texture":"#bright_gun_texture"},
"up":{"uv":[4.4688,9,4.8438,9.25],"texture":"#bright_gun_texture"},
"north":{"uv":[11.1562,9,11.5312,9.625],"texture":"#bright_gun_texture"},
"south":{"uv":[4.4688,9,4.8438,9.625],"texture":"#bright_gun_texture"},
"west":{"uv":[9,9,9.25,9.625],"texture":"#bright_gun_texture"},
"east":{"uv":[6.75,9,7,9.625],"texture":"#bright_gun_texture"}
}
},
{
"from":[20.4688,6.375,6.75],
"to":[20.8438,7,7],
"faces":{
"down":{"uv":[4.4688,9,4.8438,9.25],"texture":"#bright_gun_texture"},
"up":{"uv":[4.4688,6.75,4.8438,7],"texture":"#bright_gun_texture"},
"north":{"uv":[11.1562,9,11.5312,9.625],"texture":"#bright_gun_texture"},
"south":{"uv":[4.4688,9,4.8438,9.625],"texture":"#bright_gun_texture"},
"west":{"uv":[6.75,9,7,9.625],"texture":"#bright_gun_texture"},
"east":{"uv":[9,9,9.25,9.625],"texture":"#bright_gun_texture"}
}
},
{
"from":[20.8125,6.8125,9],
"to":[23.1875,7,9.25],
"faces":{
"down":{"uv":[4.8125,6.75,7.1875,7],"texture":"#bright_gun_texture"},
"up":{"uv":[4.8125,9,7.1875,9.25],"texture":"#bright_gun_texture"},
"north":{"uv":[8.8125,9,11.1875,9.1875],"texture":"#bright_gun_texture"},
"south":{"uv":[4.8125,9,7.1875,9.1875],"texture":"#bright_gun_texture"}
}
},
{
"from":[20.8125,6.375,9],
"to":[23.1875,6.5625,9.25],
"faces":{
"down":{"uv":[4.8125,6.75,7.1875,7],"texture":"#bright_gun_texture"},
"up":{"uv":[4.8125,9,7.1875,9.25],"texture":"#bright_gun_texture"},
"north":{"uv":[8.8125,9.4375,11.1875,9.625],"texture":"#bright_gun_texture"},
"south":{"uv":[4.8125,9.4375,7.1875,9.625],"texture":"#bright_gun_texture"}
}
},
{
"from":[20.8125,6.8125,6.75],
"to":[23.1875,7,7],
"faces":{
"down":{"uv":[4.8125,9,7.1875,9.25],"texture":"#bright_gun_texture"},
"up":{"uv":[4.8125,6.75,7.1875,7],"texture":"#bright_gun_texture"},
"north":{"uv":[8.8125,9,11.1875,9.1875],"texture":"#bright_gun_texture"},
"south":{"uv":[4.8125,9,7.1875,9.1875],"texture":"#bright_gun_texture"}
}
},
{
"from":[20.8125,6.375,6.75],
"to":[23.1875,6.5625,7],
"faces":{
"down":{"uv":[4.8125,9,7.1875,9.25],"texture":"#bright_gun_texture"},
"up":{"uv":[4.8125,6.75,7.1875,7],"texture":"#bright_gun_texture"},
"north":{"uv":[8.8125,9.4375,11.1875,9.625],"texture":"#bright_gun_texture"},
"south":{"uv":[4.8125,9.4375,7.1875,9.625],"texture":"#bright_gun_texture"}
}
},
{
"from":[21.125,6.5625,9],
"to":[21.375,6.8125,9.25],
"faces":{
"north":{"uv":[10.625,9.1875,10.875,9.4375],"texture":"#bright_gun_texture"},
"south":{"uv":[5.125,9.1875,5.375,9.4375],"texture":"#bright_gun_texture"},
"west":{"uv":[9,9.1875,9.25,9.4375],"texture":"#bright_gun_texture"},
"east":{"uv":[6.75,9.1875,7,9.4375],"texture":"#bright_gun_texture"}
}
},
{
"from":[21.625,6.5625,9],
"to":[21.875,6.8125,9.25],
"faces":{
"north":{"uv":[10.125,9.1875,10.375,9.4375],"texture":"#bright_gun_texture"},
"south":{"uv":[5.625,9.1875,5.875,9.4375],"texture":"#bright_gun_texture"},
"west":{"uv":[9,9.1875,9.25,9.4375],"texture":"#bright_gun_texture"},
"east":{"uv":[6.75,9.1875,7,9.4375],"texture":"#bright_gun_texture"}
}
},
{
"from":[22.125,6.5625,9],
"to":[22.375,6.8125,9.25],
"faces":{
"north":{"uv":[9.625,9.1875,9.875,9.4375],"texture":"#bright_gun_texture"},
"south":{"uv":[6.125,9.1875,6.375,9.4375],"texture":"#bright_gun_texture"},
"west":{"uv":[9,9.1875,9.25,9.4375],"texture":"#bright_gun_texture"},
"east":{"uv":[6.75,9.1875,7,9.4375],"texture":"#bright_gun_texture"}
}
},
{
"from":[22.625,6.5625,9],
"to":[23.1875,6.8125,9.25],
"faces":{
"north":{"uv":[8.8125,9.1875,9.375,9.4375],"texture":"#bright_gun_texture"},
"south":{"uv":[6.625,9.1875,7.1875,9.4375],"texture":"#bright_gun_texture"},
"west":{"uv":[9,9.1875,9.25,9.4375],"texture":"#bright_gun_texture"}
}
},
{
"from":[22.625,6.5625,6.75],
"to":[23.1875,6.8125,7],
"faces":{
"north":{"uv":[8.8125,9.1875,9.375,9.4375],"texture":"#bright_gun_texture"},
"south":{"uv":[6.625,9.1875,7.1875,9.4375],"texture":"#bright_gun_texture"},
"west":{"uv":[6.75,9.1875,7,9.4375],"texture":"#bright_gun_texture"}
}
},
{
"from":[22.125,6.5625,6.75],
"to":[22.375,6.8125,7],
"faces":{
"north":{"uv":[9.625,9.1875,9.875,9.4375],"texture":"#bright_gun_texture"},
"south":{"uv":[6.125,9.1875,6.375,9.4375],"texture":"#bright_gun_texture"},
"west":{"uv":[6.75,9.1875,7,9.4375],"texture":"#bright_gun_texture"},
"east":{"uv":[9,9.1875,9.25,9.4375],"texture":"#bright_gun_texture"}
}
},
{
"from":[21.625,6.5625,6.75],
"to":[21.875,6.8125,7],
"faces":{
"north":{"uv":[10.125,9.1875,10.375,9.4375],"texture":"#bright_gun_texture"},
"south":{"uv":[5.625,9.1875,5.875,9.4375],"texture":"#bright_gun_texture"},
"west":{"uv":[6.75,9.1875,7,9.4375],"texture":"#bright_gun_texture"},
"east":{"uv":[9,9.1875,9.25,9.4375],"texture":"#bright_gun_texture"}
}
},
{
"from":[21.125,6.5625,6.75],
"to":[21.375,6.8125,7],
"faces":{
"north":{"uv":[10.625,9.1875,10.875,9.4375],"texture":"#bright_gun_texture"},
"south":{"uv":[5.125,9.1875,5.375,9.4375],"texture":"#bright_gun_texture"},
"west":{"uv":[6.75,9.1875,7,9.4375],"texture":"#bright_gun_texture"},
"east":{"uv":[9,9.1875,9.25,9.4375],"texture":"#bright_gun_texture"}
}
},
{
"from":[23.1875,4.375,6.75],
"to":[24,7,7.4375],
"faces":{
"down":{"uv":[7.1875,8.5625,8,9.25],"texture":"#bright_gun_texture"},
"up":{"uv":[7.1875,6.75,8,7.4375],"texture":"#bright_gun_texture"},
"north":{"uv":[8,9,8.8125,11.625],"texture":"#bright_gun_texture"},
"south":{"uv":[7.1875,9,8,11.625],"texture":"#bright_gun_texture"},
"west":{"uv":[6.75,9,7.4375,11.625],"texture":"#bright_gun_texture"},
"east":{"uv":[8.5625,9,9.25,11.625],"texture":"#bright_gun_texture"}
}
},
{
"from":[23.1875,4.375,7.4375],
"to":[23.375,5.75,8.5625],
"faces":{
"down":{"uv":[7.1875,7.4375,7.375,8.5625],"texture":"#bright_gun_texture"},
"up":{"uv":[7.1875,7.4375,7.375,8.5625],"texture":"#bright_gun_texture"},
"west":{"uv":[7.4375,10.25,8.5625,11.625],"texture":"#bright_gun_texture"},
"east":{"uv":[7.4375,10.25,8.5625,11.625],"texture":"#bright_gun_texture"}
}
},
{
"from":[23.1875,4.375,8.5625],
"to":[24,7,9.25],
"faces":{
"down":{"uv":[7.1875,6.75,8,7.4375],"texture":"#bright_gun_texture"},
"up":{"uv":[7.1875,8.5625,8,9.25],"texture":"#bright_gun_texture"},
"north":{"uv":[8,9,8.8125,11.625],"texture":"#bright_gun_texture"},
"south":{"uv":[7.1875,9,8,11.625],"texture":"#bright_gun_texture"},
"west":{"uv":[8.5625,9,9.25,11.625],"texture":"#bright_gun_texture"},
"east":{"uv":[6.75,9,7.4375,11.625],"texture":"#bright_gun_texture"}
}
},
{
"from":[23.8125,4.375,7.4375],
"to":[24,7,8.5625],
"faces":{
"down":{"uv":[7.8125,7.4375,8,8.5625],"texture":"#bright_gun_texture"},
"up":{"uv":[7.8125,7.4375,8,8.5625],"texture":"#bright_gun_texture"},
"west":{"uv":[7.4375,9,8.5625,11.625],"texture":"#bright_gun_texture"},
"east":{"uv":[7.4375,9,8.5625,11.625],"texture":"#bright_gun_texture"}
}
},
{
"from":[7,9,8.625],
"to":[15.15625,9.375,9.15625],
"rotation":{"origin":[7,9.375,8.625],"axis":"x","angle":45},
"faces":{
"down":{"uv":[7,7.108915,15.15625,7.640165],"texture":"#normal_gun_texture"},
"up":{"uv":[7,8.359835,15.15625,8.891085],"texture":"#normal_gun_texture"},
"north":{"uv":[0.84375,6.515165,9,6.890165],"texture":"#normal_gun_texture"},
"south":{"uv":[7,6.515165,15.15625,6.890165],"texture":"#normal_gun_texture"},
"west":{"uv":[8.359835,6.515165,8.891085,6.890165],"texture":"#normal_gun_texture"},
"east":{"uv":[7.108915,6.515165,7.640165,6.890165],"texture":"#normal_gun_texture"}
}
},
{
"from":[7,9,6.8438],
"to":[8,9.375,7.375],
"rotation":{"origin":[7,9.375,7.375],"axis":"x","angle":-45},
"faces":{
"down":{"uv":[7,8.204251,8,8.735451],"texture":"#normal_gun_texture"},
"up":{"uv":[7,7.264549,8,7.795749],"texture":"#normal_gun_texture"},
"south":{"uv":[7,6.890781,8,7.265781],"texture":"#normal_gun_texture"},
"west":{"uv":[7.264549,6.890781,7.795749,7.265781],"texture":"#normal_gun_texture"},
"east":{"uv":[8.204251,6.890781,8.735451,7.265781],"texture":"#normal_gun_texture"}
}
},
{
"from":[10.25,9,6.8438],
"to":[15.15625,9.375,7.37505],
"rotation":{"origin":[10.25,9.375,7.375],"axis":"x","angle":-45},
"faces":{
"down":{"uv":[10.25,8.204212,15.15625,8.735462],"texture":"#normal_gun_texture"},
"up":{"uv":[10.25,7.264538,15.15625,7.795788],"texture":"#normal_gun_texture"},
"north":{"uv":[0.84375,6.890781,5.75,7.265781],"texture":"#normal_gun_texture"},
"south":{"uv":[10.25,6.890781,15.15625,7.265781],"texture":"#normal_gun_texture"},
"west":{"uv":[7.264538,6.890781,7.795788,7.265781],"texture":"#normal_gun_texture"},
"east":{"uv":[8.204212,6.890781,8.735462,7.265781],"texture":"#normal_gun_texture"}
}
},
{
"from":[8,9,7.125],
"to":[10.25,9.375,7.375],
"rotation":{"origin":[8,9.375,7.375],"axis":"x","angle":-45},
"faces":{
"down":{"uv":[8,8.286612,10.25,8.536612],"texture":"#normal_gun_texture"},
"up":{"uv":[8,7.463388,10.25,7.713388],"texture":"#normal_gun_texture"},
"north":{"uv":[5.75,6.691941,8,7.066941],"texture":"#normal_gun_texture"},
"south":{"uv":[8,6.691941,10.25,7.066941],"texture":"#normal_gun_texture"},
"west":{"uv":[7.463389,6.691941,7.713389,7.066941],"texture":"#normal_gun_texture"},
"east":{"uv":[8.286612,6.691941,8.536612,7.066941],"texture":"#normal_gun_texture"}
}
},
{
"from":[-3.125,8.75,6.875],
"to":[-3,9,9.125],
"faces":{
"up":{"uv":[12.875,6.875,13,9.125],"texture":"#bright_gun_texture"},
"north":{"uv":[3,7,3.125,7.25],"texture":"#bright_gun_texture"},
"south":{"uv":[12.875,7,13,7.25],"texture":"#bright_gun_texture"},
"west":{"uv":[6.875,7,9.125,7.25],"texture":"#bright_gun_texture"},
"east":{"uv":[6.875,7,9.125,7.25],"texture":"#bright_gun_texture"}
}
},
{
"from":[-10.875,6.5312,7.8125],
"to":[-3.125,7.5312,8.187458],
"faces":{
"down":{"uv":[5.125,7.812542,12.875,8.1875],"texture":"#normal_gun_texture"},
"up":{"uv":[5.125,7.8125,12.875,8.187458],"texture":"#normal_gun_texture"},
"north":{"uv":[3.125,8.46875,10.875,9.46875],"texture":"#normal_gun_texture"},
"south":{"uv":[5.125,8.46875,12.875,9.46875],"texture":"#normal_gun_texture"},
"west":{"uv":[7.8125,8.46875,8.187458,9.46875],"texture":"#normal_gun_texture"},
"east":{"uv":[7.812542,8.46875,8.1875,9.46875],"texture":"#normal_gun_texture"}
}
},
{
"from":[-10.875,7.2188,7.5],
"to":[-3.125,7.660741,7.749958],
"rotation":{"origin":[-10.875,7.21875,7.5],"axis":"x","angle":45},
"faces":{
"north":{"uv":[3.125,8.339308,10.875,8.78125],"texture":"#normal_gun_texture"},
"south":{"uv":[5.125,8.339308,12.875,8.78125],"texture":"#normal_gun_texture"},
"west":{"uv":[7.5,8.339308,7.749958,8.78125],"texture":"#normal_gun_texture"}
}
},
{
"from":[-10.875,6.5313,7.3706],
"to":[-3.125,6.7813,7.8125],
"rotation":{"origin":[-10.875,6.53125,7.8125],"axis":"x","angle":45},
"faces":{
"down":{"uv":[5.125,8.05807,12.875,8.49997],"texture":"#normal_gun_texture"},
"up":{"uv":[5.125,7.50003,12.875,7.94193],"texture":"#normal_gun_texture"},
"west":{"uv":[7.50003,8.90625,7.94193,9.15625],"texture":"#normal_gun_texture"},
"east":{"uv":[8.05807,8.90625,8.49997,9.15625],"texture":"#normal_gun_texture"}
}
},
{
"from":[-10.875,6.4019,8.2501],
"to":[-3.125,6.843842,8.500058],
"rotation":{"origin":[-10.875,6.84375,8.5],"axis":"x","angle":45},
"faces":{
"north":{"uv":[3.125,8.850031,10.875,9.291973],"texture":"#normal_gun_texture"},
"south":{"uv":[5.125,8.850031,12.875,9.291973],"texture":"#normal_gun_texture"},
"west":{"uv":[8.010805,8.850031,8.260763,9.291973],"texture":"#normal_gun_texture"},
"east":{"uv":[7.739237,8.850031,7.989195,9.291973],"texture":"#normal_gun_texture"}
}
},
{
"from":[-9.4375,7.7143,8.25],
"to":[-3.125,8.156241,8.5],
"rotation":{"origin":[-9.4375,8.15625,8.5],"axis":"x","angle":45},
"faces":{
"north":{"uv":[3.125,7.537531,9.4375,7.979473],"texture":"#normal_gun_texture"},
"south":{"uv":[6.5625,7.537531,12.875,7.979473],"texture":"#normal_gun_texture"},
"west":{"uv":[8.010723,7.537531,8.260723,7.979473],"texture":"#normal_gun_texture"},
"east":{"uv":[7.739277,7.537531,7.989277,7.979473],"texture":"#normal_gun_texture"}
}
},
{
"from":[-9.4375,8.156199,7.5],
"to":[-3.125,8.531199,8.5],
"faces":{
"down":{"uv":[6.5625,7.5,12.875,8.5],"texture":"#normal_gun_texture"},
"up":{"uv":[6.5625,7.5,12.875,8.5],"texture":"#normal_gun_texture"},
"north":{"uv":[3.125,7.46875,9.4375,7.84375],"texture":"#normal_gun_texture"},
"south":{"uv":[6.5625,7.46875,12.875,7.84375],"texture":"#normal_gun_texture"},
"east":{"uv":[7.5,7.46875,8.5,7.84375],"texture":"#normal_gun_texture"}
}
},
{
"from":[-9.4375,8.5938,8.1875],
"to":[-3.125,8.8438,8.629442],
"rotation":{"origin":[-9.4375,8.84375,8.1875],"axis":"x","angle":45},
"faces":{
"down":{"uv":[6.5625,7.547335,12.875,7.989277],"texture":"#normal_gun_texture"},
"up":{"uv":[6.5625,8.010723,12.875,8.452665],"texture":"#normal_gun_texture"},
"west":{"uv":[8.010723,7.083027,8.452665,7.333027],"texture":"#normal_gun_texture"},
"east":{"uv":[7.547335,7.083027,7.989277,7.333027],"texture":"#normal_gun_texture"}
}
},
{
"from":[-9.4375,7.8438,7.8125],
"to":[-3.125,8.8438,8.1875],
"faces":{
"down":{"uv":[6.5625,7.8125,12.875,8.1875],"texture":"#normal_gun_texture"},
"up":{"uv":[6.5625,7.8125,12.875,8.1875],"texture":"#normal_gun_texture"},
"north":{"uv":[3.125,7.15625,9.4375,8.15625],"texture":"#normal_gun_texture"},
"south":{"uv":[6.5625,7.15625,12.875,8.15625],"texture":"#normal_gun_texture"},
"east":{"uv":[7.8125,7.15625,8.1875,8.15625],"texture":"#normal_gun_texture"}
}
},
{
"from":[-9.4375,8.531199,7.5],
"to":[-3.125,8.973141,7.75],
"rotation":{"origin":[-9.4375,8.53125,7.5],"axis":"x","angle":45},
"faces":{
"north":{"uv":[3.125,7.026808,9.4375,7.46875],"texture":"#normal_gun_texture"},
"south":{"uv":[6.5625,7.026808,12.875,7.46875],"texture":"#normal_gun_texture"},
"west":{"uv":[7.5,7.026808,7.75,7.46875],"texture":"#normal_gun_texture"},
"east":{"uv":[8.25,7.026808,8.5,7.46875],"texture":"#normal_gun_texture"}
}
},
{
"from":[-9.4375,7.8438,7.3706],
"to":[-3.125,8.0938,7.812541],
"rotation":{"origin":[-9.4375,7.84375,7.8125],"axis":"x","angle":45},
"faces":{
"down":{"uv":[6.5625,8.058058,12.875,8.5],"texture":"#normal_gun_texture"},
"up":{"uv":[6.5625,7.5,12.875,7.941942],"texture":"#normal_gun_texture"},
"west":{"uv":[7.5,7.59375,7.941942,7.84375],"texture":"#normal_gun_texture"},
"east":{"uv":[8.058058,7.59375,8.5,7.84375],"texture":"#normal_gun_texture"}
}
},
{
"from":[-4.3125,6.3232,8.2814],
"to":[-4.0625,6.820434,8.562565],
"rotation":{"origin":[-4.3125,6.820313,8.5625],"axis":"x","angle":45},
"faces":{
"north":{"uv":[4.0625,8.835157,4.3125,9.332392],"texture":"#normal_gun_texture"},
"south":{"uv":[11.6875,8.835157,11.9375,9.332392],"texture":"#normal_gun_texture"},
"west":{"uv":[8.012229,8.835157,8.293394,9.332392],"texture":"#normal_gun_texture"},
"east":{"uv":[7.706605,8.835157,7.987771,9.332392],"texture":"#normal_gun_texture"}
}
},
{
"from":[-4.3125,6.4688,7.7891],
"to":[-4.0625,7.59385,8.21089],
"faces":{
"down":{"uv":[11.6875,7.789147,11.9375,8.210938],"texture":"#normal_gun_texture"},
"up":{"uv":[11.6875,7.789063,11.9375,8.210854],"texture":"#normal_gun_texture"},
"north":{"uv":[4.0625,8.4062,4.3125,9.53125],"texture":"#normal_gun_texture"},
"south":{"uv":[11.6875,8.4062,11.9375,9.53125],"texture":"#normal_gun_texture"},
"west":{"uv":[7.789063,8.4062,8.210853,9.53125],"texture":"#normal_gun_texture"},
"east":{"uv":[7.789147,8.4062,8.210938,9.53125],"texture":"#normal_gun_texture"}
}
},
{
"from":[-4.3125,6.8203,7.4375],
"to":[-4.0625,7.242225,8.562415],
"faces":{
"down":{"uv":[11.6875,7.437585,11.9375,8.5625],"texture":"#normal_gun_texture"},
"up":{"uv":[11.6875,7.4375,11.9375,8.562416],"texture":"#normal_gun_texture"},
"north":{"uv":[4.0625,8.757763,4.3125,9.179688],"texture":"#normal_gun_texture"},
"south":{"uv":[11.6875,8.757763,11.9375,9.179688],"texture":"#normal_gun_texture"},
"west":{"uv":[7.4375,8.757763,8.562415,9.179688],"texture":"#normal_gun_texture"},
"east":{"uv":[7.437584,8.757763,8.5625,9.179688],"texture":"#normal_gun_texture"}
}
},
{
"from":[-4.3125,7.3125,8.210999],
"to":[-4.0625,7.5938,8.708099],
"rotation":{"origin":[-4.3125,7.59375,8.210938],"axis":"x","angle":45},
"faces":{
"down":{"uv":[11.6875,7.490803,11.9375,7.987903],"texture":"#normal_gun_texture"},
"up":{"uv":[11.6875,8.012097,11.9375,8.509197],"texture":"#normal_gun_texture"},
"west":{"uv":[8.012097,8.323859,8.509197,8.60516],"texture":"#normal_gun_texture"},
"east":{"uv":[7.490803,8.323859,7.987903,8.60516],"texture":"#normal_gun_texture"}
}
},
{
"from":[-4.3125,7.2422,7.4375],
"to":[-4.0625,7.739434,7.718666],
"rotation":{"origin":[-4.3125,7.242188,7.4375],"axis":"x","angle":45},
"faces":{
"north":{"uv":[4.0625,8.260578,4.3125,8.757813],"texture":"#normal_gun_texture"},
"south":{"uv":[11.6875,8.260578,11.9375,8.757813],"texture":"#normal_gun_texture"},
"west":{"uv":[7.4375,8.260578,7.718666,8.757813],"texture":"#normal_gun_texture"},
"east":{"uv":[8.281335,8.260578,8.5625,8.757813],"texture":"#normal_gun_texture"}
}
},
{
"from":[-4.3125,6.4688,7.2919],
"to":[-4.0625,6.7501,7.789],
"rotation":{"origin":[-4.3125,6.46875,7.789063],"axis":"x","angle":45},
"faces":{
"down":{"uv":[11.6875,8.06534,11.9375,8.56244],"texture":"#normal_gun_texture"},
"up":{"uv":[11.6875,7.43756,11.9375,7.93466],"texture":"#normal_gun_texture"},
"west":{"uv":[7.43756,8.898325,7.93466,9.179626],"texture":"#normal_gun_texture"},
"east":{"uv":[8.06534,8.898325,8.56244,9.179626],"texture":"#normal_gun_texture"}
}
},
{
"from":[-11.4375,7.6357,8.2813],
"to":[-9.4375,8.1329,8.5625],
"rotation":{"origin":[-11.4375,8.132813,8.5625],"axis":"x","angle":45},
"faces":{
"north":{"uv":[9.4375,7.522681,11.4375,8.019881],"texture":"#normal_gun_texture"},
"south":{"uv":[4.5625,7.522681,6.5625,8.019881],"texture":"#normal_gun_texture"},
"west":{"uv":[8.012161,7.522681,8.293362,8.019881],"texture":"#normal_gun_texture"},
"east":{"uv":[7.706639,7.522681,7.987839,8.019881],"texture":"#normal_gun_texture"}
}
},
{
"from":[-11.4375,7.7812,7.7891],
"to":[-9.4375,8.906216,8.210925],
"faces":{
"down":{"uv":[4.5625,7.789112,6.5625,8.210938],"texture":"#normal_gun_texture"},
"up":{"uv":[4.5625,7.789063,6.5625,8.210888],"texture":"#normal_gun_texture"},
"north":{"uv":[9.4375,7.093735,11.4375,8.21875],"texture":"#normal_gun_texture"},
"south":{"uv":[4.5625,7.093735,6.5625,8.21875],"texture":"#normal_gun_texture"},
"west":{"uv":[7.789063,7.093735,8.210888,8.21875],"texture":"#normal_gun_texture"},
"east":{"uv":[7.789113,7.093735,8.210938,8.21875],"texture":"#normal_gun_texture"}
}
},
{
"from":[-11.4375,8.1328,7.4375],
"to":[-9.4375,8.55469,8.56245],
"faces":{
"down":{"uv":[4.5625,7.43755,6.5625,8.5625],"texture":"#normal_gun_texture"},
"up":{"uv":[4.5625,7.4375,6.5625,8.56245],"texture":"#normal_gun_texture"},
"north":{"uv":[9.4375,7.445297,11.4375,7.867188],"texture":"#normal_gun_texture"},
"south":{"uv":[4.5625,7.445297,6.5625,7.867188],"texture":"#normal_gun_texture"},
"west":{"uv":[7.4375,7.445297,8.56245,7.867188],"texture":"#normal_gun_texture"},
"east":{"uv":[7.43755,7.445297,8.5625,7.867188],"texture":"#normal_gun_texture"}
}
},
{
"from":[-11.4375,8.625,8.210999],
"to":[-9.4375,8.906265,8.708134],
"rotation":{"origin":[-11.4375,8.90625,8.210938],"axis":"x","angle":45},
"faces":{
"down":{"uv":[4.5625,7.490782,6.5625,7.987916],"texture":"#normal_gun_texture"},
"up":{"uv":[4.5625,8.012084,6.5625,8.509218],"texture":"#normal_gun_texture"},
"west":{"uv":[8.012084,7.01137,8.509218,7.292635],"texture":"#normal_gun_texture"},
"east":{"uv":[7.490782,7.01137,7.987916,7.292635],"texture":"#normal_gun_texture"}
}
},
{
"from":[-11.4375,8.5547,7.4375],
"to":[-9.4375,9.0519,7.7187],
"rotation":{"origin":[-11.4375,8.554688,7.4375],"axis":"x","angle":45},
"faces":{
"north":{"uv":[9.4375,6.948112,11.4375,7.445313],"texture":"#normal_gun_texture"},
"south":{"uv":[4.5625,6.948112,6.5625,7.445313],"texture":"#normal_gun_texture"},
"west":{"uv":[7.4375,6.948112,7.7187,7.445313],"texture":"#normal_gun_texture"},
"east":{"uv":[8.2813,6.948112,8.5625,7.445313],"texture":"#normal_gun_texture"}
}
},
{
"from":[-11.4375,7.7813,7.2919],
"to":[-9.4375,8.062565,7.789034],
"rotation":{"origin":[-11.4375,7.78125,7.789063],"axis":"x","angle":45},
"faces":{
"down":{"uv":[4.5625,8.06533,6.5625,8.562464],"texture":"#normal_gun_texture"},
"up":{"uv":[4.5625,7.437536,6.5625,7.93467],"texture":"#normal_gun_texture"},
"west":{"uv":[7.437536,7.585903,7.93467,7.867168],"texture":"#normal_gun_texture"},
"east":{"uv":[8.06533,7.585903,8.562464,7.867168],"texture":"#normal_gun_texture"}
}
},
{
"from":[-5,6.4688,7.2919],
"to":[-4.6875,6.750066,7.789034],
"rotation":{"origin":[-5,6.46875,7.789063],"axis":"x","angle":45},
"faces":{
"down":{"uv":[11,8.06533,11.3125,8.562464],"texture":"#normal_gun_texture"},
"up":{"uv":[11,7.437536,11.3125,7.93467],"texture":"#normal_gun_texture"},
"west":{"uv":[7.437536,8.898403,7.93467,9.179668],"texture":"#normal_gun_texture"},
"east":{"uv":[8.06533,8.898403,8.562464,9.179668],"texture":"#normal_gun_texture"}
}
},
{
"from":[-5,7.2422,7.4375],
"to":[-4.6875,7.7394,7.7187],
"rotation":{"origin":[-5,7.242188,7.4375],"axis":"x","angle":45},
"faces":{
"north":{"uv":[4.6875,8.260612,5,8.757813],"texture":"#normal_gun_texture"},
"south":{"uv":[11,8.260612,11.3125,8.757813],"texture":"#normal_gun_texture"},
"west":{"uv":[7.4375,8.260612,7.7187,8.757813],"texture":"#normal_gun_texture"},
"east":{"uv":[8.2813,8.260612,8.5625,8.757813],"texture":"#normal_gun_texture"}
}
},
{
"from":[-5,7.3125,8.210999],
"to":[-4.6875,7.593766,8.708134],
"rotation":{"origin":[-5,7.59375,8.210938],"axis":"x","angle":45},
"faces":{
"down":{"uv":[11,7.490782,11.3125,7.987916],"texture":"#normal_gun_texture"},
"up":{"uv":[11,8.012084,11.3125,8.509218],"texture":"#normal_gun_texture"},
"west":{"uv":[8.012084,8.32387,8.509218,8.605135],"texture":"#normal_gun_texture"},
"east":{"uv":[7.490782,8.32387,7.987916,8.605135],"texture":"#normal_gun_texture"}
}
},
{
"from":[-5,6.8203,7.4375],
"to":[-4.6875,7.24219,8.56245],
"faces":{
"down":{"uv":[11,7.43755,11.3125,8.5625],"texture":"#normal_gun_texture"},
"up":{"uv":[11,7.4375,11.3125,8.56245],"texture":"#normal_gun_texture"},
"north":{"uv":[4.6875,8.757797,5,9.179688],"texture":"#normal_gun_texture"},
"south":{"uv":[11,8.757797,11.3125,9.179688],"texture":"#normal_gun_texture"},
"west":{"uv":[7.4375,8.757797,8.56245,9.179688],"texture":"#normal_gun_texture"},
"east":{"uv":[7.43755,8.757797,8.5625,9.179688],"texture":"#normal_gun_texture"}
}
},
{
"from":[-5,6.4688,7.7891],
"to":[-4.6875,7.593816,8.210925],
"faces":{
"down":{"uv":[11,7.789112,11.3125,8.210938],"texture":"#normal_gun_texture"},
"up":{"uv":[11,7.789063,11.3125,8.210888],"texture":"#normal_gun_texture"},
"north":{"uv":[4.6875,8.406235,5,9.53125],"texture":"#normal_gun_texture"},
"south":{"uv":[11,8.406235,11.3125,9.53125],"texture":"#normal_gun_texture"},
"west":{"uv":[7.789063,8.406235,8.210888,9.53125],"texture":"#normal_gun_texture"},
"east":{"uv":[7.789113,8.406235,8.210938,9.53125],"texture":"#normal_gun_texture"}
}
},
{
"from":[-5,6.3232,8.2813],
"to":[-4.6875,6.8204,8.5625],
"rotation":{"origin":[-5,6.820313,8.5625],"axis":"x","angle":45},
"faces":{
"north":{"uv":[4.6875,8.835181,5,9.332381],"texture":"#normal_gun_texture"},
"south":{"uv":[11,8.835181,11.3125,9.332381],"texture":"#normal_gun_texture"},
"west":{"uv":[8.012161,8.835181,8.293362,9.332381],"texture":"#normal_gun_texture"},
"east":{"uv":[7.706639,8.835181,7.987839,9.332381],"texture":"#normal_gun_texture"}
}
},
{
"from":[-3.75,6.3232,8.2814],
"to":[-3.5,6.820434,8.562565],
"rotation":{"origin":[-3.75,6.820313,8.5625],"axis":"x","angle":45},
"faces":{
"north":{"uv":[3.5,8.835157,3.75,9.332392],"texture":"#normal_gun_texture"},
"south":{"uv":[12.25,8.835157,12.5,9.332392],"texture":"#normal_gun_texture"},
"west":{"uv":[8.012229,8.835157,8.293394,9.332392],"texture":"#normal_gun_texture"},
"east":{"uv":[7.706605,8.835157,7.987771,9.332392],"texture":"#normal_gun_texture"}
}
},
{
"from":[-3.75,6.8203,7.4375],
"to":[-3.5,7.242225,8.562415],
"faces":{
"down":{"uv":[12.25,7.437585,12.5,8.5625],"texture":"#normal_gun_texture"},
"up":{"uv":[12.25,7.4375,12.5,8.562416],"texture":"#normal_gun_texture"},
"north":{"uv":[3.5,8.757763,3.75,9.179688],"texture":"#normal_gun_texture"},
"south":{"uv":[12.25,8.757763,12.5,9.179688],"texture":"#normal_gun_texture"},
"west":{"uv":[7.4375,8.757763,8.562415,9.179688],"texture":"#normal_gun_texture"},
"east":{"uv":[7.437584,8.757763,8.5625,9.179688],"texture":"#normal_gun_texture"}
}
},
{
"from":[-3.75,7.3125,8.210999],
"to":[-3.5,7.5938,8.708099],
"rotation":{"origin":[-3.75,7.59375,8.210938],"axis":"x","angle":45},
"faces":{
"down":{"uv":[12.25,7.490803,12.5,7.987903],"texture":"#normal_gun_texture"},
"up":{"uv":[12.25,8.012097,12.5,8.509197],"texture":"#normal_gun_texture"},
"west":{"uv":[8.012097,8.323859,8.509197,8.60516],"texture":"#normal_gun_texture"},
"east":{"uv":[7.490803,8.323859,7.987903,8.60516],"texture":"#normal_gun_texture"}
}
},
{
"from":[-3.75,6.4688,7.7891],
"to":[-3.5,7.59385,8.21089],
"faces":{
"down":{"uv":[12.25,7.789147,12.5,8.210938],"texture":"#normal_gun_texture"},
"up":{"uv":[12.25,7.789063,12.5,8.210854],"texture":"#normal_gun_texture"},
"north":{"uv":[3.5,8.4062,3.75,9.53125],"texture":"#normal_gun_texture"},
"south":{"uv":[12.25,8.4062,12.5,9.53125],"texture":"#normal_gun_texture"},
"west":{"uv":[7.789063,8.4062,8.210853,9.53125],"texture":"#normal_gun_texture"},
"east":{"uv":[7.789147,8.4062,8.210938,9.53125],"texture":"#normal_gun_texture"}
}
},
{
"from":[-3.75,7.2422,7.4375],
"to":[-3.5,7.739434,7.718666],
"rotation":{"origin":[-3.75,7.242188,7.4375],"axis":"x","angle":45},
"faces":{
"north":{"uv":[3.5,8.260578,3.75,8.757813],"texture":"#normal_gun_texture"},
"south":{"uv":[12.25,8.260578,12.5,8.757813],"texture":"#normal_gun_texture"},
"west":{"uv":[7.4375,8.260578,7.718666,8.757813],"texture":"#normal_gun_texture"},
"east":{"uv":[8.281335,8.260578,8.5625,8.757813],"texture":"#normal_gun_texture"}
}
},
{
"from":[-3.75,6.4688,7.2919],
"to":[-3.5,6.7501,7.789],
"rotation":{"origin":[-3.75,6.46875,7.789063],"axis":"x","angle":45},
"faces":{
"down":{"uv":[12.25,8.06534,12.5,8.56244],"texture":"#normal_gun_texture"},
"up":{"uv":[12.25,7.43756,12.5,7.93466],"texture":"#normal_gun_texture"},
"west":{"uv":[7.43756,8.898325,7.93466,9.179626],"texture":"#normal_gun_texture"},
"east":{"uv":[8.06534,8.898325,8.56244,9.179626],"texture":"#normal_gun_texture"}
}
},
{
"from":[15,9.25,7.375],
"to":[15.15625,9.375,8.625],
"faces":{
"down":{"uv":[15,7.375,15.15625,8.625],"texture":"#normal_gun_texture"},
"up":{"uv":[15,7.375,15.15625,8.625],"texture":"#normal_gun_texture"},
"north":{"uv":[0.84375,6.625,1,6.75],"texture":"#normal_gun_texture"},
"south":{"uv":[15,6.625,15.15625,6.75],"texture":"#normal_gun_texture"},
"west":{"uv":[7.375,6.625,8.625,6.75],"texture":"#normal_gun_texture"},
"east":{"uv":[7.375,6.625,8.625,6.75],"texture":"#normal_gun_texture"}
}
},
{
"from":[15.1562,9.031199,7.375],
"to":[16.1362,9.374999,8.625],
"rotation":{"origin":[15.15625,9.375,7.375],"axis":"z","angle":-22.5},
"faces":{
"down":{"uv":[15.02468,7.375,16,8.625],"texture":"#normal_gun_texture"},
"up":{"uv":[15.02468,7.375,16,8.625],"texture":"#normal_gun_texture"},
"north":{"uv":[0,6.598829,0.975317,6.942629],"texture":"#normal_gun_texture"},
"south":{"uv":[15.02468,6.598829,16,6.942629],"texture":"#normal_gun_texture"},
"west":{"uv":[7.375,6.598829,8.625,6.942629],"texture":"#normal_gun_texture"},
"east":{"uv":[7.375,6.598829,8.625,6.942629],"texture":"#normal_gun_texture"}
}
},
{
"from":[16.0625,8.75,7],
"to":[16.6025,9,9],
"rotation":{"origin":[16.0625,9,7],"axis":"z","angle":-22.5},
"faces":{
"up":{"uv":[15.96683,7,16,9],"texture":"#normal_gun_texture"},
"north":{"uv":[0,6.980969,0.0331707,7.230969],"texture":"#normal_gun_texture"},
"south":{"uv":[15.96683,6.980969,16,7.230969],"texture":"#normal_gun_texture"}
}
},
{
"from":[16.5625,6.9688,7],
"to":[16.8125,7.62505,9],
"rotation":{"origin":[16.8125,7.625,7],"axis":"z","angle":-22.5},
"faces":{
"north":{"uv":[15.41961,8.229375,15.66961,8.885625],"texture":"#normal_gun_texture"},
"south":{"uv":[0.3303947,8.229375,0.5803947,8.885625],"texture":"#normal_gun_texture"},
"west":{"uv":[7,8.229375,9,8.885625],"texture":"#normal_gun_texture"},
"east":{"uv":[7,8.229375,9,8.885625],"texture":"#normal_gun_texture"}
}
}
],
"display": {
    "thirdperson_righthand": {
        "rotation": [ -180, -90, 130 ],
        "translation": [ 0, 5, 1 ],
        "scale": [ 0.8, 0.8, 0.8 ]
    },
    "thirdperson_lefthand": {
        "rotation": [ 0, 90, 140 ],
		"translation": [ 0, 1, 2 ],
        "scale": [ 0.8, 0.8, 0.8 ]
    },
    "head": {
        "rotation": [ 0, -90, 0 ],
        "translation": [ 0, 12, 0 ],
        "scale": [ 0.6, 0.6, 0.6 ]
    },
    "ground": {
        "rotation": [ 90, 0, 0 ],
        "translation": [ 1, 0, 0 ],
        "scale": [ 0.7, 0.7, 0.7 ]
    },
    "fixed": {
        "rotation": [ 0, 0, 0 ],
        "translation": [ 0, 0, -2 ],
        "scale": [ 1, 1, 1 ]
    },
    "firstperson_righthand": {
        "rotation": [ 0, -90, 0 ],
        "translation": [ -2.5, 4.25, -1 ],
        "scale": [ 0.85, 0.85, 0.85 ]
    },
    "firstperson_lefthand": {
		"rotation": [ 0, 90, 80 ],
		"translation": [ 5, 2, -5 ],
        "scale": [ 0.85, 0.85, 0.85 ]
    },
    "gui": {
        "rotation": [ -15, 40, 0 ],
        "translation": [ 0.75, 0, 0 ],
        "scale": [ 0.6, 0.6, 0.6 ]
    }
}
}