{
	"__comment": "© Le0, Mineland.eu 2019 | www.mineland.eu",
	"textures": {
		"coltrevolver": "guns/pistole/coltrevolver"
	},
"elements": [ 
{
    "from": [ -1.75, 9, 7.25 ],
    "to": [ 7.25, 10, 8.25 ],
    "faces": {
        "down":  { "uv": [ 0.125, 7.625, 7.5, 8.5 ], "texture": "#coltrevolver" },
        "up":    { "uv": [ 0.125, 6.625, 7.5, 7.5 ], "texture": "#coltrevolver" },
        "north": { "uv": [ 7.5, 0.75, 0.125, 1.625 ], "texture": "#coltrevolver" },
        "south": { "uv": [ 0.125, 8.625, 7.5, 9.5 ], "texture": "#coltrevolver" },
        "west":  { "uv": [ 0.125, 2.25, 1, 3.125 ], "texture": "#coltrevolver" },
        "east":  { "uv": [ 0.125, 2.25, 1, 3.125 ], "texture": "#coltrevolver" }
    }
},
{
    "from": [ 7.75, 6.875, 6.75 ],
    "to": [ 12, 10.375, 8.75 ],
    "faces": {
        "down":  { "uv": [ 0.125, 9.75, 3.875, 11.25 ], "texture": "#coltrevolver" },
        "up":    { "uv": [ 0.125, 9.75, 3.875, 11.25 ], "texture": "#coltrevolver" },
        "north": { "uv": [ 11.75, 0.25, 8, 3.375 ], "texture": "#coltrevolver" },
        "south": { "uv": [ 8, 0.25, 11.75, 3.375 ], "texture": "#coltrevolver" },
        "west":  { "uv": [ 8, 0.25, 9.75, 3.375 ], "texture": "#coltrevolver" },
        "east":  { "uv": [ 8, 0.25, 9.75, 3.375 ], "texture": "#coltrevolver" }
    }
},
{
    "from": [ 8.5, 6.625, 7 ],
    "to": [ 12, 6.875, 8.5 ],
    "faces": {
        "down":  { "uv": [ 8.75, 3.375, 11.75, 3.625 ], "texture": "#coltrevolver" },
        "up":    { "uv": [ 8.75, 3.375, 11.75, 3.625 ], "texture": "#coltrevolver" },
        "north": { "uv": [ 8.75, 3.375, 11.75, 3.625 ], "texture": "#coltrevolver" },
        "south": { "uv": [ 8.75, 3.375, 11.75, 3.625 ], "texture": "#coltrevolver" },
        "west":  { "uv": [ 8.75, 3.375, 11.75, 3.625 ], "texture": "#coltrevolver" },
        "east":  { "uv": [ 8.75, 3.375, 11.75, 3.625 ], "texture": "#coltrevolver" }
    }
},
{
    "from": [ 10, 6.125, 7 ],
    "to": [ 12, 6.375, 8.5 ],
    "faces": {
        "down":  { "uv": [ 9.75, 3.75, 11.75, 4 ], "texture": "#coltrevolver" },
        "up":    { "uv": [ 9.75, 3.75, 11.75, 4 ], "texture": "#coltrevolver" },
        "north": { "uv": [ 9.75, 3.75, 11.75, 4 ], "texture": "#coltrevolver" },
        "south": { "uv": [ 9.75, 3.75, 11.75, 4 ], "texture": "#coltrevolver" },
        "west":  { "uv": [ 9.75, 3.75, 11.75, 4 ], "texture": "#coltrevolver" },
        "east":  { "uv": [ 9.75, 3.75, 11.75, 4 ], "texture": "#coltrevolver" }
    }
},
{
    "from": [ 10.75, 5.875, 7 ],
    "to": [ 12, 6.125, 8.5 ],
    "faces": {
        "down":  { "uv": [ 10.5, 4, 11.75, 4.25 ], "texture": "#coltrevolver" },
        "up":    { "uv": [ 10.5, 4, 11.75, 4.25 ], "texture": "#coltrevolver" },
        "north": { "uv": [ 10.5, 4, 11.75, 4.25 ], "texture": "#coltrevolver" },
        "south": { "uv": [ 10.5, 4, 11.75, 4.25 ], "texture": "#coltrevolver" },
        "west":  { "uv": [ 10.5, 4, 11.75, 4.25 ], "texture": "#coltrevolver" },
        "east":  { "uv": [ 10.5, 4, 11.75, 4.25 ], "texture": "#coltrevolver" }
    }
},
{
    "from": [ 12, 5.75, 7 ],
    "to": [ 13.5, 7.75, 8.5 ],
    "faces": {
        "down":  { "uv": [ 11.75, 4.125, 13, 4.25 ], "texture": "#coltrevolver" },
        "up":    { "uv": [ 11.75, 4.125, 13, 4.25 ], "rotation": 180, "texture": "#coltrevolver" },
        "north": { "uv": [ 13, 2.625, 11.75, 4.25 ], "texture": "#coltrevolver" },
        "south": { "uv": [ 11.75, 2.625, 13, 4.25 ], "texture": "#coltrevolver" },
        "west":  { "uv": [ 11.75, 2.625, 12.25, 3.75 ], "texture": "#coltrevolver" },
        "east":  { "uv": [ 11.75, 2.625, 12.25, 3.75 ], "texture": "#coltrevolver" }
    }
},
{
    "from": [ 14, 2.25, 7 ],
    "to": [ 16, 5.25, 8.5 ],
    "faces": {
        "down":  { "uv": [ 14.625, 9.75, 15.75, 10.25 ], "texture": "#coltrevolver" },
        "up":    { "uv": [ 14.625, 7.875, 15.75, 8.375 ], "texture": "#coltrevolver" },
        "north": { "uv": [ 14.5, 7.625, 15.875, 10.625 ], "texture": "#coltrevolver" },
        "south": { "uv": [ 14.5, 7.625, 15.875, 10.625 ], "texture": "#coltrevolver" },
        "west":  { "uv": [ 14.5, 7.625, 15.875, 10.625 ], "texture": "#coltrevolver" },
        "east":  { "uv": [ 14.5, 7.625, 15.875, 10.625 ], "texture": "#coltrevolver" }
    }
},
{
    "from": [ 16, 2.25, 7 ],
    "to": [ 16.75, 3.625, 8.5 ],
    "faces": {
        "down":  { "uv": [ 12.25, 6.25, 13, 7.375 ], "texture": "#coltrevolver" },
        "up":    { "uv": [ 12.25, 6.25, 13, 7.375 ], "texture": "#coltrevolver" },
        "north": { "uv": [ 12.25, 6.25, 13, 7.375 ], "texture": "#coltrevolver" },
        "south": { "uv": [ 12.25, 6.25, 13, 7.375 ], "texture": "#coltrevolver" },
        "west":  { "uv": [ 12.25, 6.25, 13, 7.375 ], "texture": "#coltrevolver" },
        "east":  { "uv": [ 12.25, 6.25, 13, 7.375 ], "texture": "#coltrevolver" }
    }
},
{
    "from": [ 13.5, 5.75, 7 ],
    "to": [ 15, 7.75, 8.5 ],
    "rotation": { "origin": [ 13.5, 7.75, 7 ], "axis": "z", "angle": -22.5 },
    "faces": {
        "down":  { "uv": [ 12.875, 0.75, 14.125, 2.375 ], "texture": "#coltrevolver" },
        "up":    { "uv": [ 12.875, 0.75, 14.125, 2.375 ], "texture": "#coltrevolver" },
        "north": { "uv": [ 12.875, 0.75, 14.125, 2.375 ], "texture": "#coltrevolver" },
        "south": { "uv": [ 12.875, 0.75, 14.125, 2.375 ], "texture": "#coltrevolver" },
        "west":  { "uv": [ 12.875, 0.75, 14.125, 2.375 ], "texture": "#coltrevolver" },
        "east":  { "uv": [ 12.875, 0.75, 14.125, 2.375 ], "texture": "#coltrevolver" }
    }
},
{
    "from": [ 14.88, 5.1775, 7 ],
    "to": [ 15.88, 7.1775, 8.5 ],
    "rotation": { "origin": [ 14.88, 7.1775, 7 ], "axis": "z", "angle": -45 },
    "faces": {
        "down":  { "uv": [ 14.375, 0.75, 15.625, 2.375 ], "texture": "#coltrevolver" },
        "up":    { "uv": [ 14.375, 0.75, 15.625, 2.375 ], "texture": "#coltrevolver" },
        "north": { "uv": [ 14.375, 0.75, 15.625, 2.375 ], "texture": "#coltrevolver" },
        "south": { "uv": [ 14.375, 0.75, 15.625, 2.375 ], "texture": "#coltrevolver" },
        "west":  { "uv": [ 14.375, 0.75, 15.625, 2.375 ], "texture": "#coltrevolver" },
        "east":  { "uv": [ 14.375, 0.75, 15.625, 2.375 ], "texture": "#coltrevolver" }
    }
},
{
    "from": [ 13.7388, 2.19875, 7 ],
    "to": [ 15.7388, 5.69875, 8.5 ],
    "rotation": { "origin": [ 13.7388, 5.69875, 7 ], "axis": "z", "angle": 22.5 },
    "faces": {
        "down":  { "uv": [ 13.375, 4, 14.75, 7 ], "texture": "#coltrevolver" },
        "up":    { "uv": [ 13.375, 4, 14.75, 7 ], "texture": "#coltrevolver" },
        "north": { "uv": [ 14.25, 7.625, 12.875, 10.625 ], "texture": "#coltrevolver" },
        "south": { "uv": [ 12.875, 7.625, 14.25, 10.625 ], "texture": "#coltrevolver" },
        "west":  { "uv": [ 13.375, 4, 14.75, 6.5 ], "texture": "#coltrevolver" },
        "east":  { "uv": [ 13.375, 4, 14.75, 6.5 ], "texture": "#coltrevolver" }
    }
},
{
    "from": [ 16.75, 2.24688, 7 ],
    "to": [ 16.9219, 3.23438, 8.5 ],
    "faces": {
        "down":  { "uv": [ 15.375, 2.875, 15.75, 4.25 ], "texture": "#coltrevolver" },
        "up":    { "uv": [ 15.375, 2.875, 15.75, 4.25 ], "texture": "#coltrevolver" },
        "north": { "uv": [ 15.375, 2.875, 15.75, 4.25 ], "texture": "#coltrevolver" },
        "south": { "uv": [ 15.375, 2.875, 15.75, 4.25 ], "texture": "#coltrevolver" },
        "west":  { "uv": [ 15.375, 2.875, 15.75, 4.25 ], "texture": "#coltrevolver" },
        "east":  { "uv": [ 15.375, 2.875, 15.75, 4.25 ], "texture": "#coltrevolver" }
    }
},
{
    "from": [ 12.4688, 9.3125, 7.5 ],
    "to": [ 12.7188, 9.8125, 8 ],
    "rotation": { "origin": [ 12.4688, 9.8125, 7.5 ], "axis": "z", "angle": 22.5 },
    "faces": {
        "down":  { "uv": [ 12.25, 1.125, 12.375, 2.125 ], "texture": "#coltrevolver" },
        "up":    { "uv": [ 12.25, 1.125, 12.375, 2.125 ], "texture": "#coltrevolver" },
        "north": { "uv": [ 12.25, 1.125, 12.375, 2.125 ], "texture": "#coltrevolver" },
        "south": { "uv": [ 12.25, 1.125, 12.375, 2.125 ], "texture": "#coltrevolver" },
        "west":  { "uv": [ 12.25, 1.125, 12.375, 2.125 ], "texture": "#coltrevolver" },
        "east":  { "uv": [ 12.25, 1.125, 12.375, 2.125 ], "texture": "#coltrevolver" }
    }
},
{
    "from": [ 12, 9.5, 7.5 ],
    "to": [ 12.25, 10.25, 8 ],
    "rotation": { "origin": [ 12, 10.25, 7.5 ], "axis": "z", "angle": 45 },
    "faces": {
        "down":  { "uv": [ 12.25, 1.125, 12.375, 2.125 ], "texture": "#coltrevolver" },
        "up":    { "uv": [ 12.25, 1.125, 12.375, 2.125 ], "texture": "#coltrevolver" },
        "north": { "uv": [ 12.25, 1.125, 12.375, 2.125 ], "texture": "#coltrevolver" },
        "south": { "uv": [ 12.25, 1.125, 12.375, 2.125 ], "texture": "#coltrevolver" },
        "west":  { "uv": [ 12.25, 1.125, 12.375, 2.125 ], "texture": "#coltrevolver" },
        "east":  { "uv": [ 12.25, 1.125, 12.375, 2.125 ], "texture": "#coltrevolver" }
    }
},
{
    "from": [ 12, 6.875, 6.75 ],
    "to": [ 12.75, 9.375, 8.75 ],
    "faces": {
        "down":  { "uv": [ 11.75, 1.125, 12.25, 3.375 ], "texture": "#coltrevolver" },
        "up":    { "uv": [ 11.75, 1.125, 12.25, 3.375 ], "texture": "#coltrevolver" },
        "north": { "uv": [ 12.25, 1.125, 11.75, 3.375 ], "texture": "#coltrevolver" },
        "south": { "uv": [ 11.75, 1.125, 12.25, 3.375 ], "texture": "#coltrevolver" },
        "west":  { "uv": [ 11.75, 1.125, 12.25, 3.375 ], "texture": "#coltrevolver" },
        "east":  { "uv": [ 11.75, 1.125, 12.25, 3.375 ], "texture": "#coltrevolver" }
    }
},
{
    "from": [ 11.8125, 9.04375, 6.75 ],
    "to": [ 12.5625, 9.59375, 8.75 ],
    "rotation": { "origin": [ 11.8125, 9.59375, 6.75 ], "axis": "z", "angle": 22.5 },
    "faces": {
        "down":  { "uv": [ 7, 3.125, 7.625, 3.75 ], "texture": "#coltrevolver" },
        "up":    { "uv": [ 7, 3.125, 7.625, 3.75 ], "texture": "#coltrevolver" },
        "north": { "uv": [ 7, 3.125, 7.625, 3.75 ], "texture": "#coltrevolver" },
        "south": { "uv": [ 7, 3.125, 7.625, 3.75 ], "texture": "#coltrevolver" },
        "west":  { "uv": [ 7, 3.125, 7.625, 3.75 ], "texture": "#coltrevolver" },
        "east":  { "uv": [ 7, 3.125, 7.625, 3.75 ], "texture": "#coltrevolver" }
    }
},
{
    "from": [ 11.9868, 9.79125, 6.75 ],
    "to": [ 12.7118, 10.3912, 8.75 ],
    "rotation": { "origin": [ 11.9868, 10.3912, 6.75 ], "axis": "z", "angle": -45 },
    "faces": {
        "down":  { "uv": [ 6.125, 3.125, 6.75, 3.75 ], "texture": "#coltrevolver" },
        "up":    { "uv": [ 6.125, 3.125, 6.75, 3.75 ], "texture": "#coltrevolver" },
        "north": { "uv": [ 6.125, 3.125, 6.75, 3.75 ], "texture": "#coltrevolver" },
        "south": { "uv": [ 6.125, 3.125, 6.75, 3.75 ], "texture": "#coltrevolver" },
        "west":  { "uv": [ 6.125, 3.125, 6.75, 3.75 ], "texture": "#coltrevolver" },
        "east":  { "uv": [ 6.125, 3.125, 6.75, 3.75 ], "texture": "#coltrevolver" }
    }
},
{
    "from": [ 12.75, 10, 7.5 ],
    "to": [ 13.25, 10.5, 8 ],
    "rotation": { "origin": [ 12.75, 10.5, 7.5 ], "axis": "z", "angle": -45 },
    "faces": {
        "down":  { "uv": [ 13, 0.25, 13.5, 0.625 ], "texture": "#coltrevolver" },
        "up":    { "uv": [ 13, 0.25, 13.5, 0.625 ], "texture": "#coltrevolver" },
        "north": { "uv": [ 13, 0.25, 13.5, 0.625 ], "texture": "#coltrevolver" },
        "south": { "uv": [ 13, 0.25, 13.5, 0.625 ], "texture": "#coltrevolver" },
        "west":  { "uv": [ 13, 0.25, 13.5, 0.625 ], "texture": "#coltrevolver" },
        "east":  { "uv": [ 13, 0.25, 13.5, 0.625 ], "texture": "#coltrevolver" }
    }
},
{
    "from": [ 12.64, 8.4475, 7.5 ],
    "to": [ 12.89, 9.4475, 8 ],
    "faces": {
        "down":  { "uv": [ 12.25, 1.125, 12.375, 2.125 ], "texture": "#coltrevolver" },
        "up":    { "uv": [ 12.25, 1.125, 12.375, 2.125 ], "texture": "#coltrevolver" },
        "north": { "uv": [ 12.25, 1.125, 12.375, 2.125 ], "texture": "#coltrevolver" },
        "south": { "uv": [ 12.25, 1.125, 12.375, 2.125 ], "texture": "#coltrevolver" },
        "west":  { "uv": [ 12.25, 1.125, 12.375, 2.125 ], "texture": "#coltrevolver" },
        "east":  { "uv": [ 12.25, 1.125, 12.375, 2.125 ], "texture": "#coltrevolver" }
    }
},
{
    "from": [ 12.5, 7.25, 7 ],
    "to": [ 12.875, 7.875, 8.5 ],
    "rotation": { "origin": [ 12.5, 7.875, 7 ], "axis": "z", "angle": 45 },
    "faces": {
        "down":  { "uv": [ 15.125, 0.25, 15.5, 0.625 ], "texture": "#coltrevolver" },
        "up":    { "uv": [ 15.125, 0.25, 15.5, 0.625 ], "texture": "#coltrevolver" },
        "north": { "uv": [ 15.125, 0.25, 15.5, 0.625 ], "texture": "#coltrevolver" },
        "south": { "uv": [ 15.125, 0.25, 15.5, 0.625 ], "texture": "#coltrevolver" },
        "west":  { "uv": [ 15.125, 0.25, 15.5, 0.625 ], "texture": "#coltrevolver" },
        "east":  { "uv": [ 15.125, 0.25, 15.5, 0.625 ], "texture": "#coltrevolver" }
    }
},
{
    "from": [ 13.2188, 10.4063, 7.5 ],
    "to": [ 13.4688, 10.6563, 8 ],
    "rotation": { "origin": [ 13.2188, 10.6563, 7.5 ], "axis": "z", "angle": 22.5 },
    "faces": {
        "down":  { "uv": [ 14.125, 0.25, 14.5, 0.625 ], "texture": "#coltrevolver" },
        "up":    { "uv": [ 14.125, 0.25, 14.5, 0.625 ], "texture": "#coltrevolver" },
        "north": { "uv": [ 14.125, 0.25, 14.5, 0.625 ], "texture": "#coltrevolver" },
        "south": { "uv": [ 14.125, 0.25, 14.5, 0.625 ], "texture": "#coltrevolver" },
        "west":  { "uv": [ 14.125, 0.25, 14.5, 0.625 ], "texture": "#coltrevolver" },
        "east":  { "uv": [ 14.125, 0.25, 14.5, 0.625 ], "texture": "#coltrevolver" }
    }
},
{
    "from": [ 12.75, 10, 7.5 ],
    "to": [ 13.25, 10.5, 8 ],
    "rotation": { "origin": [ 12.75, 10.5, 7.5 ], "axis": "z", "angle": 22.5 },
    "faces": {
        "down":  { "uv": [ 13.625, 0.25, 14, 0.625 ], "texture": "#coltrevolver" },
        "up":    { "uv": [ 13.625, 0.25, 14, 0.625 ], "texture": "#coltrevolver" },
        "north": { "uv": [ 13.625, 0.25, 14, 0.625 ], "texture": "#coltrevolver" },
        "south": { "uv": [ 13.625, 0.25, 14, 0.625 ], "texture": "#coltrevolver" },
        "west":  { "uv": [ 13.625, 0.25, 14, 0.625 ], "texture": "#coltrevolver" },
        "east":  { "uv": [ 13.625, 0.25, 14, 0.625 ], "texture": "#coltrevolver" }
    }
},
{
    "from": [ 7.5, 7.625, 6.9375 ],
    "to": [ 7.75, 10.25, 8.5625 ],
    "faces": {
        "down":  { "uv": [ 7.75, 0.375, 8, 2.875 ], "texture": "#coltrevolver" },
        "up":    { "uv": [ 7.75, 0.375, 8, 2.875 ], "texture": "#coltrevolver" },
        "north": { "uv": [ 7.75, 0.375, 8, 2.875 ], "texture": "#coltrevolver" },
        "south": { "uv": [ 7.75, 0.375, 8, 2.875 ], "texture": "#coltrevolver" },
        "west":  { "uv": [ 7.75, 0.375, 8, 2.875 ], "texture": "#coltrevolver" },
        "east":  { "uv": [ 7.75, 0.375, 8, 2.875 ], "texture": "#coltrevolver" }
    }
},
{
    "from": [ 0.875, 8.5, 7.375 ],
    "to": [ 7.5, 9, 8.125 ],
    "faces": {
        "down":  { "uv": [ 0.125, 6, 5.25, 6.375 ], "texture": "#coltrevolver" },
        "up":    { "uv": [ 0.125, 6, 5.25, 6.375 ], "texture": "#coltrevolver" },
        "north": { "uv": [ 7.375, 1.625, 2.375, 2 ], "texture": "#coltrevolver" },
        "south": { "uv": [ 2.375, 1.625, 7.5, 2 ], "texture": "#coltrevolver" },
        "west":  { "uv": [ 0.125, 5, 0.5, 5.375 ], "texture": "#coltrevolver" },
        "east":  { "uv": [ 0.125, 5, 0.5, 5.375 ], "texture": "#coltrevolver" }
    }
},
{
    "from": [ 9.25, 6.375, 7 ],
    "to": [ 12, 6.625, 8.5 ],
    "faces": {
        "down":  { "uv": [ 9.5, 3.625, 11.75, 3.875 ], "texture": "#coltrevolver" },
        "up":    { "uv": [ 9.5, 3.625, 11.75, 3.875 ], "texture": "#coltrevolver" },
        "north": { "uv": [ 9.5, 3.625, 11.875, 3.875 ], "texture": "#coltrevolver" },
        "south": { "uv": [ 9.5, 3.625, 11.875, 3.875 ], "texture": "#coltrevolver" },
        "west":  { "uv": [ 9.5, 3.625, 11.875, 3.875 ], "texture": "#coltrevolver" },
        "east":  { "uv": [ 9.5, 3.625, 11.875, 3.875 ], "texture": "#coltrevolver" }
    }
},
{
    "from": [ -1, 10, 7.5 ],
    "to": [ -0.5, 10.5, 8 ],
    "faces": {
        "down":  { "uv": [ 1, 0.375, 1.375, 0.75 ], "texture": "#coltrevolver" },
        "up":    { "uv": [ 1, 0.375, 1.375, 0.75 ], "texture": "#coltrevolver" },
        "north": { "uv": [ 1, 0.375, 1.375, 0.75 ], "texture": "#coltrevolver" },
        "south": { "uv": [ 1, 0.375, 1.375, 0.75 ], "texture": "#coltrevolver" },
        "west":  { "uv": [ 1, 0.375, 1.375, 0.75 ], "texture": "#coltrevolver" },
        "east":  { "uv": [ 1, 0.375, 1.375, 0.75 ], "texture": "#coltrevolver" }
    }
},
{
    "from": [ 12.26, 4.76625, 7.25 ],
    "to": [ 12.51, 5.76625, 8.25 ],
    "faces": {
        "down":  { "uv": [ 11.875, 6.25, 12.125, 7 ], "texture": "#coltrevolver" },
        "up":    { "uv": [ 11.875, 6.25, 12.125, 7 ], "texture": "#coltrevolver" },
        "north": { "uv": [ 11.875, 6.25, 12.125, 7 ], "texture": "#coltrevolver" },
        "south": { "uv": [ 11.875, 6.25, 12.125, 7 ], "texture": "#coltrevolver" },
        "west":  { "uv": [ 11.875, 6.25, 12.125, 7 ], "texture": "#coltrevolver" },
        "east":  { "uv": [ 11.875, 6.25, 12.125, 7 ], "texture": "#coltrevolver" }
    }
},
{
    "from": [ 10, 5.125, 7.25 ],
    "to": [ 10.25, 6.125, 8.25 ],
    "faces": {
        "down":  { "uv": [ 9.5, 6, 9.75, 6.75 ], "texture": "#coltrevolver" },
        "up":    { "uv": [ 9.5, 6, 9.75, 6.75 ], "texture": "#coltrevolver" },
        "north": { "uv": [ 9.5, 6, 9.75, 6.75 ], "texture": "#coltrevolver" },
        "south": { "uv": [ 9.5, 6, 9.75, 6.75 ], "texture": "#coltrevolver" },
        "west":  { "uv": [ 9.5, 6, 9.75, 6.75 ], "texture": "#coltrevolver" },
        "east":  { "uv": [ 9.5, 6, 9.75, 6.75 ], "texture": "#coltrevolver" }
    }
},
{
    "from": [ 9.71875, 5.5625, 7.25 ],
    "to": [ 9.96875, 6.3125, 8.25 ],
    "rotation": { "origin": [ 9.71875, 6.3125, 7.25 ], "axis": "z", "angle": 22.5 },
    "faces": {
        "down":  { "uv": [ 9.5, 5.375, 9.75, 5.875 ], "texture": "#coltrevolver" },
        "up":    { "uv": [ 9.5, 5.375, 9.75, 5.875 ], "texture": "#coltrevolver" },
        "north": { "uv": [ 9.5, 5.375, 9.75, 5.875 ], "texture": "#coltrevolver" },
        "south": { "uv": [ 9.5, 5.375, 9.75, 5.875 ], "texture": "#coltrevolver" },
        "west":  { "uv": [ 9.5, 5.375, 9.75, 5.875 ], "texture": "#coltrevolver" },
        "east":  { "uv": [ 9.5, 5.375, 9.75, 5.875 ], "texture": "#coltrevolver" }
    }
},
{
    "from": [ 12.4531, 5.45313, 7.25 ],
    "to": [ 12.7031, 5.95313, 8.25 ],
    "rotation": { "origin": [ 12.4531, 5.95313, 7.25 ], "axis": "z", "angle": -22.5 },
    "faces": {
        "down":  { "uv": [ 11.75, 5.625, 12, 6.125 ], "texture": "#coltrevolver" },
        "up":    { "uv": [ 11.75, 5.625, 12, 6.125 ], "texture": "#coltrevolver" },
        "north": { "uv": [ 11.75, 5.625, 12, 6.125 ], "texture": "#coltrevolver" },
        "south": { "uv": [ 11.75, 5.625, 12, 6.125 ], "texture": "#coltrevolver" },
        "west":  { "uv": [ 11.75, 5.625, 12, 6.125 ], "texture": "#coltrevolver" },
        "east":  { "uv": [ 11.75, 5.625, 12, 6.125 ], "texture": "#coltrevolver" }
    }
},
{
    "from": [ 12.0625, 5.34375, 7.25 ],
    "to": [ 12.3125, 5.84375, 8.25 ],
    "rotation": { "origin": [ 12.0625, 5.84375, 7.25 ], "axis": "z", "angle": 22.5 },
    "faces": {
        "down":  { "uv": [ 11.375, 5.625, 11.625, 6.125 ], "texture": "#coltrevolver" },
        "up":    { "uv": [ 11.375, 5.625, 11.625, 6.125 ], "texture": "#coltrevolver" },
        "north": { "uv": [ 11.375, 5.625, 11.625, 6.125 ], "texture": "#coltrevolver" },
        "south": { "uv": [ 11.375, 5.625, 11.625, 6.125 ], "texture": "#coltrevolver" },
        "west":  { "uv": [ 11.375, 5.625, 11.625, 6.125 ], "texture": "#coltrevolver" },
        "east":  { "uv": [ 11.375, 5.625, 11.625, 6.125 ], "texture": "#coltrevolver" }
    }
},
{
    "from": [ 10.2969, 5.65625, 7.25 ],
    "to": [ 10.5469, 6.40625, 8.25 ],
    "rotation": { "origin": [ 10.2969, 6.40625, 7.25 ], "axis": "z", "angle": -22.5 },
    "faces": {
        "down":  { "uv": [ 9.875, 5.375, 10.125, 5.875 ], "texture": "#coltrevolver" },
        "up":    { "uv": [ 9.875, 5.375, 10.125, 5.875 ], "texture": "#coltrevolver" },
        "north": { "uv": [ 9.875, 5.375, 10.125, 5.875 ], "texture": "#coltrevolver" },
        "south": { "uv": [ 9.875, 5.375, 10.125, 5.875 ], "texture": "#coltrevolver" },
        "west":  { "uv": [ 9.875, 5.375, 10.125, 5.875 ], "texture": "#coltrevolver" },
        "east":  { "uv": [ 9.875, 5.375, 10.125, 5.875 ], "texture": "#coltrevolver" }
    }
},
{
    "from": [ 10, 4.875, 7.25 ],
    "to": [ 10.25, 5.125, 8.25 ],
    "rotation": { "origin": [ 10, 5.125, 7.25 ], "axis": "z", "angle": 22.5 },
    "faces": {
        "down":  { "uv": [ 9.875, 6, 10.125, 6.25 ], "texture": "#coltrevolver" },
        "up":    { "uv": [ 9.875, 6, 10.125, 6.25 ], "texture": "#coltrevolver" },
        "north": { "uv": [ 9.875, 6, 10.125, 6.25 ], "texture": "#coltrevolver" },
        "south": { "uv": [ 9.875, 6, 10.125, 6.25 ], "texture": "#coltrevolver" },
        "west":  { "uv": [ 9.875, 6, 10.125, 6.25 ], "texture": "#coltrevolver" },
        "east":  { "uv": [ 9.875, 6, 10.125, 6.25 ], "texture": "#coltrevolver" }
    }
},
{
    "from": [ 10.0938, 4.64063, 7.25 ],
    "to": [ 10.3438, 4.89063, 8.25 ],
    "rotation": { "origin": [ 10.0938, 4.89063, 7.25 ], "axis": "z", "angle": 45 },
    "faces": {
        "down":  { "uv": [ 9.875, 6.375, 10.125, 6.625 ], "texture": "#coltrevolver" },
        "up":    { "uv": [ 9.875, 6.375, 10.125, 6.625 ], "texture": "#coltrevolver" },
        "north": { "uv": [ 9.875, 6.375, 10.125, 6.625 ], "texture": "#coltrevolver" },
        "south": { "uv": [ 9.875, 6.375, 10.125, 6.625 ], "texture": "#coltrevolver" },
        "west":  { "uv": [ 9.875, 6.375, 10.125, 6.625 ], "texture": "#coltrevolver" },
        "east":  { "uv": [ 9.875, 6.375, 10.125, 6.625 ], "texture": "#coltrevolver" }
    }
},
{
    "from": [ 10.3594, 4.6875, 7.25 ],
    "to": [ 11.4844, 4.9375, 8.25 ],
    "rotation": { "origin": [ 10.3594, 4.9375, 7.25 ], "axis": "z", "angle": -22.5 },
    "faces": {
        "down":  { "uv": [ 10.25, 5.625, 11.125, 5.875 ], "texture": "#coltrevolver" },
        "up":    { "uv": [ 10.25, 5.625, 11.125, 5.875 ], "texture": "#coltrevolver" },
        "north": { "uv": [ 10.25, 5.625, 11.125, 5.875 ], "texture": "#coltrevolver" },
        "south": { "uv": [ 10.25, 5.625, 11.125, 5.875 ], "texture": "#coltrevolver" },
        "west":  { "uv": [ 10.25, 5.625, 11.125, 5.875 ], "texture": "#coltrevolver" },
        "east":  { "uv": [ 10.25, 5.625, 11.125, 5.875 ], "texture": "#coltrevolver" }
    }
},
{
    "from": [ 12.2813, 4.60875, 7.25 ],
    "to": [ 12.5313, 4.85875, 8.25 ],
    "rotation": { "origin": [ 12.2813, 4.85875, 7.25 ], "axis": "z", "angle": -22.5 },
    "faces": {
        "down":  { "uv": [ 11.5, 7, 11.75, 7.25 ], "texture": "#coltrevolver" },
        "up":    { "uv": [ 11.5, 7, 11.75, 7.25 ], "texture": "#coltrevolver" },
        "north": { "uv": [ 11.5, 7, 11.75, 7.25 ], "texture": "#coltrevolver" },
        "south": { "uv": [ 11.5, 7, 11.75, 7.25 ], "texture": "#coltrevolver" },
        "west":  { "uv": [ 11.5, 7, 11.75, 7.25 ], "texture": "#coltrevolver" },
        "east":  { "uv": [ 11.5, 7, 11.75, 7.25 ], "texture": "#coltrevolver" }
    }
},
{
    "from": [ 12.0625, 4.28125, 7.25 ],
    "to": [ 12.3125, 4.53125, 8.25 ],
    "rotation": { "origin": [ 12.0625, 4.53125, 7.25 ], "axis": "z", "angle": 45 },
    "faces": {
        "down":  { "uv": [ 11.5, 6.625, 11.75, 6.875 ], "texture": "#coltrevolver" },
        "up":    { "uv": [ 11.5, 6.625, 11.75, 6.875 ], "texture": "#coltrevolver" },
        "north": { "uv": [ 11.5, 6.625, 11.75, 6.875 ], "texture": "#coltrevolver" },
        "south": { "uv": [ 11.5, 6.625, 11.75, 6.875 ], "texture": "#coltrevolver" },
        "west":  { "uv": [ 11.5, 6.625, 11.75, 6.875 ], "texture": "#coltrevolver" },
        "east":  { "uv": [ 11.5, 6.625, 11.75, 6.875 ], "texture": "#coltrevolver" }
    }
},
{
    "from": [ 11.2969, 4.27625, 7.25 ],
    "to": [ 12.0156, 4.52625, 8.25 ],
    "faces": {
        "down":  { "uv": [ 10.375, 6, 11.25, 6.25 ], "texture": "#coltrevolver" },
        "up":    { "uv": [ 10.375, 6, 11.25, 6.25 ], "texture": "#coltrevolver" },
        "north": { "uv": [ 10.375, 6, 11.25, 6.25 ], "texture": "#coltrevolver" },
        "south": { "uv": [ 10.375, 6, 11.25, 6.25 ], "texture": "#coltrevolver" },
        "west":  { "uv": [ 10.375, 6, 11.25, 6.25 ], "texture": "#coltrevolver" },
        "east":  { "uv": [ 10.375, 6, 11.25, 6.25 ], "texture": "#coltrevolver" }
    }
},
{
    "from": [ 11.9063, 4.25, 7.25 ],
    "to": [ 12.1563, 4.5, 8.25 ],
    "rotation": { "origin": [ 11.9063, 4.5, 7.25 ], "axis": "z", "angle": 22.5 },
    "faces": {
        "down":  { "uv": [ 11.5, 6.25, 11.75, 6.5 ], "texture": "#coltrevolver" },
        "up":    { "uv": [ 11.5, 6.25, 11.75, 6.5 ], "texture": "#coltrevolver" },
        "north": { "uv": [ 11.5, 6.25, 11.75, 6.5 ], "texture": "#coltrevolver" },
        "south": { "uv": [ 11.5, 6.25, 11.75, 6.5 ], "texture": "#coltrevolver" },
        "west":  { "uv": [ 11.5, 6.25, 11.75, 6.5 ], "texture": "#coltrevolver" },
        "east":  { "uv": [ 11.5, 6.25, 11.75, 6.5 ], "texture": "#coltrevolver" }
    }
},
{
    "from": [ 11.5, 5.25, 7.5 ],
    "to": [ 11.75, 6, 8 ],
    "rotation": { "origin": [ 11.5, 6, 7.5 ], "axis": "z", "angle": 22.5 },
    "faces": {
        "down":  { "uv": [ 12.25, 4.5, 12.625, 5.25 ], "texture": "#coltrevolver" },
        "up":    { "uv": [ 12.25, 4.5, 12.625, 5.25 ], "texture": "#coltrevolver" },
        "north": { "uv": [ 12.25, 4.5, 12.625, 5.25 ], "texture": "#coltrevolver" },
        "south": { "uv": [ 12.25, 4.5, 12.625, 5.25 ], "texture": "#coltrevolver" },
        "west":  { "uv": [ 12.25, 4.5, 12.625, 5.25 ], "texture": "#coltrevolver" },
        "east":  { "uv": [ 12.25, 4.5, 12.625, 5.25 ], "texture": "#coltrevolver" }
    }
},
{
    "from": [ 11.7662, 5.15625, 7.5 ],
    "to": [ 12.0162, 5.40625, 8 ],
    "faces": {
        "down":  { "uv": [ 12.25, 5.375, 12.625, 5.75 ], "texture": "#coltrevolver" },
        "up":    { "uv": [ 12.25, 5.375, 12.625, 5.75 ], "texture": "#coltrevolver" },
        "north": { "uv": [ 12.25, 5.375, 12.625, 5.75 ], "texture": "#coltrevolver" },
        "south": { "uv": [ 12.25, 5.375, 12.625, 5.75 ], "texture": "#coltrevolver" },
        "west":  { "uv": [ 12.25, 5.375, 12.625, 5.75 ], "texture": "#coltrevolver" },
        "east":  { "uv": [ 12.25, 5.375, 12.625, 5.75 ], "texture": "#coltrevolver" }
    }
},
{
    "from": [ 11.7813, 5, 7.5 ],
    "to": [ 12.0313, 5.25, 8 ],
    "rotation": { "origin": [ 11.7813, 5.25, 7.5 ], "axis": "z", "angle": -22.5 },
    "faces": {
        "down":  { "uv": [ 12.75, 5.375, 13.125, 5.75 ], "texture": "#coltrevolver" },
        "up":    { "uv": [ 12.75, 5.375, 13.125, 5.75 ], "texture": "#coltrevolver" },
        "north": { "uv": [ 12.75, 5.375, 13.125, 5.75 ], "texture": "#coltrevolver" },
        "south": { "uv": [ 12.75, 5.375, 13.125, 5.75 ], "texture": "#coltrevolver" },
        "west":  { "uv": [ 12.75, 5.375, 13.125, 5.75 ], "texture": "#coltrevolver" },
        "east":  { "uv": [ 12.75, 5.375, 13.125, 5.75 ], "texture": "#coltrevolver" }
    }
},
{
    "from": [ 8.25, 9, 8.25 ],
    "to": [ 11, 9.75, 8.75 ],
    "rotation": { "origin": [ 8.25, 9.75, 8.25 ], "axis": "x", "angle": 22.5 },
    "faces": {
        "down":  { "uv": [ 5.75, 4.125, 9.125, 5.125 ], "texture": "#coltrevolver" },
        "up":    { "uv": [ 5.75, 4.125, 9.125, 5.125 ], "texture": "#coltrevolver" },
        "north": { "uv": [ 9.125, 4.125, 5.75, 5.125 ], "texture": "#coltrevolver" },
        "south": { "uv": [ 9.125, 4.125, 5.75, 5.125 ], "texture": "#coltrevolver" },
        "west":  { "uv": [ 7.625, 6.5, 8.5, 7.375 ], "texture": "#coltrevolver" },
        "east":  { "uv": [ 7.625, 6.5, 8.5, 7.375 ], "texture": "#coltrevolver" }
    }
},
{
    "from": [ 8.25, 7.205, 7.96875 ],
    "to": [ 11, 7.955, 8.46875 ],
    "rotation": { "origin": [ 8.25, 7.955, 7.96875 ], "axis": "x", "angle": -22.5 },
    "faces": {
        "down":  { "uv": [ 5.75, 4.125, 9.125, 5.125 ], "texture": "#coltrevolver" },
        "up":    { "uv": [ 5.75, 4.125, 9.125, 5.125 ], "texture": "#coltrevolver" },
        "north": { "uv": [ 9.125, 4.125, 5.75, 5.125 ], "texture": "#coltrevolver" },
        "south": { "uv": [ 9.125, 4.125, 5.75, 5.125 ], "texture": "#coltrevolver" },
        "west":  { "uv": [ 7.625, 6.5, 8.5, 7.375 ], "texture": "#coltrevolver" },
        "east":  { "uv": [ 7.625, 6.5, 8.5, 7.375 ], "texture": "#coltrevolver" }
    }
},
{
    "from": [ 8.25, 8.8125, 8.71875 ],
    "to": [ 11, 9.5625, 9.21875 ],
    "rotation": { "origin": [ 8.25, 9.5625, 8.71875 ], "axis": "x", "angle": 45 },
    "faces": {
        "down":  { "uv": [ 5.75, 4.125, 9.125, 5.125 ], "texture": "#coltrevolver" },
        "up":    { "uv": [ 5.75, 4.125, 9.125, 5.125 ], "texture": "#coltrevolver" },
        "north": { "uv": [ 5.75, 4.125, 9.125, 5.125 ], "texture": "#coltrevolver" },
        "south": { "uv": [ 5.75, 4.125, 9.125, 5.125 ], "texture": "#coltrevolver" },
        "west":  { "uv": [ 7.625, 6.5, 8.5, 7.375 ], "texture": "#coltrevolver" },
        "east":  { "uv": [ 7.625, 6.5, 8.5, 7.375 ], "texture": "#coltrevolver" }
    }
},
{
    "from": [ 8.25, 7.835, 8.53625 ],
    "to": [ 11, 8.335, 9.28625 ],
    "rotation": { "origin": [ 8.25, 8.335, 8.53625 ], "axis": "x", "angle": 45 },
    "faces": {
        "down":  { "uv": [ 5.75, 4.125, 9.125, 5.125 ], "texture": "#coltrevolver" },
        "up":    { "uv": [ 5.75, 4.125, 9.125, 5.125 ], "texture": "#coltrevolver" },
        "north": { "uv": [ 5.75, 4.125, 9.125, 5.125 ], "texture": "#coltrevolver" },
        "south": { "uv": [ 5.75, 4.125, 9.125, 5.125 ], "texture": "#coltrevolver" },
        "west":  { "uv": [ 7.625, 6.5, 8.5, 7.375 ], "texture": "#coltrevolver" },
        "east":  { "uv": [ 7.625, 6.5, 8.5, 7.375 ], "texture": "#coltrevolver" }
    }
},
{
    "from": [ 8.25, 8.4375, 8.375 ],
    "to": [ 11, 8.9375, 9.125 ],
    "rotation": { "origin": [ 8.25, 8.9375, 8.375 ], "axis": "x", "angle": -22.5 },
    "faces": {
        "down":  { "uv": [ 5.75, 4.125, 9.125, 5.125 ], "texture": "#coltrevolver" },
        "up":    { "uv": [ 5.75, 4.125, 9.125, 5.125 ], "texture": "#coltrevolver" },
        "north": { "uv": [ 5.75, 4.125, 9.125, 5.125 ], "texture": "#coltrevolver" },
        "south": { "uv": [ 5.75, 4.125, 9.125, 5.125 ], "texture": "#coltrevolver" },
        "west":  { "uv": [ 7.625, 6.5, 8.5, 7.375 ], "texture": "#coltrevolver" },
        "east":  { "uv": [ 7.625, 6.5, 8.5, 7.375 ], "texture": "#coltrevolver" }
    }
},
{
    "from": [ 8.25, 8.05375, 8.5675 ],
    "to": [ 11, 8.55375, 9.3175 ],
    "rotation": { "origin": [ 8.25, 8.55375, 8.5675 ], "axis": "x", "angle": 22.5 },
    "faces": {
        "down":  { "uv": [ 5.75, 4.125, 9.125, 5.125 ], "texture": "#coltrevolver" },
        "up":    { "uv": [ 5.75, 4.125, 9.125, 5.125 ], "texture": "#coltrevolver" },
        "north": { "uv": [ 5.75, 4.125, 9.125, 5.125 ], "texture": "#coltrevolver" },
        "south": { "uv": [ 5.75, 4.125, 9.125, 5.125 ], "texture": "#coltrevolver" },
        "west":  { "uv": [ 7.625, 6.5, 8.5, 7.375 ], "texture": "#coltrevolver" },
        "east":  { "uv": [ 7.625, 6.5, 8.5, 7.375 ], "texture": "#coltrevolver" }
    }
},
{
    "from": [ 8.25, 8.26625, 8.51 ],
    "to": [ 11, 8.76625, 9.26 ],
    "faces": {
        "down":  { "uv": [ 5.75, 4.125, 9.125, 5.125 ], "texture": "#coltrevolver" },
        "up":    { "uv": [ 5.75, 4.125, 9.125, 5.125 ], "texture": "#coltrevolver" },
        "north": { "uv": [ 5.75, 4.125, 9.125, 5.125 ], "texture": "#coltrevolver" },
        "south": { "uv": [ 5.75, 4.125, 9.125, 5.125 ], "texture": "#coltrevolver" },
        "west":  { "uv": [ 7.625, 6.5, 8.5, 7.375 ], "texture": "#coltrevolver" },
        "east":  { "uv": [ 7.625, 6.5, 8.5, 7.375 ], "texture": "#coltrevolver" }
    }
},
{
    "from": [ 8.25, 8.1975, 6.49 ],
    "to": [ 11, 9.1975, 6.99 ],
    "rotation": { "origin": [ 8.25, 9.1975, 6.49 ], "axis": "x", "angle": -22.5 },
    "faces": {
        "down":  { "uv": [ 5.75, 5.125, 9.125, 4.125 ], "texture": "#coltrevolver" },
        "up":    { "uv": [ 5.75, 5.125, 9.125, 4.125 ], "texture": "#coltrevolver" },
        "north": { "uv": [ 5.75, 5.125, 9.125, 4.125 ], "texture": "#coltrevolver" },
        "south": { "uv": [ 5.75, 5.125, 9.125, 4.125 ], "texture": "#coltrevolver" },
        "west":  { "uv": [ 7.625, 6.5, 8.5, 7.375 ], "texture": "#coltrevolver" },
        "east":  { "uv": [ 7.625, 6.5, 8.5, 7.375 ], "texture": "#coltrevolver" }
    }
},
{
    "from": [ -1.78125, 9.25, 7.5 ],
    "to": [ -1.28125, 9.75, 8 ],
    "faces": {
        "down":  { "uv": [ 1.25, 2.375, 1.875, 3 ], "texture": "#coltrevolver" },
        "up":    { "uv": [ 1.25, 2.375, 1.875, 3 ], "texture": "#coltrevolver" },
        "north": { "uv": [ 1.25, 2.375, 1.875, 3 ], "texture": "#coltrevolver" },
        "south": { "uv": [ 1.25, 2.375, 1.875, 3 ], "texture": "#coltrevolver" },
        "west":  { "uv": [ 1.25, 2.375, 1.875, 3 ], "texture": "#coltrevolver" },
        "east":  { "uv": [ 1.25, 2.375, 1.875, 3 ], "texture": "#coltrevolver" }
    }
},
{
    "from": [ 8.25, 9, 6.845 ],
    "to": [ 11, 9.75, 7.345 ],
    "rotation": { "origin": [ 8.25, 9.75, 6.845 ], "axis": "x", "angle": -22.5 },
    "faces": {
        "down":  { "uv": [ 5.75, 4.125, 9.125, 5.125 ], "texture": "#coltrevolver" },
        "up":    { "uv": [ 5.75, 4.125, 9.125, 5.125 ], "texture": "#coltrevolver" },
        "north": { "uv": [ 9.125, 4.125, 5.75, 5.125 ], "texture": "#coltrevolver" },
        "south": { "uv": [ 9.125, 4.125, 5.75, 5.125 ], "texture": "#coltrevolver" },
        "west":  { "uv": [ 7.625, 6.5, 8.5, 7.375 ], "texture": "#coltrevolver" },
        "east":  { "uv": [ 7.625, 6.5, 8.5, 7.375 ], "texture": "#coltrevolver" }
    }
},
{
    "from": [ 8.25, 8.695, 6.49 ],
    "to": [ 11, 9.195, 7.24 ],
    "rotation": { "origin": [ 8.25, 9.195, 6.49 ], "axis": "x", "angle": 22.5 },
    "faces": {
        "down":  { "uv": [ 5.75, 4.125, 9.125, 5.125 ], "texture": "#coltrevolver" },
        "up":    { "uv": [ 5.75, 4.125, 9.125, 5.125 ], "texture": "#coltrevolver" },
        "north": { "uv": [ 9.125, 4.125, 5.75, 5.125 ], "texture": "#coltrevolver" },
        "south": { "uv": [ 9.125, 4.125, 5.75, 5.125 ], "texture": "#coltrevolver" },
        "west":  { "uv": [ 7.625, 6.5, 8.5, 7.375 ], "texture": "#coltrevolver" },
        "east":  { "uv": [ 7.625, 6.5, 8.5, 7.375 ], "texture": "#coltrevolver" }
    }
},
{
    "from": [ 8.25, 8.235, 6.2975 ],
    "to": [ 11, 8.735, 7.0475 ],
    "faces": {
        "down":  { "uv": [ 5.75, 4.125, 9.125, 5.125 ], "texture": "#coltrevolver" },
        "up":    { "uv": [ 5.75, 4.125, 9.125, 5.125 ], "texture": "#coltrevolver" },
        "north": { "uv": [ 9.125, 4.125, 5.75, 5.125 ], "texture": "#coltrevolver" },
        "south": { "uv": [ 9.125, 4.125, 5.75, 5.125 ], "texture": "#coltrevolver" },
        "west":  { "uv": [ 7.625, 6.5, 8.5, 7.375 ], "texture": "#coltrevolver" },
        "east":  { "uv": [ 7.625, 6.5, 8.5, 7.375 ], "texture": "#coltrevolver" }
    }
},
{
    "from": [ 8.25, 7.7375, 6.2975 ],
    "to": [ 11, 8.2375, 7.0475 ],
    "rotation": { "origin": [ 8.25, 8.2375, 6.2975 ], "axis": "x", "angle": -22.5 },
    "faces": {
        "down":  { "uv": [ 5.75, 4.125, 9.125, 5.125 ], "texture": "#coltrevolver" },
        "up":    { "uv": [ 5.75, 4.125, 9.125, 5.125 ], "texture": "#coltrevolver" },
        "north": { "uv": [ 9.125, 4.125, 5.75, 5.125 ], "texture": "#coltrevolver" },
        "south": { "uv": [ 9.125, 4.125, 5.75, 5.125 ], "texture": "#coltrevolver" },
        "west":  { "uv": [ 7.625, 6.5, 8.5, 7.375 ], "texture": "#coltrevolver" },
        "east":  { "uv": [ 7.625, 6.5, 8.5, 7.375 ], "texture": "#coltrevolver" }
    }
},
{
    "from": [ 8.25, 7.2775, 6.4875 ],
    "to": [ 11, 7.7775, 7.2375 ],
    "rotation": { "origin": [ 8.25, 7.7775, 6.4875 ], "axis": "x", "angle": -45 },
    "faces": {
        "down":  { "uv": [ 5.75, 4.125, 9.125, 5.125 ], "texture": "#coltrevolver" },
        "up":    { "uv": [ 5.75, 4.125, 9.125, 5.125 ], "texture": "#coltrevolver" },
        "north": { "uv": [ 9.125, 4.125, 5.75, 5.125 ], "texture": "#coltrevolver" },
        "south": { "uv": [ 9.125, 4.125, 5.75, 5.125 ], "texture": "#coltrevolver" },
        "west":  { "uv": [ 7.625, 6.5, 8.5, 7.375 ], "texture": "#coltrevolver" },
        "east":  { "uv": [ 7.625, 6.5, 8.5, 7.375 ], "texture": "#coltrevolver" }
    }
},
{
    "from": [ 8.25, 7.4725, 7.1275 ],
    "to": [ 11, 8.2225, 7.6275 ],
    "rotation": { "origin": [ 8.25, 8.2225, 7.1275 ], "axis": "x", "angle": 22.5 },
    "faces": {
        "down":  { "uv": [ 5.75, 4.125, 9.125, 5.125 ], "texture": "#coltrevolver" },
        "up":    { "uv": [ 5.75, 4.125, 9.125, 5.125 ], "texture": "#coltrevolver" },
        "north": { "uv": [ 9.125, 4.125, 5.75, 5.125 ], "texture": "#coltrevolver" },
        "south": { "uv": [ 9.125, 4.125, 5.75, 5.125 ], "texture": "#coltrevolver" },
        "west":  { "uv": [ 7.625, 6.5, 8.5, 7.375 ], "texture": "#coltrevolver" },
        "east":  { "uv": [ 7.625, 6.5, 8.5, 7.375 ], "texture": "#coltrevolver" }
    }
},
{
    "from": [ 8.25, 8.445, 6.74 ],
    "to": [ 11, 9.195, 8.24 ],
    "rotation": { "origin": [ 8.25, 9.195, 6.74 ], "axis": "x", "angle": -45 },
    "faces": {
        "down":  { "uv": [ 5.75, 4.125, 9.125, 5.125 ], "texture": "#coltrevolver" },
        "up":    { "uv": [ 5.75, 4.125, 9.125, 5.125 ], "texture": "#coltrevolver" },
        "north": { "uv": [ 9.125, 4.125, 5.75, 5.125 ], "texture": "#coltrevolver" },
        "south": { "uv": [ 9.125, 4.125, 5.75, 5.125 ], "texture": "#coltrevolver" },
        "west":  { "uv": [ 7.625, 6.5, 8.5, 7.375 ], "texture": "#coltrevolver" },
        "east":  { "uv": [ 7.625, 6.5, 8.5, 7.375 ], "texture": "#coltrevolver" }
    }
},
{
    "from": [ 8.125, 6.75, 7 ],
    "to": [ 8.5, 6.875, 8.5 ],
    "faces": {
        "down":  { "uv": [ 8.375, 3.375, 8.75, 3.5 ], "texture": "#coltrevolver" },
        "up":    { "uv": [ 8.375, 3.375, 8.75, 3.5 ], "texture": "#coltrevolver" },
        "north": { "uv": [ 8.375, 3.375, 8.75, 3.5 ], "texture": "#coltrevolver" },
        "south": { "uv": [ 8.375, 3.375, 8.75, 3.5 ], "texture": "#coltrevolver" },
        "west":  { "uv": [ 8.375, 3.375, 8.75, 3.5 ], "texture": "#coltrevolver" },
        "east":  { "uv": [ 8.375, 3.375, 8.75, 3.5 ], "texture": "#coltrevolver" }
    }
},
{
    "from": [ 8.875, 6.5, 7 ],
    "to": [ 9.25, 6.625, 8.5 ],
    "faces": {
        "down":  { "uv": [ 9.125, 3.625, 9.5, 3.75 ], "texture": "#coltrevolver" },
        "up":    { "uv": [ 9.125, 3.625, 9.5, 3.75 ], "texture": "#coltrevolver" },
        "north": { "uv": [ 9.125, 3.625, 9.5, 3.75 ], "texture": "#coltrevolver" },
        "south": { "uv": [ 9.125, 3.625, 9.5, 3.75 ], "texture": "#coltrevolver" },
        "west":  { "uv": [ 8.75, 3.5, 9.125, 3.625 ], "texture": "#coltrevolver" },
        "east":  { "uv": [ 8.75, 3.5, 9.125, 3.625 ], "texture": "#coltrevolver" }
    }
},
{
    "from": [ 9.625, 6.25, 7 ],
    "to": [ 10, 6.375, 8.5 ],
    "faces": {
        "down":  { "uv": [ 9.625, 3.875, 10, 4 ], "texture": "#coltrevolver" },
        "up":    { "uv": [ 9.625, 3.875, 10, 4 ], "texture": "#coltrevolver" },
        "north": { "uv": [ 9.625, 3.875, 10, 4 ], "texture": "#coltrevolver" },
        "south": { "uv": [ 9.625, 3.875, 10, 4 ], "texture": "#coltrevolver" },
        "west":  { "uv": [ 9.625, 3.875, 10, 4 ], "texture": "#coltrevolver" },
        "east":  { "uv": [ 9.625, 3.875, 10, 4 ], "texture": "#coltrevolver" }
    }
},
{
    "from": [ 10.375, 6, 7 ],
    "to": [ 10.75, 6.125, 8.5 ],
    "faces": {
        "down":  { "uv": [ 10.125, 4, 10.5, 4.125 ], "texture": "#coltrevolver" },
        "up":    { "uv": [ 10.125, 4, 10.5, 4.125 ], "texture": "#coltrevolver" },
        "north": { "uv": [ 10.125, 4, 10.5, 4.125 ], "texture": "#coltrevolver" },
        "south": { "uv": [ 10.125, 4, 10.5, 4.125 ], "texture": "#coltrevolver" },
        "west":  { "uv": [ 10.125, 4, 10.5, 4.125 ], "texture": "#coltrevolver" },
        "east":  { "uv": [ 10.125, 4, 10.5, 4.125 ], "texture": "#coltrevolver" }
    }
},
{
    "from": [ 7.625, 7.25, 6.9375 ],
    "to": [ 7.75, 7.625, 8.5625 ],
    "faces": {
        "down":  { "uv": [ 7.875, 2.875, 8, 3.125 ], "texture": "#coltrevolver" },
        "up":    { "uv": [ 7.875, 2.875, 8, 3.125 ], "texture": "#coltrevolver" },
        "north": { "uv": [ 7.875, 2.875, 8, 3.125 ], "texture": "#coltrevolver" },
        "south": { "uv": [ 7.875, 2.875, 8, 3.125 ], "texture": "#coltrevolver" },
        "west":  { "uv": [ 7.875, 2.875, 8, 3.125 ], "texture": "#coltrevolver" },
        "east":  { "uv": [ 7.875, 2.875, 8, 3.125 ], "texture": "#coltrevolver" }
    }
},
{
    "from": [ 7.25, 8.375, 6.9375 ],
    "to": [ 7.5, 10.125, 8.5625 ],
    "faces": {
        "down":  { "uv": [ 7.5, 0.5, 7.75, 2.125 ], "texture": "#coltrevolver" },
        "up":    { "uv": [ 7.5, 0.5, 7.75, 2.125 ], "texture": "#coltrevolver" },
        "north": { "uv": [ 7.5, 0.5, 7.75, 2.125 ], "texture": "#coltrevolver" },
        "south": { "uv": [ 7.5, 0.5, 7.75, 2.125 ], "texture": "#coltrevolver" },
        "west":  { "uv": [ 7.5, 0.5, 7.75, 2.125 ], "texture": "#coltrevolver" },
        "east":  { "uv": [ 7.5, 0.5, 7.75, 2.125 ], "texture": "#coltrevolver" }
    }
},
{
    "from": [ 7.375, 8, 6.9375 ],
    "to": [ 7.5, 8.375, 8.5625 ],
    "faces": {
        "down":  { "uv": [ 7.625, 2.25, 7.75, 2.5 ], "texture": "#coltrevolver" },
        "up":    { "uv": [ 7.625, 2.25, 7.75, 2.5 ], "texture": "#coltrevolver" },
        "north": { "uv": [ 7.625, 2.25, 7.75, 2.5 ], "texture": "#coltrevolver" },
        "south": { "uv": [ 7.625, 2.25, 7.75, 2.5 ], "texture": "#coltrevolver" },
        "west":  { "uv": [ 7.625, 2.25, 7.75, 2.5 ], "texture": "#coltrevolver" },
        "east":  { "uv": [ 7.625, 2.25, 7.75, 2.5 ], "texture": "#coltrevolver" }
    }
}
],
"display": {
    "thirdperson_righthand": {
        "rotation": [ -180, -90, 130 ],
        "translation": [ 0, 3.7, 2 ],
        "scale": [ 0.7, 0.7, 0.7 ]
    },
    "thirdperson_lefthand": {
        "rotation": [ 0, 90, 0 ],
        "translation": [ 0, 2, -3 ],
        "scale": [ 0.7, 0.7, 0.7 ]
    },
    "head": {
        "rotation": [ 0, -90, 0 ],
        "translation": [ 0, 12, 0 ],
        "scale": [ 0.8, 0.8, 0.8 ]
    },
    "ground": {
        "rotation": [ -90, 0, 0 ],
        "translation": [ 1, 0, 0 ],
        "scale": [ 0.6, 0.6, 0.6 ]
    },
    "fixed": {
        "rotation": [ 0, 0, 0 ],
        "translation": [ 0, 0, 0 ],
        "scale": [ 1, 1, 1 ]
    },
    "firstperson_righthand": {
        "rotation": [ 0, -90, 0 ],
        "translation": [ -2.5, 4.25, -3.5 ],
        "scale": [ 0.8, 0.8, 0.8 ]
    },
    "firstperson_lefthand": {
        "rotation": [ 0, 90, -90 ],
        "translation": [ 0, -4, -5 ],
        "scale": [ 0.8, 0.8, 0.8 ]
    },
    "gui": {
        "rotation": [ -20, 40, 0 ],
        "translation": [ 0, 0, 0 ],
        "scale": [ 0.6, 0.6, 0.6 ]
    }
}
}