{
    "__comment": "© Le0, Mineland.eu 2019 | www.mineland.eu",
    "textures": {
        "bright_gun_texture": "guns/pistole/bright_gun_texture",
        "normal_gun_texture": "guns/pistole/normal_gun_texture"
    },
    "elements": [
        {
            "name": "Body Lower Back",
            "from": [ 6.0, 7.0, 7.200000002980232 ], 
            "to": [ 12.099999986588955, 7.799999997019768, 8.799999997019768 ], 
            "faces": {
                "north": { "texture": "#bright_gun_texture", "uv": [ 0.0, 8.0, 10.0, 9.0 ] },
                "east": { "texture": "#bright_gun_texture", "uv": [ 3.0, 8.0, 5.0, 9.0 ] },
                "south": { "texture": "#bright_gun_texture", "uv": [ 3.0, 9.0, 13.0, 10.0 ] },
                "west": { "texture": "#bright_gun_texture", "uv": [ 12.0, 6.0, 14.0, 7.0 ] },
                "up": { "texture": "#bright_gun_texture", "uv": [ 6.0, 7.0, 16.0, 9.0 ] },
                "down": { "texture": "#bright_gun_texture", "uv": [ 5.0, 10.0, 15.0, 12.0 ] }
            }
        },
        {
            "name": "Body Higher Back",
            "from": [ 6.0, 7.799999997019768, 7.100000001490116 ], 
            "to": [ 12.800000011920929, 8.699999995529652, 8.899999998509884 ], 
            "faces": {
                "north": { "texture": "#bright_gun_texture", "uv": [ 5.0, 7.0, 14.50000000745058, 8.0 ] },
                "east": { "texture": "#bright_gun_texture", "uv": [ 7.0, 9.0, 9.0, 10.0 ] },
                "south": { "texture": "#bright_gun_texture", "uv": [ 6.0, 8.0, 15.50000000745058, 9.0 ] },
                "west": { "texture": "#bright_gun_texture", "uv": [ 8.0, 6.0, 10.0, 7.0 ] },
                "up": { "texture": "#bright_gun_texture", "uv": [ 2.0, 9.0, 11.50000000745058, 11.0 ] },
                "down": { "texture": "#bright_gun_texture", "uv": [ 6.0, 5.0, 15.50000000745058, 7.0 ] }
            }
        },
        {
            "name": "Front Sight",
            "from": [ 3.0, 8.600000008940697, 7.900000013411045 ], 
            "to": [ 3.5999999940395355, 9.300000004470348, 8.100000001490116 ], 
            "faces": {
                "north": { "texture": "#normal_gun_texture", "uv": [ 1.0, 6.0, 2.0, 7.0 ] },
                "east": { "texture": "#normal_gun_texture", "uv": [ 2.0, 8.0, 3.0, 9.0 ] },
                "south": { "texture": "#normal_gun_texture", "uv": [ 5.0, 15.0, 6.0, 16.0 ] },
                "west": { "texture": "#normal_gun_texture", "uv": [ 4.0, 0.0, 5.0, 1.0 ] },
                "up": { "texture": "#normal_gun_texture", "uv": [ 6.0, 6.0, 7.0, 7.0 ] },
                "down": { "texture": "#normal_gun_texture", "uv": [ 3.0, 3.0, 4.0, 4.0 ] }
            }
        },
        {
            "name": "Handle Top",
            "from": [ 8.599999994039536, 4.799999997019768, 7.300000004470348 ], 
            "to": [ 11.0, 6.699999995529652, 8.699999995529652 ], 
            "rotation": { "origin": [ 8.0, 8.0, 8.0 ], "axis": "z", "angle": 22.5 },
            "faces": {
                "north": { "texture": "#bright_gun_texture", "uv": [ 11.0, 6.0, 13.200000002980232, 8.0 ] },
                "east": { "texture": "#bright_gun_texture", "uv": [ 11.0, 8.0, 12.599999994039536, 10.0 ] },
                "south": { "texture": "#bright_gun_texture", "uv": [ 5.0, 9.0, 7.200000002980232, 11.0 ] },
                "west": { "texture": "#bright_gun_texture", "uv": [ 4.0, 8.0, 5.5999999940395355, 10.0 ] },
                "up": { "texture": "#bright_gun_texture", "uv": [ 12.0, 6.0, 14.200000002980232, 7.5999999940395355 ] },
                "down": { "texture": "#bright_gun_texture", "uv": [ 1.0, 12.0, 3.2000000029802322, 13.599999994039536 ] }
            }
        },
        {
            "name": "Handle Bottom",
            "from": [ 10.000000014901161, 2.399999998509884, 7.300000004470348 ], 
            "to": [ 12.600000023841858, 2.599999986588955, 8.699999995529652 ], 
            "faces": {
                "north": { "texture": "#normal_gun_texture", "uv": [ 6.0, 12.0, 8.400000005960464, 12.49999999254942 ] },
                "east": { "texture": "#normal_gun_texture", "uv": [ 7.0, 5.0, 8.799999997019768, 5.499999992549419 ] },
                "south": { "texture": "#normal_gun_texture", "uv": [ 1.0, 4.0, 3.4000000059604645, 4.499999992549419 ] },
                "west": { "texture": "#normal_gun_texture", "uv": [ 0.0, 0.0, 1.7999999970197678, 0.4999999925494194 ] },
                "up": { "texture": "#normal_gun_texture", "uv": [ 0.0, 0.0, 2.4000000059604645, 1.7999999970197678 ] },
                "down": { "texture": "#normal_gun_texture", "uv": [ 0.0, 0.0, 2.4000000059604645, 1.7999999970197678 ] }
            }
        },
        {
            "name": "Trigger Vertical Piece 1",
            "from": [ 6.800000011920929, 5.899999998509884, 7.600000008940697 ], 
            "to": [ 7.0, 6.299999974668026, 8.400000005960464 ], 
            "faces": {
                "north": { "texture": "#bright_gun_texture", "uv": [ 10.0, 6.0, 10.199999988079071, 7.699999995529652 ] },
                "east": { "texture": "#bright_gun_texture", "uv": [ 2.0, 6.0, 2.7999999970197678, 7.699999995529652 ] },
                "south": { "texture": "#bright_gun_texture", "uv": [ 5.0, 9.0, 5.199999988079071, 10.699999995529652 ] },
                "west": { "texture": "#bright_gun_texture", "uv": [ 3.0, 4.0, 3.7999999970197678, 5.699999995529652 ] },
                "up": { "texture": "#bright_gun_texture", "uv": [ 8.0, 6.0, 8.199999988079071, 6.799999997019768 ] },
                "down": { "texture": "#bright_gun_texture", "uv": [ 6.0, 5.0, 6.199999988079071, 5.799999997019768 ] }
            }
        },
        {
            "name": "Trigger Horizontal Piece",
            "from": [ 7.000000029802322, 5.699999995529652, 7.600000008940697 ], 
            "to": [ 10.200000047683716, 5.8999999687075615, 8.400000005960464 ], 
            "shade": false,
            "faces": {
                "north": { "texture": "#bright_gun_texture", "uv": [ 8.0, 6.0, 10.200000017881393, 6.299999974668026 ] },
                "east": { "texture": "#bright_gun_texture", "uv": [ 6.0, 12.0, 6.799999997019768, 12.299999974668026 ] },
                "south": { "texture": "#bright_gun_texture", "uv": [ 6.0, 5.0, 8.200000017881393, 5.299999974668026 ] },
                "west": { "texture": "#bright_gun_texture", "uv": [ 9.0, 12.0, 9.799999997019768, 12.299999974668026 ] },
                "up": { "texture": "#bright_gun_texture", "uv": [ 4.0, 4.0, 6.200000017881393, 4.799999997019768 ] },
                "down": { "texture": "#bright_gun_texture", "uv": [ 6.0, 12.0, 8.200000017881393, 12.799999997019768 ] }
            }
        },
        {
            "name": "Handle Mid1",
            "from": [ 9.49999999254942, 5.200000002980232, 7.300000004470348 ], 
            "to": [ 12.000000014901161, 6.300000004470348, 8.699999995529652 ], 
            "shade": false,
            "faces": {
                "north": { "texture": "#bright_gun_texture", "uv": [ 6.0, 11.0, 8.200000002980232, 12.0 ] },
                "east": { "texture": "#bright_gun_texture", "uv": [ 12.0, 6.0, 13.599999994039536, 8.0 ] },
                "south": { "texture": "#bright_gun_texture", "uv": [ 11.0, 8.0, 13.200000002980232, 10.0 ] },
                "west": { "texture": "#bright_gun_texture", "uv": [ 9.0, 8.0, 10.599999994039536, 10.0 ] },
                "up": { "texture": "#bright_gun_texture", "uv": [ 12.0, 6.0, 14.200000002980232, 7.5999999940395355 ] },
                "down": { "texture": "#bright_gun_texture", "uv": [ 1.0, 12.0, 3.2000000029802322, 13.599999994039536 ] }
            }
        },
        {
            "name": "Body Top Back",
            "from": [ 6.0, 8.69999998062849, 7.500000007450581 ], 
            "to": [ 12.50000000745058, 9.099999971687794, 8.50000000745058 ], 
            "faces": {
                "north": { "texture": "#bright_gun_texture", "uv": [ 5.0, 7.0, 14.50000000745058, 8.0 ] },
                "east": { "texture": "#bright_gun_texture", "uv": [ 6.0, 10.0, 8.0, 11.0 ] },
                "south": { "texture": "#bright_gun_texture", "uv": [ 6.0, 8.0, 15.50000000745058, 9.0 ] },
                "west": { "texture": "#bright_gun_texture", "uv": [ 8.0, 6.0, 10.0, 7.0 ] },
                "up": { "texture": "#bright_gun_texture", "uv": [ 2.0, 9.0, 11.50000000745058, 11.0 ] },
                "down": { "texture": "#bright_gun_texture", "uv": [ 6.0, 5.0, 15.50000000745058, 7.0 ] }
            }
        },
        {
            "name": "Body Back Slope L",
            "from": [ 6.0, 8.69999998062849, 7.900000013411045 ], 
            "to": [ 12.50000000745058, 9.099999971687794, 8.50000000745058 ], 
            "rotation": { "origin": [ 8.0, 8.0, 8.0 ], "axis": "x", "angle": -45.0 },
            "faces": {
                "north": { "texture": "#bright_gun_texture", "uv": [ 5.0, 7.0, 14.50000000745058, 8.0 ] },
                "east": { "texture": "#bright_gun_texture", "uv": [ 6.0, 10.0, 8.0, 11.0 ] },
                "south": { "texture": "#bright_gun_texture", "uv": [ 6.0, 8.0, 15.50000000745058, 9.0 ] },
                "west": { "texture": "#bright_gun_texture", "uv": [ 8.0, 6.0, 10.0, 7.0 ] },
                "up": { "texture": "#bright_gun_texture", "uv": [ 6.0, 6.0, 15.50000000745058, 7.0 ] },
                "down": { "texture": "#bright_gun_texture", "uv": [ 6.0, 5.0, 15.50000000745058, 7.0 ] }
            }
        },
        {
            "name": "Body Back Slope R",
            "from": [ 6.0, 8.69999998062849, 7.500000007450581 ], 
            "to": [ 12.50000000745058, 9.099999971687794, 8.100000001490116 ], 
            "rotation": { "origin": [ 8.0, 8.0, 8.0 ], "axis": "x", "angle": 45.0 },
            "faces": {
                "north": { "texture": "#bright_gun_texture", "uv": [ 4.0, 10.0, 13.50000000745058, 11.0 ] },
                "east": { "texture": "#bright_gun_texture", "uv": [ 6.0, 10.0, 8.0, 11.0 ] },
                "south": { "texture": "#bright_gun_texture", "uv": [ 2.0, 4.0, 11.50000000745058, 5.0 ] },
                "west": { "texture": "#bright_gun_texture", "uv": [ 8.0, 6.0, 10.0, 7.0 ] },
                "up": { "texture": "#bright_gun_texture", "uv": [ 6.0, 9.0, 15.50000000745058, 10.0 ] },
                "down": { "texture": "#bright_gun_texture", "uv": [ 6.0, 5.0, 15.50000000745058, 6.0 ] }
            }
        },
        {
            "name": "Body Back Rear Slope",
            "from": [ 10.400000005960464, 10.999999985098839, 7.500000007450581 ], 
            "to": [ 10.900000013411045, 11.899999983608723, 8.49999999254942 ], 
            "rotation": { "origin": [ 8.0, 8.0, 8.0 ], "axis": "z", "angle": -45.0 },
            "faces": {
                "north": { "texture": "#bright_gun_texture", "uv": [ 5.0, 7.0, 7.500000007450581, 8.0 ] },
                "east": { "texture": "#bright_gun_texture", "uv": [ 7.0, 9.0, 9.0, 10.0 ] },
                "south": { "texture": "#bright_gun_texture", "uv": [ 6.0, 8.0, 8.50000000745058, 9.0 ] },
                "west": { "texture": "#bright_gun_texture", "uv": [ 8.0, 6.0, 10.0, 7.0 ] },
                "up": { "texture": "#bright_gun_texture", "uv": [ 2.0, 9.0, 5.500000007450581, 10.0 ] },
                "down": { "texture": "#bright_gun_texture", "uv": [ 6.0, 5.0, 9.50000000745058, 6.0 ] }
            }
        },
        {
            "name": "Body Lower Back Rear",
            "from": [ 12.0, 7.300000004470348, 7.200000002980232 ], 
            "to": [ 12.899999983608723, 7.799999997019768, 8.799999997019768 ], 
            "faces": {
                "north": { "texture": "#bright_gun_texture", "uv": [ 9.0, 8.0, 10.0, 9.0 ] },
                "east": { "texture": "#bright_gun_texture", "uv": [ 3.0, 8.0, 5.0, 9.0 ] },
                "south": { "texture": "#bright_gun_texture", "uv": [ 11.0, 9.0, 12.0, 10.0 ] },
                "west": { "texture": "#bright_gun_texture", "uv": [ 12.0, 6.0, 13.0, 7.0 ] },
                "up": { "texture": "#bright_gun_texture", "uv": [ 6.0, 7.0, 7.0, 9.0 ] },
                "down": { "texture": "#bright_gun_texture", "uv": [ 5.0, 10.0, 6.0, 12.0 ] }
            }
        },
        {
            "name": "Body Lower Rear Slope",
            "from": [ 10.999999985098839, 5.500000007450581, 7.200000002980232 ], 
            "to": [ 12.299999974668026, 6.0, 8.799999997019768 ], 
            "rotation": { "origin": [ 8.0, 8.0, 8.0 ], "axis": "z", "angle": 22.5 },
            "faces": {
                "north": { "texture": "#bright_gun_texture", "uv": [ 9.0, 8.0, 10.0, 9.0 ] },
                "east": { "texture": "#bright_gun_texture", "uv": [ 3.0, 8.0, 5.0, 9.0 ] },
                "south": { "texture": "#bright_gun_texture", "uv": [ 11.0, 9.0, 12.0, 10.0 ] },
                "west": { "texture": "#bright_gun_texture", "uv": [ 12.0, 6.0, 13.0, 7.0 ] },
                "up": { "texture": "#bright_gun_texture", "uv": [ 6.0, 7.0, 7.0, 9.0 ] },
                "down": { "texture": "#bright_gun_texture", "uv": [ 5.0, 10.0, 6.0, 12.0 ] }
            }
        },
        {
            "name": "Handle Top Back",
            "from": [ 11.900000013411045, 8.100000001490116, 7.4000000059604645 ], 
            "to": [ 12.100000001490116, 8.799999997019768, 8.600000008940697 ], 
            "rotation": { "origin": [ 8.0, 8.0, 8.0 ], "axis": "z", "angle": -22.5 },
            "faces": {
                "north": { "texture": "#bright_gun_texture", "uv": [ 10.0, 6.0, 10.199999988079071, 7.699999995529652 ] },
                "east": { "texture": "#bright_gun_texture", "uv": [ 2.0, 6.0, 2.7999999970197678, 7.699999995529652 ] },
                "south": { "texture": "#bright_gun_texture", "uv": [ 5.0, 9.0, 5.199999988079071, 10.699999995529652 ] },
                "west": { "texture": "#bright_gun_texture", "uv": [ 3.0, 4.0, 3.7999999970197678, 5.699999995529652 ] },
                "up": { "texture": "#bright_gun_texture", "uv": [ 8.0, 6.0, 8.199999988079071, 6.799999997019768 ] },
                "down": { "texture": "#bright_gun_texture", "uv": [ 6.0, 5.0, 6.199999988079071, 5.799999997019768 ] }
            }
        },
        {
            "name": "Handle Mid2",
            "from": [ 9.599999994039536, 4.700000010430813, 7.300000004470348 ], 
            "to": [ 12.400000020861626, 5.200000002980232, 8.699999995529652 ], 
            "shade": false,
            "faces": {
                "north": { "texture": "#bright_gun_texture", "uv": [ 8.0, 6.0, 10.200000002980232, 7.0 ] },
                "east": { "texture": "#bright_gun_texture", "uv": [ 9.0, 2.0, 10.599999994039536, 3.0 ] },
                "south": { "texture": "#bright_gun_texture", "uv": [ 11.0, 10.0, 13.200000002980232, 11.0 ] },
                "west": { "texture": "#bright_gun_texture", "uv": [ 9.0, 10.0, 10.599999994039536, 11.0 ] },
                "up": { "texture": "#bright_gun_texture", "uv": [ 12.0, 6.0, 14.200000002980232, 7.5999999940395355 ] },
                "down": { "texture": "#bright_gun_texture", "uv": [ 1.0, 12.0, 3.2000000029802322, 13.599999994039536 ] }
            }
        },
        {
            "name": "Handle Mid1 Back",
            "from": [ 11.999999970197678, 5.200000002980232, 7.300000004470348 ], 
            "to": [ 12.299999989569187, 5.799999997019768, 8.699999995529652 ], 
            "shade": false,
            "faces": {
                "north": { "texture": "#bright_gun_texture", "uv": [ 11.0, 7.0, 13.200000002980232, 9.0 ] },
                "east": { "texture": "#bright_gun_texture", "uv": [ 13.0, 11.0, 14.599999994039536, 12.0 ] },
                "south": { "texture": "#bright_gun_texture", "uv": [ 11.0, 8.0, 13.200000002980232, 10.0 ] },
                "west": { "texture": "#bright_gun_texture", "uv": [ 9.0, 8.0, 10.599999994039536, 10.0 ] },
                "up": { "texture": "#bright_gun_texture", "uv": [ 12.0, 10.0, 14.200000002980232, 11.599999994039536 ] },
                "down": { "texture": "#bright_gun_texture", "uv": [ 1.0, 12.0, 3.2000000029802322, 13.599999994039536 ] }
            }
        },
        {
            "name": "Handle Mid3",
            "from": [ 9.799999997019768, 4.200000002980232, 7.300000004470348 ], 
            "to": [ 12.500000022351742, 4.699999995529652, 8.699999995529652 ], 
            "shade": false,
            "faces": {
                "north": { "texture": "#bright_gun_texture", "uv": [ 9.0, 7.0, 11.200000002980232, 8.0 ] },
                "east": { "texture": "#bright_gun_texture", "uv": [ 11.0, 7.0, 12.599999994039536, 8.0 ] },
                "south": { "texture": "#bright_gun_texture", "uv": [ 11.0, 10.0, 13.200000002980232, 11.0 ] },
                "west": { "texture": "#bright_gun_texture", "uv": [ 9.0, 10.0, 10.599999994039536, 11.0 ] },
                "up": { "texture": "#bright_gun_texture", "uv": [ 12.0, 6.0, 14.200000002980232, 7.5999999940395355 ] },
                "down": { "texture": "#bright_gun_texture", "uv": [ 1.0, 12.0, 3.2000000029802322, 13.599999994039536 ] }
            }
        },
        {
            "name": "Handle Mid4",
            "from": [ 10.0, 3.6999999955296516, 7.300000004470348 ], 
            "to": [ 12.600000023841858, 4.199999988079071, 8.699999995529652 ], 
            "shade": false,
            "faces": {
                "north": { "texture": "#bright_gun_texture", "uv": [ 9.0, 7.0, 11.200000002980232, 8.0 ] },
                "east": { "texture": "#bright_gun_texture", "uv": [ 9.0, 8.0, 10.599999994039536, 9.0 ] },
                "south": { "texture": "#bright_gun_texture", "uv": [ 11.0, 10.0, 13.200000002980232, 11.0 ] },
                "west": { "texture": "#bright_gun_texture", "uv": [ 9.0, 10.0, 10.599999994039536, 11.0 ] },
                "up": { "texture": "#bright_gun_texture", "uv": [ 12.0, 6.0, 14.200000002980232, 7.5999999940395355 ] },
                "down": { "texture": "#bright_gun_texture", "uv": [ 1.0, 12.0, 3.2000000029802322, 13.599999994039536 ] }
            }
        },
        {
            "name": "Handle Mid5",
            "from": [ 10.100000001490116, 3.199999988079071, 7.300000004470348 ], 
            "to": [ 12.700000025331974, 3.6999999806284904, 8.699999995529652 ], 
            "shade": false,
            "faces": {
                "north": { "texture": "#bright_gun_texture", "uv": [ 9.0, 7.0, 11.200000002980232, 8.0 ] },
                "east": { "texture": "#bright_gun_texture", "uv": [ 8.0, 9.0, 9.599999994039536, 10.0 ] },
                "south": { "texture": "#bright_gun_texture", "uv": [ 11.0, 10.0, 13.200000002980232, 11.0 ] },
                "west": { "texture": "#bright_gun_texture", "uv": [ 9.0, 10.0, 10.599999994039536, 11.0 ] },
                "up": { "texture": "#bright_gun_texture", "uv": [ 12.0, 6.0, 14.200000002980232, 7.5999999940395355 ] },
                "down": { "texture": "#bright_gun_texture", "uv": [ 1.0, 12.0, 3.2000000029802322, 13.599999994039536 ] }
            }
        },
        {
            "name": "Handle Mid6",
            "from": [ 10.200000002980232, 2.5999999791383743, 7.300000004470348 ], 
            "to": [ 12.80000002682209, 3.19999997317791, 8.699999995529652 ], 
            "shade": false,
            "faces": {
                "north": { "texture": "#bright_gun_texture", "uv": [ 9.0, 7.0, 11.200000002980232, 8.0 ] },
                "east": { "texture": "#bright_gun_texture", "uv": [ 5.0, 13.0, 6.5999999940395355, 14.0 ] },
                "south": { "texture": "#bright_gun_texture", "uv": [ 11.0, 10.0, 13.200000002980232, 11.0 ] },
                "west": { "texture": "#bright_gun_texture", "uv": [ 9.0, 10.0, 10.599999994039536, 11.0 ] },
                "up": { "texture": "#bright_gun_texture", "uv": [ 12.0, 6.0, 14.200000002980232, 7.5999999940395355 ] },
                "down": { "texture": "#bright_gun_texture", "uv": [ 1.0, 12.0, 3.2000000029802322, 13.599999994039536 ] }
            }
        },
        {
            "name": "h2b",
            "from": [ 9.799999997019768, 4.500000007450581, 7.500000007450581 ], 
            "to": [ 12.600000023841858, 5.0, 8.49999999254942 ], 
            "shade": false,
            "faces": {
                "north": { "texture": "#bright_gun_texture", "uv": [ 8.0, 6.0, 10.200000002980232, 7.0 ] },
                "east": { "texture": "#bright_gun_texture", "uv": [ 9.0, 2.0, 10.599999994039536, 3.0 ] },
                "south": { "texture": "#bright_gun_texture", "uv": [ 11.0, 10.0, 13.200000002980232, 11.0 ] },
                "west": { "texture": "#bright_gun_texture", "uv": [ 9.0, 10.0, 10.599999994039536, 11.0 ] },
                "up": { "texture": "#bright_gun_texture", "uv": [ 12.0, 6.0, 14.200000002980232, 7.5999999940395355 ] },
                "down": { "texture": "#bright_gun_texture", "uv": [ 1.0, 12.0, 3.2000000029802322, 13.599999994039536 ] }
            }
        },
        {
            "name": "h3b",
            "from": [ 10.0, 4.0, 7.500000007450581 ], 
            "to": [ 12.700000025331974, 4.499999992549419, 8.49999999254942 ], 
            "shade": false,
            "faces": {
                "north": { "texture": "#bright_gun_texture", "uv": [ 9.0, 7.0, 11.200000002980232, 8.0 ] },
                "east": { "texture": "#bright_gun_texture", "uv": [ 11.0, 7.0, 12.599999994039536, 8.0 ] },
                "south": { "texture": "#bright_gun_texture", "uv": [ 11.0, 10.0, 13.200000002980232, 11.0 ] },
                "west": { "texture": "#bright_gun_texture", "uv": [ 9.0, 10.0, 10.599999994039536, 11.0 ] },
                "up": { "texture": "#bright_gun_texture", "uv": [ 12.0, 6.0, 14.200000002980232, 7.5999999940395355 ] },
                "down": { "texture": "#bright_gun_texture", "uv": [ 1.0, 12.0, 3.2000000029802322, 13.599999994039536 ] }
            }
        },
        {
            "name": "h4b",
            "from": [ 10.0, 3.4999999925494194, 7.500000007450581 ], 
            "to": [ 12.80000002682209, 3.999999985098839, 8.49999999254942 ], 
            "shade": false,
            "faces": {
                "north": { "texture": "#bright_gun_texture", "uv": [ 9.0, 7.0, 11.200000002980232, 8.0 ] },
                "east": { "texture": "#bright_gun_texture", "uv": [ 9.0, 8.0, 10.599999994039536, 9.0 ] },
                "south": { "texture": "#bright_gun_texture", "uv": [ 11.0, 10.0, 13.200000002980232, 11.0 ] },
                "west": { "texture": "#bright_gun_texture", "uv": [ 9.0, 10.0, 10.599999994039536, 11.0 ] },
                "up": { "texture": "#bright_gun_texture", "uv": [ 12.0, 6.0, 14.200000002980232, 7.5999999940395355 ] },
                "down": { "texture": "#bright_gun_texture", "uv": [ 1.0, 12.0, 3.2000000029802322, 13.599999994039536 ] }
            }
        },
        {
            "name": "h5b",
            "from": [ 10.100000001490116, 2.999999985098839, 7.500000007450581 ], 
            "to": [ 12.900000028312206, 3.499999977648258, 8.49999999254942 ], 
            "shade": false,
            "faces": {
                "north": { "texture": "#bright_gun_texture", "uv": [ 9.0, 7.0, 11.200000002980232, 8.0 ] },
                "east": { "texture": "#bright_gun_texture", "uv": [ 8.0, 9.0, 9.599999994039536, 10.0 ] },
                "south": { "texture": "#bright_gun_texture", "uv": [ 11.0, 10.0, 13.200000002980232, 11.0 ] },
                "west": { "texture": "#bright_gun_texture", "uv": [ 9.0, 10.0, 10.599999994039536, 11.0 ] },
                "up": { "texture": "#bright_gun_texture", "uv": [ 12.0, 6.0, 14.200000002980232, 7.5999999940395355 ] },
                "down": { "texture": "#bright_gun_texture", "uv": [ 1.0, 12.0, 3.2000000029802322, 13.599999994039536 ] }
            }
        },
        {
            "name": "h6b",
            "from": [ 10.200000002980232, 2.5999999791383743, 7.500000007450581 ], 
            "to": [ 13.000000029802322, 2.9999999701976776, 8.49999999254942 ], 
            "shade": false,
            "faces": {
                "north": { "texture": "#bright_gun_texture", "uv": [ 9.0, 7.0, 11.200000002980232, 8.0 ] },
                "east": { "texture": "#bright_gun_texture", "uv": [ 5.0, 13.0, 6.5999999940395355, 14.0 ] },
                "south": { "texture": "#bright_gun_texture", "uv": [ 11.0, 10.0, 13.200000002980232, 11.0 ] },
                "west": { "texture": "#bright_gun_texture", "uv": [ 9.0, 10.0, 10.599999994039536, 11.0 ] },
                "up": { "texture": "#bright_gun_texture", "uv": [ 12.0, 6.0, 14.200000002980232, 7.5999999940395355 ] },
                "down": { "texture": "#bright_gun_texture", "uv": [ 1.0, 12.0, 3.2000000029802322, 13.599999994039536 ] }
            }
        },
        {
            "name": "h1bb",
            "from": [ 9.699999995529652, 5.000000014901161, 7.500000007450581 ], 
            "to": [ 12.500000022351742, 5.500000007450581, 8.49999999254942 ], 
            "shade": false,
            "faces": {
                "north": { "texture": "#bright_gun_texture", "uv": [ 8.0, 6.0, 10.200000002980232, 7.0 ] },
                "east": { "texture": "#bright_gun_texture", "uv": [ 9.0, 2.0, 10.599999994039536, 3.0 ] },
                "south": { "texture": "#bright_gun_texture", "uv": [ 11.0, 10.0, 13.200000002980232, 11.0 ] },
                "west": { "texture": "#bright_gun_texture", "uv": [ 9.0, 10.0, 10.599999994039536, 11.0 ] },
                "up": { "texture": "#bright_gun_texture", "uv": [ 12.0, 6.0, 14.200000002980232, 7.5999999940395355 ] },
                "down": { "texture": "#bright_gun_texture", "uv": [ 1.0, 12.0, 3.2000000029802322, 13.599999994039536 ] }
            }
        },
        {
            "name": "h1bt",
            "from": [ 9.599999994039536, 5.200000017881393, 7.600000008940697 ], 
            "to": [ 12.400000020861626, 5.700000010430813, 8.399999991059303 ], 
            "shade": false,
            "faces": {
                "north": { "texture": "#bright_gun_texture", "uv": [ 8.0, 6.0, 10.200000002980232, 7.0 ] },
                "east": { "texture": "#bright_gun_texture", "uv": [ 9.0, 2.0, 10.599999994039536, 3.0 ] },
                "south": { "texture": "#bright_gun_texture", "uv": [ 11.0, 10.0, 13.200000002980232, 11.0 ] },
                "west": { "texture": "#bright_gun_texture", "uv": [ 9.0, 10.0, 10.599999994039536, 11.0 ] },
                "up": { "texture": "#bright_gun_texture", "uv": [ 12.0, 6.0, 14.200000002980232, 7.5999999940395355 ] },
                "down": { "texture": "#bright_gun_texture", "uv": [ 1.0, 12.0, 3.2000000029802322, 13.599999994039536 ] }
            }
        },
        {
            "name": "Trigger Back Slope",
            "from": [ 7.200000032782555, 5.499999992549419, 7.500000007450581 ], 
            "to": [ 8.400000050663948, 5.799999967217445, 8.50000000745058 ], 
            "shade": false,
            "rotation": { "origin": [ 8.0, 8.0, 8.0 ], "axis": "z", "angle": 45.0 },
            "faces": {
                "north": { "texture": "#bright_gun_texture", "uv": [ 8.0, 6.0, 10.200000017881393, 6.299999974668026 ] },
                "east": { "texture": "#bright_gun_texture", "uv": [ 6.0, 12.0, 6.799999997019768, 12.299999974668026 ] },
                "south": { "texture": "#bright_gun_texture", "uv": [ 6.0, 5.0, 8.200000017881393, 5.299999974668026 ] },
                "west": { "texture": "#bright_gun_texture", "uv": [ 9.0, 12.0, 9.799999997019768, 12.299999974668026 ] },
                "up": { "texture": "#bright_gun_texture", "uv": [ 4.0, 4.0, 6.200000017881393, 4.799999997019768 ] },
                "down": { "texture": "#bright_gun_texture", "uv": [ 6.0, 12.0, 8.200000017881393, 12.799999997019768 ] }
            }
        },
        {
            "name": "Trigger Front Slope",
            "from": [ 8.500000022351742, 5.699999995529652, 7.500000007450581 ], 
            "to": [ 9.000000029802322, 5.999999970197678, 8.50000000745058 ], 
            "shade": false,
            "rotation": { "origin": [ 8.0, 8.0, 8.0 ], "axis": "z", "angle": -45.0 },
            "faces": {
                "north": { "texture": "#bright_gun_texture", "uv": [ 8.0, 6.0, 10.200000017881393, 6.299999974668026 ] },
                "east": { "texture": "#bright_gun_texture", "uv": [ 6.0, 12.0, 6.799999997019768, 12.299999974668026 ] },
                "south": { "texture": "#bright_gun_texture", "uv": [ 6.0, 5.0, 8.200000017881393, 5.299999974668026 ] },
                "west": { "texture": "#bright_gun_texture", "uv": [ 9.0, 12.0, 9.799999997019768, 12.299999974668026 ] },
                "up": { "texture": "#bright_gun_texture", "uv": [ 4.0, 4.0, 6.200000017881393, 4.799999997019768 ] },
                "down": { "texture": "#bright_gun_texture", "uv": [ 6.0, 12.0, 8.200000017881393, 12.799999997019768 ] }
            }
        },
        {
            "name": "Trigger Vertical Piece 2",
            "from": [ 6.700000010430813, 6.200000002980232, 7.600000008940697 ], 
            "to": [ 6.899999998509884, 6.799999982118607, 8.400000005960464 ], 
            "faces": {
                "north": { "texture": "#bright_gun_texture", "uv": [ 10.0, 6.0, 10.199999988079071, 6.699999995529652 ] },
                "east": { "texture": "#bright_gun_texture", "uv": [ 2.0, 6.0, 2.7999999970197678, 6.699999995529652 ] },
                "south": { "texture": "#bright_gun_texture", "uv": [ 5.0, 9.0, 5.199999988079071, 9.699999995529652 ] },
                "west": { "texture": "#bright_gun_texture", "uv": [ 3.0, 4.0, 3.7999999970197678, 4.699999995529652 ] },
                "up": { "texture": "#bright_gun_texture", "uv": [ 8.0, 6.0, 8.199999988079071, 6.799999997019768 ] },
                "down": { "texture": "#bright_gun_texture", "uv": [ 6.0, 5.0, 6.199999988079071, 5.799999997019768 ] }
            }
        },
        {
            "name": "Trigger Vertical Piece Top",
            "from": [ 6.600000008940697, 6.800000011920929, 7.600000008940697 ], 
            "to": [ 7.100000001490116, 6.999999985098839, 8.400000005960464 ], 
            "faces": {
                "north": { "texture": "#bright_gun_texture", "uv": [ 10.0, 6.0, 10.199999988079071, 7.699999995529652 ] },
                "east": { "texture": "#bright_gun_texture", "uv": [ 2.0, 6.0, 2.7999999970197678, 7.699999995529652 ] },
                "south": { "texture": "#bright_gun_texture", "uv": [ 5.0, 9.0, 5.199999988079071, 10.699999995529652 ] },
                "west": { "texture": "#bright_gun_texture", "uv": [ 3.0, 4.0, 3.7999999970197678, 5.699999995529652 ] },
                "up": { "texture": "#bright_gun_texture", "uv": [ 8.0, 6.0, 8.199999988079071, 6.799999997019768 ] },
                "down": { "texture": "#bright_gun_texture", "uv": [ 6.0, 5.0, 6.199999988079071, 5.799999997019768 ] }
            }
        },
        {
            "name": "Trigger Top Slope",
            "from": [ 6.200000002980232, 7.800000011920929, 7.700000010430813 ], 
            "to": [ 6.799999997019768, 7.999999985098839, 8.300000004470348 ], 
            "rotation": { "origin": [ 8.0, 8.0, 8.0 ], "axis": "z", "angle": 45.0 },
            "faces": {
                "north": { "texture": "#bright_gun_texture", "uv": [ 10.0, 6.0, 10.199999988079071, 7.699999995529652 ] },
                "east": { "texture": "#bright_gun_texture", "uv": [ 2.0, 6.0, 2.7999999970197678, 7.699999995529652 ] },
                "south": { "texture": "#bright_gun_texture", "uv": [ 5.0, 9.0, 5.199999988079071, 10.699999995529652 ] },
                "west": { "texture": "#bright_gun_texture", "uv": [ 3.0, 4.0, 3.7999999970197678, 5.699999995529652 ] },
                "up": { "texture": "#bright_gun_texture", "uv": [ 8.0, 6.0, 8.199999988079071, 6.799999997019768 ] },
                "down": { "texture": "#bright_gun_texture", "uv": [ 6.0, 5.0, 6.199999988079071, 5.799999997019768 ] }
            }
        },
        {
            "name": "Trigger Main",
            "from": [ 8.100000001490116, 6.800000011920929, 7.700000010430813 ], 
            "to": [ 8.399999991059303, 7.5999999940395355, 8.300000004470348 ], 
            "faces": {
                "north": { "texture": "#bright_gun_texture", "uv": [ 10.0, 6.0, 10.199999988079071, 6.699999995529652 ] },
                "east": { "texture": "#bright_gun_texture", "uv": [ 2.0, 6.0, 2.7999999970197678, 6.699999995529652 ] },
                "south": { "texture": "#bright_gun_texture", "uv": [ 5.0, 9.0, 5.199999988079071, 9.699999995529652 ] },
                "west": { "texture": "#bright_gun_texture", "uv": [ 3.0, 4.0, 3.7999999970197678, 4.699999995529652 ] },
                "up": { "texture": "#bright_gun_texture", "uv": [ 8.0, 6.0, 8.199999988079071, 6.799999997019768 ] },
                "down": { "texture": "#bright_gun_texture", "uv": [ 6.0, 5.0, 6.199999988079071, 5.799999997019768 ] }
            }
        },
        {
            "name": "Trigger Slope",
            "from": [ 8.699999995529652, 6.300000004470348, 7.700000010430813 ], 
            "to": [ 8.899999983608723, 7.299999989569187, 8.300000004470348 ], 
            "rotation": { "origin": [ 8.0, 8.0, 8.0 ], "axis": "z", "angle": -22.5 },
            "faces": {
                "north": { "texture": "#bright_gun_texture", "uv": [ 10.0, 6.0, 10.199999988079071, 6.699999995529652 ] },
                "east": { "texture": "#bright_gun_texture", "uv": [ 2.0, 6.0, 2.7999999970197678, 6.699999995529652 ] },
                "south": { "texture": "#bright_gun_texture", "uv": [ 5.0, 9.0, 5.199999988079071, 9.699999995529652 ] },
                "west": { "texture": "#bright_gun_texture", "uv": [ 3.0, 4.0, 3.7999999970197678, 4.699999995529652 ] },
                "up": { "texture": "#bright_gun_texture", "uv": [ 8.0, 6.0, 8.199999988079071, 6.799999997019768 ] },
                "down": { "texture": "#bright_gun_texture", "uv": [ 6.0, 5.0, 6.199999988079071, 5.799999997019768 ] }
            }
        },
        {
            "name": "Trigger Main Bottom",
            "from": [ 8.100000001490116, 6.4000000059604645, 7.700000010430813 ], 
            "to": [ 8.299999989569187, 6.999999985098839, 8.300000004470348 ], 
            "faces": {
                "north": { "texture": "#bright_gun_texture", "uv": [ 10.0, 6.0, 10.199999988079071, 6.699999995529652 ] },
                "east": { "texture": "#bright_gun_texture", "uv": [ 2.0, 6.0, 2.7999999970197678, 6.699999995529652 ] },
                "south": { "texture": "#bright_gun_texture", "uv": [ 5.0, 9.0, 5.199999988079071, 9.699999995529652 ] },
                "west": { "texture": "#bright_gun_texture", "uv": [ 3.0, 4.0, 3.7999999970197678, 4.699999995529652 ] },
                "up": { "texture": "#bright_gun_texture", "uv": [ 8.0, 6.0, 8.199999988079071, 6.799999997019768 ] },
                "down": { "texture": "#bright_gun_texture", "uv": [ 6.0, 5.0, 6.199999988079071, 5.799999997019768 ] }
            }
        },
        {
            "name": "Trigger Bottom Slope",
            "from": [ 9.299999989569187, 6.500000007450581, 7.700000010430813 ], 
            "to": [ 9.399999976158142, 6.799999997019768, 8.300000004470348 ], 
            "rotation": { "origin": [ 8.0, 8.0, 8.0 ], "axis": "z", "angle": -45.0 },
            "faces": {
                "north": { "texture": "#bright_gun_texture", "uv": [ 10.0, 6.0, 10.199999988079071, 6.699999995529652 ] },
                "east": { "texture": "#bright_gun_texture", "uv": [ 2.0, 6.0, 2.7999999970197678, 6.699999995529652 ] },
                "south": { "texture": "#bright_gun_texture", "uv": [ 5.0, 9.0, 5.199999988079071, 9.699999995529652 ] },
                "west": { "texture": "#bright_gun_texture", "uv": [ 3.0, 4.0, 3.7999999970197678, 4.699999995529652 ] },
                "up": { "texture": "#bright_gun_texture", "uv": [ 8.0, 6.0, 8.199999988079071, 6.799999997019768 ] },
                "down": { "texture": "#bright_gun_texture", "uv": [ 6.0, 5.0, 6.199999988079071, 5.799999997019768 ] }
            }
        },
        {
            "name": "Body Higher Front",
            "from": [ 2.7999999970197678, 7.799999997019768, 7.200000002980232 ], 
            "to": [ 6.0, 8.699999995529652, 8.799999997019768 ], 
            "faces": {
                "north": { "texture": "#normal_gun_texture", "uv": [ 9.0, 10.0, 13.50000000745058, 11.0 ] },
                "east": { "texture": "#normal_gun_texture", "uv": [ 7.0, 9.0, 9.0, 10.0 ] },
                "south": { "texture": "#normal_gun_texture", "uv": [ 9.0, 10.0, 13.50000000745058, 11.0 ] },
                "west": { "texture": "#normal_gun_texture", "uv": [ 8.0, 6.0, 10.0, 7.0 ] },
                "up": { "texture": "#normal_gun_texture", "uv": [ 2.0, 9.0, 11.50000000745058, 11.0 ] },
                "down": { "texture": "#normal_gun_texture", "uv": [ 6.0, 5.0, 15.50000000745058, 7.0 ] }
            }
        },
        {
            "name": "Body Top Front",
            "from": [ 2.7999999970197678, 8.700000010430813, 7.500000007450581 ], 
            "to": [ 6.0, 9.0, 8.49999999254942 ], 
            "faces": {
                "north": { "texture": "#normal_gun_texture", "uv": [ 9.0, 10.0, 13.50000000745058, 11.0 ] },
                "east": { "texture": "#normal_gun_texture", "uv": [ 7.0, 9.0, 9.0, 10.0 ] },
                "south": { "texture": "#normal_gun_texture", "uv": [ 9.0, 10.0, 13.50000000745058, 11.0 ] },
                "west": { "texture": "#normal_gun_texture", "uv": [ 8.0, 6.0, 10.0, 7.0 ] },
                "up": { "texture": "#normal_gun_texture", "uv": [ 2.0, 9.0, 11.50000000745058, 11.0 ] },
                "down": { "texture": "#normal_gun_texture", "uv": [ 6.0, 5.0, 15.50000000745058, 7.0 ] }
            }
        },
        {
            "name": "Body Front Slope L",
            "from": [ 2.7999999970197678, 8.700000010430813, 7.600000008940697 ], 
            "to": [ 6.100000001490116, 9.0, 8.099999986588955 ], 
            "rotation": { "origin": [ 8.0, 8.0, 8.0 ], "axis": "x", "angle": 45.0 },
            "faces": {
                "north": { "texture": "#normal_gun_texture", "uv": [ 9.0, 10.0, 13.50000000745058, 11.0 ] },
                "east": { "texture": "#normal_gun_texture", "uv": [ 7.0, 9.0, 9.0, 10.0 ] },
                "south": { "texture": "#normal_gun_texture", "uv": [ 9.0, 10.0, 13.50000000745058, 11.0 ] },
                "west": { "texture": "#normal_gun_texture", "uv": [ 11.0, 5.0, 13.0, 6.0 ] },
                "up": { "texture": "#normal_gun_texture", "uv": [ 4.0, 12.0, 13.50000000745058, 13.0 ] },
                "down": { "texture": "#normal_gun_texture", "uv": [ 2.0, 1.0, 11.50000000745058, 2.0 ] }
            }
        },
        {
            "name": "Body Front Slope R",
            "from": [ 2.7999999970197678, 8.700000010430813, 7.900000013411045 ], 
            "to": [ 6.100000001490116, 9.0, 8.399999991059303 ], 
            "rotation": { "origin": [ 8.0, 8.0, 8.0 ], "axis": "x", "angle": -45.0 },
            "faces": {
                "north": { "texture": "#normal_gun_texture", "uv": [ 9.0, 10.0, 13.50000000745058, 11.0 ] },
                "east": { "texture": "#normal_gun_texture", "uv": [ 6.0, 7.0, 8.0, 8.0 ] },
                "south": { "texture": "#normal_gun_texture", "uv": [ 9.0, 10.0, 13.50000000745058, 11.0 ] },
                "west": { "texture": "#normal_gun_texture", "uv": [ 7.0, 7.0, 9.0, 8.0 ] },
                "up": { "texture": "#normal_gun_texture", "uv": [ 4.0, 12.0, 13.50000000745058, 13.0 ] },
                "down": { "texture": "#normal_gun_texture", "uv": [ 2.0, 1.0, 11.50000000745058, 2.0 ] }
            }
        },
        {
            "name": "Body Mid Front",
            "from": [ 2.899999998509884, 7.499999992549419, 7.300000004470348 ], 
            "to": [ 6.0, 7.799999982118607, 8.699999995529652 ], 
            "faces": {
                "north": { "texture": "#normal_gun_texture", "uv": [ 11.0, 5.0, 15.50000000745058, 6.0 ] },
                "east": { "texture": "#normal_gun_texture", "uv": [ 7.0, 9.0, 9.0, 10.0 ] },
                "south": { "texture": "#normal_gun_texture", "uv": [ 4.0, 7.0, 8.50000000745058, 8.0 ] },
                "west": { "texture": "#normal_gun_texture", "uv": [ 8.0, 6.0, 10.0, 7.0 ] },
                "up": { "texture": "#normal_gun_texture", "uv": [ 2.0, 9.0, 11.50000000745058, 11.0 ] },
                "down": { "texture": "#normal_gun_texture", "uv": [ 6.0, 5.0, 15.50000000745058, 7.0 ] }
            }
        },
        {
            "name": "Body Bottom Front",
            "from": [ 3.4000000059604645, 6.999999985098839, 7.600000008940697 ], 
            "to": [ 6.0, 7.499999977648258, 8.399999991059303 ], 
            "faces": {
                "north": { "texture": "#bright_gun_texture", "uv": [ 6.0, 3.0, 10.50000000745058, 5.0 ] },
                "east": { "texture": "#bright_gun_texture", "uv": [ 7.0, 9.0, 9.0, 10.0 ] },
                "south": { "texture": "#bright_gun_texture", "uv": [ 7.0, 7.0, 11.50000000745058, 9.0 ] },
                "west": { "texture": "#bright_gun_texture", "uv": [ 8.0, 6.0, 10.0, 7.0 ] },
                "up": { "texture": "#bright_gun_texture", "uv": [ 2.0, 9.0, 11.50000000745058, 11.0 ] },
                "down": { "texture": "#bright_gun_texture", "uv": [ 6.0, 5.0, 15.50000000745058, 7.0 ] }
            }
        },
        {
            "name": "Front Sight Top",
            "from": [ 3.2000000029802322, 8.700000010430813, 7.900000013411045 ], 
            "to": [ 3.5999999940395355, 9.400000005960464, 8.100000001490116 ], 
            "faces": {
                "north": { "texture": "#normal_gun_texture", "uv": [ 1.0, 6.0, 2.0, 7.0 ] },
                "east": { "texture": "#normal_gun_texture", "uv": [ 2.0, 8.0, 3.0, 9.0 ] },
                "south": { "texture": "#normal_gun_texture", "uv": [ 5.0, 15.0, 6.0, 16.0 ] },
                "west": { "texture": "#normal_gun_texture", "uv": [ 4.0, 0.0, 5.0, 1.0 ] },
                "up": { "texture": "#normal_gun_texture", "uv": [ 6.0, 6.0, 7.0, 7.0 ] },
                "down": { "texture": "#normal_gun_texture", "uv": [ 3.0, 3.0, 4.0, 4.0 ] }
            }
        },
        {
            "name": "Back Sight Base",
            "from": [ 11.200000002980232, 8.600000008940697, 7.600000008940697 ], 
            "to": [ 12.400000005960464, 9.300000004470348, 8.400000005960464 ], 
            "faces": {
                "north": { "texture": "#normal_gun_texture", "uv": [ 1.0, 6.0, 2.0, 7.0 ] },
                "east": { "texture": "#normal_gun_texture", "uv": [ 2.0, 8.0, 3.0, 9.0 ] },
                "south": { "texture": "#normal_gun_texture", "uv": [ 5.0, 15.0, 6.0, 16.0 ] },
                "west": { "texture": "#normal_gun_texture", "uv": [ 4.0, 0.0, 5.0, 1.0 ] },
                "up": { "texture": "#normal_gun_texture", "uv": [ 6.0, 6.0, 7.0, 7.0 ] },
                "down": { "texture": "#normal_gun_texture", "uv": [ 3.0, 3.0, 4.0, 4.0 ] }
            }
        },
        {
            "name": "Back Sight Main",
            "from": [ 12.300000004470348, 8.700000010430813, 7.600000008940697 ], 
            "to": [ 12.400000005960464, 9.400000005960464, 8.400000005960464 ], 
            "faces": {
                "north": { "texture": "#normal_gun_texture", "uv": [ 1.0, 6.0, 2.0, 7.0 ] },
                "east": { "texture": "#normal_gun_texture", "uv": [ 2.0, 8.0, 3.0, 9.0 ] },
                "south": { "texture": "#normal_gun_texture", "uv": [ 5.0, 15.0, 6.0, 16.0 ] },
                "west": { "texture": "#normal_gun_texture", "uv": [ 4.0, 0.0, 5.0, 1.0 ] },
                "up": { "texture": "#normal_gun_texture", "uv": [ 6.0, 6.0, 7.0, 7.0 ] },
                "down": { "texture": "#normal_gun_texture", "uv": [ 3.0, 3.0, 4.0, 4.0 ] }
            }
        },
        {
            "name": "Back Sight L Plate",
            "from": [ 12.300000004470348, 8.900000013411045, 8.100000016391277 ], 
            "to": [ 12.400000005960464, 9.50000000745058, 8.400000005960464 ], 
            "faces": {
                "north": { "texture": "#normal_gun_texture", "uv": [ 1.0, 6.0, 2.0, 7.0 ] },
                "east": { "texture": "#normal_gun_texture", "uv": [ 2.0, 8.0, 3.0, 9.0 ] },
                "south": { "texture": "#normal_gun_texture", "uv": [ 5.0, 15.0, 6.0, 16.0 ] },
                "west": { "texture": "#normal_gun_texture", "uv": [ 4.0, 0.0, 5.0, 1.0 ] },
                "up": { "texture": "#normal_gun_texture", "uv": [ 6.0, 6.0, 7.0, 7.0 ] },
                "down": { "texture": "#normal_gun_texture", "uv": [ 3.0, 3.0, 4.0, 4.0 ] }
            }
        },
        {
            "name": "Back Sight R Plate",
            "from": [ 12.300000004470348, 8.900000013411045, 7.600000008940697 ], 
            "to": [ 12.400000005960464, 9.50000000745058, 7.899999998509884 ], 
            "faces": {
                "north": { "texture": "#normal_gun_texture", "uv": [ 1.0, 6.0, 2.0, 7.0 ] },
                "east": { "texture": "#normal_gun_texture", "uv": [ 2.0, 8.0, 3.0, 9.0 ] },
                "south": { "texture": "#normal_gun_texture", "uv": [ 5.0, 15.0, 6.0, 16.0 ] },
                "west": { "texture": "#normal_gun_texture", "uv": [ 4.0, 0.0, 5.0, 1.0 ] },
                "up": { "texture": "#normal_gun_texture", "uv": [ 6.0, 6.0, 7.0, 7.0 ] },
                "down": { "texture": "#normal_gun_texture", "uv": [ 3.0, 3.0, 4.0, 4.0 ] }
            }
        },
        {
            "name": "Back Sight L Side",
            "from": [ 11.900000013411045, 9.30000001937151, 8.30000001937151 ], 
            "to": [ 12.30000001937151, 9.50000000745058, 8.400000005960464 ], 
            "faces": {
                "north": { "texture": "#bright_gun_texture", "uv": [ 1.0, 6.0, 2.0, 7.0 ] },
                "east": { "texture": "#bright_gun_texture", "uv": [ 2.0, 8.0, 3.0, 9.0 ] },
                "south": { "texture": "#bright_gun_texture", "uv": [ 5.0, 15.0, 6.0, 16.0 ] },
                "west": { "texture": "#bright_gun_texture", "uv": [ 4.0, 0.0, 5.0, 1.0 ] },
                "up": { "texture": "#bright_gun_texture", "uv": [ 6.0, 6.0, 7.0, 7.0 ] },
                "down": { "texture": "#bright_gun_texture", "uv": [ 3.0, 3.0, 4.0, 4.0 ] }
            }
        },
        {
            "name": "Back Side R Side",
            "from": [ 11.900000013411045, 9.30000001937151, 7.600000008940697 ], 
            "to": [ 12.30000001937151, 9.50000000745058, 7.699999995529652 ], 
            "faces": {
                "north": { "texture": "#bright_gun_texture", "uv": [ 1.0, 6.0, 2.0, 7.0 ] },
                "east": { "texture": "#bright_gun_texture", "uv": [ 2.0, 8.0, 3.0, 9.0 ] },
                "south": { "texture": "#bright_gun_texture", "uv": [ 5.0, 15.0, 6.0, 16.0 ] },
                "west": { "texture": "#bright_gun_texture", "uv": [ 4.0, 0.0, 5.0, 1.0 ] },
                "up": { "texture": "#bright_gun_texture", "uv": [ 6.0, 6.0, 7.0, 7.0 ] },
                "down": { "texture": "#bright_gun_texture", "uv": [ 3.0, 3.0, 4.0, 4.0 ] }
            }
        },
        {
            "name": "Barrel",
            "from": [ 2.700000010430813, 8.000000029802322, 7.700000010430813 ], 
            "to": [ 2.7999999970197678, 8.600000008940697, 8.300000004470348 ], 
            "faces": {
                "north": { "texture": "#bright_gun_texture", "uv": [ 10.0, 6.0, 10.199999988079071, 6.699999995529652 ] },
                "east": { "texture": "#bright_gun_texture", "uv": [ 2.0, 6.0, 2.7999999970197678, 6.699999995529652 ] },
                "south": { "texture": "#bright_gun_texture", "uv": [ 5.0, 9.0, 5.199999988079071, 9.699999995529652 ] },
                "west": { "texture": "#normal_gun_texture", "uv": [ 13.0, 8.0, 13.799999997019768, 8.699999995529652 ] },
                "up": { "texture": "#bright_gun_texture", "uv": [ 8.0, 6.0, 8.199999988079071, 6.799999997019768 ] },
                "down": { "texture": "#bright_gun_texture", "uv": [ 6.0, 5.0, 6.199999988079071, 5.799999997019768 ] }
            }
        }
    ],
    "display": {
        "thirdperson_righthand": {
            "rotation": [ 0, 270, -60 ],
            "translation": [ 0, 3, 3 ],
            "scale": [ 0.67, 0.67, 0.67 ]
        },
		"thirdperson_lefthand": {
            "rotation": [ 0, 90, 0 ],
            "translation": [ 0, 2, -1 ],
            "scale": [ 0.67, 0.67, 0.67 ]
        },
        "firstperson_righthand": {
            "rotation": [ 0, -90, 0 ],
            "translation": [ -2, 4, -5 ],
            "scale": [ 0.9, 0.9, 0.9 ]
        },
		"firstperson_lefthand": {
            "rotation": [ 0, 90, -90 ],
            "translation": [ 0, -3, -5 ],
            "scale": [ 0.9, 0.9, 0.9 ]
        },
        "head": {
			"rotation": [ 0, -90, 0 ],
			"translation": [ 0, 12, 0 ],
            "scale": [ 0.85, 0.85, 0.85 ]
        },
        "ground": {
            "rotation": [ 90, 0, 0 ],
            "translation": [ 0, -2, 0 ],
            "scale": [ 0.67, 0.67, 0.67 ]
        },
        "gui": {
            "rotation": [ -20, 30, 0 ],
            "translation": [ 0, 0, 0 ],
            "scale": [ 0.5, 0.5, 0.5 ]
        }
    }
}