{
"__comment": "© Le0, Mineland.eu 2019 | www.mineland.eu",
"textures": {
    "stone_slab_top": "guns/pistole/stone_slab_top",
    "light_gun_texture": "guns/pistole/light_gun_texture",
    "anvil_base": "guns/pistole/anvil_base"
},
"elements": [ 
{
    "from": [ 2.5, 7, 7 ],
    "to": [ 8, 8, 8 ],
    "faces": {
        "down":  { "uv": [ 13.5, 8, 8, 7 ], "texture": "#stone_slab_top" },
        "north": { "uv": [ 8, 8, 13.5, 9 ], "texture": "#stone_slab_top" },
        "south": { "uv": [ 2.5, 8, 8, 9 ], "texture": "#stone_slab_top" },
        "west":  { "uv": [ 7, 8, 8, 9 ], "texture": "#stone_slab_top" }
    }
},
{
    "from": [ 8, 7, 6.75 ],
    "to": [ 14.375, 8, 8.25 ],
    "faces": {
        "down":  { "uv": [ 8, 8.25, 1.625, 6.75 ], "texture": "#stone_slab_top" },
        "up":    { "uv": [ 8, 6.75, 14.375, 8.25 ], "texture": "#stone_slab_top" },
        "north": { "uv": [ 1.625, 8, 8, 9 ], "texture": "#stone_slab_top" },
        "south": { "uv": [ 8, 8, 14.375, 9 ], "texture": "#stone_slab_top" },
        "west":  { "uv": [ 6.75, 8, 8.25, 9 ], "texture": "#stone_slab_top" },
        "east":  { "uv": [ 7.75, 8, 9.25, 9 ], "texture": "#stone_slab_top" }
    }
},
{
    "from": [ 1.5, 7.25, 7.1875 ],
    "to": [ 2.5, 8, 7.8125 ],
    "faces": {
        "down":  { "uv": [ 14.5, 7.8125, 13.5, 7.1875 ], "texture": "#stone_slab_top" },
        "north": { "uv": [ 13.5, 8, 14.5, 8.75 ], "texture": "#stone_slab_top" },
        "south": { "uv": [ 1.5, 8, 2.5, 8.75 ], "texture": "#stone_slab_top" },
        "west":  { "uv": [ 7.1875, 8, 7.8125, 8.75 ], "texture": "#stone_slab_top" }
    }
},
{
    "from": [ 10, 6.375, 6.75 ],
    "to": [ 14.125, 7, 8.25 ],
    "faces": {
        "down":  { "uv": [ 6, 8.25, 1.875, 6.75 ], "texture": "#stone_slab_top" },
        "north": { "uv": [ 1.875, 9, 6, 9.625 ], "texture": "#stone_slab_top" },
        "south": { "uv": [ 10, 9, 14.125, 9.625 ], "texture": "#stone_slab_top" },
        "west":  { "uv": [ 6.75, 9, 8.25, 9.625 ], "texture": "#stone_slab_top" },
        "east":  { "uv": [ 7.75, 9, 9.25, 9.625 ], "texture": "#stone_slab_top" }
    }
},
{
    "from": [ 10.125, 5.75, 6.75 ],
    "to": [ 14.125, 6.375, 8.25 ],
    "faces": {
        "down":  { "uv": [ 5.875, 8.25, 1.875, 6.75 ], "texture": "#stone_slab_top" },
        "north": { "uv": [ 1.875, 9.625, 5.875, 10.25 ], "texture": "#stone_slab_top" },
        "south": { "uv": [ 10.125, 9.625, 14.125, 10.25 ], "texture": "#stone_slab_top" },
        "west":  { "uv": [ 6.75, 9.625, 8.25, 10.25 ], "texture": "#stone_slab_top" },
        "east":  { "uv": [ 7.75, 9.625, 9.25, 10.25 ], "texture": "#stone_slab_top" }
    }
},
{
    "from": [ 10.25, 5.125, 6.75 ],
    "to": [ 14.25, 5.75, 8.25 ],
    "faces": {
        "down":  { "uv": [ 5.75, 8.25, 1.75, 6.75 ], "texture": "#stone_slab_top" },
        "up":    { "uv": [ 10.25, 6.75, 14.25, 8.25 ], "texture": "#stone_slab_top" },
        "north": { "uv": [ 1.75, 10.25, 5.75, 10.875 ], "texture": "#stone_slab_top" },
        "south": { "uv": [ 10.25, 10.25, 14.25, 10.875 ], "texture": "#stone_slab_top" },
        "west":  { "uv": [ 6.75, 10.25, 8.25, 10.875 ], "texture": "#stone_slab_top" },
        "east":  { "uv": [ 7.75, 10.25, 9.25, 10.875 ], "texture": "#stone_slab_top" }
    }
},
{
    "from": [ 10.375, 4.5, 6.75 ],
    "to": [ 14.375, 5.125, 8.25 ],
    "faces": {
        "down":  { "uv": [ 5.625, 8.25, 1.625, 6.75 ], "texture": "#stone_slab_top" },
        "up":    { "uv": [ 10.375, 6.75, 14.375, 8.25 ], "texture": "#stone_slab_top" },
        "north": { "uv": [ 1.625, 10.875, 5.625, 11.5 ], "texture": "#stone_slab_top" },
        "south": { "uv": [ 10.375, 10.875, 14.375, 11.5 ], "texture": "#stone_slab_top" },
        "west":  { "uv": [ 6.75, 10.875, 8.25, 11.5 ], "texture": "#stone_slab_top" },
        "east":  { "uv": [ 7.75, 10.875, 9.25, 11.5 ], "texture": "#stone_slab_top" }
    }
},
{
    "from": [ 10.5, 3.875, 6.75 ],
    "to": [ 14.5, 4.5, 8.25 ],
    "faces": {
        "down":  { "uv": [ 5.5, 8.25, 1.5, 6.75 ], "texture": "#stone_slab_top" },
        "up":    { "uv": [ 10.5, 6.75, 14.5, 8.25 ], "texture": "#stone_slab_top" },
        "north": { "uv": [ 1.5, 11.5, 5.5, 12.125 ], "texture": "#stone_slab_top" },
        "south": { "uv": [ 10.5, 11.5, 14.5, 12.125 ], "texture": "#stone_slab_top" },
        "west":  { "uv": [ 6.75, 11.5, 8.25, 12.125 ], "texture": "#stone_slab_top" },
        "east":  { "uv": [ 7.75, 11.5, 9.25, 12.125 ], "texture": "#stone_slab_top" }
    }
},
{
    "from": [ 10.625, 3.25, 6.75 ],
    "to": [ 14.625, 3.875, 8.25 ],
    "faces": {
        "down":  { "uv": [ 5.375, 8.25, 1.375, 6.75 ], "texture": "#stone_slab_top" },
        "up":    { "uv": [ 10.625, 6.75, 14.625, 8.25 ], "texture": "#stone_slab_top" },
        "north": { "uv": [ 1.375, 12.125, 5.375, 12.75 ], "texture": "#stone_slab_top" },
        "south": { "uv": [ 10.625, 12.125, 14.625, 12.75 ], "texture": "#stone_slab_top" },
        "west":  { "uv": [ 6.75, 12.125, 8.25, 12.75 ], "texture": "#stone_slab_top" },
        "east":  { "uv": [ 7.75, 12.125, 9.25, 12.75 ], "texture": "#stone_slab_top" }
    }
},
{
    "from": [ 10.75, 2.625, 6.75 ],
    "to": [ 14.75, 3.25, 8.25 ],
    "faces": {
        "down":  { "uv": [ 5.25, 8.25, 1.25, 6.75 ], "texture": "#stone_slab_top" },
        "up":    { "uv": [ 10.75, 6.75, 14.75, 8.25 ], "texture": "#stone_slab_top" },
        "north": { "uv": [ 1.25, 12.75, 5.25, 13.375 ], "texture": "#stone_slab_top" },
        "south": { "uv": [ 10.75, 12.75, 14.75, 13.375 ], "texture": "#stone_slab_top" },
        "west":  { "uv": [ 6.75, 12.75, 8.25, 13.375 ], "texture": "#stone_slab_top" },
        "east":  { "uv": [ 7.75, 12.75, 9.25, 13.375 ], "texture": "#stone_slab_top" }
    }
},
{
    "from": [ 10.875, 2, 6.75 ],
    "to": [ 14.875, 2.625, 8.25 ],
    "faces": {
        "down":  { "uv": [ 5.125, 8.25, 1.125, 6.75 ], "texture": "#stone_slab_top" },
        "up":    { "uv": [ 10.875, 6.75, 14.875, 8.25 ], "texture": "#stone_slab_top" },
        "north": { "uv": [ 1.125, 13.375, 5.125, 14 ], "texture": "#stone_slab_top" },
        "south": { "uv": [ 10.875, 13.375, 14.875, 14 ], "texture": "#stone_slab_top" },
        "west":  { "uv": [ 6.75, 13.375, 8.25, 14 ], "texture": "#stone_slab_top" },
        "east":  { "uv": [ 7.75, 13.375, 9.25, 14 ], "texture": "#stone_slab_top" }
    }
},
{
    "from": [ 11, 1.375, 6.75 ],
    "to": [ 15, 2, 8.25 ],
    "faces": {
        "down":  { "uv": [ 5, 8.25, 1, 6.75 ], "texture": "#stone_slab_top" },
        "up":    { "uv": [ 11, 6.75, 15, 8.25 ], "texture": "#stone_slab_top" },
        "north": { "uv": [ 1, 14, 5, 14.625 ], "texture": "#stone_slab_top" },
        "south": { "uv": [ 11, 14, 15, 14.625 ], "texture": "#stone_slab_top" },
        "west":  { "uv": [ 6.75, 14, 8.25, 14.625 ], "texture": "#stone_slab_top" },
        "east":  { "uv": [ 7.75, 14, 9.25, 14.625 ], "texture": "#stone_slab_top" }
    }
},
{
    "from": [ 11.125, 0.75, 6.75 ],
    "to": [ 15.125, 1.375, 8.25 ],
    "faces": {
        "down":  { "uv": [ 4.875, 8.25, 0.875, 6.75 ], "texture": "#stone_slab_top" },
        "up":    { "uv": [ 11.125, 6.75, 15.125, 8.25 ], "texture": "#stone_slab_top" },
        "north": { "uv": [ 0.875, 14.625, 4.875, 15.25 ], "texture": "#stone_slab_top" },
        "south": { "uv": [ 11.125, 14.625, 15.125, 15.25 ], "texture": "#stone_slab_top" },
        "west":  { "uv": [ 6.75, 14.625, 8.25, 15.25 ], "texture": "#stone_slab_top" },
        "east":  { "uv": [ 7.75, 14.625, 9.25, 15.25 ], "texture": "#stone_slab_top" }
    }
},
{
    "from": [ 2.5, 8, 6.75 ],
    "to": [ 8.75, 8.75, 8.25 ],
    "faces": {
        "down":  { "uv": [ 13.5, 8.25, 7.25, 6.75 ], "texture": "#stone_slab_top" },
        "up":    { "uv": [ 2.5, 6.75, 8.75, 8.25 ], "texture": "#stone_slab_top" },
        "north": { "uv": [ 7.25, 7.25, 13.5, 8 ], "texture": "#stone_slab_top" },
        "south": { "uv": [ 2.5, 7.25, 8.75, 8 ], "texture": "#stone_slab_top" },
        "west":  { "uv": [ 6.75, 7.25, 8.25, 8 ], "texture": "#stone_slab_top" },
        "east":  { "uv": [ 7.75, 7.25, 9.25, 8 ], "texture": "#stone_slab_top" }
    }
},
{
    "from": [ 1.5, 8, 6.9375 ],
    "to": [ 2.5, 9, 8.0625 ],
    "faces": {
        "down":  { "uv": [ 14.5, 8.0625, 13.5, 6.9375 ], "texture": "#stone_slab_top" },
        "up":    { "uv": [ 1.5, 6.9375, 2.5, 8.0625 ], "texture": "#stone_slab_top" },
        "north": { "uv": [ 13.5, 7, 14.5, 8 ], "texture": "#stone_slab_top" },
        "south": { "uv": [ 1.5, 7, 2.5, 8 ], "texture": "#stone_slab_top" },
        "west":  { "uv": [ 6.9375, 7, 8.0625, 8 ], "texture": "#stone_slab_top" },
        "east":  { "uv": [ 7.9375, 7, 9.0625, 8 ], "texture": "#stone_slab_top" }
    }
},
{
    "from": [ 8.625, 8, 6.625 ],
    "to": [ 14.0625, 8.75, 8.375 ],
    "faces": {
        "down":  { "uv": [ 7.375, 8.375, 1.9375, 6.625 ], "texture": "#stone_slab_top" },
        "up":    { "uv": [ 8.625, 6.625, 14.0625, 8.375 ], "texture": "#stone_slab_top" },
        "north": { "uv": [ 1.9375, 7.25, 7.375, 8 ], "texture": "#stone_slab_top" },
        "south": { "uv": [ 8.625, 7.25, 14.0625, 8 ], "texture": "#stone_slab_top" },
        "west":  { "uv": [ 6.625, 7.25, 8.375, 8 ], "texture": "#stone_slab_top" },
        "east":  { "uv": [ 7.625, 7.25, 9.375, 8 ], "texture": "#stone_slab_top" }
    }
},
{
    "from": [ 8.625, 8.75, 6.99 ],
    "to": [ 13.75, 9.625, 8.01 ],
    "faces": {
        "up":    { "uv": [ 8.625, 6.99, 13.75, 8.01 ], "texture": "#stone_slab_top" },
        "north": { "uv": [ 2.25, 6.375, 7.375, 7.25 ], "texture": "#stone_slab_top" },
        "south": { "uv": [ 8.625, 6.375, 13.75, 7.25 ], "texture": "#stone_slab_top" },
        "west":  { "uv": [ 6.99, 6.375, 8.01, 7.25 ], "texture": "#stone_slab_top" },
        "east":  { "uv": [ 7.99, 6.375, 9.01, 7.25 ], "texture": "#stone_slab_top" }
    }
},
{
    "from": [ 1, 9, 7.1875 ],
    "to": [ 8.75, 9.625, 7.8125 ],
    "faces": {
        "down":  { "uv": [ 15, 7.8125, 7.25, 7.1875 ], "texture": "#stone_slab_top" },
        "up":    { "uv": [ 1, 7.1875, 8.75, 7.8125 ], "texture": "#stone_slab_top" },
        "north": { "uv": [ 7.25, 6.375, 15, 7 ], "texture": "#stone_slab_top" },
        "south": { "uv": [ 1, 6.375, 8.75, 7 ], "texture": "#stone_slab_top" },
        "west":  { "uv": [ 6, 4.125, 6.625, 4.75 ], "texture": "#light_gun_texture" },
        "east":  { "uv": [ 8.1875, 6.375, 8.8125, 7 ], "texture": "#stone_slab_top" }
    }
},
{
    "from": [ 1.5, 9, 7 ],
    "to": [ 2.5, 9.75, 8 ],
    "faces": {
        "up":    { "uv": [ 1.5, 7, 2.5, 8 ], "texture": "#stone_slab_top" },
        "north": { "uv": [ 13.5, 6.25, 14.5, 7 ], "texture": "#stone_slab_top" },
        "south": { "uv": [ 1.5, 6.25, 2.5, 7 ], "texture": "#stone_slab_top" },
        "west":  { "uv": [ 7, 6.25, 8, 7 ], "texture": "#stone_slab_top" },
        "east":  { "uv": [ 8, 6.25, 9, 7 ], "texture": "#stone_slab_top" }
    }
},
{
    "from": [ 2.5, 8.5525, 7.7025 ],
    "to": [ 8.75, 8.9275, 8.14 ],
    "rotation": { "origin": [ 2.5, 8.9275, 7.7025 ], "axis": "x", "angle": -22.5 },
    "faces": {
        "down":  { "uv": [ 13.5, 8.14, 7.25, 7.7025 ], "texture": "#stone_slab_top" },
        "up":    { "uv": [ 2.5, 7.7025, 8.75, 8.14 ], "texture": "#stone_slab_top" },
        "north": { "uv": [ 7.25, 7.0725, 13.5, 7.4475 ], "texture": "#stone_slab_top" },
        "south": { "uv": [ 2.5, 7.0725, 8.75, 7.4475 ], "texture": "#stone_slab_top" },
        "west":  { "uv": [ 7.7025, 7.0725, 8.14, 7.4475 ], "texture": "#stone_slab_top" },
        "east":  { "uv": [ 7.86, 7.0725, 8.2975, 7.4475 ], "texture": "#stone_slab_top" }
    }
},
{
    "from": [ 2.5, 8.71875, 6.89351 ],
    "to": [ 8.75, 9.09375, 7.33101 ],
    "rotation": { "origin": [ 2.5, 9.09375, 6.89351 ], "axis": "x", "angle": 22.5 },
    "faces": {
        "down":  { "uv": [ 13.5, 7.33101, 7.25, 6.89351 ], "texture": "#stone_slab_top" },
        "up":    { "uv": [ 2.5, 6.89351, 8.75, 7.33101 ], "texture": "#stone_slab_top" },
        "north": { "uv": [ 7.25, 6.90625, 13.5, 7.28125 ], "texture": "#stone_slab_top" },
        "south": { "uv": [ 2.5, 6.90625, 8.75, 7.28125 ], "texture": "#stone_slab_top" },
        "west":  { "uv": [ 6.89351, 6.90625, 7.33101, 7.28125 ], "texture": "#stone_slab_top" },
        "east":  { "uv": [ 8.66899, 6.90625, 9.10649, 7.28125 ], "texture": "#stone_slab_top" }
    }
},
{
    "from": [ 2.5, 8.71875, 6.89625 ],
    "to": [ 8.75, 9.09375, 7.33375 ],
    "rotation": { "origin": [ 2.5, 9.09375, 6.89625 ], "axis": "x", "angle": -22.5 },
    "faces": {
        "down":  { "uv": [ 13.5, 7.33375, 7.25, 6.89625 ], "texture": "#stone_slab_top" },
        "up":    { "uv": [ 2.5, 6.89625, 8.75, 7.33375 ], "texture": "#stone_slab_top" },
        "north": { "uv": [ 7.25, 6.90625, 13.5, 7.28125 ], "texture": "#stone_slab_top" },
        "south": { "uv": [ 2.5, 6.90625, 8.75, 7.28125 ], "texture": "#stone_slab_top" },
        "west":  { "uv": [ 6.89625, 6.90625, 7.33375, 7.28125 ], "texture": "#stone_slab_top" },
        "east":  { "uv": [ 8.66625, 6.90625, 9.10375, 7.28125 ], "texture": "#stone_slab_top" }
    }
},
{
    "from": [ 2.5, 8.885, 7.6975 ],
    "to": [ 8.75, 9.26, 8.135 ],
    "rotation": { "origin": [ 2.5, 9.26, 7.6975 ], "axis": "x", "angle": 22.5 },
    "faces": {
        "down":  { "uv": [ 13.5, 8.135, 7.25, 7.6975 ], "texture": "#stone_slab_top" },
        "up":    { "uv": [ 2.5, 7.6975, 8.75, 8.135 ], "texture": "#stone_slab_top" },
        "north": { "uv": [ 7.25, 6.74, 13.5, 7.115 ], "texture": "#stone_slab_top" },
        "south": { "uv": [ 2.5, 6.74, 8.75, 7.115 ], "texture": "#stone_slab_top" },
        "west":  { "uv": [ 7.6975, 6.74, 8.135, 7.115 ], "texture": "#stone_slab_top" },
        "east":  { "uv": [ 7.865, 6.74, 8.3025, 7.115 ], "texture": "#stone_slab_top" }
    }
},
{
    "from": [ 1.84375, 8, 7.70875 ],
    "to": [ 2.65625, 8.75, 7.95875 ],
    "rotation": { "origin": [ 1.84375, 8, 7.70875 ], "axis": "y", "angle": -22.5 },
    "faces": {
        "down":  { "uv": [ 14.1563, 7.95875, 13.3438, 7.70875 ], "texture": "#stone_slab_top" },
        "up":    { "uv": [ 1.84375, 7.70875, 2.65625, 7.95875 ], "texture": "#stone_slab_top" },
        "north": { "uv": [ 13.3438, 7.25, 14.1563, 8 ], "texture": "#stone_slab_top" },
        "south": { "uv": [ 1.84375, 7.25, 2.65625, 8 ], "texture": "#stone_slab_top" },
        "west":  { "uv": [ 7.70875, 7.25, 7.95875, 8 ], "texture": "#stone_slab_top" },
        "east":  { "uv": [ 8.04125, 7.25, 8.29125, 8 ], "texture": "#stone_slab_top" }
    }
},
{
    "from": [ 1.75, 8, 7.0625 ],
    "to": [ 2.5625, 8.75, 7.3125 ],
    "rotation": { "origin": [ 1.75, 8, 7.0625 ], "axis": "y", "angle": 22.5 },
    "faces": {
        "down":  { "uv": [ 14.25, 7.3125, 13.4375, 7.0625 ], "texture": "#stone_slab_top" },
        "up":    { "uv": [ 1.75, 7.0625, 2.5625, 7.3125 ], "texture": "#stone_slab_top" },
        "north": { "uv": [ 13.4375, 7.25, 14.25, 8 ], "texture": "#stone_slab_top" },
        "south": { "uv": [ 1.75, 7.25, 2.5625, 8 ], "texture": "#stone_slab_top" },
        "west":  { "uv": [ 7.0625, 7.25, 7.3125, 8 ], "texture": "#stone_slab_top" },
        "east":  { "uv": [ 8.6875, 7.25, 8.9375, 8 ], "texture": "#stone_slab_top" }
    }
},
{
    "from": [ 8.625, 8.675, 6.98855 ],
    "to": [ 13.75, 9.625, 7.30105 ],
    "rotation": { "origin": [ 8.625, 9.625, 6.98855 ], "axis": "x", "angle": 22.5 },
    "faces": {
        "down":  { "uv": [ 7.375, 7.30105, 2.25, 6.98855 ], "texture": "#stone_slab_top" },
        "up":    { "uv": [ 8.625, 6.98855, 13.75, 7.30105 ], "texture": "#stone_slab_top" },
        "north": { "uv": [ 2.25, 6.375, 7.375, 7.325 ], "texture": "#stone_slab_top" },
        "south": { "uv": [ 8.625, 6.375, 13.75, 7.325 ], "texture": "#stone_slab_top" },
        "west":  { "uv": [ 6.98855, 6.375, 7.30105, 7.325 ], "texture": "#stone_slab_top" },
        "east":  { "uv": [ 8.69895, 6.375, 9.01145, 7.325 ], "texture": "#stone_slab_top" }
    }
},
{
    "from": [ 8.625, 8.555, 7.72375 ],
    "to": [ 13.75, 9.505, 8.03625 ],
    "rotation": { "origin": [ 8.625, 9.505, 7.72375 ], "axis": "x", "angle": -22.5 },
    "faces": {
        "down":  { "uv": [ 7.375, 8.03625, 2.25, 7.72375 ], "texture": "#stone_slab_top" },
        "up":    { "uv": [ 8.625, 7.72375, 13.75, 8.03625 ], "texture": "#stone_slab_top" },
        "north": { "uv": [ 2.25, 6.495, 7.375, 7.445 ], "texture": "#stone_slab_top" },
        "south": { "uv": [ 8.625, 6.495, 13.75, 7.445 ], "texture": "#stone_slab_top" },
        "west":  { "uv": [ 7.72375, 6.495, 8.03625, 7.445 ], "texture": "#stone_slab_top" },
        "east":  { "uv": [ 7.96375, 6.495, 8.27625, 7.445 ], "texture": "#stone_slab_top" }
    }
},
{
    "from": [ 14.375, 7, 6.75 ],
    "to": [ 14.7813, 7.4375, 8.25 ],
    "faces": {
        "down":  { "uv": [ 1.625, 8.25, 1.21875, 6.75 ], "texture": "#stone_slab_top" },
        "up":    { "uv": [ 14.375, 6.75, 14.7813, 8.25 ], "texture": "#stone_slab_top" },
        "north": { "uv": [ 1.21875, 8.5625, 1.625, 9 ], "texture": "#stone_slab_top" },
        "south": { "uv": [ 14.375, 8.5625, 14.7813, 9 ], "texture": "#stone_slab_top" },
        "east":  { "uv": [ 7.75, 8.5625, 9.25, 9 ], "texture": "#stone_slab_top" }
    }
},
{
    "from": [ 14.375, 6.875, 6.75 ],
    "to": [ 14.8125, 7.1875, 8.25 ],
    "rotation": { "origin": [ 14.375, 7.1875, 6.75 ], "axis": "z", "angle": 22.5 },
    "faces": {
        "down":  { "uv": [ 1.625, 8.25, 1.1875, 6.75 ], "texture": "#stone_slab_top" },
        "up":    { "uv": [ 14.375, 6.75, 14.8125, 8.25 ], "texture": "#stone_slab_top" },
        "north": { "uv": [ 1.1875, 8.8125, 1.625, 9.125 ], "texture": "#stone_slab_top" },
        "south": { "uv": [ 14.375, 8.8125, 14.8125, 9.125 ], "texture": "#stone_slab_top" },
        "west":  { "uv": [ 6.75, 8.8125, 8.25, 9.125 ], "texture": "#stone_slab_top" },
        "east":  { "uv": [ 7.75, 8.8125, 9.25, 9.125 ], "texture": "#stone_slab_top" }
    }
},
{
    "from": [ 13.875, 6.46875, 6.75 ],
    "to": [ 14.3125, 6.96875, 8.25 ],
    "rotation": { "origin": [ 13.875, 6.96875, 6.75 ], "axis": "z", "angle": 45 },
    "faces": {
        "down":  { "uv": [ 2.125, 8.25, 1.6875, 6.75 ], "texture": "#stone_slab_top" },
        "up":    { "uv": [ 13.875, 6.75, 14.3125, 8.25 ], "texture": "#stone_slab_top" },
        "north": { "uv": [ 1.6875, 9.03125, 2.125, 9.53125 ], "texture": "#stone_slab_top" },
        "south": { "uv": [ 13.875, 9.03125, 14.3125, 9.53125 ], "texture": "#stone_slab_top" },
        "west":  { "uv": [ 6.75, 9.03125, 8.25, 9.53125 ], "texture": "#stone_slab_top" },
        "east":  { "uv": [ 7.75, 9.03125, 9.25, 9.53125 ], "texture": "#stone_slab_top" }
    }
},
{
    "from": [ 13.875, 6.34375, 6.75 ],
    "to": [ 14.3125, 6.84375, 8.25 ],
    "rotation": { "origin": [ 13.875, 6.84375, 6.75 ], "axis": "z", "angle": -22.5 },
    "faces": {
        "down":  { "uv": [ 2.125, 8.25, 1.6875, 6.75 ], "texture": "#stone_slab_top" },
        "up":    { "uv": [ 13.875, 6.75, 14.3125, 8.25 ], "texture": "#stone_slab_top" },
        "north": { "uv": [ 1.6875, 9.15625, 2.125, 9.65625 ], "texture": "#stone_slab_top" },
        "south": { "uv": [ 13.875, 9.15625, 14.3125, 9.65625 ], "texture": "#stone_slab_top" },
        "west":  { "uv": [ 6.75, 9.15625, 8.25, 9.65625 ], "texture": "#stone_slab_top" },
        "east":  { "uv": [ 7.75, 9.15625, 9.25, 9.65625 ], "texture": "#stone_slab_top" }
    }
},
{
    "from": [ 14.125, 5.75, 6.75 ],
    "to": [ 14.1875, 6.0625, 8.25 ],
    "faces": {
        "up":    { "uv": [ 14.125, 6.75, 14.1875, 8.25 ], "texture": "#stone_slab_top" },
        "north": { "uv": [ 1.8125, 9.9375, 1.875, 10.25 ], "texture": "#stone_slab_top" },
        "south": { "uv": [ 14.125, 9.9375, 14.1875, 10.25 ], "texture": "#stone_slab_top" },
        "east":  { "uv": [ 7.75, 9.9375, 9.25, 10.25 ], "texture": "#stone_slab_top" }
    }
},
{
    "from": [ 14.25, 5.125, 6.75 ],
    "to": [ 14.3125, 5.4375, 8.25 ],
    "faces": {
        "up":    { "uv": [ 14.25, 6.75, 14.3125, 8.25 ], "texture": "#stone_slab_top" },
        "north": { "uv": [ 1.6875, 10.5625, 1.75, 10.875 ], "texture": "#stone_slab_top" },
        "south": { "uv": [ 14.25, 10.5625, 14.3125, 10.875 ], "texture": "#stone_slab_top" },
        "east":  { "uv": [ 7.75, 10.5625, 9.25, 10.875 ], "texture": "#stone_slab_top" }
    }
},
{
    "from": [ 14.375, 4.5, 6.75 ],
    "to": [ 14.4375, 4.8125, 8.25 ],
    "faces": {
        "up":    { "uv": [ 14.375, 6.75, 14.4375, 8.25 ], "texture": "#stone_slab_top" },
        "north": { "uv": [ 1.5625, 11.1875, 1.625, 11.5 ], "texture": "#stone_slab_top" },
        "south": { "uv": [ 14.375, 11.1875, 14.4375, 11.5 ], "texture": "#stone_slab_top" },
        "east":  { "uv": [ 7.75, 11.1875, 9.25, 11.5 ], "texture": "#stone_slab_top" }
    }
},
{
    "from": [ 14.5, 3.875, 6.75 ],
    "to": [ 14.5625, 4.1875, 8.25 ],
    "faces": {
        "up":    { "uv": [ 14.5, 6.75, 14.5625, 8.25 ], "texture": "#stone_slab_top" },
        "north": { "uv": [ 1.4375, 11.8125, 1.5, 12.125 ], "texture": "#stone_slab_top" },
        "south": { "uv": [ 14.5, 11.8125, 14.5625, 12.125 ], "texture": "#stone_slab_top" },
        "east":  { "uv": [ 7.75, 11.8125, 9.25, 12.125 ], "texture": "#stone_slab_top" }
    }
},
{
    "from": [ 14.625, 3.25, 6.75 ],
    "to": [ 14.6875, 3.5625, 8.25 ],
    "faces": {
        "up":    { "uv": [ 14.625, 6.75, 14.6875, 8.25 ], "texture": "#stone_slab_top" },
        "north": { "uv": [ 1.3125, 12.4375, 1.375, 12.75 ], "texture": "#stone_slab_top" },
        "south": { "uv": [ 14.625, 12.4375, 14.6875, 12.75 ], "texture": "#stone_slab_top" },
        "east":  { "uv": [ 7.75, 12.4375, 9.25, 12.75 ], "texture": "#stone_slab_top" }
    }
},
{
    "from": [ 14.75, 2.625, 6.75 ],
    "to": [ 14.8125, 2.9375, 8.25 ],
    "faces": {
        "up":    { "uv": [ 14.75, 6.75, 14.8125, 8.25 ], "texture": "#stone_slab_top" },
        "north": { "uv": [ 1.1875, 13.0625, 1.25, 13.375 ], "texture": "#stone_slab_top" },
        "south": { "uv": [ 14.75, 13.0625, 14.8125, 13.375 ], "texture": "#stone_slab_top" },
        "east":  { "uv": [ 7.75, 13.0625, 9.25, 13.375 ], "texture": "#stone_slab_top" }
    }
},
{
    "from": [ 14.875, 2, 6.75 ],
    "to": [ 14.9375, 2.3125, 8.25 ],
    "faces": {
        "up":    { "uv": [ 14.875, 6.75, 14.9375, 8.25 ], "texture": "#stone_slab_top" },
        "north": { "uv": [ 1.0625, 13.6875, 1.125, 14 ], "texture": "#stone_slab_top" },
        "south": { "uv": [ 14.875, 13.6875, 14.9375, 14 ], "texture": "#stone_slab_top" },
        "east":  { "uv": [ 7.75, 13.6875, 9.25, 14 ], "texture": "#stone_slab_top" }
    }
},
{
    "from": [ 15, 1.375, 6.75 ],
    "to": [ 15.0625, 1.6875, 8.25 ],
    "faces": {
        "up":    { "uv": [ 15, 6.75, 15.0625, 8.25 ], "texture": "#stone_slab_top" },
        "north": { "uv": [ 0.9375, 14.3125, 1, 14.625 ], "texture": "#stone_slab_top" },
        "south": { "uv": [ 15, 14.3125, 15.0625, 14.625 ], "texture": "#stone_slab_top" },
        "east":  { "uv": [ 7.75, 14.3125, 9.25, 14.625 ], "texture": "#stone_slab_top" }
    }
},
{
    "from": [ 10.9375, 1.6875, 6.75 ],
    "to": [ 11, 2, 8.25 ],
    "faces": {
        "down":  { "uv": [ 5.0625, 8.25, 5, 6.75 ], "texture": "#stone_slab_top" },
        "north": { "uv": [ 5, 14, 5.0625, 14.3125 ], "texture": "#stone_slab_top" },
        "south": { "uv": [ 10.9375, 14, 11, 14.3125 ], "texture": "#stone_slab_top" },
        "west":  { "uv": [ 6.75, 14, 8.25, 14.3125 ], "texture": "#stone_slab_top" }
    }
},
{
    "from": [ 10.8125, 2.3125, 6.75 ],
    "to": [ 10.875, 2.625, 8.25 ],
    "faces": {
        "down":  { "uv": [ 5.1875, 8.25, 5.125, 6.75 ], "texture": "#stone_slab_top" },
        "north": { "uv": [ 5.125, 13.375, 5.1875, 13.6875 ], "texture": "#stone_slab_top" },
        "south": { "uv": [ 10.8125, 13.375, 10.875, 13.6875 ], "texture": "#stone_slab_top" },
        "west":  { "uv": [ 6.75, 13.375, 8.25, 13.6875 ], "texture": "#stone_slab_top" }
    }
},
{
    "from": [ 10.6875, 2.9375, 6.75 ],
    "to": [ 10.75, 3.25, 8.25 ],
    "faces": {
        "down":  { "uv": [ 5.3125, 8.25, 5.25, 6.75 ], "texture": "#stone_slab_top" },
        "north": { "uv": [ 5.25, 12.75, 5.3125, 13.0625 ], "texture": "#stone_slab_top" },
        "south": { "uv": [ 10.6875, 12.75, 10.75, 13.0625 ], "texture": "#stone_slab_top" },
        "west":  { "uv": [ 6.75, 12.75, 8.25, 13.0625 ], "texture": "#stone_slab_top" }
    }
},
{
    "from": [ 10.5625, 3.5625, 6.75 ],
    "to": [ 10.625, 3.875, 8.25 ],
    "faces": {
        "down":  { "uv": [ 5.4375, 8.25, 5.375, 6.75 ], "texture": "#stone_slab_top" },
        "north": { "uv": [ 5.375, 12.125, 5.4375, 12.4375 ], "texture": "#stone_slab_top" },
        "south": { "uv": [ 10.5625, 12.125, 10.625, 12.4375 ], "texture": "#stone_slab_top" },
        "west":  { "uv": [ 6.75, 12.125, 8.25, 12.4375 ], "texture": "#stone_slab_top" }
    }
},
{
    "from": [ 11.3438, 0.84375, 6.73438 ],
    "to": [ 14.0313, 7.96875, 8.26563 ],
    "faces": {
        "down":  { "uv": [ 4.65625, 8.26563, 1.96875, 6.73438 ], "texture": "#anvil_base" },
        "up":    { "uv": [ 11.3438, 6.73438, 14.0313, 8.26563 ], "texture": "#anvil_base" },
        "north": { "uv": [ 1.96875, 8.03125, 4.65625, 15.1563 ], "texture": "#anvil_base" },
        "south": { "uv": [ 11.3438, 8.03125, 14.0313, 15.1563 ], "texture": "#anvil_base" },
        "west":  { "uv": [ 6.73438, 8.03125, 8.26563, 15.1563 ], "texture": "#anvil_base" },
        "east":  { "uv": [ 7.73438, 8.03125, 9.26563, 15.1563 ], "texture": "#anvil_base" }
    }
},
{
    "from": [ 10.5, 4.625, 6.73438 ],
    "to": [ 11.3438, 7.5625, 8.26563 ],
    "faces": {
        "down":  { "uv": [ 5.5, 8.26563, 4.65625, 6.73438 ], "texture": "#anvil_base" },
        "up":    { "uv": [ 10.5, 6.73438, 11.3438, 8.26563 ], "texture": "#anvil_base" },
        "north": { "uv": [ 4.65625, 8.4375, 5.5, 11.375 ], "texture": "#anvil_base" },
        "south": { "uv": [ 10.5, 8.4375, 11.3438, 11.375 ], "texture": "#anvil_base" },
        "west":  { "uv": [ 6.73438, 8.4375, 8.26563, 11.375 ], "texture": "#anvil_base" },
        "east":  { "uv": [ 7.73438, 8.4375, 9.26563, 11.375 ], "texture": "#anvil_base" }
    }
},
{
    "from": [ 10.75, 3.375, 6.73438 ],
    "to": [ 11.3438, 4.625, 8.26563 ],
    "faces": {
        "down":  { "uv": [ 5.25, 8.26563, 4.65625, 6.73438 ], "texture": "#anvil_base" },
        "up":    { "uv": [ 10.75, 6.73438, 11.3438, 8.26563 ], "texture": "#anvil_base" },
        "north": { "uv": [ 4.65625, 11.375, 5.25, 12.625 ], "texture": "#anvil_base" },
        "south": { "uv": [ 10.75, 11.375, 11.3438, 12.625 ], "texture": "#anvil_base" },
        "west":  { "uv": [ 6.73438, 11.375, 8.26563, 12.625 ], "texture": "#anvil_base" },
        "east":  { "uv": [ 7.73438, 11.375, 9.26563, 12.625 ], "texture": "#anvil_base" }
    }
},
{
    "from": [ 10.9375, 2.4375, 6.73438 ],
    "to": [ 11.3438, 3.40625, 8.26563 ],
    "faces": {
        "down":  { "uv": [ 5.0625, 8.26563, 4.65625, 6.73438 ], "texture": "#anvil_base" },
        "up":    { "uv": [ 10.9375, 6.73438, 11.3438, 8.26563 ], "texture": "#anvil_base" },
        "north": { "uv": [ 4.65625, 12.5938, 5.0625, 13.5625 ], "texture": "#anvil_base" },
        "south": { "uv": [ 10.9375, 12.5938, 11.3438, 13.5625 ], "texture": "#anvil_base" },
        "west":  { "uv": [ 6.73438, 12.5938, 8.26563, 13.5625 ], "texture": "#anvil_base" },
        "east":  { "uv": [ 7.73438, 12.5938, 9.26563, 13.5625 ], "texture": "#anvil_base" }
    }
},
{
    "from": [ 14.0313, 0.84375, 6.73438 ],
    "to": [ 14.6875, 3.1875, 8.26563 ],
    "faces": {
        "down":  { "uv": [ 1.96875, 8.26563, 1.3125, 6.73438 ], "texture": "#anvil_base" },
        "up":    { "uv": [ 14.0313, 6.73438, 14.6875, 8.26563 ], "texture": "#anvil_base" },
        "north": { "uv": [ 1.3125, 12.8125, 1.96875, 15.1563 ], "texture": "#anvil_base" },
        "south": { "uv": [ 14.0313, 12.8125, 14.6875, 15.1563 ], "texture": "#anvil_base" },
        "west":  { "uv": [ 6.73438, 12.8125, 8.26563, 15.1563 ], "texture": "#anvil_base" },
        "east":  { "uv": [ 7.73438, 12.8125, 9.26563, 15.1563 ], "texture": "#anvil_base" }
    }
},
{
    "from": [ 14.6875, 0.84375, 6.73438 ],
    "to": [ 14.9375, 1.9375, 8.26563 ],
    "faces": {
        "down":  { "uv": [ 1.3125, 8.26563, 1.0625, 6.73438 ], "texture": "#anvil_base" },
        "up":    { "uv": [ 14.6875, 6.73438, 14.9375, 8.26563 ], "texture": "#anvil_base" },
        "north": { "uv": [ 1.0625, 14.0625, 1.3125, 15.1563 ], "texture": "#anvil_base" },
        "south": { "uv": [ 14.6875, 14.0625, 14.9375, 15.1563 ], "texture": "#anvil_base" },
        "west":  { "uv": [ 6.73438, 14.0625, 8.26563, 15.1563 ], "texture": "#anvil_base" },
        "east":  { "uv": [ 7.73438, 14.0625, 9.26563, 15.1563 ], "texture": "#anvil_base" }
    }
},
{
    "from": [ 14.6875, 1.9375, 6.73438 ],
    "to": [ 14.8125, 2.5625, 8.26563 ],
    "faces": {
        "down":  { "uv": [ 1.3125, 8.26563, 1.1875, 6.73438 ], "texture": "#anvil_base" },
        "up":    { "uv": [ 14.6875, 6.73438, 14.8125, 8.26563 ], "texture": "#anvil_base" },
        "north": { "uv": [ 1.1875, 13.4375, 1.3125, 14.0625 ], "texture": "#anvil_base" },
        "south": { "uv": [ 14.6875, 13.4375, 14.8125, 14.0625 ], "texture": "#anvil_base" },
        "west":  { "uv": [ 6.73438, 13.4375, 8.26563, 14.0625 ], "texture": "#anvil_base" },
        "east":  { "uv": [ 7.73438, 13.4375, 9.26563, 14.0625 ], "texture": "#anvil_base" }
    }
},
{
    "from": [ 14.6875, 2.5625, 6.73438 ],
    "to": [ 14.75, 2.84375, 8.26563 ],
    "faces": {
        "down":  { "uv": [ 1.3125, 8.26563, 1.25, 6.73438 ], "texture": "#anvil_base" },
        "up":    { "uv": [ 14.6875, 6.73438, 14.75, 8.26563 ], "texture": "#anvil_base" },
        "north": { "uv": [ 1.25, 13.1563, 1.3125, 13.4375 ], "texture": "#anvil_base" },
        "south": { "uv": [ 14.6875, 13.1563, 14.75, 13.4375 ], "texture": "#anvil_base" },
        "west":  { "uv": [ 6.73438, 13.1563, 8.26563, 13.4375 ], "texture": "#anvil_base" },
        "east":  { "uv": [ 7.73438, 13.1563, 9.26563, 13.4375 ], "texture": "#anvil_base" }
    }
},
{
    "from": [ 14.8125, 1.9375, 6.73438 ],
    "to": [ 14.875, 2.21875, 8.26563 ],
    "faces": {
        "down":  { "uv": [ 1.1875, 8.26563, 1.125, 6.73438 ], "texture": "#anvil_base" },
        "up":    { "uv": [ 14.8125, 6.73438, 14.875, 8.26563 ], "texture": "#anvil_base" },
        "north": { "uv": [ 1.125, 13.7813, 1.1875, 14.0625 ], "texture": "#anvil_base" },
        "south": { "uv": [ 14.8125, 13.7813, 14.875, 14.0625 ], "texture": "#anvil_base" },
        "west":  { "uv": [ 6.73438, 13.7813, 8.26563, 14.0625 ], "texture": "#anvil_base" },
        "east":  { "uv": [ 7.73438, 13.7813, 9.26563, 14.0625 ], "texture": "#anvil_base" }
    }
},
{
    "from": [ 14.0313, 3.1875, 6.73438 ],
    "to": [ 14.3125, 5.0625, 8.26563 ],
    "faces": {
        "down":  { "uv": [ 1.96875, 8.26563, 1.6875, 6.73438 ], "texture": "#anvil_base" },
        "up":    { "uv": [ 14.0313, 6.73438, 14.3125, 8.26563 ], "texture": "#anvil_base" },
        "north": { "uv": [ 1.6875, 10.9375, 1.96875, 12.8125 ], "texture": "#anvil_base" },
        "south": { "uv": [ 14.0313, 10.9375, 14.3125, 12.8125 ], "texture": "#anvil_base" },
        "west":  { "uv": [ 6.73438, 10.9375, 8.26563, 12.8125 ], "texture": "#anvil_base" },
        "east":  { "uv": [ 7.73438, 10.9375, 9.26563, 12.8125 ], "texture": "#anvil_base" }
    }
},
{
    "from": [ 14.3125, 3.1875, 6.73438 ],
    "to": [ 14.4375, 4.4375, 8.26563 ],
    "faces": {
        "down":  { "uv": [ 1.6875, 8.26563, 1.5625, 6.73438 ], "texture": "#anvil_base" },
        "up":    { "uv": [ 14.3125, 6.73438, 14.4375, 8.26563 ], "texture": "#anvil_base" },
        "north": { "uv": [ 1.5625, 11.5625, 1.6875, 12.8125 ], "texture": "#anvil_base" },
        "south": { "uv": [ 14.3125, 11.5625, 14.4375, 12.8125 ], "texture": "#anvil_base" },
        "west":  { "uv": [ 6.73438, 11.5625, 8.26563, 12.8125 ], "texture": "#anvil_base" },
        "east":  { "uv": [ 7.73438, 11.5625, 9.26563, 12.8125 ], "texture": "#anvil_base" }
    }
},
{
    "from": [ 14.4375, 3.1875, 6.73438 ],
    "to": [ 14.5625, 3.8125, 8.26563 ],
    "faces": {
        "down":  { "uv": [ 1.5625, 8.26563, 1.4375, 6.73438 ], "texture": "#anvil_base" },
        "up":    { "uv": [ 14.4375, 6.73438, 14.5625, 8.26563 ], "texture": "#anvil_base" },
        "north": { "uv": [ 1.4375, 12.1875, 1.5625, 12.8125 ], "texture": "#anvil_base" },
        "south": { "uv": [ 14.4375, 12.1875, 14.5625, 12.8125 ], "texture": "#anvil_base" },
        "west":  { "uv": [ 6.73438, 12.1875, 8.26563, 12.8125 ], "texture": "#anvil_base" },
        "east":  { "uv": [ 7.73438, 12.1875, 9.26563, 12.8125 ], "texture": "#anvil_base" }
    }
},
{
    "from": [ 14.5625, 3.1875, 6.73438 ],
    "to": [ 14.625, 3.46875, 8.26563 ],
    "faces": {
        "down":  { "uv": [ 1.4375, 8.26563, 1.375, 6.73438 ], "texture": "#anvil_base" },
        "up":    { "uv": [ 14.5625, 6.73438, 14.625, 8.26563 ], "texture": "#anvil_base" },
        "north": { "uv": [ 1.375, 12.5313, 1.4375, 12.8125 ], "texture": "#anvil_base" },
        "south": { "uv": [ 14.5625, 12.5313, 14.625, 12.8125 ], "texture": "#anvil_base" },
        "west":  { "uv": [ 6.73438, 12.5313, 8.26563, 12.8125 ], "texture": "#anvil_base" },
        "east":  { "uv": [ 7.73438, 12.5313, 9.26563, 12.8125 ], "texture": "#anvil_base" }
    }
},
{
    "from": [ 14.4375, 3.8125, 6.73438 ],
    "to": [ 14.5, 4.09375, 8.26563 ],
    "faces": {
        "down":  { "uv": [ 1.5625, 8.26563, 1.5, 6.73438 ], "texture": "#anvil_base" },
        "up":    { "uv": [ 14.4375, 6.73438, 14.5, 8.26563 ], "texture": "#anvil_base" },
        "north": { "uv": [ 1.5, 11.9063, 1.5625, 12.1875 ], "texture": "#anvil_base" },
        "south": { "uv": [ 14.4375, 11.9063, 14.5, 12.1875 ], "texture": "#anvil_base" },
        "west":  { "uv": [ 6.73438, 11.9063, 8.26563, 12.1875 ], "texture": "#anvil_base" },
        "east":  { "uv": [ 7.73438, 11.9063, 9.26563, 12.1875 ], "texture": "#anvil_base" }
    }
},
{
    "from": [ 14.3125, 4.4375, 6.73438 ],
    "to": [ 14.375, 4.75, 8.26563 ],
    "faces": {
        "down":  { "uv": [ 1.6875, 8.26563, 1.625, 6.73438 ], "texture": "#anvil_base" },
        "up":    { "uv": [ 14.3125, 6.73438, 14.375, 8.26563 ], "texture": "#anvil_base" },
        "north": { "uv": [ 1.625, 11.25, 1.6875, 11.5625 ], "texture": "#anvil_base" },
        "south": { "uv": [ 14.3125, 11.25, 14.375, 11.5625 ], "texture": "#anvil_base" },
        "west":  { "uv": [ 6.73438, 11.25, 8.26563, 11.5625 ], "texture": "#anvil_base" },
        "east":  { "uv": [ 7.73438, 11.25, 9.26563, 11.5625 ], "texture": "#anvil_base" }
    }
},
{
    "from": [ 14.0313, 5.0625, 6.73438 ],
    "to": [ 14.1875, 5.6875, 8.26563 ],
    "faces": {
        "down":  { "uv": [ 1.96875, 8.26563, 1.8125, 6.73438 ], "texture": "#anvil_base" },
        "up":    { "uv": [ 14.0313, 6.73438, 14.1875, 8.26563 ], "texture": "#anvil_base" },
        "north": { "uv": [ 1.8125, 10.3125, 1.96875, 10.9375 ], "texture": "#anvil_base" },
        "south": { "uv": [ 14.0313, 10.3125, 14.1875, 10.9375 ], "texture": "#anvil_base" },
        "west":  { "uv": [ 6.73438, 10.3125, 8.26563, 10.9375 ], "texture": "#anvil_base" },
        "east":  { "uv": [ 7.73438, 10.3125, 9.26563, 10.9375 ], "texture": "#anvil_base" }
    }
},
{
    "from": [ 14.1875, 5.0625, 6.73438 ],
    "to": [ 14.25, 5.375, 8.26563 ],
    "faces": {
        "down":  { "uv": [ 1.8125, 8.26563, 1.75, 6.73438 ], "texture": "#anvil_base" },
        "up":    { "uv": [ 14.1875, 6.73438, 14.25, 8.26563 ], "texture": "#anvil_base" },
        "north": { "uv": [ 1.75, 10.625, 1.8125, 10.9375 ], "texture": "#anvil_base" },
        "south": { "uv": [ 14.1875, 10.625, 14.25, 10.9375 ], "texture": "#anvil_base" },
        "west":  { "uv": [ 6.73438, 10.625, 8.26563, 10.9375 ], "texture": "#anvil_base" },
        "east":  { "uv": [ 7.73438, 10.625, 9.26563, 10.9375 ], "texture": "#anvil_base" }
    }
},
{
    "from": [ 14.0313, 5.6875, 6.73438 ],
    "to": [ 14.125, 6, 8.26563 ],
    "faces": {
        "down":  { "uv": [ 1.96875, 8.26563, 1.875, 6.73438 ], "texture": "#anvil_base" },
        "up":    { "uv": [ 14.0313, 6.73438, 14.125, 8.26563 ], "texture": "#anvil_base" },
        "north": { "uv": [ 1.875, 10, 1.96875, 10.3125 ], "texture": "#anvil_base" },
        "south": { "uv": [ 14.0313, 10, 14.125, 10.3125 ], "texture": "#anvil_base" },
        "west":  { "uv": [ 6.73438, 10, 8.26563, 10.3125 ], "texture": "#anvil_base" },
        "east":  { "uv": [ 7.73438, 10, 9.26563, 10.3125 ], "texture": "#anvil_base" }
    }
},
{
    "from": [ 11.125, 1.5, 6.73438 ],
    "to": [ 11.3438, 2.4375, 8.26563 ],
    "faces": {
        "down":  { "uv": [ 4.875, 8.26563, 4.65625, 6.73438 ], "texture": "#anvil_base" },
        "up":    { "uv": [ 11.125, 6.73438, 11.3438, 8.26563 ], "texture": "#anvil_base" },
        "north": { "uv": [ 4.65625, 13.5625, 4.875, 14.5 ], "texture": "#anvil_base" },
        "south": { "uv": [ 11.125, 13.5625, 11.3438, 14.5 ], "texture": "#anvil_base" },
        "west":  { "uv": [ 6.73438, 13.5625, 8.26563, 14.5 ], "texture": "#anvil_base" },
        "east":  { "uv": [ 7.73438, 13.5625, 9.26563, 14.5 ], "texture": "#anvil_base" }
    }
},
{
    "from": [ 11.25, 0.90625, 6.73438 ],
    "to": [ 11.3438, 1.5, 8.26563 ],
    "faces": {
        "down":  { "uv": [ 4.75, 8.26563, 4.65625, 6.73438 ], "texture": "#anvil_base" },
        "up":    { "uv": [ 11.25, 6.73438, 11.3438, 8.26563 ], "texture": "#anvil_base" },
        "north": { "uv": [ 4.65625, 14.5, 4.75, 15.0938 ], "texture": "#anvil_base" },
        "south": { "uv": [ 11.25, 14.5, 11.3438, 15.0938 ], "texture": "#anvil_base" },
        "west":  { "uv": [ 6.73438, 14.5, 8.26563, 15.0938 ], "texture": "#anvil_base" },
        "east":  { "uv": [ 7.73438, 14.5, 9.26563, 15.0938 ], "texture": "#anvil_base" }
    }
},
{
    "from": [ 10.125, 6.5, 6.73438 ],
    "to": [ 10.5, 7.5625, 8.26563 ],
    "faces": {
        "down":  { "uv": [ 5.875, 8.26563, 5.5, 6.73438 ], "texture": "#anvil_base" },
        "up":    { "uv": [ 10.125, 6.73438, 10.5, 8.26563 ], "texture": "#anvil_base" },
        "north": { "uv": [ 5.5, 8.4375, 5.875, 9.5 ], "texture": "#anvil_base" },
        "south": { "uv": [ 10.125, 8.4375, 10.5, 9.5 ], "texture": "#anvil_base" },
        "west":  { "uv": [ 6.73438, 8.4375, 8.26563, 9.5 ], "texture": "#anvil_base" },
        "east":  { "uv": [ 7.73438, 8.4375, 9.26563, 9.5 ], "texture": "#anvil_base" }
    }
},
{
    "from": [ 10.25, 5.875, 6.73438 ],
    "to": [ 10.5, 6.5, 8.26563 ],
    "faces": {
        "down":  { "uv": [ 5.75, 8.26563, 5.5, 6.73438 ], "texture": "#anvil_base" },
        "up":    { "uv": [ 10.25, 6.73438, 10.5, 8.26563 ], "texture": "#anvil_base" },
        "north": { "uv": [ 5.5, 9.5, 5.75, 10.125 ], "texture": "#anvil_base" },
        "south": { "uv": [ 10.25, 9.5, 10.5, 10.125 ], "texture": "#anvil_base" },
        "west":  { "uv": [ 6.73438, 9.5, 8.26563, 10.125 ], "texture": "#anvil_base" },
        "east":  { "uv": [ 7.73438, 9.5, 9.26563, 10.125 ], "texture": "#anvil_base" }
    }
},
{
    "from": [ 10.375, 5.25, 6.73438 ],
    "to": [ 10.5, 5.875, 8.26563 ],
    "faces": {
        "down":  { "uv": [ 5.625, 8.26563, 5.5, 6.73438 ], "texture": "#anvil_base" },
        "up":    { "uv": [ 10.375, 6.73438, 10.5, 8.26563 ], "texture": "#anvil_base" },
        "north": { "uv": [ 5.5, 10.125, 5.625, 10.75 ], "texture": "#anvil_base" },
        "south": { "uv": [ 10.375, 10.125, 10.5, 10.75 ], "texture": "#anvil_base" },
        "west":  { "uv": [ 6.73438, 10.125, 8.26563, 10.75 ], "texture": "#anvil_base" },
        "east":  { "uv": [ 7.73438, 10.125, 9.26563, 10.75 ], "texture": "#anvil_base" }
    }
},
{
    "from": [ 10.625, 4, 6.73438 ],
    "to": [ 10.75, 4.625, 8.26563 ],
    "faces": {
        "down":  { "uv": [ 5.375, 8.26563, 5.25, 6.73438 ], "texture": "#anvil_base" },
        "up":    { "uv": [ 10.625, 6.73438, 10.75, 8.26563 ], "texture": "#anvil_base" },
        "north": { "uv": [ 5.25, 11.375, 5.375, 12 ], "texture": "#anvil_base" },
        "south": { "uv": [ 10.625, 11.375, 10.75, 12 ], "texture": "#anvil_base" },
        "west":  { "uv": [ 6.73438, 11.375, 8.26563, 12 ], "texture": "#anvil_base" },
        "east":  { "uv": [ 7.73438, 11.375, 9.26563, 12 ], "texture": "#anvil_base" }
    }
},
{
    "from": [ 10.8125, 3.09375, 6.73438 ],
    "to": [ 10.9375, 3.40625, 8.26563 ],
    "faces": {
        "down":  { "uv": [ 5.1875, 8.26563, 5.0625, 6.73438 ], "texture": "#anvil_base" },
        "up":    { "uv": [ 10.8125, 6.73438, 10.9375, 8.26563 ], "texture": "#anvil_base" },
        "north": { "uv": [ 5.0625, 12.5938, 5.1875, 12.9063 ], "texture": "#anvil_base" },
        "south": { "uv": [ 10.8125, 12.5938, 10.9375, 12.9063 ], "texture": "#anvil_base" },
        "west":  { "uv": [ 6.73438, 12.5938, 8.26563, 12.9063 ], "texture": "#anvil_base" },
        "east":  { "uv": [ 7.73438, 12.5938, 9.26563, 12.9063 ], "texture": "#anvil_base" }
    }
},
{
    "from": [ 11, 2.125, 6.73438 ],
    "to": [ 11.125, 2.4375, 8.26563 ],
    "faces": {
        "down":  { "uv": [ 5, 8.26563, 4.875, 6.73438 ], "texture": "#anvil_base" },
        "up":    { "uv": [ 11, 6.73438, 11.125, 8.26563 ], "texture": "#anvil_base" },
        "north": { "uv": [ 4.875, 13.5625, 5, 13.875 ], "texture": "#anvil_base" },
        "south": { "uv": [ 11, 13.5625, 11.125, 13.875 ], "texture": "#anvil_base" },
        "west":  { "uv": [ 6.73438, 13.5625, 8.26563, 13.875 ], "texture": "#anvil_base" },
        "east":  { "uv": [ 7.73438, 13.5625, 9.26563, 13.875 ], "texture": "#anvil_base" }
    }
},
{
    "from": [ 10.875, 2.75, 6.73438 ],
    "to": [ 10.9375, 3.09375, 8.26563 ],
    "faces": {
        "down":  { "uv": [ 5.125, 8.26563, 5.0625, 6.73438 ], "texture": "#anvil_base" },
        "up":    { "uv": [ 10.875, 6.73438, 10.9375, 8.26563 ], "texture": "#anvil_base" },
        "north": { "uv": [ 5.0625, 12.9063, 5.125, 13.25 ], "texture": "#anvil_base" },
        "south": { "uv": [ 10.875, 12.9063, 10.9375, 13.25 ], "texture": "#anvil_base" },
        "west":  { "uv": [ 6.73438, 12.9063, 8.26563, 13.25 ], "texture": "#anvil_base" },
        "east":  { "uv": [ 7.73438, 12.9063, 9.26563, 13.25 ], "texture": "#anvil_base" }
    }
},
{
    "from": [ 11.0625, 1.78125, 6.73438 ],
    "to": [ 11.125, 2.125, 8.26563 ],
    "faces": {
        "down":  { "uv": [ 4.9375, 8.26563, 4.875, 6.73438 ], "texture": "#anvil_base" },
        "up":    { "uv": [ 11.0625, 6.73438, 11.125, 8.26563 ], "texture": "#anvil_base" },
        "north": { "uv": [ 4.875, 13.875, 4.9375, 14.2188 ], "texture": "#anvil_base" },
        "south": { "uv": [ 11.0625, 13.875, 11.125, 14.2188 ], "texture": "#anvil_base" },
        "west":  { "uv": [ 6.73438, 13.875, 8.26563, 14.2188 ], "texture": "#anvil_base" },
        "east":  { "uv": [ 7.73438, 13.875, 9.26563, 14.2188 ], "texture": "#anvil_base" }
    }
},
{
    "from": [ 10.6875, 3.6875, 6.73438 ],
    "to": [ 10.75, 4, 8.26563 ],
    "faces": {
        "down":  { "uv": [ 5.3125, 8.26563, 5.25, 6.73438 ], "texture": "#anvil_base" },
        "up":    { "uv": [ 10.6875, 6.73438, 10.75, 8.26563 ], "texture": "#anvil_base" },
        "north": { "uv": [ 5.25, 12, 5.3125, 12.3125 ], "texture": "#anvil_base" },
        "south": { "uv": [ 10.6875, 12, 10.75, 12.3125 ], "texture": "#anvil_base" },
        "west":  { "uv": [ 6.73438, 12, 8.26563, 12.3125 ], "texture": "#anvil_base" },
        "east":  { "uv": [ 7.73438, 12, 9.26563, 12.3125 ], "texture": "#anvil_base" }
    }
},
{
    "from": [ 9.21875, 6.96875, 6.75 ],
    "to": [ 9.84375, 7.28125, 8.25 ],
    "rotation": { "origin": [ 9.21875, 7.28125, 6.75 ], "axis": "z", "angle": -22.5 },
    "faces": {
        "down":  { "uv": [ 6.78125, 8.25, 6.15625, 6.75 ], "texture": "#stone_slab_top" },
        "up":    { "uv": [ 9.21875, 6.75, 9.84375, 8.25 ], "texture": "#stone_slab_top" },
        "north": { "uv": [ 6.15625, 8.71875, 6.78125, 9.03125 ], "texture": "#stone_slab_top" },
        "south": { "uv": [ 9.21875, 8.71875, 9.84375, 9.03125 ], "texture": "#stone_slab_top" },
        "west":  { "uv": [ 6.75, 8.71875, 8.25, 9.03125 ], "texture": "#stone_slab_top" },
        "east":  { "uv": [ 7.75, 8.71875, 9.25, 9.03125 ], "texture": "#stone_slab_top" }
    }
},
{
    "from": [ 9.96875, 6.625, 6.75 ],
    "to": [ 10.5313, 7.1875, 8.25 ],
    "rotation": { "origin": [ 9.96875, 7.1875, 6.75 ], "axis": "z", "angle": -45 },
    "faces": {
        "down":  { "uv": [ 6.03125, 8.25, 5.46875, 6.75 ], "texture": "#stone_slab_top" },
        "up":    { "uv": [ 9.96875, 6.75, 10.5313, 8.25 ], "texture": "#stone_slab_top" },
        "north": { "uv": [ 5.46875, 8.8125, 6.03125, 9.375 ], "texture": "#stone_slab_top" },
        "south": { "uv": [ 9.96875, 8.8125, 10.5313, 9.375 ], "texture": "#stone_slab_top" },
        "west":  { "uv": [ 6.75, 8.8125, 8.25, 9.375 ], "texture": "#stone_slab_top" },
        "east":  { "uv": [ 7.75, 8.8125, 9.25, 9.375 ], "texture": "#stone_slab_top" }
    }
},
{
    "from": [ 9.9375, 5.875, 6.75 ],
    "to": [ 10.1875, 6.4375, 8.25 ],
    "rotation": { "origin": [ 9.9375, 6.4375, 6.75 ], "axis": "z", "angle": 22.5 },
    "faces": {
        "down":  { "uv": [ 6.0625, 8.25, 5.8125, 6.75 ], "texture": "#stone_slab_top" },
        "up":    { "uv": [ 9.9375, 6.75, 10.1875, 8.25 ], "texture": "#stone_slab_top" },
        "north": { "uv": [ 5.8125, 9.5625, 6.0625, 10.125 ], "texture": "#stone_slab_top" },
        "south": { "uv": [ 9.9375, 9.5625, 10.1875, 10.125 ], "texture": "#stone_slab_top" },
        "west":  { "uv": [ 6.75, 9.5625, 8.25, 10.125 ], "texture": "#stone_slab_top" },
        "east":  { "uv": [ 7.75, 9.5625, 9.25, 10.125 ], "texture": "#stone_slab_top" }
    }
},
{
    "from": [ 10.3125, 4.8125, 6.75 ],
    "to": [ 10.375, 5.125, 8.25 ],
    "faces": {
        "down":  { "uv": [ 5.6875, 8.25, 5.625, 6.75 ], "texture": "#stone_slab_top" },
        "north": { "uv": [ 5.625, 10.875, 5.6875, 11.1875 ], "texture": "#stone_slab_top" },
        "south": { "uv": [ 10.3125, 10.875, 10.375, 11.1875 ], "texture": "#stone_slab_top" },
        "west":  { "uv": [ 6.75, 10.875, 8.25, 11.1875 ], "texture": "#stone_slab_top" }
    }
},
{
    "from": [ 10.1875, 5.4375, 6.75 ],
    "to": [ 10.25, 5.75, 8.25 ],
    "faces": {
        "down":  { "uv": [ 5.8125, 8.25, 5.75, 6.75 ], "texture": "#stone_slab_top" },
        "north": { "uv": [ 5.75, 10.25, 5.8125, 10.5625 ], "texture": "#stone_slab_top" },
        "south": { "uv": [ 10.1875, 10.25, 10.25, 10.5625 ], "texture": "#stone_slab_top" },
        "west":  { "uv": [ 6.75, 10.25, 8.25, 10.5625 ], "texture": "#stone_slab_top" }
    }
},
{
    "from": [ 7.59375, 4.07813, 7 ],
    "to": [ 9.65625, 4.35938, 8 ],
    "faces": {
        "down":  { "uv": [ 8.40625, 8, 6.34375, 7 ], "texture": "#stone_slab_top" },
        "up":    { "uv": [ 7.59375, 7, 9.65625, 8 ], "texture": "#stone_slab_top" },
        "north": { "uv": [ 6.34375, 11.6406, 8.40625, 11.9219 ], "texture": "#stone_slab_top" },
        "south": { "uv": [ 7.59375, 11.6406, 9.65625, 11.9219 ], "texture": "#stone_slab_top" },
        "west":  { "uv": [ 7, 11.6406, 8, 11.9219 ], "texture": "#stone_slab_top" },
        "east":  { "uv": [ 8, 11.6406, 9, 11.9219 ], "texture": "#stone_slab_top" }
    }
},
{
    "from": [ 6.5, 4.25, 7 ],
    "to": [ 6.78125, 7, 8 ],
    "faces": {
        "down":  { "uv": [ 9.5, 8, 9.21875, 7 ], "texture": "#stone_slab_top" },
        "up":    { "uv": [ 6.5, 7, 6.78125, 8 ], "texture": "#stone_slab_top" },
        "north": { "uv": [ 9.21875, 9, 9.5, 11.75 ], "texture": "#stone_slab_top" },
        "south": { "uv": [ 6.5, 9, 6.78125, 11.75 ], "texture": "#stone_slab_top" },
        "west":  { "uv": [ 7, 9, 8, 11.75 ], "texture": "#stone_slab_top" },
        "east":  { "uv": [ 8, 9, 9, 11.75 ], "texture": "#stone_slab_top" }
    }
},
{
    "from": [ 7.51563, 7, 7.71063 ],
    "to": [ 8.17188, 8, 8.02313 ],
    "rotation": { "origin": [ 7.51563, 7, 7.71063 ], "axis": "y", "angle": -22.5 },
    "faces": {
        "down":  { "uv": [ 8.48438, 8.02313, 7.82813, 7.71063 ], "texture": "#stone_slab_top" },
        "north": { "uv": [ 7.82813, 8, 8.48438, 9 ], "texture": "#stone_slab_top" },
        "south": { "uv": [ 7.51563, 8, 8.17188, 9 ], "texture": "#stone_slab_top" },
        "west":  { "uv": [ 7.71063, 8, 8.02313, 9 ], "texture": "#stone_slab_top" },
        "east":  { "uv": [ 7.97687, 8, 8.28937, 9 ], "texture": "#stone_slab_top" }
    }
},
{
    "from": [ 7.39875, 7, 7 ],
    "to": [ 8.055, 8, 7.28125 ],
    "rotation": { "origin": [ 7.39875, 7, 7 ], "axis": "y", "angle": 22.5 },
    "faces": {
        "down":  { "uv": [ 8.60125, 7.28125, 7.945, 7 ], "texture": "#stone_slab_top" },
        "north": { "uv": [ 7.945, 8, 8.60125, 9 ], "texture": "#stone_slab_top" },
        "south": { "uv": [ 7.39875, 8, 8.055, 9 ], "texture": "#stone_slab_top" },
        "west":  { "uv": [ 7, 8, 7.28125, 9 ], "texture": "#stone_slab_top" },
        "east":  { "uv": [ 8.71875, 8, 9, 9 ], "texture": "#stone_slab_top" }
    }
},
{
    "from": [ 10, 4.25, 7 ],
    "to": [ 10.4688, 4.53125, 8 ],
    "rotation": { "origin": [ 10, 4.53125, 7 ], "axis": "z", "angle": 45 },
    "faces": {
        "down":  { "uv": [ 6, 8, 5.53125, 7 ], "texture": "#stone_slab_top" },
        "up":    { "uv": [ 10, 7, 10.4688, 8 ], "texture": "#stone_slab_top" },
        "north": { "uv": [ 5.53125, 11.4688, 6, 11.75 ], "texture": "#stone_slab_top" },
        "south": { "uv": [ 10, 11.4688, 10.4688, 11.75 ], "texture": "#stone_slab_top" },
        "west":  { "uv": [ 7, 11.4688, 8, 11.75 ], "texture": "#stone_slab_top" },
        "east":  { "uv": [ 8, 11.4688, 9, 11.75 ], "texture": "#stone_slab_top" }
    }
},
{
    "from": [ 9.53125, 4.0625, 7 ],
    "to": [ 10.125, 4.34375, 8 ],
    "rotation": { "origin": [ 9.53125, 4.34375, 7 ], "axis": "z", "angle": 22.5 },
    "faces": {
        "down":  { "uv": [ 6.46875, 8, 5.875, 7 ], "texture": "#stone_slab_top" },
        "up":    { "uv": [ 9.53125, 7, 10.125, 8 ], "texture": "#stone_slab_top" },
        "north": { "uv": [ 5.875, 11.6563, 6.46875, 11.9375 ], "texture": "#stone_slab_top" },
        "south": { "uv": [ 9.53125, 11.6563, 10.125, 11.9375 ], "texture": "#stone_slab_top" },
        "west":  { "uv": [ 7, 11.6563, 8, 11.9375 ], "texture": "#stone_slab_top" },
        "east":  { "uv": [ 8, 11.6563, 9, 11.9375 ], "texture": "#stone_slab_top" }
    }
},
{
    "from": [ 10.1563, 4.25, 7 ],
    "to": [ 10.7813, 4.65625, 8 ],
    "rotation": { "origin": [ 10.1563, 4.65625, 7 ], "axis": "z", "angle": -22.5 },
    "faces": {
        "down":  { "uv": [ 5.84375, 8, 5.21875, 7 ], "texture": "#stone_slab_top" },
        "up":    { "uv": [ 10.1563, 7, 10.7813, 8 ], "texture": "#stone_slab_top" },
        "north": { "uv": [ 5.21875, 11.3438, 5.84375, 11.75 ], "texture": "#stone_slab_top" },
        "south": { "uv": [ 10.1563, 11.3438, 10.7813, 11.75 ], "texture": "#stone_slab_top" },
        "west":  { "uv": [ 7, 11.3438, 8, 11.75 ], "texture": "#stone_slab_top" },
        "east":  { "uv": [ 8, 11.3438, 9, 11.75 ], "texture": "#stone_slab_top" }
    }
},
{
    "from": [ 9.8125, 4.1875, 7 ],
    "to": [ 10.2813, 4.4375, 8 ],
    "faces": {
        "down":  { "uv": [ 6.1875, 8, 5.71875, 7 ], "texture": "#stone_slab_top" },
        "up":    { "uv": [ 9.8125, 7, 10.2813, 8 ], "texture": "#stone_slab_top" },
        "north": { "uv": [ 5.71875, 11.5625, 6.1875, 11.8125 ], "texture": "#stone_slab_top" },
        "south": { "uv": [ 9.8125, 11.5625, 10.2813, 11.8125 ], "texture": "#stone_slab_top" },
        "west":  { "uv": [ 7, 11.5625, 8, 11.8125 ], "texture": "#stone_slab_top" },
        "east":  { "uv": [ 8, 11.5625, 9, 11.8125 ], "texture": "#stone_slab_top" }
    }
},
{
    "from": [ 6.71875, 6.125, 7 ],
    "to": [ 7, 6.6875, 8 ],
    "rotation": { "origin": [ 6.71875, 6.6875, 7 ], "axis": "z", "angle": -22.5 },
    "faces": {
        "down":  { "uv": [ 9.28125, 8, 9, 7 ], "texture": "#stone_slab_top" },
        "up":    { "uv": [ 6.71875, 7, 7, 8 ], "texture": "#stone_slab_top" },
        "north": { "uv": [ 9, 9.3125, 9.28125, 9.875 ], "texture": "#stone_slab_top" },
        "south": { "uv": [ 6.71875, 9.3125, 7, 9.875 ], "texture": "#stone_slab_top" },
        "west":  { "uv": [ 7, 9.3125, 8, 9.875 ], "texture": "#stone_slab_top" },
        "east":  { "uv": [ 8, 9.3125, 9, 9.875 ], "texture": "#stone_slab_top" }
    }
},
{
    "from": [ 6.59375, 6.28125, 7 ],
    "to": [ 7.40625, 6.5625, 8 ],
    "rotation": { "origin": [ 6.59375, 6.5625, 7 ], "axis": "z", "angle": 45 },
    "faces": {
        "down":  { "uv": [ 9.40625, 8, 8.59375, 7 ], "texture": "#stone_slab_top" },
        "up":    { "uv": [ 6.59375, 7, 7.40625, 8 ], "texture": "#stone_slab_top" },
        "north": { "uv": [ 8.59375, 9.4375, 9.40625, 9.71875 ], "texture": "#stone_slab_top" },
        "south": { "uv": [ 6.59375, 9.4375, 7.40625, 9.71875 ], "texture": "#stone_slab_top" },
        "west":  { "uv": [ 7, 9.4375, 8, 9.71875 ], "texture": "#stone_slab_top" },
        "east":  { "uv": [ 8, 9.4375, 9, 9.71875 ], "texture": "#stone_slab_top" }
    }
},
{
    "from": [ 6.90625, 6.6875, 7 ],
    "to": [ 7.71875, 6.96875, 8 ],
    "rotation": { "origin": [ 6.90625, 6.96875, 7 ], "axis": "z", "angle": 22.5 },
    "faces": {
        "down":  { "uv": [ 9.09375, 8, 8.28125, 7 ], "texture": "#stone_slab_top" },
        "up":    { "uv": [ 6.90625, 7, 7.71875, 8 ], "texture": "#stone_slab_top" },
        "north": { "uv": [ 8.28125, 9.03125, 9.09375, 9.3125 ], "texture": "#stone_slab_top" },
        "south": { "uv": [ 6.90625, 9.03125, 7.71875, 9.3125 ], "texture": "#stone_slab_top" },
        "west":  { "uv": [ 7, 9.03125, 8, 9.3125 ], "texture": "#stone_slab_top" },
        "east":  { "uv": [ 8, 9.03125, 9, 9.3125 ], "texture": "#stone_slab_top" }
    }
},
{
    "from": [ 6.28125, 6.46875, 7 ],
    "to": [ 7, 7.03125, 8 ],
    "rotation": { "origin": [ 6.28125, 7.03125, 7 ], "axis": "z", "angle": 22.5 },
    "faces": {
        "down":  { "uv": [ 9.71875, 8, 9, 7 ], "texture": "#stone_slab_top" },
        "up":    { "uv": [ 6.28125, 7, 7, 8 ], "texture": "#stone_slab_top" },
        "north": { "uv": [ 9, 8.96875, 9.71875, 9.53125 ], "texture": "#stone_slab_top" },
        "south": { "uv": [ 6.28125, 8.96875, 7, 9.53125 ], "texture": "#stone_slab_top" },
        "west":  { "uv": [ 7, 8.96875, 8, 9.53125 ], "texture": "#stone_slab_top" },
        "east":  { "uv": [ 8, 8.96875, 9, 9.53125 ], "texture": "#stone_slab_top" }
    }
},
{
    "from": [ 6.78125, 4.25, 7 ],
    "to": [ 7.125, 4.5625, 8 ],
    "faces": {
        "down":  { "uv": [ 9.21875, 8, 8.875, 7 ], "texture": "#stone_slab_top" },
        "up":    { "uv": [ 6.78125, 7, 7.125, 8 ], "texture": "#stone_slab_top" },
        "north": { "uv": [ 8.875, 11.4375, 9.21875, 11.75 ], "texture": "#stone_slab_top" },
        "south": { "uv": [ 6.78125, 11.4375, 7.125, 11.75 ], "texture": "#stone_slab_top" },
        "west":  { "uv": [ 7, 11.4375, 8, 11.75 ], "texture": "#stone_slab_top" },
        "east":  { "uv": [ 8, 11.4375, 9, 11.75 ], "texture": "#stone_slab_top" }
    }
},
{
    "from": [ 6.59375, 4.15625, 7 ],
    "to": [ 6.84375, 4.75, 8 ],
    "rotation": { "origin": [ 6.59375, 4.75, 7 ], "axis": "z", "angle": 45 },
    "faces": {
        "down":  { "uv": [ 9.40625, 8, 9.15625, 7 ], "texture": "#stone_slab_top" },
        "up":    { "uv": [ 6.59375, 7, 6.84375, 8 ], "texture": "#stone_slab_top" },
        "north": { "uv": [ 9.15625, 11.25, 9.40625, 11.8438 ], "texture": "#stone_slab_top" },
        "south": { "uv": [ 6.59375, 11.25, 6.84375, 11.8438 ], "texture": "#stone_slab_top" },
        "west":  { "uv": [ 7, 11.25, 8, 11.8438 ], "texture": "#stone_slab_top" },
        "east":  { "uv": [ 8, 11.25, 9, 11.8438 ], "texture": "#stone_slab_top" }
    }
},
{
    "from": [ 7.09375, 4.3125, 7 ],
    "to": [ 7.65625, 4.5625, 8 ],
    "rotation": { "origin": [ 7.09375, 4.5625, 7 ], "axis": "z", "angle": -22.5 },
    "faces": {
        "down":  { "uv": [ 8.90625, 8, 8.34375, 7 ], "texture": "#stone_slab_top" },
        "up":    { "uv": [ 7.09375, 7, 7.65625, 8 ], "texture": "#stone_slab_top" },
        "north": { "uv": [ 8.34375, 11.4375, 8.90625, 11.6875 ], "texture": "#stone_slab_top" },
        "south": { "uv": [ 7.09375, 11.4375, 7.65625, 11.6875 ], "texture": "#stone_slab_top" },
        "west":  { "uv": [ 7, 11.4375, 8, 11.6875 ], "texture": "#stone_slab_top" },
        "east":  { "uv": [ 8, 11.4375, 9, 11.6875 ], "texture": "#stone_slab_top" }
    }
},
{
    "from": [ 7.15625, 4.15625, 7 ],
    "to": [ 7.71875, 4.28125, 8 ],
    "faces": {
        "down":  { "uv": [ 8.84375, 8, 8.28125, 7 ], "texture": "#stone_slab_top" },
        "up":    { "uv": [ 7.15625, 7, 7.71875, 8 ], "texture": "#stone_slab_top" },
        "north": { "uv": [ 8.28125, 11.7188, 8.84375, 11.8438 ], "texture": "#stone_slab_top" },
        "south": { "uv": [ 7.15625, 11.7188, 7.71875, 11.8438 ], "texture": "#stone_slab_top" },
        "west":  { "uv": [ 7, 11.7188, 8, 11.8438 ], "texture": "#stone_slab_top" },
        "east":  { "uv": [ 8, 11.7188, 9, 11.8438 ], "texture": "#stone_slab_top" }
    }
},
{
    "from": [ 6.40625, 4.25, 7 ],
    "to": [ 6.5, 4.40625, 8 ],
    "faces": {
        "down":  { "uv": [ 9.59375, 8, 9.5, 7 ], "texture": "#stone_slab_top" },
        "up":    { "uv": [ 6.40625, 7, 6.5, 8 ], "texture": "#stone_slab_top" },
        "north": { "uv": [ 9.5, 11.5938, 9.59375, 11.75 ], "texture": "#stone_slab_top" },
        "south": { "uv": [ 6.40625, 11.5938, 6.5, 11.75 ], "texture": "#stone_slab_top" },
        "west":  { "uv": [ 7, 11.5938, 8, 11.75 ], "texture": "#stone_slab_top" },
        "east":  { "uv": [ 8, 11.5938, 9, 11.75 ], "texture": "#stone_slab_top" }
    }
},
{
    "from": [ 6.51563, 4.38562, 7 ],
    "to": [ 6.60938, 4.66687, 8 ],
    "rotation": { "origin": [ 6.51563, 4.66687, 7 ], "axis": "z", "angle": -22.5 },
    "faces": {
        "down":  { "uv": [ 9.48438, 8, 9.39063, 7 ], "texture": "#stone_slab_top" },
        "up":    { "uv": [ 6.51563, 7, 6.60938, 8 ], "texture": "#stone_slab_top" },
        "north": { "uv": [ 9.39063, 11.3331, 9.48438, 11.6144 ], "texture": "#stone_slab_top" },
        "south": { "uv": [ 6.51563, 11.3331, 6.60938, 11.6144 ], "texture": "#stone_slab_top" },
        "west":  { "uv": [ 7, 11.3331, 8, 11.6144 ], "texture": "#stone_slab_top" },
        "east":  { "uv": [ 8, 11.3331, 9, 11.6144 ], "texture": "#stone_slab_top" }
    }
},
{
    "from": [ 6.96875, 4.25, 7 ],
    "to": [ 7.21875, 4.34375, 8 ],
    "rotation": { "origin": [ 6.96875, 4.34375, 7 ], "axis": "z", "angle": -22.5 },
    "faces": {
        "down":  { "uv": [ 9.03125, 8, 8.78125, 7 ], "texture": "#stone_slab_top" },
        "up":    { "uv": [ 6.96875, 7, 7.21875, 8 ], "texture": "#stone_slab_top" },
        "north": { "uv": [ 8.78125, 11.6563, 9.03125, 11.75 ], "texture": "#stone_slab_top" },
        "south": { "uv": [ 6.96875, 11.6563, 7.21875, 11.75 ], "texture": "#stone_slab_top" },
        "west":  { "uv": [ 7, 11.6563, 8, 11.75 ], "texture": "#stone_slab_top" },
        "east":  { "uv": [ 8, 11.6563, 9, 11.75 ], "texture": "#stone_slab_top" }
    }
},
{
    "from": [ 7.40625, 4.17188, 7 ],
    "to": [ 7.65625, 4.26563, 8 ],
    "rotation": { "origin": [ 7.40625, 4.26563, 7 ], "axis": "z", "angle": -22.5 },
    "faces": {
        "down":  { "uv": [ 8.59375, 8, 8.34375, 7 ], "texture": "#stone_slab_top" },
        "up":    { "uv": [ 7.40625, 7, 7.65625, 8 ], "texture": "#stone_slab_top" },
        "north": { "uv": [ 8.34375, 11.7344, 8.59375, 11.8281 ], "texture": "#stone_slab_top" },
        "south": { "uv": [ 7.40625, 11.7344, 7.65625, 11.8281 ], "texture": "#stone_slab_top" },
        "west":  { "uv": [ 7, 11.7344, 8, 11.8281 ], "texture": "#stone_slab_top" },
        "east":  { "uv": [ 8, 11.7344, 9, 11.8281 ], "texture": "#stone_slab_top" }
    }
},
{
    "from": [ 8.78125, 5.875, 7.1875 ],
    "to": [ 9.15625, 6.71875, 7.8125 ],
    "faces": {
        "down":  { "uv": [ 7.21875, 7.8125, 6.84375, 7.1875 ], "texture": "#light_gun_texture" },
        "up":    { "uv": [ 8.78125, 7.1875, 9.15625, 7.8125 ], "texture": "#light_gun_texture" },
        "north": { "uv": [ 6.84375, 9.28125, 7.21875, 10.125 ], "texture": "#light_gun_texture" },
        "south": { "uv": [ 8.78125, 9.28125, 9.15625, 10.125 ], "texture": "#light_gun_texture" },
        "west":  { "uv": [ 7.1875, 9.28125, 7.8125, 10.125 ], "texture": "#light_gun_texture" },
        "east":  { "uv": [ 8.1875, 9.28125, 8.8125, 10.125 ], "texture": "#light_gun_texture" }
    }
},
{
    "from": [ 8.8125, 5.34375, 7.1875 ],
    "to": [ 9.1875, 6.1875, 7.8125 ],
    "rotation": { "origin": [ 8.8125, 6.1875, 7.1875 ], "axis": "z", "angle": -22.5 },
    "faces": {
        "down":  { "uv": [ 7.1875, 7.8125, 6.8125, 7.1875 ], "texture": "#light_gun_texture" },
        "up":    { "uv": [ 8.8125, 7.1875, 9.1875, 7.8125 ], "texture": "#light_gun_texture" },
        "north": { "uv": [ 6.8125, 9.8125, 7.1875, 10.6563 ], "texture": "#light_gun_texture" },
        "south": { "uv": [ 8.8125, 9.8125, 9.1875, 10.6563 ], "texture": "#light_gun_texture" },
        "west":  { "uv": [ 7.1875, 9.8125, 7.8125, 10.6563 ], "texture": "#light_gun_texture" },
        "east":  { "uv": [ 8.1875, 9.8125, 8.8125, 10.6563 ], "texture": "#light_gun_texture" }
    }
},
{
    "from": [ 8.59375, 4.9375, 7.1875 ],
    "to": [ 8.96875, 5.5625, 7.8125 ],
    "rotation": { "origin": [ 8.59375, 5.5625, 7.1875 ], "axis": "z", "angle": -45 },
    "faces": {
        "down":  { "uv": [ 7.40625, 7.8125, 7.03125, 7.1875 ], "texture": "#light_gun_texture" },
        "up":    { "uv": [ 8.59375, 7.1875, 8.96875, 7.8125 ], "texture": "#light_gun_texture" },
        "north": { "uv": [ 7.03125, 10.4375, 7.40625, 11.0625 ], "texture": "#light_gun_texture" },
        "south": { "uv": [ 8.59375, 10.4375, 8.96875, 11.0625 ], "texture": "#light_gun_texture" },
        "west":  { "uv": [ 7.1875, 10.4375, 7.8125, 11.0625 ], "texture": "#light_gun_texture" },
        "east":  { "uv": [ 8.1875, 10.4375, 8.8125, 11.0625 ], "texture": "#light_gun_texture" }
    }
},
{
    "from": [ 7.78125, 4.75, 7.1875 ],
    "to": [ 8.3125, 5, 7.8125 ],
    "rotation": { "origin": [ 7.78125, 5, 7.1875 ], "axis": "z", "angle": 22.5 },
    "faces": {
        "down":  { "uv": [ 8.21875, 7.8125, 7.6875, 7.1875 ], "texture": "#light_gun_texture" },
        "up":    { "uv": [ 7.78125, 7.1875, 8.3125, 7.8125 ], "texture": "#light_gun_texture" },
        "north": { "uv": [ 7.6875, 11, 8.21875, 11.25 ], "texture": "#light_gun_texture" },
        "south": { "uv": [ 7.78125, 11, 8.3125, 11.25 ], "texture": "#light_gun_texture" },
        "west":  { "uv": [ 7.1875, 11, 7.8125, 11.25 ], "texture": "#light_gun_texture" },
        "east":  { "uv": [ 8.1875, 11, 8.8125, 11.25 ], "texture": "#light_gun_texture" }
    }
},
{
    "from": [ 7.96875, 4.84375, 7.1875 ],
    "to": [ 8.40625, 5.03125, 7.8125 ],
    "faces": {
        "down":  { "uv": [ 8.03125, 7.8125, 7.59375, 7.1875 ], "texture": "#light_gun_texture" },
        "up":    { "uv": [ 7.96875, 7.1875, 8.40625, 7.8125 ], "texture": "#light_gun_texture" },
        "north": { "uv": [ 7.59375, 10.9688, 8.03125, 11.1563 ], "texture": "#light_gun_texture" },
        "south": { "uv": [ 7.96875, 10.9688, 8.40625, 11.1563 ], "texture": "#light_gun_texture" },
        "west":  { "uv": [ 7.1875, 10.9688, 7.8125, 11.1563 ], "texture": "#light_gun_texture" },
        "east":  { "uv": [ 8.1875, 10.9688, 8.8125, 11.1563 ], "texture": "#light_gun_texture" }
    }
},
{
    "from": [ 9.40625, 6.3125, 7.1875 ],
    "to": [ 9.8125, 7.1875, 7.8125 ],
    "rotation": { "origin": [ 9.40625, 7.1875, 7.1875 ], "axis": "z", "angle": -45 },
    "faces": {
        "down":  { "uv": [ 6.59375, 7.8125, 6.1875, 7.1875 ], "texture": "#light_gun_texture" },
        "up":    { "uv": [ 9.40625, 7.1875, 9.8125, 7.8125 ], "texture": "#light_gun_texture" },
        "north": { "uv": [ 6.1875, 8.8125, 6.59375, 9.6875 ], "texture": "#light_gun_texture" },
        "south": { "uv": [ 9.40625, 8.8125, 9.8125, 9.6875 ], "texture": "#light_gun_texture" },
        "west":  { "uv": [ 7.1875, 8.8125, 7.8125, 9.6875 ], "texture": "#light_gun_texture" },
        "east":  { "uv": [ 8.1875, 8.8125, 8.8125, 9.6875 ], "texture": "#light_gun_texture" }
    }
},
{
    "from": [ 14.0313, 7.15625, 6.75 ],
    "to": [ 14.4063, 7.84375, 8.25 ],
    "rotation": { "origin": [ 14.0313, 7.84375, 6.75 ], "axis": "z", "angle": 22.5 },
    "faces": {
        "down":  { "uv": [ 1.96875, 8.25, 1.59375, 6.75 ], "texture": "#stone_slab_top" },
        "up":    { "uv": [ 14.0313, 6.75, 14.4063, 8.25 ], "texture": "#stone_slab_top" },
        "north": { "uv": [ 1.59375, 8.15625, 1.96875, 8.84375 ], "texture": "#stone_slab_top" },
        "south": { "uv": [ 14.0313, 8.15625, 14.4063, 8.84375 ], "texture": "#stone_slab_top" },
        "west":  { "uv": [ 6.75, 8.15625, 8.25, 8.84375 ], "texture": "#stone_slab_top" },
        "east":  { "uv": [ 7.75, 8.15625, 9.25, 8.84375 ], "texture": "#stone_slab_top" }
    }
},
{
    "from": [ 13.8281, 7.98438, 6.625 ],
    "to": [ 14.0781, 8.67188, 7.375 ],
    "rotation": { "origin": [ 13.8281, 8.67188, 6.625 ], "axis": "z", "angle": 22.5 },
    "faces": {
        "down":  { "uv": [ 2.17188, 7.375, 1.92188, 6.625 ], "texture": "#stone_slab_top" },
        "up":    { "uv": [ 13.8281, 6.625, 14.0781, 7.375 ], "texture": "#stone_slab_top" },
        "north": { "uv": [ 1.92188, 7.32813, 2.17188, 8.01563 ], "texture": "#stone_slab_top" },
        "south": { "uv": [ 13.8281, 7.32813, 14.0781, 8.01563 ], "texture": "#stone_slab_top" },
        "west":  { "uv": [ 6.625, 7.32813, 7.375, 8.01563 ], "texture": "#stone_slab_top" },
        "east":  { "uv": [ 8.625, 7.32813, 9.375, 8.01563 ], "texture": "#stone_slab_top" }
    }
},
{
    "from": [ 14.125, 8.125, 7.375 ],
    "to": [ 14.2188, 8.34375, 7.625 ],
    "faces": {
        "up":    { "uv": [ 14.125, 7.375, 14.2188, 7.625 ], "texture": "#stone_slab_top" },
        "north": { "uv": [ 1.78125, 7.65625, 1.875, 7.875 ], "texture": "#stone_slab_top" },
        "south": { "uv": [ 14.125, 7.65625, 14.2188, 7.875 ], "texture": "#stone_slab_top" },
        "west":  { "uv": [ 7.375, 7.65625, 7.625, 7.875 ], "texture": "#stone_slab_top" },
        "east":  { "uv": [ 8.375, 7.65625, 8.625, 7.875 ], "texture": "#stone_slab_top" }
    }
},
{
    "from": [ 14.2631, 7.98438, 6.625 ],
    "to": [ 14.3256, 8.10938, 7.375 ],
    "rotation": { "origin": [ 14.2631, 8.10938, 6.625 ], "axis": "z", "angle": 22.5 },
    "faces": {
        "down":  { "uv": [ 1.73688, 7.375, 1.67438, 6.625 ], "texture": "#stone_slab_top" },
        "up":    { "uv": [ 14.2631, 6.625, 14.3256, 7.375 ], "texture": "#stone_slab_top" },
        "north": { "uv": [ 1.67438, 7.89063, 1.73688, 8.01563 ], "texture": "#stone_slab_top" },
        "south": { "uv": [ 14.2631, 7.89063, 14.3256, 8.01563 ], "texture": "#stone_slab_top" },
        "west":  { "uv": [ 6.625, 7.89063, 7.375, 8.01563 ], "texture": "#stone_slab_top" },
        "east":  { "uv": [ 8.625, 7.89063, 9.375, 8.01563 ], "texture": "#stone_slab_top" }
    }
},
{
    "from": [ 13.8438, 7.95313, 7.625 ],
    "to": [ 14.0938, 8.64063, 8.375 ],
    "rotation": { "origin": [ 13.8438, 8.64063, 7.625 ], "axis": "z", "angle": 22.5 },
    "faces": {
        "down":  { "uv": [ 2.15625, 8.375, 1.90625, 7.625 ], "texture": "#stone_slab_top" },
        "up":    { "uv": [ 13.8438, 7.625, 14.0938, 8.375 ], "texture": "#stone_slab_top" },
        "north": { "uv": [ 1.90625, 7.35938, 2.15625, 8.04688 ], "texture": "#stone_slab_top" },
        "south": { "uv": [ 13.8438, 7.35938, 14.0938, 8.04688 ], "texture": "#stone_slab_top" },
        "west":  { "uv": [ 7.625, 7.35938, 8.375, 8.04688 ], "texture": "#stone_slab_top" },
        "east":  { "uv": [ 7.625, 7.35938, 8.375, 8.04688 ], "texture": "#stone_slab_top" }
    }
},
{
    "from": [ 14.2656, 7.98438, 7.625 ],
    "to": [ 14.3281, 8.10938, 8.375 ],
    "rotation": { "origin": [ 14.2656, 8.10938, 7.625 ], "axis": "z", "angle": 22.5 },
    "faces": {
        "down":  { "uv": [ 1.73438, 8.375, 1.67188, 7.625 ], "texture": "#stone_slab_top" },
        "up":    { "uv": [ 14.2656, 7.625, 14.3281, 8.375 ], "texture": "#stone_slab_top" },
        "north": { "uv": [ 1.67188, 7.89063, 1.73438, 8.01563 ], "texture": "#stone_slab_top" },
        "south": { "uv": [ 14.2656, 7.89063, 14.3281, 8.01563 ], "texture": "#stone_slab_top" },
        "west":  { "uv": [ 7.625, 7.89063, 8.375, 8.01563 ], "texture": "#stone_slab_top" },
        "east":  { "uv": [ 7.625, 7.89063, 8.375, 8.01563 ], "texture": "#stone_slab_top" }
    }
},
{
    "from": [ 14.0313, 8, 6.625 ],
    "to": [ 14.3125, 8.125, 8.375 ],
    "faces": {
        "down":  { "uv": [ 1.96875, 8.375, 1.6875, 6.625 ], "texture": "#stone_slab_top" },
        "up":    { "uv": [ 14.0313, 6.625, 14.3125, 8.375 ], "texture": "#stone_slab_top" },
        "north": { "uv": [ 1.6875, 7.875, 1.96875, 8 ], "texture": "#stone_slab_top" },
        "south": { "uv": [ 14.0313, 7.875, 14.3125, 8 ], "texture": "#stone_slab_top" },
        "west":  { "uv": [ 6.625, 7.875, 8.375, 8 ], "texture": "#stone_slab_top" },
        "east":  { "uv": [ 7.625, 7.875, 9.375, 8 ], "texture": "#stone_slab_top" }
    }
},
{
    "from": [ 13.75, 8.75, 6.67188 ],
    "to": [ 14.0313, 8.84375, 8.32813 ],
    "faces": {
        "up":    { "uv": [ 13.75, 6.67188, 14.0313, 8.32813 ], "texture": "#stone_slab_top" },
        "north": { "uv": [ 1.96875, 7.15625, 2.25, 7.25 ], "texture": "#stone_slab_top" },
        "south": { "uv": [ 13.75, 7.15625, 14.0313, 7.25 ], "texture": "#stone_slab_top" },
        "west":  { "uv": [ 6.67188, 7.15625, 8.32813, 7.25 ], "texture": "#stone_slab_top" },
        "east":  { "uv": [ 7.67188, 7.15625, 9.32813, 7.25 ], "texture": "#stone_slab_top" }
    }
},
{
    "from": [ 13.75, 8.84375, 6.70313 ],
    "to": [ 14, 8.9375, 8.29688 ],
    "faces": {
        "down":  { "uv": [ 2.25, 8.29688, 2, 6.70313 ], "texture": "#stone_slab_top" },
        "up":    { "uv": [ 13.75, 6.70313, 14, 8.29688 ], "texture": "#stone_slab_top" },
        "north": { "uv": [ 2, 7.0625, 2.25, 7.15625 ], "texture": "#stone_slab_top" },
        "south": { "uv": [ 13.75, 7.0625, 14, 7.15625 ], "texture": "#stone_slab_top" },
        "west":  { "uv": [ 6.70313, 7.0625, 8.29688, 7.15625 ], "texture": "#stone_slab_top" },
        "east":  { "uv": [ 7.70313, 7.0625, 9.29688, 7.15625 ], "texture": "#stone_slab_top" }
    }
},
{
    "from": [ 13.75, 8.9375, 6.73438 ],
    "to": [ 13.9688, 9.03125, 8.26563 ],
    "faces": {
        "down":  { "uv": [ 2.25, 8.26563, 2.03125, 6.73438 ], "texture": "#stone_slab_top" },
        "up":    { "uv": [ 13.75, 6.73438, 13.9688, 8.26563 ], "texture": "#stone_slab_top" },
        "north": { "uv": [ 2.03125, 6.96875, 2.25, 7.0625 ], "texture": "#stone_slab_top" },
        "south": { "uv": [ 13.75, 6.96875, 13.9688, 7.0625 ], "texture": "#stone_slab_top" },
        "west":  { "uv": [ 6.73438, 6.96875, 8.26563, 7.0625 ], "texture": "#stone_slab_top" },
        "east":  { "uv": [ 7.73438, 6.96875, 9.26563, 7.0625 ], "texture": "#stone_slab_top" }
    }
},
{
    "from": [ 13.75, 9.03125, 6.78125 ],
    "to": [ 13.9375, 9.125, 8.21875 ],
    "faces": {
        "down":  { "uv": [ 2.25, 8.21875, 2.0625, 6.78125 ], "texture": "#stone_slab_top" },
        "up":    { "uv": [ 13.75, 6.78125, 13.9375, 8.21875 ], "texture": "#stone_slab_top" },
        "north": { "uv": [ 2.0625, 6.875, 2.25, 6.96875 ], "texture": "#stone_slab_top" },
        "south": { "uv": [ 13.75, 6.875, 13.9375, 6.96875 ], "texture": "#stone_slab_top" },
        "west":  { "uv": [ 6.78125, 6.875, 8.21875, 6.96875 ], "texture": "#stone_slab_top" },
        "east":  { "uv": [ 7.78125, 6.875, 9.21875, 6.96875 ], "texture": "#stone_slab_top" }
    }
},
{
    "from": [ 13.75, 9.125, 6.82813 ],
    "to": [ 13.9063, 9.21875, 8.17188 ],
    "faces": {
        "up":    { "uv": [ 13.75, 6.82813, 13.9063, 8.17188 ], "texture": "#stone_slab_top" },
        "north": { "uv": [ 2.09375, 6.78125, 2.25, 6.875 ], "texture": "#stone_slab_top" },
        "south": { "uv": [ 13.75, 6.78125, 13.9063, 6.875 ], "texture": "#stone_slab_top" },
        "west":  { "uv": [ 6.82813, 6.78125, 8.17188, 6.875 ], "texture": "#stone_slab_top" },
        "east":  { "uv": [ 7.82813, 6.78125, 9.17188, 6.875 ], "texture": "#stone_slab_top" }
    }
},
{
    "from": [ 13.75, 9.21875, 6.85938 ],
    "to": [ 13.875, 9.3125, 8.14063 ],
    "faces": {
        "down":  { "uv": [ 2.25, 8.14063, 2.125, 6.85938 ], "texture": "#stone_slab_top" },
        "up":    { "uv": [ 13.75, 6.85938, 13.875, 8.14063 ], "texture": "#stone_slab_top" },
        "north": { "uv": [ 2.125, 6.6875, 2.25, 6.78125 ], "texture": "#stone_slab_top" },
        "south": { "uv": [ 13.75, 6.6875, 13.875, 6.78125 ], "texture": "#stone_slab_top" },
        "west":  { "uv": [ 6.85938, 6.6875, 8.14063, 6.78125 ], "texture": "#stone_slab_top" },
        "east":  { "uv": [ 7.85938, 6.6875, 9.14063, 6.78125 ], "texture": "#stone_slab_top" }
    }
},
{
    "from": [ 13.75, 9.3125, 6.90625 ],
    "to": [ 13.8438, 9.40625, 8.09375 ],
    "faces": {
        "up":    { "uv": [ 13.75, 6.90625, 13.8438, 8.09375 ], "texture": "#stone_slab_top" },
        "north": { "uv": [ 2.15625, 6.59375, 2.25, 6.6875 ], "texture": "#stone_slab_top" },
        "south": { "uv": [ 13.75, 6.59375, 13.8438, 6.6875 ], "texture": "#stone_slab_top" },
        "west":  { "uv": [ 6.90625, 6.59375, 8.09375, 6.6875 ], "texture": "#stone_slab_top" },
        "east":  { "uv": [ 7.90625, 6.59375, 9.09375, 6.6875 ], "texture": "#stone_slab_top" }
    }
},
{
    "from": [ 13.75, 9.40625, 6.9375 ],
    "to": [ 13.8125, 9.5, 8.0625 ],
    "faces": {
        "down":  { "uv": [ 2.25, 8.0625, 2.1875, 6.9375 ], "texture": "#stone_slab_top" },
        "up":    { "uv": [ 13.75, 6.9375, 13.8125, 8.0625 ], "texture": "#stone_slab_top" },
        "north": { "uv": [ 2.1875, 6.5, 2.25, 6.59375 ], "texture": "#stone_slab_top" },
        "south": { "uv": [ 13.75, 6.5, 13.8125, 6.59375 ], "texture": "#stone_slab_top" },
        "west":  { "uv": [ 6.9375, 6.5, 8.0625, 6.59375 ], "texture": "#stone_slab_top" },
        "east":  { "uv": [ 7.9375, 6.5, 9.0625, 6.59375 ], "texture": "#stone_slab_top" }
    }
},
{
    "from": [ 13.75, 9.5, 6.98438 ],
    "to": [ 13.8125, 9.59375, 8.01563 ],
    "faces": {
        "up":    { "uv": [ 13.75, 6.98438, 13.8125, 8.01563 ], "texture": "#stone_slab_top" },
        "north": { "uv": [ 2.1875, 6.40625, 2.25, 6.5 ], "texture": "#stone_slab_top" },
        "south": { "uv": [ 13.75, 6.40625, 13.8125, 6.5 ], "texture": "#stone_slab_top" },
        "west":  { "uv": [ 6.98438, 6.40625, 8.01563, 6.5 ], "texture": "#stone_slab_top" },
        "east":  { "uv": [ 7.98438, 6.40625, 9.01563, 6.5 ], "texture": "#stone_slab_top" }
    }
},
{
    "from": [ 13.8438, 8.15625, 7.375 ],
    "to": [ 15.0625, 8.40625, 7.625 ],
    "rotation": { "origin": [ 13.8438, 8.40625, 7.375 ], "axis": "z", "angle": 45 },
    "faces": {
        "down":  { "uv": [ 2.15625, 7.625, 0.9375, 7.375 ], "texture": "#light_gun_texture" },
        "up":    { "uv": [ 13.8438, 7.375, 15.0625, 7.625 ], "texture": "#light_gun_texture" },
        "north": { "uv": [ 0.9375, 7.59375, 2.15625, 7.84375 ], "texture": "#light_gun_texture" },
        "south": { "uv": [ 13.8438, 7.59375, 15.0625, 7.84375 ], "texture": "#light_gun_texture" },
        "west":  { "uv": [ 7.375, 7.59375, 7.625, 7.84375 ], "texture": "#light_gun_texture" },
        "east":  { "uv": [ 8.375, 7.59375, 8.625, 7.84375 ], "texture": "#light_gun_texture" }
    }
},
{
    "from": [ 14.7813, 7, 6.75 ],
    "to": [ 15.1875, 7.3125, 8.25 ],
    "faces": {
        "down":  { "uv": [ 1.21875, 8.25, 0.8125, 6.75 ], "texture": "#stone_slab_top" },
        "up":    { "uv": [ 14.7813, 6.75, 15.1875, 8.25 ], "texture": "#stone_slab_top" },
        "north": { "uv": [ 0.8125, 8.6875, 1.21875, 9 ], "texture": "#stone_slab_top" },
        "south": { "uv": [ 14.7813, 8.6875, 15.1875, 9 ], "texture": "#stone_slab_top" },
        "west":  { "uv": [ 6.75, 8.6875, 8.25, 9 ], "texture": "#stone_slab_top" },
        "east":  { "uv": [ 7.75, 8.6875, 9.25, 9 ], "texture": "#stone_slab_top" }
    }
},
{
    "from": [ 14.25, 8.5, 7.375 ],
    "to": [ 15, 8.59375, 7.625 ],
    "faces": {
        "down":  { "uv": [ 1.75, 7.625, 1, 7.375 ], "texture": "#light_gun_texture" },
        "up":    { "uv": [ 14.25, 7.375, 15, 7.625 ], "texture": "#light_gun_texture" },
        "north": { "uv": [ 1, 7.40625, 1.75, 7.5 ], "texture": "#light_gun_texture" },
        "south": { "uv": [ 14.25, 7.40625, 15, 7.5 ], "texture": "#light_gun_texture" },
        "west":  { "uv": [ 7.375, 7.40625, 7.625, 7.5 ], "texture": "#light_gun_texture" },
        "east":  { "uv": [ 8.375, 7.40625, 8.625, 7.5 ], "texture": "#light_gun_texture" }
    }
},
{
    "from": [ 14.6719, 8.46875, 7.375 ],
    "to": [ 14.7656, 9.09375, 7.625 ],
    "rotation": { "origin": [ 14.6719, 9.09375, 7.375 ], "axis": "z", "angle": 22.5 },
    "faces": {
        "down":  { "uv": [ 1.32813, 7.625, 1.23438, 7.375 ], "texture": "#light_gun_texture" },
        "up":    { "uv": [ 14.6719, 7.375, 14.7656, 7.625 ], "texture": "#light_gun_texture" },
        "north": { "uv": [ 1.23438, 6.90625, 1.32813, 7.53125 ], "texture": "#light_gun_texture" },
        "south": { "uv": [ 14.6719, 6.90625, 14.7656, 7.53125 ], "texture": "#light_gun_texture" },
        "west":  { "uv": [ 7.375, 6.90625, 7.625, 7.53125 ], "texture": "#light_gun_texture" },
        "east":  { "uv": [ 8.375, 6.90625, 8.625, 7.53125 ], "texture": "#light_gun_texture" }
    }
},
{
    "from": [ 14.7813, 8.875, 7.375 ],
    "to": [ 14.875, 9.09375, 7.625 ],
    "faces": {
        "down":  { "uv": [ 1.21875, 7.625, 1.125, 7.375 ], "texture": "#light_gun_texture" },
        "up":    { "uv": [ 14.7813, 7.375, 14.875, 7.625 ], "texture": "#light_gun_texture" },
        "north": { "uv": [ 1.125, 6.90625, 1.21875, 7.125 ], "texture": "#light_gun_texture" },
        "south": { "uv": [ 14.7813, 6.90625, 14.875, 7.125 ], "texture": "#light_gun_texture" },
        "west":  { "uv": [ 7.375, 6.90625, 7.625, 7.125 ], "texture": "#light_gun_texture" },
        "east":  { "uv": [ 8.375, 6.90625, 8.625, 7.125 ], "texture": "#light_gun_texture" }
    }
},
{
    "from": [ 14.7813, 8.5, 7.375 ],
    "to": [ 14.8438, 8.84375, 7.625 ],
    "rotation": { "origin": [ 14.7813, 8.84375, 7.375 ], "axis": "z", "angle": -45 },
    "faces": {
        "up":    { "uv": [ 14.7813, 7.375, 14.8438, 7.625 ], "texture": "#light_gun_texture" },
        "north": { "uv": [ 1.15625, 7.15625, 1.21875, 7.5 ], "texture": "#light_gun_texture" },
        "south": { "uv": [ 14.7813, 7.15625, 14.8438, 7.5 ], "texture": "#light_gun_texture" },
        "west":  { "uv": [ 7.375, 7.15625, 7.625, 7.5 ], "texture": "#light_gun_texture" },
        "east":  { "uv": [ 8.375, 7.15625, 8.625, 7.5 ], "texture": "#light_gun_texture" }
    }
},
{
    "from": [ 14.7031, 8.5, 7.375 ],
    "to": [ 14.8906, 9, 7.625 ],
    "rotation": { "origin": [ 14.7031, 9, 7.375 ], "axis": "z", "angle": -45 },
    "faces": {
        "down":  { "uv": [ 1.29688, 7.625, 1.10938, 7.375 ], "texture": "#light_gun_texture" },
        "up":    { "uv": [ 14.7031, 7.375, 14.8906, 7.625 ], "texture": "#light_gun_texture" },
        "north": { "uv": [ 1.10938, 7, 1.29688, 7.5 ], "texture": "#light_gun_texture" },
        "south": { "uv": [ 14.7031, 7, 14.8906, 7.5 ], "texture": "#light_gun_texture" },
        "west":  { "uv": [ 7.375, 7, 7.625, 7.5 ], "texture": "#light_gun_texture" },
        "east":  { "uv": [ 8.375, 7, 8.625, 7.5 ], "texture": "#light_gun_texture" }
    }
},
{
    "from": [ 14.6875, 8.5, 7.375 ],
    "to": [ 14.7813, 8.84375, 7.625 ],
    "rotation": { "origin": [ 14.6875, 8.84375, 7.375 ], "axis": "z", "angle": 22.5 },
    "faces": {
        "up":    { "uv": [ 14.6875, 7.375, 14.7813, 7.625 ], "texture": "#light_gun_texture" },
        "north": { "uv": [ 1.21875, 7.15625, 1.3125, 7.5 ], "texture": "#light_gun_texture" },
        "south": { "uv": [ 14.6875, 7.15625, 14.7813, 7.5 ], "texture": "#light_gun_texture" },
        "west":  { "uv": [ 7.375, 7.15625, 7.625, 7.5 ], "texture": "#light_gun_texture" },
        "east":  { "uv": [ 8.375, 7.15625, 8.625, 7.5 ], "texture": "#light_gun_texture" }
    }
},
{
    "from": [ 14.4688, 8.4375, 7.375 ],
    "to": [ 14.875, 8.5, 7.625 ],
    "faces": {
        "down":  { "uv": [ 1.53125, 7.625, 1.125, 7.375 ], "texture": "#light_gun_texture" },
        "north": { "uv": [ 1.125, 7.5, 1.53125, 7.5625 ], "texture": "#light_gun_texture" },
        "south": { "uv": [ 14.4688, 7.5, 14.875, 7.5625 ], "texture": "#light_gun_texture" },
        "west":  { "uv": [ 7.375, 7.5, 7.625, 7.5625 ], "texture": "#light_gun_texture" }
    }
},
{
    "from": [ 14.875, 8.4375, 7.375 ],
    "to": [ 14.9375, 8.5, 7.625 ],
    "faces": {
        "down":  { "uv": [ 1.125, 7.625, 1.0625, 7.375 ], "texture": "#light_gun_texture" },
        "north": { "uv": [ 1.0625, 7.5, 1.125, 7.5625 ], "texture": "#light_gun_texture" },
        "south": { "uv": [ 14.875, 7.5, 14.9375, 7.5625 ], "texture": "#light_gun_texture" },
        "east":  { "uv": [ 8.375, 7.5, 8.625, 7.5625 ], "texture": "#light_gun_texture" }
    }
},
{
    "from": [ 14.4063, 8.4375, 7.375 ],
    "to": [ 14.4688, 8.5, 7.625 ],
    "faces": {
        "down":  { "uv": [ 1.59375, 7.625, 1.53125, 7.375 ], "texture": "#light_gun_texture" },
        "north": { "uv": [ 1.53125, 7.5, 1.59375, 7.5625 ], "texture": "#light_gun_texture" },
        "south": { "uv": [ 14.4063, 7.5, 14.4688, 7.5625 ], "texture": "#light_gun_texture" },
        "west":  { "uv": [ 7.375, 7.5, 7.625, 7.5625 ], "texture": "#light_gun_texture" },
        "east":  { "uv": [ 8.375, 7.5, 8.625, 7.5625 ], "texture": "#light_gun_texture" }
    }
},
{
    "from": [ 11.5, 6.75, 6.71875 ],
    "to": [ 11.875, 7.125, 8.28125 ],
    "faces": {
        "down":  { "uv": [ 4.5, 8.28125, 4.125, 6.71875 ], "texture": "#stone_slab_top" },
        "up":    { "uv": [ 11.5, 6.71875, 11.875, 8.28125 ], "texture": "#stone_slab_top" },
        "north": { "uv": [ 4.125, 8.875, 4.5, 9.25 ], "texture": "#stone_slab_top" },
        "south": { "uv": [ 11.5, 8.875, 11.875, 9.25 ], "texture": "#stone_slab_top" },
        "west":  { "uv": [ 6.71875, 8.875, 8.28125, 9.25 ], "texture": "#stone_slab_top" },
        "east":  { "uv": [ 7.71875, 8.875, 9.28125, 9.25 ], "texture": "#stone_slab_top" }
    }
},
{
    "from": [ 12.3125, 1.53125, 6.71875 ],
    "to": [ 12.6875, 1.90625, 8.28125 ],
    "faces": {
        "down":  { "uv": [ 3.6875, 8.28125, 3.3125, 6.71875 ], "texture": "#stone_slab_top" },
        "up":    { "uv": [ 12.3125, 6.71875, 12.6875, 8.28125 ], "texture": "#stone_slab_top" },
        "north": { "uv": [ 3.3125, 14.0938, 3.6875, 14.4688 ], "texture": "#stone_slab_top" },
        "south": { "uv": [ 12.3125, 14.0938, 12.6875, 14.4688 ], "texture": "#stone_slab_top" },
        "west":  { "uv": [ 6.71875, 14.0938, 8.28125, 14.4688 ], "texture": "#stone_slab_top" },
        "east":  { "uv": [ 7.71875, 14.0938, 9.28125, 14.4688 ], "texture": "#stone_slab_top" }
    }
},
{
    "from": [ 11.0625, 1.0625, 6.75 ],
    "to": [ 11.125, 1.375, 8.25 ],
    "faces": {
        "down":  { "uv": [ 4.9375, 8.25, 4.875, 6.75 ], "texture": "#stone_slab_top" },
        "north": { "uv": [ 4.875, 14.625, 4.9375, 14.9375 ], "texture": "#stone_slab_top" },
        "south": { "uv": [ 11.0625, 14.625, 11.125, 14.9375 ], "texture": "#stone_slab_top" },
        "west":  { "uv": [ 6.75, 14.625, 8.25, 14.9375 ], "texture": "#stone_slab_top" }
    }
},
{
    "from": [ 11.5, 0.46875, 6.75 ],
    "to": [ 14.125, 0.75, 8.25 ],
    "faces": {
        "down":  { "uv": [ 4.5, 8.25, 1.875, 6.75 ], "texture": "#stone_slab_top" },
        "north": { "uv": [ 1.875, 15.25, 4.5, 15.5313 ], "texture": "#stone_slab_top" },
        "south": { "uv": [ 11.5, 15.25, 14.125, 15.5313 ], "texture": "#stone_slab_top" },
        "west":  { "uv": [ 6.75, 15.25, 8.25, 15.5313 ], "texture": "#stone_slab_top" },
        "east":  { "uv": [ 7.75, 15.25, 9.25, 15.5313 ], "texture": "#stone_slab_top" }
    }
},
{
    "from": [ 11.625, 0.40625, 6.75 ],
    "to": [ 12.9375, 0.46875, 8.25 ],
    "faces": {
        "down":  { "uv": [ 4.375, 8.25, 3.0625, 6.75 ], "texture": "#stone_slab_top" },
        "up":    { "uv": [ 11.625, 6.75, 12.9375, 8.25 ], "texture": "#stone_slab_top" },
        "north": { "uv": [ 3.0625, 15.5313, 4.375, 15.5938 ], "texture": "#stone_slab_top" },
        "south": { "uv": [ 11.625, 15.5313, 12.9375, 15.5938 ], "texture": "#stone_slab_top" },
        "west":  { "uv": [ 6.75, 15.5313, 8.25, 15.5938 ], "texture": "#stone_slab_top" },
        "east":  { "uv": [ 7.75, 15.5313, 9.25, 15.5938 ], "texture": "#stone_slab_top" }
    }
},
{
    "from": [ 11.125, 0.625, 6.75 ],
    "to": [ 11.5, 0.75, 8.25 ],
    "faces": {
        "down":  { "uv": [ 4.875, 8.25, 4.5, 6.75 ], "texture": "#stone_slab_top" },
        "north": { "uv": [ 4.5, 15.25, 4.875, 15.375 ], "texture": "#stone_slab_top" },
        "south": { "uv": [ 11.125, 15.25, 11.5, 15.375 ], "texture": "#stone_slab_top" },
        "west":  { "uv": [ 6.75, 15.25, 8.25, 15.375 ], "texture": "#stone_slab_top" }
    }
},
{
    "from": [ 11.2344, 0.604375, 6.75 ],
    "to": [ 11.6406, 0.885625, 8.25 ],
    "rotation": { "origin": [ 11.2344, 0.885625, 6.75 ], "axis": "z", "angle": -22.5 },
    "faces": {
        "down":  { "uv": [ 4.76563, 8.25, 4.35938, 6.75 ], "texture": "#stone_slab_top" },
        "up":    { "uv": [ 11.2344, 6.75, 11.6406, 8.25 ], "texture": "#stone_slab_top" },
        "north": { "uv": [ 4.35938, 15.1144, 4.76563, 15.3956 ], "texture": "#stone_slab_top" },
        "south": { "uv": [ 11.2344, 15.1144, 11.6406, 15.3956 ], "texture": "#stone_slab_top" },
        "west":  { "uv": [ 6.75, 15.1144, 8.25, 15.3956 ], "texture": "#stone_slab_top" },
        "east":  { "uv": [ 7.75, 15.1144, 9.25, 15.3956 ], "texture": "#stone_slab_top" }
    }
},
{
    "from": [ 14.5625, 0.59375, 7.28125 ],
    "to": [ 14.625, 0.75, 7.6875 ],
    "faces": {
        "down":  { "uv": [ 1.4375, 7.6875, 1.375, 7.28125 ], "texture": "#stone_slab_top" },
        "north": { "uv": [ 1.375, 15.25, 1.4375, 15.4063 ], "texture": "#stone_slab_top" },
        "south": { "uv": [ 14.5625, 15.25, 14.625, 15.4063 ], "texture": "#stone_slab_top" },
        "west":  { "uv": [ 7.28125, 15.25, 7.6875, 15.4063 ], "texture": "#stone_slab_top" },
        "east":  { "uv": [ 8.3125, 15.25, 8.71875, 15.4063 ], "texture": "#stone_slab_top" }
    }
},
{
    "from": [ 14.9375, 0.59375, 7.28125 ],
    "to": [ 15, 0.75, 7.6875 ],
    "faces": {
        "down":  { "uv": [ 1.0625, 7.6875, 1, 7.28125 ], "texture": "#stone_slab_top" },
        "north": { "uv": [ 1, 15.25, 1.0625, 15.4063 ], "texture": "#stone_slab_top" },
        "south": { "uv": [ 14.9375, 15.25, 15, 15.4063 ], "texture": "#stone_slab_top" },
        "west":  { "uv": [ 7.28125, 15.25, 7.6875, 15.4063 ], "texture": "#stone_slab_top" },
        "east":  { "uv": [ 8.3125, 15.25, 8.71875, 15.4063 ], "texture": "#stone_slab_top" }
    }
},
{
    "from": [ 14.125, 0.53125, 6.75 ],
    "to": [ 14.5313, 0.75, 8.25 ],
    "faces": {
        "down":  { "uv": [ 1.875, 8.25, 1.46875, 6.75 ], "texture": "#stone_slab_top" },
        "north": { "uv": [ 1.46875, 15.25, 1.875, 15.4688 ], "texture": "#stone_slab_top" },
        "south": { "uv": [ 14.125, 15.25, 14.5313, 15.4688 ], "texture": "#stone_slab_top" },
        "east":  { "uv": [ 7.75, 15.25, 9.25, 15.4688 ], "texture": "#stone_slab_top" }
    }
},
{
    "from": [ 14.625, 0.53125, 7.28125 ],
    "to": [ 14.9375, 0.59375, 7.6875 ],
    "faces": {
        "down":  { "uv": [ 1.375, 7.6875, 1.0625, 7.28125 ], "texture": "#stone_slab_top" },
        "up":    { "uv": [ 14.625, 7.28125, 14.9375, 7.6875 ], "texture": "#stone_slab_top" },
        "north": { "uv": [ 1.0625, 15.4063, 1.375, 15.4688 ], "texture": "#stone_slab_top" },
        "south": { "uv": [ 14.625, 15.4063, 14.9375, 15.4688 ], "texture": "#stone_slab_top" },
        "west":  { "uv": [ 7.28125, 15.4063, 7.6875, 15.4688 ], "texture": "#stone_slab_top" },
        "east":  { "uv": [ 8.3125, 15.4063, 8.71875, 15.4688 ], "texture": "#stone_slab_top" }
    }
},
{
    "from": [ 12.75, 9.625, 7.125 ],
    "to": [ 13.0938, 9.6875, 7.875 ],
    "faces": {
        "up":    { "uv": [ 12.75, 7.125, 13.0938, 7.875 ], "texture": "#stone_slab_top" },
        "north": { "uv": [ 2.90625, 6.3125, 3.25, 6.375 ], "texture": "#stone_slab_top" },
        "south": { "uv": [ 12.75, 6.3125, 13.0938, 6.375 ], "texture": "#stone_slab_top" },
        "west":  { "uv": [ 7.125, 6.3125, 7.875, 6.375 ], "texture": "#stone_slab_top" },
        "east":  { "uv": [ 8.125, 6.3125, 8.875, 6.375 ], "texture": "#stone_slab_top" }
    }
},
{
    "from": [ 12.75, 9.53125, 7.0625 ],
    "to": [ 13.0938, 9.78125, 7.1875 ],
    "faces": {
        "down":  { "uv": [ 3.25, 7.1875, 2.90625, 7.0625 ], "texture": "#stone_slab_top" },
        "up":    { "uv": [ 12.75, 7.0625, 13.0938, 7.1875 ], "texture": "#stone_slab_top" },
        "north": { "uv": [ 2.90625, 6.21875, 3.25, 6.46875 ], "texture": "#stone_slab_top" },
        "south": { "uv": [ 12.75, 6.21875, 13.0938, 6.46875 ], "texture": "#stone_slab_top" },
        "west":  { "uv": [ 7.0625, 6.21875, 7.1875, 6.46875 ], "texture": "#stone_slab_top" },
        "east":  { "uv": [ 8.8125, 6.21875, 8.9375, 6.46875 ], "texture": "#stone_slab_top" }
    }
},
{
    "from": [ 12.75, 9.53125, 7.8125 ],
    "to": [ 13.0938, 9.78125, 7.9375 ],
    "faces": {
        "down":  { "uv": [ 3.25, 7.9375, 2.90625, 7.8125 ], "texture": "#stone_slab_top" },
        "up":    { "uv": [ 12.75, 7.8125, 13.0938, 7.9375 ], "texture": "#stone_slab_top" },
        "north": { "uv": [ 2.90625, 6.21875, 3.25, 6.46875 ], "texture": "#stone_slab_top" },
        "south": { "uv": [ 12.75, 6.21875, 13.0938, 6.46875 ], "texture": "#stone_slab_top" },
        "west":  { "uv": [ 7.8125, 6.21875, 7.9375, 6.46875 ], "texture": "#stone_slab_top" },
        "east":  { "uv": [ 8.0625, 6.21875, 8.1875, 6.46875 ], "texture": "#stone_slab_top" }
    }
},
{
    "from": [ 12.75, 9.78125, 7.8125 ],
    "to": [ 13.0938, 9.90625, 7.875 ],
    "faces": {
        "down":  { "uv": [ 3.25, 7.875, 2.90625, 7.8125 ], "texture": "#stone_slab_top" },
        "up":    { "uv": [ 12.75, 7.8125, 13.0938, 7.875 ], "texture": "#stone_slab_top" },
        "north": { "uv": [ 2.90625, 6.09375, 3.25, 6.21875 ], "texture": "#stone_slab_top" },
        "south": { "uv": [ 12.75, 6.09375, 13.0938, 6.21875 ], "texture": "#stone_slab_top" },
        "west":  { "uv": [ 7.8125, 6.09375, 7.875, 6.21875 ], "texture": "#stone_slab_top" },
        "east":  { "uv": [ 8.125, 6.09375, 8.1875, 6.21875 ], "texture": "#stone_slab_top" }
    }
},
{
    "from": [ 12.75, 9.78125, 7.125 ],
    "to": [ 13.0938, 9.90625, 7.1875 ],
    "faces": {
        "down":  { "uv": [ 3.25, 7.1875, 2.90625, 7.125 ], "texture": "#stone_slab_top" },
        "up":    { "uv": [ 12.75, 7.125, 13.0938, 7.1875 ], "texture": "#stone_slab_top" },
        "north": { "uv": [ 2.90625, 6.09375, 3.25, 6.21875 ], "texture": "#stone_slab_top" },
        "south": { "uv": [ 12.75, 6.09375, 13.0938, 6.21875 ], "texture": "#stone_slab_top" },
        "west":  { "uv": [ 7.125, 6.09375, 7.1875, 6.21875 ], "texture": "#stone_slab_top" },
        "east":  { "uv": [ 8.8125, 6.09375, 8.875, 6.21875 ], "texture": "#stone_slab_top" }
    }
},
{
    "from": [ 12.8438, 9.6875, 7.125 ],
    "to": [ 12.9688, 9.75, 7.84375 ],
    "faces": {
        "up":    { "uv": [ 12.8438, 7.125, 12.9688, 7.84375 ], "texture": "#light_gun_texture" },
        "north": { "uv": [ 3.03125, 6.25, 3.15625, 6.3125 ], "texture": "#light_gun_texture" },
        "south": { "uv": [ 12.8438, 6.25, 12.9688, 6.3125 ], "texture": "#light_gun_texture" },
        "west":  { "uv": [ 7.125, 6.25, 7.84375, 6.3125 ], "texture": "#light_gun_texture" },
        "east":  { "uv": [ 8.15625, 6.25, 8.875, 6.3125 ], "texture": "#light_gun_texture" }
    }
},
{
    "from": [ 12.8438, 9.75, 7.1875 ],
    "to": [ 12.9688, 9.875, 7.34375 ],
    "faces": {
        "down":  { "uv": [ 3.15625, 7.34375, 3.03125, 7.1875 ], "texture": "#light_gun_texture" },
        "up":    { "uv": [ 12.8438, 7.1875, 12.9688, 7.34375 ], "texture": "#light_gun_texture" },
        "south": { "uv": [ 12.8438, 6.125, 12.9688, 6.25 ], "texture": "#light_gun_texture" },
        "west":  { "uv": [ 7.1875, 6.125, 7.34375, 6.25 ], "texture": "#light_gun_texture" },
        "east":  { "uv": [ 8.65625, 6.125, 8.8125, 6.25 ], "texture": "#light_gun_texture" }
    }
},
{
    "from": [ 12.8438, 9.75, 7.65625 ],
    "to": [ 12.9688, 9.875, 7.8125 ],
    "faces": {
        "down":  { "uv": [ 3.15625, 7.8125, 3.03125, 7.65625 ], "texture": "#light_gun_texture" },
        "up":    { "uv": [ 12.8438, 7.65625, 12.9688, 7.8125 ], "texture": "#light_gun_texture" },
        "north": { "uv": [ 3.03125, 6.125, 3.15625, 6.25 ], "texture": "#light_gun_texture" },
        "west":  { "uv": [ 7.65625, 6.125, 7.8125, 6.25 ], "texture": "#light_gun_texture" },
        "east":  { "uv": [ 8.1875, 6.125, 8.34375, 6.25 ], "texture": "#light_gun_texture" }
    }
},
{
    "from": [ 1.84375, 9.71875, 7.46875 ],
    "to": [ 2.1875, 9.96875, 7.53125 ],
    "faces": {
        "down":  { "uv": [ 14.1563, 7.53125, 13.8125, 7.46875 ], "texture": "#stone_slab_top" },
        "up":    { "uv": [ 1.84375, 7.46875, 2.1875, 7.53125 ], "texture": "#stone_slab_top" },
        "north": { "uv": [ 13.8125, 6.03125, 14.1563, 6.28125 ], "texture": "#stone_slab_top" },
        "south": { "uv": [ 1.84375, 6.03125, 2.1875, 6.28125 ], "texture": "#stone_slab_top" },
        "west":  { "uv": [ 7.46875, 6.03125, 7.53125, 6.28125 ], "texture": "#stone_slab_top" },
        "east":  { "uv": [ 8.46875, 6.03125, 8.53125, 6.28125 ], "texture": "#stone_slab_top" }
    }
}
],
    "display": {
        "thirdperson_righthand": {
            "rotation": [ 0, 270, -60 ],
            "translation": [ 0, 3, 3 ],
            "scale": [ 0.67, 0.67, 0.67 ]
        },
		"thirdperson_lefthand": {
            "rotation": [ 0, 90, 0 ],
            "translation": [ 0, 2, -1 ],
            "scale": [ 0.67, 0.67, 0.67 ]
        },
        "firstperson_righthand": {
            "rotation": [ 0, -90, 0 ],
            "translation": [ -2, 4, -5 ],
            "scale": [ 0.9, 0.9, 0.9 ]
        },
		"firstperson_lefthand": {
            "rotation": [ 0, 90, -90 ],
            "translation": [ 0, -3, -5 ],
            "scale": [ 0.9, 0.9, 0.9 ]
        },
        "head": {
			"rotation": [ 0, -90, 0 ],
			"translation": [ 0, 12, 0 ],
            "scale": [ 0.6, 0.6, 0.6 ]
        },
        "ground": {
            "rotation": [ 90, 0, 0 ],
            "translation": [ 0, -2, 0 ],
            "scale": [ 0.67, 0.67, 0.67 ]
        },
        "gui": {
            "rotation": [ -20, 30, 0 ],
            "translation": [ 0, 0, 0 ],
            "scale": [ 0.5, 0.5, 0.5 ]
        }
    }
}