{
"__comment": "© Le0, Mineland.eu 2019 | www.mineland.eu",
"textures": {
    "normal_gun_texture": "guns/pistole/normal_gun_texture",
    "iron_cover": "guns/pistole/iron_cover"
},
"elements": [ 
{
    "from": [ 3.0625, 8.375, 7 ],
    "to": [ 14.4375, 9.5, 9 ],
    "faces": {
        "down":  { "uv": [ 4.375, 0, 15.625, 0.75 ], "texture": "#iron_cover" },
        "up":    { "uv": [ 4.375, 0, 15.625, 0.75 ], "texture": "#iron_cover" },
        "north": { "uv": [ 15.875, 0, 6, 0.875 ], "texture": "#iron_cover" },
        "south": { "uv": [ 6, 0, 15.875, 0.875 ], "texture": "#iron_cover" },
        "west":  { "uv": [ 7, 6.5, 9, 7.625 ], "texture": "#iron_cover" },
        "east":  { "uv": [ 7, 6.5, 9, 7.625 ], "texture": "#iron_cover" }
    }
},
{
    "from": [ 1, 9.5, 7.5 ],
    "to": [ 14.375, 10, 9 ],
    "faces": {
        "down":  { "uv": [ 4.375, 0, 15.625, 0.75 ], "texture": "#iron_cover" },
        "up":    { "uv": [ 4.375, 0, 15.625, 0.75 ], "texture": "#iron_cover" },
        "north": { "uv": [ 15.5, 0, 4.625, 0.875 ], "texture": "#iron_cover" },
        "south": { "uv": [ 4.625, 0, 15.5, 0.875 ], "texture": "#iron_cover" },
        "west":  { "uv": [ 7, 6.5, 9, 7.625 ], "texture": "#iron_cover" },
        "east":  { "uv": [ 7, 6.5, 9, 7.625 ], "texture": "#iron_cover" }
    }
},
{
    "from": [ 1, 9.5, 7 ],
    "to": [ 6.5, 10, 7.5 ],
    "faces": {
        "down":  { "uv": [ 4.375, 0, 9.125, 0.75 ], "texture": "#iron_cover" },
        "up":    { "uv": [ 4.375, 0, 9.125, 0.75 ], "texture": "#iron_cover" },
        "north": { "uv": [ 9, 0, 4.375, 0.625 ], "texture": "#iron_cover" },
        "west":  { "uv": [ 7, 6.5, 9, 7.625 ], "texture": "#iron_cover" },
        "east":  { "uv": [ 7, 6.5, 9, 7.625 ], "texture": "#iron_cover" }
    }
},
{
    "from": [ 8.5, 9.5, 7 ],
    "to": [ 14.625, 10, 7.5 ],
    "faces": {
        "down":  { "uv": [ 11.125, 0, 16, 0.625 ], "texture": "#iron_cover" },
        "up":    { "uv": [ 11.125, 0, 16, 0.625 ], "texture": "#iron_cover" },
        "north": { "uv": [ 15.875, 0, 10.5, 0.75 ], "texture": "#iron_cover" },
        "south": { "uv": [ 10.5, 0, 15.875, 0.75 ], "texture": "#iron_cover" },
        "west":  { "uv": [ 7, 6.5, 9, 7.625 ], "texture": "#iron_cover" },
        "east":  { "uv": [ 7, 6.5, 9, 7.625 ], "texture": "#iron_cover" }
    }
},
{
    "from": [ 1, 10, 7.5 ],
    "to": [ 14.375, 10.25, 8.875 ],
    "faces": {
        "up":    { "uv": [ 4.375, 0, 15.625, 0.75 ], "texture": "#iron_cover" },
        "north": { "uv": [ 15.5, 0, 4.625, 0.875 ], "texture": "#iron_cover" },
        "south": { "uv": [ 4.625, 0, 15.5, 0.875 ], "texture": "#iron_cover" },
        "west":  { "uv": [ 7, 6.5, 9, 7.625 ], "texture": "#iron_cover" },
        "east":  { "uv": [ 7, 6.5, 9, 7.625 ], "texture": "#iron_cover" }
    }
},
{
    "from": [ 1, 10, 7.125 ],
    "to": [ 6.5, 10.25, 7.5 ],
    "faces": {
        "up":    { "uv": [ 4.375, 0, 9.125, 0.75 ], "texture": "#iron_cover" },
        "north": { "uv": [ 9, 0, 4.375, 0.625 ], "texture": "#iron_cover" },
        "west":  { "uv": [ 7, 6.5, 9, 7.625 ], "texture": "#iron_cover" },
        "east":  { "uv": [ 7, 6.5, 9, 7.625 ], "texture": "#iron_cover" }
    }
},
{
    "from": [ 8.5, 10, 7.125 ],
    "to": [ 14.375, 10.25, 7.5 ],
    "faces": {
        "up":    { "uv": [ 11.125, 0, 16, 0.625 ], "texture": "#iron_cover" },
        "north": { "uv": [ 15.875, 0, 10.5, 0.75 ], "texture": "#iron_cover" },
        "west":  { "uv": [ 7, 6.5, 9, 7.625 ], "texture": "#iron_cover" }
    }
},
{
    "from": [ 1, 10.3225, 8.50178 ],
    "to": [ 14, 10.6225, 9.02678 ],
    "rotation": { "origin": [ 1, 10.6225, 8.50178 ], "axis": "x", "angle": 45 },
    "faces": {
        "down":  { "uv": [ 4.375, 0, 15.625, 0.75 ], "texture": "#iron_cover" },
        "up":    { "uv": [ 4.375, 0, 15.625, 0.75 ], "texture": "#iron_cover" },
        "north": { "uv": [ 15.5, 0, 4.625, 0.875 ], "texture": "#iron_cover" },
        "south": { "uv": [ 4.625, 0, 15.5, 0.875 ], "texture": "#iron_cover" },
        "west":  { "uv": [ 7, 6.5, 9, 7.625 ], "texture": "#iron_cover" },
        "east":  { "uv": [ 7, 6.5, 9, 7.625 ], "texture": "#iron_cover" }
    }
},
{
    "from": [ 1.0485, 9.125, 7 ],
    "to": [ 3.07975, 9.5, 9 ],
    "faces": {
        "down":  { "uv": [ 4.5, 0, 5.9375, 1.375 ], "texture": "#iron_cover" },
        "up":    { "uv": [ 4.5, 0, 5.9375, 1.375 ], "texture": "#iron_cover" },
        "north": { "uv": [ 5.5, 0.5, 6.9375, 0.75 ], "texture": "#iron_cover" },
        "south": { "uv": [ 5.5, 0.5, 6.9375, 0.75 ], "texture": "#iron_cover" },
        "west":  { "uv": [ 4.75, 0, 6.125, 0.25 ], "texture": "#iron_cover" },
        "east":  { "uv": [ 4.75, 0, 6.125, 0.25 ], "texture": "#iron_cover" }
    }
},
{
    "from": [ 1, 9.95, 7.125 ],
    "to": [ 14, 10.25, 7.65 ],
    "rotation": { "origin": [ 1, 10.25, 7.125 ], "axis": "x", "angle": -45 },
    "faces": {
        "down":  { "uv": [ 4.375, 0, 15.625, 0.75 ], "texture": "#iron_cover" },
        "up":    { "uv": [ 4.375, 0, 15.625, 0.75 ], "texture": "#iron_cover" },
        "north": { "uv": [ 15.5, 0, 4.625, 0.875 ], "texture": "#iron_cover" },
        "south": { "uv": [ 4.625, 0, 15.5, 0.875 ], "texture": "#iron_cover" },
        "west":  { "uv": [ 7, 6.5, 9, 7.625 ], "texture": "#iron_cover" },
        "east":  { "uv": [ 7, 6.5, 9, 7.625 ], "texture": "#iron_cover" }
    }
},
{
    "from": [ 1, 10.25, 7.5 ],
    "to": [ 14, 10.625, 8.5 ],
    "faces": {
        "up":    { "uv": [ 4.375, 0, 15.625, 0.75 ], "texture": "#iron_cover" },
        "north": { "uv": [ 15.5, 0, 4.625, 0.875 ], "texture": "#iron_cover" },
        "south": { "uv": [ 4.625, 0, 15.5, 0.875 ], "texture": "#iron_cover" },
        "west":  { "uv": [ 7, 6.5, 9, 7.625 ], "texture": "#iron_cover" },
        "east":  { "uv": [ 7, 6.5, 9, 7.625 ], "texture": "#iron_cover" }
    }
},
{
    "from": [ 1.4375, 8.875, 7 ],
    "to": [ 3.0625, 9.125, 9 ],
    "faces": {
        "down":  { "uv": [ 4.5, 0, 5.9375, 1.375 ], "texture": "#iron_cover" },
        "north": { "uv": [ 5.5, 0.5, 6.9375, 0.75 ], "texture": "#iron_cover" },
        "south": { "uv": [ 5.5, 0.5, 6.9375, 0.75 ], "texture": "#iron_cover" },
        "west":  { "uv": [ 4.75, 0, 6.125, 0.25 ], "texture": "#iron_cover" }
    }
},
{
    "from": [ 1, 10.625, 7.75 ],
    "to": [ 14.1875, 10.75, 8.25 ],
    "faces": {
        "down":  { "uv": [ 4.75, 0, 15.625, 0.5 ], "texture": "#iron_cover" },
        "up":    { "uv": [ 4.75, 0, 15.625, 0.5 ], "texture": "#iron_cover" },
        "north": { "uv": [ 15.625, 0, 4.75, 0.875 ], "texture": "#iron_cover" },
        "south": { "uv": [ 4.75, 0, 15.625, 0.875 ], "texture": "#iron_cover" },
        "west":  { "uv": [ 7.25, 6.875, 7.75, 7.75 ], "texture": "#iron_cover" },
        "east":  { "uv": [ 15.5, 0, 15, 0.875 ], "texture": "#iron_cover" }
    }
},
{
    "from": [ 6.5, 9.5, 7.375 ],
    "to": [ 8.5, 10.125, 7.75 ],
    "faces": {
        "up":    { "uv": [ 3.5, 0.125, 5.5, 0.5 ], "texture": "#iron_cover" },
        "north": { "uv": [ 3.875, 0.125, 5.875, 0.75 ], "texture": "#iron_cover" },
        "south": { "uv": [ 3.875, 0.125, 5.875, 0.75 ], "texture": "#iron_cover" },
        "west":  { "uv": [ 4, 0, 4.375, 0.625 ], "texture": "#iron_cover" },
        "east":  { "uv": [ 4, 0, 4.375, 0.625 ], "texture": "#iron_cover" }
    }
},
{
    "from": [ 14.0425, 8.26, 7 ],
    "to": [ 14.6675, 9.76, 7.625 ],
    "rotation": { "origin": [ 14.0425, 9.76, 7 ], "axis": "z", "angle": 22.5 },
    "faces": {
        "down":  { "uv": [ 15.25, 0, 15.875, 0.625 ], "texture": "#iron_cover" },
        "up":    { "uv": [ 15.25, 0, 15.875, 0.625 ], "texture": "#iron_cover" },
        "north": { "uv": [ 14.875, 0, 15.5, 1.5 ], "texture": "#iron_cover" },
        "south": { "uv": [ 14.875, 0, 15.5, 1.5 ], "texture": "#iron_cover" },
        "west":  { "uv": [ 15.375, 0, 16, 1.5 ], "texture": "#iron_cover" },
        "east":  { "uv": [ 15.375, 0, 16, 1.5 ], "texture": "#iron_cover" }
    }
},
{
    "from": [ 14.0425, 8.26, 8.375 ],
    "to": [ 14.6675, 9.76, 9 ],
    "rotation": { "origin": [ 14.0425, 9.76, 8.375 ], "axis": "z", "angle": 22.5 },
    "faces": {
        "down":  { "uv": [ 15.25, 0, 15.875, 0.625 ], "texture": "#iron_cover" },
        "up":    { "uv": [ 15.25, 0, 15.875, 0.625 ], "texture": "#iron_cover" },
        "north": { "uv": [ 14.875, 0, 15.5, 1.5 ], "texture": "#iron_cover" },
        "south": { "uv": [ 14.875, 0, 15.5, 1.5 ], "texture": "#iron_cover" },
        "west":  { "uv": [ 15.375, 0, 16, 1.5 ], "texture": "#iron_cover" },
        "east":  { "uv": [ 15.375, 0, 16, 1.5 ], "texture": "#iron_cover" }
    }
},
{
    "from": [ 14.375, 9.625, 8.375 ],
    "to": [ 14.625, 10, 9 ],
    "faces": {
        "down":  { "uv": [ 15.25, 0, 15.875, 0.625 ], "texture": "#iron_cover" },
        "up":    { "uv": [ 15.25, 0, 15.875, 0.625 ], "texture": "#iron_cover" },
        "north": { "uv": [ 14.875, 0, 15.5, 1.5 ], "texture": "#iron_cover" },
        "south": { "uv": [ 14.875, 0, 15.5, 1.5 ], "texture": "#iron_cover" },
        "east":  { "uv": [ 15.375, 0, 16, 1.5 ], "texture": "#iron_cover" }
    }
},
{
    "from": [ 14.375, 8.375, 8.375 ],
    "to": [ 15, 9, 9 ],
    "faces": {
        "down":  { "uv": [ 15.25, 0, 15.875, 0.625 ], "texture": "#iron_cover" },
        "up":    { "uv": [ 15.25, 0, 15.875, 0.625 ], "texture": "#iron_cover" },
        "north": { "uv": [ 14.875, 0, 15.5, 1.5 ], "texture": "#iron_cover" },
        "south": { "uv": [ 14.875, 0, 15.5, 1.5 ], "texture": "#iron_cover" },
        "west":  { "uv": [ 15.375, 0, 16, 1.5 ], "texture": "#iron_cover" },
        "east":  { "uv": [ 15.375, 0, 16, 1.5 ], "texture": "#iron_cover" }
    }
},
{
    "from": [ 15, 8.375, 8.375 ],
    "to": [ 15.1875, 8.625, 9 ],
    "faces": {
        "down":  { "uv": [ 15.25, 0, 15.875, 0.625 ], "texture": "#iron_cover" },
        "up":    { "uv": [ 15.25, 0, 15.875, 0.625 ], "texture": "#iron_cover" },
        "north": { "uv": [ 14.875, 0, 15.5, 1.5 ], "texture": "#iron_cover" },
        "south": { "uv": [ 14.875, 0, 15.5, 1.5 ], "texture": "#iron_cover" },
        "east":  { "uv": [ 15.375, 0, 16, 1.5 ], "texture": "#iron_cover" }
    }
},
{
    "from": [ 15, 8.375, 7 ],
    "to": [ 15.1875, 8.625, 7.625 ],
    "faces": {
        "down":  { "uv": [ 15.25, 0, 15.875, 0.625 ], "texture": "#iron_cover" },
        "up":    { "uv": [ 15.25, 0, 15.875, 0.625 ], "texture": "#iron_cover" },
        "north": { "uv": [ 14.875, 0, 15.5, 1.5 ], "texture": "#iron_cover" },
        "south": { "uv": [ 14.875, 0, 15.5, 1.5 ], "texture": "#iron_cover" },
        "east":  { "uv": [ 15.375, 0, 16, 1.5 ], "texture": "#iron_cover" }
    }
},
{
    "from": [ 14.375, 8.375, 7 ],
    "to": [ 15, 9, 7.625 ],
    "faces": {
        "down":  { "uv": [ 15.25, 0, 15.875, 0.625 ], "texture": "#iron_cover" },
        "up":    { "uv": [ 15.25, 0, 15.875, 0.625 ], "texture": "#iron_cover" },
        "north": { "uv": [ 14.875, 0, 15.5, 1.5 ], "texture": "#iron_cover" },
        "south": { "uv": [ 14.875, 0, 15.5, 1.5 ], "texture": "#iron_cover" },
        "west":  { "uv": [ 15.375, 0, 16, 1.5 ], "texture": "#iron_cover" },
        "east":  { "uv": [ 15.375, 0, 16, 1.5 ], "texture": "#iron_cover" }
    }
},
{
    "from": [ 14.375, 10, 7.125 ],
    "to": [ 14.5, 10.25, 7.625 ],
    "faces": {
        "down":  { "uv": [ 15.25, 0, 15.875, 0.625 ], "texture": "#iron_cover" },
        "up":    { "uv": [ 15.25, 0, 15.875, 0.625 ], "texture": "#iron_cover" },
        "north": { "uv": [ 14.875, 0, 15.5, 1.5 ], "texture": "#iron_cover" },
        "south": { "uv": [ 14.875, 0, 15.5, 1.5 ], "texture": "#iron_cover" },
        "west":  { "uv": [ 15.375, 0, 16, 1.5 ], "texture": "#iron_cover" },
        "east":  { "uv": [ 15.375, 0, 16, 1.5 ], "texture": "#iron_cover" }
    }
},
{
    "from": [ 14.375, 10, 8.375 ],
    "to": [ 14.5, 10.25, 8.875 ],
    "faces": {
        "up":    { "uv": [ 15.25, 0, 15.875, 0.625 ], "texture": "#iron_cover" },
        "north": { "uv": [ 14.875, 0, 15.5, 1.5 ], "texture": "#iron_cover" },
        "south": { "uv": [ 14.875, 0, 15.5, 1.5 ], "texture": "#iron_cover" },
        "east":  { "uv": [ 15.375, 0, 16, 1.5 ], "texture": "#iron_cover" }
    }
},
{
    "from": [ 14.5, 10, 8.375 ],
    "to": [ 14.625, 10.0625, 8.875 ],
    "faces": {
        "up":    { "uv": [ 15.25, 0, 15.875, 0.625 ], "texture": "#iron_cover" },
        "north": { "uv": [ 14.875, 0, 15.5, 1.5 ], "texture": "#iron_cover" },
        "south": { "uv": [ 14.875, 0, 15.5, 1.5 ], "texture": "#iron_cover" },
        "east":  { "uv": [ 15.375, 0, 16, 1.5 ], "texture": "#iron_cover" }
    }
},
{
    "from": [ 14.5, 10, 7.125 ],
    "to": [ 14.625, 10.0625, 7.625 ],
    "faces": {
        "down":  { "uv": [ 15.25, 0, 15.875, 0.625 ], "texture": "#iron_cover" },
        "up":    { "uv": [ 15.25, 0, 15.875, 0.625 ], "texture": "#iron_cover" },
        "north": { "uv": [ 14.875, 0, 15.5, 1.5 ], "texture": "#iron_cover" },
        "south": { "uv": [ 14.875, 0, 15.5, 1.5 ], "texture": "#iron_cover" },
        "east":  { "uv": [ 15.375, 0, 16, 1.5 ], "texture": "#iron_cover" }
    }
},
{
    "from": [ 14.375, 9.875, 7.5 ],
    "to": [ 14.625, 10, 7.625 ],
    "faces": {
        "down":  { "uv": [ 15.25, 0, 15.875, 0.625 ], "texture": "#iron_cover" },
        "up":    { "uv": [ 15.25, 0, 15.875, 0.625 ], "texture": "#iron_cover" },
        "south": { "uv": [ 14.875, 0, 15.5, 1.5 ], "texture": "#iron_cover" },
        "east":  { "uv": [ 15.375, 0, 16, 1.5 ], "texture": "#iron_cover" }
    }
},
{
    "from": [ 14, 10.25, 7.375 ],
    "to": [ 14.3125, 10.5, 8.625 ],
    "faces": {
        "down":  { "uv": [ 15.25, 0, 15.875, 0.625 ], "texture": "#iron_cover" },
        "up":    { "uv": [ 15.25, 0, 15.875, 0.625 ], "texture": "#iron_cover" },
        "north": { "uv": [ 14.875, 0, 15.5, 1.5 ], "texture": "#iron_cover" },
        "south": { "uv": [ 14.875, 0, 15.5, 1.5 ], "texture": "#iron_cover" },
        "west":  { "uv": [ 15.375, 0, 16, 1.5 ], "texture": "#iron_cover" },
        "east":  { "uv": [ 15.375, 0, 16, 1.5 ], "texture": "#iron_cover" }
    }
},
{
    "from": [ 14, 10.1875, 8.625 ],
    "to": [ 14.3125, 10.375, 8.75 ],
    "faces": {
        "down":  { "uv": [ 15.25, 0, 15.875, 0.625 ], "texture": "#iron_cover" },
        "up":    { "uv": [ 15.25, 0, 15.875, 0.625 ], "texture": "#iron_cover" },
        "north": { "uv": [ 14.875, 0, 15.5, 1.5 ], "texture": "#iron_cover" },
        "south": { "uv": [ 14.875, 0, 15.5, 1.5 ], "texture": "#iron_cover" },
        "west":  { "uv": [ 15.375, 0, 16, 1.5 ], "texture": "#iron_cover" },
        "east":  { "uv": [ 15.375, 0, 16, 1.5 ], "texture": "#iron_cover" }
    }
},
{
    "from": [ 14, 10.1875, 7.25 ],
    "to": [ 14.3125, 10.375, 7.375 ],
    "faces": {
        "down":  { "uv": [ 15.25, 0, 15.875, 0.625 ], "texture": "#iron_cover" },
        "up":    { "uv": [ 15.25, 0, 15.875, 0.625 ], "texture": "#iron_cover" },
        "north": { "uv": [ 14.875, 0, 15.5, 1.5 ], "texture": "#iron_cover" },
        "south": { "uv": [ 14.875, 0, 15.5, 1.5 ], "texture": "#iron_cover" },
        "west":  { "uv": [ 15.375, 0, 16, 1.5 ], "texture": "#iron_cover" },
        "east":  { "uv": [ 15.375, 0, 16, 1.5 ], "texture": "#iron_cover" }
    }
},
{
    "from": [ 14.3125, 10.25, 7.25 ],
    "to": [ 14.375, 10.375, 8.75 ],
    "faces": {
        "down":  { "uv": [ 15.25, 0, 15.875, 0.625 ], "texture": "#iron_cover" },
        "up":    { "uv": [ 15.25, 0, 15.875, 0.625 ], "texture": "#iron_cover" },
        "north": { "uv": [ 14.875, 0, 15.5, 1.5 ], "texture": "#iron_cover" },
        "south": { "uv": [ 14.875, 0, 15.5, 1.5 ], "texture": "#iron_cover" },
        "west":  { "uv": [ 15.375, 0, 16, 1.5 ], "texture": "#iron_cover" },
        "east":  { "uv": [ 15.375, 0, 16, 1.5 ], "texture": "#iron_cover" }
    }
},
{
    "from": [ 14, 10.5, 7.5 ],
    "to": [ 14.25, 10.625, 8.5 ],
    "faces": {
        "up":    { "uv": [ 15.25, 0, 15.875, 0.625 ], "texture": "#iron_cover" },
        "north": { "uv": [ 14.875, 0, 15.5, 1.5 ], "texture": "#iron_cover" },
        "south": { "uv": [ 14.875, 0, 15.5, 1.5 ], "texture": "#iron_cover" },
        "east":  { "uv": [ 15.375, 0, 16, 1.5 ], "texture": "#iron_cover" }
    }
},
{
    "from": [ 4, 7.625, 7.3125 ],
    "to": [ 15.1875, 8.385, 8.6875 ],
    "faces": {
        "down":  { "uv": [ 4.375, 0, 15.625, 0.75 ], "texture": "#iron_cover" },
        "up":    { "uv": [ 4.375, 0, 15.625, 0.75 ], "texture": "#iron_cover" },
        "north": { "uv": [ 15.875, 0, 6, 0.875 ], "texture": "#iron_cover" },
        "south": { "uv": [ 6, 0, 15.875, 0.875 ], "texture": "#iron_cover" },
        "west":  { "uv": [ 7, 6.5, 9, 7.625 ], "texture": "#iron_cover" },
        "east":  { "uv": [ 7, 6.5, 9, 7.625 ], "texture": "#iron_cover" }
    }
},
{
    "from": [ 2.5625, 8.125, 7.3125 ],
    "to": [ 4, 8.375, 8.6875 ],
    "faces": {
        "down":  { "uv": [ 4.5, 0, 5.9375, 1.375 ], "texture": "#iron_cover" },
        "up":    { "uv": [ 4.5, 0, 5.9375, 1.375 ], "texture": "#iron_cover" },
        "north": { "uv": [ 5.5, 0.5, 6.9375, 0.75 ], "texture": "#iron_cover" },
        "south": { "uv": [ 5.5, 0.5, 6.9375, 0.75 ], "texture": "#iron_cover" },
        "west":  { "uv": [ 4.75, 0, 6.125, 0.25 ], "texture": "#iron_cover" }
    }
},
{
    "from": [ 9.75, 7.625, 7.125 ],
    "to": [ 13.8125, 8.375, 8.625 ],
    "faces": {
        "down":  { "uv": [ 7.875, 10.25, 10.125, 10.875 ], "texture": "#normal_gun_texture" },
        "north": { "uv": [ 7.5, 10.625, 8.25, 12.375 ], "rotation": 90, "texture": "#normal_gun_texture" },
        "west":  { "uv": [ 7.75, 10.5, 9.5, 10.9375 ], "texture": "#normal_gun_texture" },
        "east":  { "uv": [ 7.75, 10.5, 9.5, 10.9375 ], "texture": "#normal_gun_texture" }
    }
},
{
    "from": [ 9.8125, 7.1875, 7.125 ],
    "to": [ 13.8125, 7.625, 8.625 ],
    "faces": {
        "down":  { "uv": [ 7.875, 10.25, 10.125, 10.875 ], "texture": "#normal_gun_texture" },
        "north": { "uv": [ 7.5, 10.625, 8.25, 12.375 ], "rotation": 90, "texture": "#normal_gun_texture" },
        "south": { "uv": [ 7.5, 10.625, 8.25, 12.375 ], "rotation": 90, "texture": "#normal_gun_texture" },
        "west":  { "uv": [ 7.75, 10.5, 9.5, 10.9375 ], "texture": "#normal_gun_texture" },
        "east":  { "uv": [ 7.75, 10.5, 9.5, 10.9375 ], "texture": "#normal_gun_texture" }
    }
},
{
    "from": [ 9.875, 6.75, 7.125 ],
    "to": [ 13.9375, 7.1875, 8.625 ],
    "faces": {
        "down":  { "uv": [ 7.875, 10.25, 10.125, 10.875 ], "texture": "#normal_gun_texture" },
        "up":    { "uv": [ 7.875, 10.25, 10.125, 10.875 ], "texture": "#normal_gun_texture" },
        "north": { "uv": [ 7.5, 10.625, 8.25, 12.375 ], "rotation": 90, "texture": "#normal_gun_texture" },
        "west":  { "uv": [ 7.75, 10.5, 9.5, 10.9375 ], "texture": "#normal_gun_texture" },
        "east":  { "uv": [ 7.75, 10.5, 9.5, 10.9375 ], "texture": "#normal_gun_texture" }
    }
},
{
    "from": [ 9.9375, 6.3125, 7.125 ],
    "to": [ 14.0625, 6.75, 8.875 ],
    "faces": {
        "down":  { "uv": [ 7.875, 10.25, 10.125, 10.875 ], "texture": "#normal_gun_texture" },
        "up":    { "uv": [ 7.875, 10.25, 10.125, 10.875 ], "texture": "#normal_gun_texture" },
        "north": { "uv": [ 7.5, 10.625, 8.25, 12.375 ], "rotation": 90, "texture": "#normal_gun_texture" },
        "south": { "uv": [ 7.5, 10.625, 8.25, 12.375 ], "rotation": 90, "texture": "#normal_gun_texture" },
        "west":  { "uv": [ 7.75, 10.5, 9.5, 10.9375 ], "texture": "#normal_gun_texture" },
        "east":  { "uv": [ 7.75, 10.5, 9.5, 10.9375 ], "texture": "#normal_gun_texture" }
    }
},
{
    "from": [ 10, 5.875, 7.125 ],
    "to": [ 14.1875, 6.3125, 8.625 ],
    "faces": {
        "down":  { "uv": [ 7.875, 10.25, 10.125, 10.875 ], "texture": "#normal_gun_texture" },
        "up":    { "uv": [ 7.875, 10.25, 10.125, 10.875 ], "texture": "#normal_gun_texture" },
        "north": { "uv": [ 7.5, 10.625, 8.25, 12.375 ], "rotation": 90, "texture": "#normal_gun_texture" },
        "west":  { "uv": [ 7.75, 10.5, 9.5, 10.9375 ], "texture": "#normal_gun_texture" },
        "east":  { "uv": [ 7.75, 10.5, 9.5, 10.9375 ], "texture": "#normal_gun_texture" }
    }
},
{
    "from": [ 10.0625, 5.4375, 7.125 ],
    "to": [ 14.375, 5.875, 8.625 ],
    "faces": {
        "down":  { "uv": [ 7.875, 10.25, 10.125, 10.875 ], "texture": "#normal_gun_texture" },
        "up":    { "uv": [ 7.875, 10.25, 10.125, 10.875 ], "texture": "#normal_gun_texture" },
        "north": { "uv": [ 7.5, 10.625, 8.25, 12.375 ], "rotation": 90, "texture": "#normal_gun_texture" },
        "west":  { "uv": [ 7.75, 10.5, 9.5, 10.9375 ], "texture": "#normal_gun_texture" },
        "east":  { "uv": [ 7.75, 10.5, 9.5, 10.9375 ], "texture": "#normal_gun_texture" }
    }
},
{
    "from": [ 10.125, 5, 7.125 ],
    "to": [ 14.5, 5.4375, 8.625 ],
    "faces": {
        "down":  { "uv": [ 7.875, 10.25, 10.125, 10.875 ], "texture": "#normal_gun_texture" },
        "up":    { "uv": [ 7.875, 10.25, 10.125, 10.875 ], "texture": "#normal_gun_texture" },
        "north": { "uv": [ 7.5, 10.625, 8.25, 12.375 ], "rotation": 90, "texture": "#normal_gun_texture" },
        "west":  { "uv": [ 7.75, 10.5, 9.5, 10.9375 ], "texture": "#normal_gun_texture" },
        "east":  { "uv": [ 7.75, 10.5, 9.5, 10.9375 ], "texture": "#normal_gun_texture" }
    }
},
{
    "from": [ 10.1875, 4.5625, 7.125 ],
    "to": [ 14.6875, 5, 8.875 ],
    "faces": {
        "down":  { "uv": [ 7.875, 10.25, 10.125, 10.875 ], "texture": "#normal_gun_texture" },
        "up":    { "uv": [ 7.875, 10.25, 10.125, 10.875 ], "texture": "#normal_gun_texture" },
        "north": { "uv": [ 7.5, 10.625, 8.25, 12.375 ], "rotation": 90, "texture": "#normal_gun_texture" },
        "south": { "uv": [ 7.5, 10.625, 8.25, 12.375 ], "rotation": 90, "texture": "#normal_gun_texture" },
        "west":  { "uv": [ 7.75, 10.5, 9.5, 10.9375 ], "texture": "#normal_gun_texture" },
        "east":  { "uv": [ 7.75, 10.5, 9.5, 10.9375 ], "texture": "#normal_gun_texture" }
    }
},
{
    "from": [ 10.25, 4.125, 7.125 ],
    "to": [ 14.8125, 4.5625, 8.875 ],
    "faces": {
        "down":  { "uv": [ 7.875, 10.25, 10.125, 10.875 ], "texture": "#normal_gun_texture" },
        "up":    { "uv": [ 7.875, 10.25, 10.125, 10.875 ], "texture": "#normal_gun_texture" },
        "north": { "uv": [ 7.5, 10.625, 8.25, 12.375 ], "rotation": 90, "texture": "#normal_gun_texture" },
        "south": { "uv": [ 7.5, 10.625, 8.25, 12.375 ], "rotation": 90, "texture": "#normal_gun_texture" },
        "west":  { "uv": [ 7.75, 10.5, 9.5, 10.9375 ], "texture": "#normal_gun_texture" },
        "east":  { "uv": [ 7.75, 10.5, 9.5, 10.9375 ], "texture": "#normal_gun_texture" }
    }
},
{
    "from": [ 10.3125, 3.6875, 7.125 ],
    "to": [ 14.9375, 4.125, 8.875 ],
    "faces": {
        "down":  { "uv": [ 7.875, 10.25, 10.125, 10.875 ], "texture": "#normal_gun_texture" },
        "up":    { "uv": [ 7.875, 10.25, 10.125, 10.875 ], "texture": "#normal_gun_texture" },
        "north": { "uv": [ 7.5, 10.625, 8.25, 12.375 ], "rotation": 90, "texture": "#normal_gun_texture" },
        "south": { "uv": [ 7.5, 10.625, 8.25, 12.375 ], "rotation": 90, "texture": "#normal_gun_texture" },
        "west":  { "uv": [ 7.75, 10.5, 9.5, 10.9375 ], "texture": "#normal_gun_texture" },
        "east":  { "uv": [ 7.75, 10.5, 9.5, 10.9375 ], "texture": "#normal_gun_texture" }
    }
},
{
    "from": [ 10.375, 3.25, 7.125 ],
    "to": [ 15, 3.6875, 8.875 ],
    "faces": {
        "down":  { "uv": [ 7.875, 10.25, 10.125, 10.875 ], "texture": "#normal_gun_texture" },
        "up":    { "uv": [ 7.875, 10.25, 10.125, 10.875 ], "texture": "#normal_gun_texture" },
        "north": { "uv": [ 7.5, 10.625, 8.25, 12.375 ], "rotation": 90, "texture": "#normal_gun_texture" },
        "south": { "uv": [ 7.5, 10.625, 8.25, 12.375 ], "rotation": 90, "texture": "#normal_gun_texture" },
        "west":  { "uv": [ 7.75, 10.5, 9.5, 10.9375 ], "texture": "#normal_gun_texture" },
        "east":  { "uv": [ 7.75, 10.5, 9.5, 10.9375 ], "texture": "#normal_gun_texture" }
    }
},
{
    "from": [ 10.4375, 2.8125, 7.125 ],
    "to": [ 15.0625, 3.25, 8.875 ],
    "faces": {
        "down":  { "uv": [ 7.875, 10.25, 10.125, 10.875 ], "texture": "#normal_gun_texture" },
        "up":    { "uv": [ 7.875, 10.25, 10.125, 10.875 ], "texture": "#normal_gun_texture" },
        "north": { "uv": [ 7.5, 10.625, 8.25, 12.375 ], "rotation": 90, "texture": "#normal_gun_texture" },
        "south": { "uv": [ 7.5, 10.625, 8.25, 12.375 ], "rotation": 90, "texture": "#normal_gun_texture" },
        "west":  { "uv": [ 7.75, 10.5, 9.5, 10.9375 ], "texture": "#normal_gun_texture" },
        "east":  { "uv": [ 7.75, 10.5, 9.5, 10.9375 ], "texture": "#normal_gun_texture" }
    }
},
{
    "from": [ 10.5, 2.375, 7.125 ],
    "to": [ 15.0625, 2.8125, 8.875 ],
    "faces": {
        "down":  { "uv": [ 7.875, 10.25, 10.125, 10.875 ], "texture": "#normal_gun_texture" },
        "north": { "uv": [ 7.5, 10.625, 8.25, 12.375 ], "rotation": 90, "texture": "#normal_gun_texture" },
        "south": { "uv": [ 7.5, 10.625, 8.25, 12.375 ], "rotation": 90, "texture": "#normal_gun_texture" },
        "west":  { "uv": [ 7.75, 10.5, 9.5, 10.9375 ], "texture": "#normal_gun_texture" },
        "east":  { "uv": [ 7.75, 10.5, 9.5, 10.9375 ], "texture": "#normal_gun_texture" }
    }
},
{
    "from": [ 10.5625, 1.9375, 7.125 ],
    "to": [ 15.125, 2.375, 8.875 ],
    "faces": {
        "down":  { "uv": [ 7.875, 10.25, 10.125, 10.875 ], "texture": "#normal_gun_texture" },
        "up":    { "uv": [ 7.875, 10.25, 10.125, 10.875 ], "texture": "#normal_gun_texture" },
        "north": { "uv": [ 7.5, 10.625, 8.25, 12.375 ], "rotation": 90, "texture": "#normal_gun_texture" },
        "south": { "uv": [ 7.5, 10.625, 8.25, 12.375 ], "rotation": 90, "texture": "#normal_gun_texture" },
        "west":  { "uv": [ 7.75, 10.5, 9.5, 10.9375 ], "texture": "#normal_gun_texture" },
        "east":  { "uv": [ 7.75, 10.5, 9.5, 10.9375 ], "texture": "#normal_gun_texture" }
    }
},
{
    "from": [ 10.625, 1.5625, 7.125 ],
    "to": [ 15.125, 1.9375, 8.875 ],
    "faces": {
        "down":  { "uv": [ 7.875, 10.25, 10.125, 10.875 ], "texture": "#normal_gun_texture" },
        "north": { "uv": [ 7.5, 10.625, 9, 10.75 ], "rotation": 90, "texture": "#normal_gun_texture" },
        "south": { "uv": [ 7.5, 10.625, 9, 10.75 ], "rotation": 90, "texture": "#normal_gun_texture" },
        "west":  { "uv": [ 7.75, 10.5, 9.5, 10.9375 ], "texture": "#normal_gun_texture" },
        "east":  { "uv": [ 7.75, 10.5, 9.5, 10.9375 ], "texture": "#normal_gun_texture" }
    }
},
{
    "from": [ 1.8125, 8.625, 7 ],
    "to": [ 3.0625, 8.875, 9 ],
    "faces": {
        "down":  { "uv": [ 4.5, 0, 5.9375, 1.375 ], "texture": "#iron_cover" },
        "north": { "uv": [ 5.5, 0.5, 6.9375, 0.75 ], "texture": "#iron_cover" },
        "south": { "uv": [ 5.5, 0.5, 6.9375, 0.75 ], "texture": "#iron_cover" },
        "west":  { "uv": [ 4.75, 0, 6.125, 0.25 ], "texture": "#iron_cover" }
    }
},
{
    "from": [ 2.1875, 8.375, 7 ],
    "to": [ 3.0625, 8.625, 9 ],
    "faces": {
        "down":  { "uv": [ 4.5, 0, 5.9375, 1.375 ], "texture": "#iron_cover" },
        "north": { "uv": [ 5.5, 0.5, 6.9375, 0.75 ], "texture": "#iron_cover" },
        "south": { "uv": [ 5.5, 0.5, 6.9375, 0.75 ], "texture": "#iron_cover" },
        "west":  { "uv": [ 4.75, 0, 6.125, 0.25 ], "texture": "#iron_cover" }
    }
},
{
    "from": [ 1.25, 9, 7 ],
    "to": [ 1.4375, 9.125, 9 ],
    "faces": {
        "down":  { "uv": [ 4.5, 0, 5.9375, 1.375 ], "texture": "#iron_cover" },
        "north": { "uv": [ 5.5, 0.5, 6.9375, 0.75 ], "texture": "#iron_cover" },
        "south": { "uv": [ 5.5, 0.5, 6.9375, 0.75 ], "texture": "#iron_cover" },
        "west":  { "uv": [ 4.75, 0, 6.125, 0.25 ], "texture": "#iron_cover" }
    }
},
{
    "from": [ 1.625, 8.75, 7 ],
    "to": [ 1.8125, 8.875, 9 ],
    "faces": {
        "down":  { "uv": [ 4.5, 0, 5.9375, 1.375 ], "texture": "#iron_cover" },
        "north": { "uv": [ 5.5, 0.5, 6.9375, 0.75 ], "texture": "#iron_cover" },
        "south": { "uv": [ 5.5, 0.5, 6.9375, 0.75 ], "texture": "#iron_cover" },
        "west":  { "uv": [ 4.75, 0, 6.125, 0.25 ], "texture": "#iron_cover" }
    }
},
{
    "from": [ 2, 8.5, 7 ],
    "to": [ 2.1875, 8.625, 9 ],
    "faces": {
        "down":  { "uv": [ 4.5, 0, 5.9375, 1.375 ], "texture": "#iron_cover" },
        "north": { "uv": [ 5.5, 0.5, 6.9375, 0.75 ], "texture": "#iron_cover" },
        "south": { "uv": [ 5.5, 0.5, 6.9375, 0.75 ], "texture": "#iron_cover" },
        "west":  { "uv": [ 4.75, 0, 6.125, 0.25 ], "texture": "#iron_cover" }
    }
},
{
    "from": [ 2.375, 8.25, 7.3125 ],
    "to": [ 2.5625, 8.375, 8.6875 ],
    "faces": {
        "down":  { "uv": [ 4.5, 0, 5.9375, 1.375 ], "texture": "#iron_cover" },
        "north": { "uv": [ 5.5, 0.5, 6.9375, 0.75 ], "texture": "#iron_cover" },
        "south": { "uv": [ 5.5, 0.5, 6.9375, 0.75 ], "texture": "#iron_cover" },
        "west":  { "uv": [ 4.75, 0, 6.125, 0.25 ], "texture": "#iron_cover" }
    }
},
{
    "from": [ 2.9375, 7.875, 7.3125 ],
    "to": [ 4, 8.125, 8.6875 ],
    "faces": {
        "down":  { "uv": [ 4.5, 0, 5.9375, 1.375 ], "texture": "#iron_cover" },
        "north": { "uv": [ 5.5, 0.5, 6.9375, 0.75 ], "texture": "#iron_cover" },
        "south": { "uv": [ 5.5, 0.5, 6.9375, 0.75 ], "texture": "#iron_cover" },
        "west":  { "uv": [ 4.75, 0, 6.125, 0.25 ], "texture": "#iron_cover" }
    }
},
{
    "from": [ 2.75, 8, 7.3125 ],
    "to": [ 2.9375, 8.125, 8.6875 ],
    "faces": {
        "down":  { "uv": [ 4.5, 0, 5.9375, 1.375 ], "texture": "#iron_cover" },
        "north": { "uv": [ 5.5, 0.5, 6.9375, 0.75 ], "texture": "#iron_cover" },
        "south": { "uv": [ 5.5, 0.5, 6.9375, 0.75 ], "texture": "#iron_cover" },
        "west":  { "uv": [ 4.75, 0, 6.125, 0.25 ], "texture": "#iron_cover" }
    }
},
{
    "from": [ 3.125, 7.75, 7.3125 ],
    "to": [ 3.3125, 7.875, 8.6875 ],
    "faces": {
        "down":  { "uv": [ 4.5, 0, 5.9375, 1.375 ], "texture": "#iron_cover" },
        "north": { "uv": [ 5.5, 0.5, 6.9375, 0.75 ], "texture": "#iron_cover" },
        "south": { "uv": [ 5.5, 0.5, 6.9375, 0.75 ], "texture": "#iron_cover" },
        "west":  { "uv": [ 4.75, 0, 6.125, 0.25 ], "texture": "#iron_cover" }
    }
},
{
    "from": [ 3.3125, 7.625, 7.3125 ],
    "to": [ 4, 7.875, 8.6875 ],
    "faces": {
        "down":  { "uv": [ 4.5, 0, 5.9375, 1.375 ], "texture": "#iron_cover" },
        "north": { "uv": [ 5.5, 0.5, 6.9375, 0.75 ], "texture": "#iron_cover" },
        "south": { "uv": [ 5.5, 0.5, 6.9375, 0.75 ], "texture": "#iron_cover" },
        "west":  { "uv": [ 4.75, 0, 6.125, 0.25 ], "texture": "#iron_cover" }
    }
},
{
    "from": [ 13.8125, 7.75, 7.125 ],
    "to": [ 15.0625, 8.375, 8.875 ],
    "faces": {
        "down":  { "uv": [ 7.875, 10.25, 10.125, 10.875 ], "texture": "#normal_gun_texture" },
        "up":    { "uv": [ 7.875, 10.25, 10.125, 10.875 ], "texture": "#normal_gun_texture" },
        "north": { "uv": [ 7.5, 10.375, 8.5, 10.875 ], "texture": "#normal_gun_texture" },
        "south": { "uv": [ 7.5, 10.375, 8.5, 10.875 ], "texture": "#normal_gun_texture" },
        "west":  { "uv": [ 7.75, 10.5, 9.5, 10.9375 ], "texture": "#normal_gun_texture" },
        "east":  { "uv": [ 7.75, 10.5, 9.5, 10.9375 ], "texture": "#normal_gun_texture" }
    }
},
{
    "from": [ 13.9375, 7.34375, 7.125 ],
    "to": [ 14.875, 7.96875, 8.875 ],
    "rotation": { "origin": [ 13.9375, 7.96875, 7.125 ], "axis": "z", "angle": 22.5 },
    "faces": {
        "down":  { "uv": [ 7.875, 10.25, 10.125, 10.875 ], "texture": "#normal_gun_texture" },
        "up":    { "uv": [ 7.875, 10.25, 10.125, 10.875 ], "texture": "#normal_gun_texture" },
        "north": { "uv": [ 7.5, 10.375, 8.5, 10.875 ], "texture": "#normal_gun_texture" },
        "south": { "uv": [ 7.5, 10.375, 8.5, 10.875 ], "texture": "#normal_gun_texture" },
        "west":  { "uv": [ 7.75, 10.5, 9.5, 10.9375 ], "texture": "#normal_gun_texture" },
        "east":  { "uv": [ 7.75, 10.5, 9.5, 10.9375 ], "texture": "#normal_gun_texture" }
    }
},
{
    "from": [ 13.6875, 7, 7.125 ],
    "to": [ 14.3125, 7.875, 8.875 ],
    "rotation": { "origin": [ 13.6875, 7.875, 7.125 ], "axis": "z", "angle": -22.5 },
    "faces": {
        "down":  { "uv": [ 7.875, 10.25, 10.125, 10.875 ], "texture": "#normal_gun_texture" },
        "up":    { "uv": [ 7.875, 10.25, 10.125, 10.875 ], "texture": "#normal_gun_texture" },
        "north": { "uv": [ 7.5, 10.375, 8.5, 10.875 ], "texture": "#normal_gun_texture" },
        "south": { "uv": [ 7.5, 10.375, 8.5, 10.875 ], "texture": "#normal_gun_texture" },
        "west":  { "uv": [ 7.75, 10.5, 9.5, 10.9375 ], "texture": "#normal_gun_texture" },
        "east":  { "uv": [ 7.75, 10.5, 9.5, 10.9375 ], "texture": "#normal_gun_texture" }
    }
},
{
    "from": [ 15.1838, 7.625, 7.3125 ],
    "to": [ 16.0588, 7.6875, 8.6875 ],
    "faces": {
        "down":  { "uv": [ 7.875, 10.25, 10.125, 10.875 ], "texture": "#iron_cover" },
        "up":    { "uv": [ 7.875, 10.25, 10.125, 10.875 ], "texture": "#iron_cover" },
        "north": { "uv": [ 7.5, 10.375, 8.5, 10.875 ], "texture": "#iron_cover" },
        "south": { "uv": [ 7.5, 10.375, 8.5, 10.875 ], "texture": "#iron_cover" },
        "west":  { "uv": [ 7.75, 10.5, 9.5, 10.9375 ], "texture": "#iron_cover" },
        "east":  { "uv": [ 7.75, 10.5, 9.5, 10.9375 ], "texture": "#iron_cover" }
    }
},
{
    "from": [ 15.0938, 7.59375, 7.3125 ],
    "to": [ 15.1938, 8.34375, 8.6875 ],
    "rotation": { "origin": [ 15.0938, 8.34375, 7.3125 ], "axis": "z", "angle": 45 },
    "faces": {
        "down":  { "uv": [ 7.875, 10.25, 10.125, 10.875 ], "texture": "#iron_cover" },
        "up":    { "uv": [ 7.875, 10.25, 10.125, 10.875 ], "texture": "#iron_cover" },
        "north": { "uv": [ 7.5, 10.375, 8.5, 10.875 ], "texture": "#iron_cover" },
        "south": { "uv": [ 7.5, 10.375, 8.5, 10.875 ], "texture": "#iron_cover" },
        "west":  { "uv": [ 7.75, 10.5, 9.5, 10.9375 ], "texture": "#iron_cover" },
        "east":  { "uv": [ 7.75, 10.5, 9.5, 10.9375 ], "texture": "#iron_cover" }
    }
},
{
    "from": [ 13.9375, 7.0625, 7.3125 ],
    "to": [ 15.375, 7.3125, 8.6875 ],
    "rotation": { "origin": [ 13.9375, 7.3125, 7.3125 ], "axis": "z", "angle": 22.5 },
    "faces": {
        "down":  { "uv": [ 7.875, 10.25, 10.125, 10.875 ], "texture": "#iron_cover" },
        "up":    { "uv": [ 7.875, 10.25, 10.125, 10.875 ], "texture": "#iron_cover" },
        "north": { "uv": [ 7.5, 10.375, 8.5, 10.875 ], "texture": "#iron_cover" },
        "south": { "uv": [ 7.5, 10.375, 8.5, 10.875 ], "texture": "#iron_cover" },
        "west":  { "uv": [ 7.75, 10.5, 9.5, 10.9375 ], "texture": "#iron_cover" },
        "east":  { "uv": [ 7.75, 10.5, 9.5, 10.9375 ], "texture": "#iron_cover" }
    }
},
{
    "from": [ 15.1875, 7.65625, 7.3125 ],
    "to": [ 15.25, 7.71875, 8.6875 ],
    "faces": {
        "down":  { "uv": [ 7.875, 10.25, 10.125, 10.875 ], "texture": "#iron_cover" },
        "up":    { "uv": [ 7.875, 10.25, 10.125, 10.875 ], "texture": "#iron_cover" },
        "north": { "uv": [ 7.5, 10.375, 8.5, 10.875 ], "texture": "#iron_cover" },
        "south": { "uv": [ 7.5, 10.375, 8.5, 10.875 ], "texture": "#iron_cover" },
        "east":  { "uv": [ 7.75, 10.5, 9.5, 10.9375 ], "texture": "#iron_cover" }
    }
},
{
    "from": [ 14.625, 9.4375, 7.625 ],
    "to": [ 15, 9.9375, 8.375 ],
    "faces": {
        "down":  { "uv": [ 4, 0, 6.25, 0.625 ], "texture": "#iron_cover" },
        "up":    { "uv": [ 4, 0, 6.25, 0.625 ], "texture": "#iron_cover" },
        "north": { "uv": [ 5.625, 0, 6.625, 0.5 ], "texture": "#iron_cover" },
        "south": { "uv": [ 5.625, 0, 6.625, 0.5 ], "texture": "#iron_cover" },
        "west":  { "uv": [ 5.125, 0, 6.875, 0.4375 ], "texture": "#iron_cover" },
        "east":  { "uv": [ 5.125, 0, 6.875, 0.4375 ], "texture": "#iron_cover" }
    }
},
{
    "from": [ 14.8125, 9.9375, 7.625 ],
    "to": [ 15.25, 10.125, 8.375 ],
    "faces": {
        "down":  { "uv": [ 4, 0, 6.25, 0.625 ], "texture": "#iron_cover" },
        "up":    { "uv": [ 4, 0, 6.25, 0.625 ], "texture": "#iron_cover" },
        "north": { "uv": [ 5.625, 0, 6.625, 0.5 ], "texture": "#iron_cover" },
        "south": { "uv": [ 5.625, 0, 6.625, 0.5 ], "texture": "#iron_cover" },
        "west":  { "uv": [ 5.125, 0, 6.875, 0.4375 ], "texture": "#iron_cover" },
        "east":  { "uv": [ 5.125, 0, 6.875, 0.4375 ], "texture": "#iron_cover" }
    }
},
{
    "from": [ 15, 9.4375, 7.625 ],
    "to": [ 15.1875, 9.75, 8.375 ],
    "faces": {
        "down":  { "uv": [ 4, 0, 6.25, 0.625 ], "texture": "#iron_cover" },
        "up":    { "uv": [ 4, 0, 6.25, 0.625 ], "texture": "#iron_cover" },
        "north": { "uv": [ 5.625, 0, 6.625, 0.5 ], "texture": "#iron_cover" },
        "south": { "uv": [ 5.625, 0, 6.625, 0.5 ], "texture": "#iron_cover" },
        "east":  { "uv": [ 5.125, 0, 6.875, 0.4375 ], "texture": "#iron_cover" }
    }
},
{
    "from": [ 15.1875, 9.625, 7.625 ],
    "to": [ 15.375, 9.9375, 8.375 ],
    "faces": {
        "down":  { "uv": [ 4, 0, 6.25, 0.625 ], "texture": "#iron_cover" },
        "up":    { "uv": [ 4, 0, 6.25, 0.625 ], "texture": "#iron_cover" },
        "north": { "uv": [ 5.625, 0, 6.625, 0.5 ], "texture": "#iron_cover" },
        "south": { "uv": [ 5.625, 0, 6.625, 0.5 ], "texture": "#iron_cover" },
        "west":  { "uv": [ 5.125, 0, 6.875, 0.4375 ], "texture": "#iron_cover" },
        "east":  { "uv": [ 5.125, 0, 6.875, 0.4375 ], "texture": "#iron_cover" }
    }
},
{
    "from": [ 15.25, 9.9375, 7.625 ],
    "to": [ 15.3125, 10.0625, 8.375 ],
    "faces": {
        "up":    { "uv": [ 4, 0, 6.25, 0.625 ], "texture": "#iron_cover" },
        "north": { "uv": [ 5.625, 0, 6.625, 0.5 ], "texture": "#iron_cover" },
        "south": { "uv": [ 5.625, 0, 6.625, 0.5 ], "texture": "#iron_cover" },
        "east":  { "uv": [ 5.125, 0, 6.875, 0.4375 ], "texture": "#iron_cover" }
    }
},
{
    "from": [ 14.6875, 9.0625, 7.625 ],
    "to": [ 15.0625, 9.6875, 8.375 ],
    "rotation": { "origin": [ 14.6875, 9.6875, 7.625 ], "axis": "z", "angle": -45 },
    "faces": {
        "down":  { "uv": [ 4, 0, 6.25, 0.625 ], "texture": "#iron_cover" },
        "up":    { "uv": [ 4, 0, 6.25, 0.625 ], "texture": "#iron_cover" },
        "north": { "uv": [ 5.625, 0, 6.625, 0.5 ], "texture": "#iron_cover" },
        "south": { "uv": [ 5.625, 0, 6.625, 0.5 ], "texture": "#iron_cover" },
        "west":  { "uv": [ 5.125, 0, 6.875, 0.4375 ], "texture": "#iron_cover" },
        "east":  { "uv": [ 5.125, 0, 6.875, 0.4375 ], "texture": "#iron_cover" }
    }
},
{
    "from": [ 15.1875, 9.5, 7.625 ],
    "to": [ 15.3125, 9.625, 8.375 ],
    "faces": {
        "down":  { "uv": [ 4, 0, 6.25, 0.625 ], "texture": "#iron_cover" },
        "north": { "uv": [ 5.625, 0, 6.625, 0.5 ], "texture": "#iron_cover" },
        "south": { "uv": [ 5.625, 0, 6.625, 0.5 ], "texture": "#iron_cover" },
        "east":  { "uv": [ 5.125, 0, 6.875, 0.4375 ], "texture": "#iron_cover" }
    }
},
{
    "from": [ 14.0625, 9.3125, 7.625 ],
    "to": [ 14.6875, 9.6875, 8.375 ],
    "rotation": { "origin": [ 14.0625, 9.6875, 7.625 ], "axis": "z", "angle": 22.5 },
    "faces": {
        "down":  { "uv": [ 4, 0, 6.25, 0.625 ], "texture": "#iron_cover" },
        "up":    { "uv": [ 4, 0, 6.25, 0.625 ], "texture": "#iron_cover" },
        "north": { "uv": [ 5.625, 0, 6.625, 0.5 ], "texture": "#iron_cover" },
        "south": { "uv": [ 5.625, 0, 6.625, 0.5 ], "texture": "#iron_cover" },
        "west":  { "uv": [ 5.125, 0, 6.875, 0.4375 ], "texture": "#iron_cover" }
    }
},
{
    "from": [ 14.6875, 9.9375, 7.625 ],
    "to": [ 14.8125, 10.0625, 8.375 ],
    "faces": {
        "up":    { "uv": [ 14.6875, 7.625, 14.8125, 8.375 ], "texture": "#iron_cover" },
        "north": { "uv": [ 1.1875, 5.9375, 1.3125, 6.0625 ], "texture": "#iron_cover" },
        "south": { "uv": [ 14.6875, 5.9375, 14.8125, 6.0625 ], "texture": "#iron_cover" },
        "west":  { "uv": [ 7.625, 5.9375, 8.375, 6.0625 ], "texture": "#iron_cover" }
    }
},
{
    "from": [ 9.075, 5.125, 7.3125 ],
    "to": [ 9.825, 5.4375, 8.6875 ],
    "faces": {
        "down":  { "uv": [ 7.625, 10.25, 9.875, 10.875 ], "texture": "#iron_cover" },
        "up":    { "uv": [ 7.625, 10.25, 9.875, 10.875 ], "texture": "#iron_cover" },
        "north": { "uv": [ 8.125, 10.375, 9.125, 10.875 ], "texture": "#iron_cover" },
        "south": { "uv": [ 8.125, 10.375, 9.125, 10.875 ], "texture": "#iron_cover" },
        "west":  { "uv": [ 7.75, 10.375, 9.5, 10.8125 ], "texture": "#iron_cover" },
        "east":  { "uv": [ 7.75, 10.375, 9.5, 10.8125 ], "texture": "#iron_cover" }
    }
},
{
    "from": [ 9.075, 4.9375, 7.3125 ],
    "to": [ 9.95, 5.4375, 8.6875 ],
    "rotation": { "origin": [ 9.075, 5.4375, 7.3125 ], "axis": "z", "angle": 45 },
    "faces": {
        "down":  { "uv": [ 7.625, 10.25, 9.875, 10.875 ], "texture": "#iron_cover" },
        "up":    { "uv": [ 7.625, 10.25, 9.875, 10.875 ], "texture": "#iron_cover" },
        "north": { "uv": [ 8.125, 10.375, 9.125, 10.875 ], "texture": "#iron_cover" },
        "south": { "uv": [ 8.125, 10.375, 9.125, 10.875 ], "texture": "#iron_cover" },
        "west":  { "uv": [ 7.75, 10.375, 9.5, 10.8125 ], "texture": "#iron_cover" },
        "east":  { "uv": [ 7.75, 10.375, 9.5, 10.8125 ], "texture": "#iron_cover" }
    }
},
{
    "from": [ 9.2, 5.09375, 7.3125 ],
    "to": [ 10.3875, 5.40625, 8.6875 ],
    "rotation": { "origin": [ 9.2, 5.40625, 7.3125 ], "axis": "z", "angle": -22.5 },
    "faces": {
        "down":  { "uv": [ 7.625, 10.25, 9.875, 10.875 ], "texture": "#iron_cover" },
        "up":    { "uv": [ 7.625, 10.25, 9.875, 10.875 ], "texture": "#iron_cover" },
        "north": { "uv": [ 8.125, 10.375, 9.125, 10.875 ], "texture": "#iron_cover" },
        "south": { "uv": [ 8.125, 10.375, 9.125, 10.875 ], "texture": "#iron_cover" },
        "west":  { "uv": [ 7.75, 10.375, 9.5, 10.8125 ], "texture": "#iron_cover" },
        "east":  { "uv": [ 7.75, 10.375, 9.5, 10.8125 ], "texture": "#iron_cover" }
    }
},
{
    "from": [ 9.9375, 4.8125, 7.3125 ],
    "to": [ 10.6875, 5.125, 8.6875 ],
    "rotation": { "origin": [ 9.9375, 5.125, 7.3125 ], "axis": "z", "angle": -45 },
    "faces": {
        "down":  { "uv": [ 7.625, 10.25, 9.875, 10.875 ], "texture": "#iron_cover" },
        "up":    { "uv": [ 7.625, 10.25, 9.875, 10.875 ], "texture": "#iron_cover" },
        "north": { "uv": [ 8.125, 10.375, 9.125, 10.875 ], "texture": "#iron_cover" },
        "south": { "uv": [ 8.125, 10.375, 9.125, 10.875 ], "texture": "#iron_cover" },
        "west":  { "uv": [ 7.75, 10.375, 9.5, 10.8125 ], "texture": "#iron_cover" },
        "east":  { "uv": [ 7.75, 10.375, 9.5, 10.8125 ], "texture": "#iron_cover" }
    }
},
{
    "from": [ 9.325, 7.1875, 7.3125 ],
    "to": [ 9.5125, 7.625, 8.6875 ],
    "faces": {
        "down":  { "uv": [ 7.625, 10.25, 9.875, 10.875 ], "texture": "#iron_cover" },
        "north": { "uv": [ 8.125, 10.375, 9.125, 10.875 ], "texture": "#iron_cover" },
        "south": { "uv": [ 8.125, 10.375, 9.125, 10.875 ], "texture": "#iron_cover" },
        "west":  { "uv": [ 7.75, 10.375, 9.5, 10.8125 ], "texture": "#iron_cover" },
        "east":  { "uv": [ 7.75, 10.375, 9.5, 10.8125 ], "texture": "#iron_cover" }
    }
},
{
    "from": [ 9.3875, 6.75, 7.3125 ],
    "to": [ 9.575, 7.25, 8.6875 ],
    "faces": {
        "down":  { "uv": [ 7.625, 10.25, 9.875, 10.875 ], "texture": "#iron_cover" },
        "up":    { "uv": [ 7.625, 10.25, 9.875, 10.875 ], "texture": "#iron_cover" },
        "north": { "uv": [ 8.125, 10.375, 9.125, 10.875 ], "texture": "#iron_cover" },
        "south": { "uv": [ 8.125, 10.375, 9.125, 10.875 ], "texture": "#iron_cover" },
        "west":  { "uv": [ 7.75, 10.375, 9.5, 10.8125 ], "texture": "#iron_cover" },
        "east":  { "uv": [ 7.75, 10.375, 9.5, 10.8125 ], "texture": "#iron_cover" }
    }
},
{
    "from": [ 9.45, 6.3125, 7.3125 ],
    "to": [ 9.6375, 6.75, 8.6875 ],
    "faces": {
        "down":  { "uv": [ 7.625, 10.25, 9.875, 10.875 ], "texture": "#iron_cover" },
        "up":    { "uv": [ 7.625, 10.25, 9.875, 10.875 ], "texture": "#iron_cover" },
        "north": { "uv": [ 8.125, 10.375, 9.125, 10.875 ], "texture": "#iron_cover" },
        "south": { "uv": [ 8.125, 10.375, 9.125, 10.875 ], "texture": "#iron_cover" },
        "west":  { "uv": [ 7.75, 10.375, 9.5, 10.8125 ], "texture": "#iron_cover" }
    }
},
{
    "from": [ 9.5125, 5.875, 7.3125 ],
    "to": [ 9.7, 6.3125, 8.6875 ],
    "faces": {
        "down":  { "uv": [ 7.625, 10.25, 9.875, 10.875 ], "texture": "#iron_cover" },
        "up":    { "uv": [ 7.625, 10.25, 9.875, 10.875 ], "texture": "#iron_cover" },
        "north": { "uv": [ 8.125, 10.375, 9.125, 10.875 ], "texture": "#iron_cover" },
        "south": { "uv": [ 8.125, 10.375, 9.125, 10.875 ], "texture": "#iron_cover" },
        "west":  { "uv": [ 7.75, 10.375, 9.5, 10.8125 ], "texture": "#iron_cover" },
        "east":  { "uv": [ 7.75, 10.375, 9.5, 10.8125 ], "texture": "#iron_cover" }
    }
},
{
    "from": [ 9.54375, 5.5625, 7.3125 ],
    "to": [ 9.85625, 6.25, 8.6875 ],
    "rotation": { "origin": [ 9.54375, 6.25, 7.3125 ], "axis": "z", "angle": -22.5 },
    "faces": {
        "down":  { "uv": [ 7.625, 10.25, 9.875, 10.875 ], "texture": "#iron_cover" },
        "up":    { "uv": [ 7.625, 10.25, 9.875, 10.875 ], "texture": "#iron_cover" },
        "north": { "uv": [ 8.125, 10.375, 9.125, 10.875 ], "texture": "#iron_cover" },
        "south": { "uv": [ 8.125, 10.375, 9.125, 10.875 ], "texture": "#iron_cover" },
        "west":  { "uv": [ 7.75, 10.375, 9.5, 10.8125 ], "texture": "#iron_cover" },
        "east":  { "uv": [ 7.75, 10.375, 9.5, 10.8125 ], "texture": "#iron_cover" }
    }
},
{
    "from": [ 9.1375, 6.75, 7.3125 ],
    "to": [ 9.45, 7.4375, 8.6875 ],
    "rotation": { "origin": [ 9.1375, 7.4375, 7.3125 ], "axis": "z", "angle": 22.5 },
    "faces": {
        "down":  { "uv": [ 7.625, 10.25, 9.875, 10.875 ], "texture": "#iron_cover" },
        "up":    { "uv": [ 7.625, 10.25, 9.875, 10.875 ], "texture": "#iron_cover" },
        "north": { "uv": [ 8.125, 10.375, 9.125, 10.875 ], "texture": "#iron_cover" },
        "south": { "uv": [ 8.125, 10.375, 9.125, 10.875 ], "texture": "#iron_cover" },
        "west":  { "uv": [ 7.75, 10.375, 9.5, 10.8125 ], "texture": "#iron_cover" },
        "east":  { "uv": [ 7.75, 10.375, 9.5, 10.8125 ], "texture": "#iron_cover" }
    }
},
{
    "from": [ 9.23125, 7.375, 7.3125 ],
    "to": [ 9.73125, 7.8125, 8.6875 ],
    "rotation": { "origin": [ 9.23125, 7.8125, 7.3125 ], "axis": "z", "angle": -45 },
    "faces": {
        "down":  { "uv": [ 7.625, 10.25, 9.875, 10.875 ], "texture": "#iron_cover" },
        "up":    { "uv": [ 7.625, 10.25, 9.875, 10.875 ], "texture": "#iron_cover" },
        "north": { "uv": [ 8.125, 10.375, 9.125, 10.875 ], "texture": "#iron_cover" },
        "south": { "uv": [ 8.125, 10.375, 9.125, 10.875 ], "texture": "#iron_cover" },
        "west":  { "uv": [ 7.75, 10.375, 9.5, 10.8125 ], "texture": "#iron_cover" },
        "east":  { "uv": [ 7.75, 10.375, 9.5, 10.8125 ], "texture": "#iron_cover" }
    }
},
{
    "from": [ 8.575, 7.625, 7.3125 ],
    "to": [ 9.2, 7.875, 8.6875 ],
    "rotation": { "origin": [ 8.575, 7.875, 7.3125 ], "axis": "z", "angle": -22.5 },
    "faces": {
        "down":  { "uv": [ 7.625, 10.25, 9.875, 10.875 ], "texture": "#iron_cover" },
        "up":    { "uv": [ 7.625, 10.25, 9.875, 10.875 ], "texture": "#iron_cover" },
        "north": { "uv": [ 8.125, 10.375, 9.125, 10.875 ], "texture": "#iron_cover" },
        "south": { "uv": [ 8.125, 10.375, 9.125, 10.875 ], "texture": "#iron_cover" },
        "west":  { "uv": [ 7.75, 10.375, 9.5, 10.8125 ], "texture": "#iron_cover" },
        "east":  { "uv": [ 7.75, 10.375, 9.5, 10.8125 ], "texture": "#iron_cover" }
    }
},
{
    "from": [ 6.1825, 5.125, 7.53125 ],
    "to": [ 8.83875, 5.3125, 8.46875 ],
    "faces": {
        "down":  { "uv": [ 4, 0, 6.25, 0.625 ], "texture": "#iron_cover" },
        "up":    { "uv": [ 4, 0, 6.25, 0.625 ], "texture": "#iron_cover" },
        "north": { "uv": [ 5.625, 0, 6.625, 0.5 ], "texture": "#iron_cover" },
        "south": { "uv": [ 5.625, 0, 6.625, 0.5 ], "texture": "#iron_cover" },
        "west":  { "uv": [ 5.125, 0, 6.875, 0.4375 ], "texture": "#iron_cover" }
    }
},
{
    "from": [ 5.46875, 5.8125, 7.53125 ],
    "to": [ 5.65625, 7.4375, 8.46875 ],
    "faces": {
        "down":  { "uv": [ 4, 0, 6.25, 0.625 ], "texture": "#iron_cover" },
        "up":    { "uv": [ 4, 0, 6.25, 0.625 ], "texture": "#iron_cover" },
        "north": { "uv": [ 5.625, 0, 6.625, 0.5 ], "texture": "#iron_cover" },
        "south": { "uv": [ 5.625, 0, 6.625, 0.5 ], "texture": "#iron_cover" },
        "west":  { "uv": [ 5.125, 0, 6.875, 0.4375 ], "texture": "#iron_cover" },
        "east":  { "uv": [ 5.125, 0, 6.875, 0.4375 ], "texture": "#iron_cover" }
    }
},
{
    "from": [ 5.90625, 5.2525, 7.53125 ],
    "to": [ 6.28125, 5.44, 8.46875 ],
    "rotation": { "origin": [ 5.90625, 5.44, 7.53125 ], "axis": "z", "angle": -22.5 },
    "faces": {
        "down":  { "uv": [ 4, 0, 6.25, 0.625 ], "texture": "#iron_cover" },
        "up":    { "uv": [ 4, 0, 6.25, 0.625 ], "texture": "#iron_cover" },
        "north": { "uv": [ 5.625, 0, 6.625, 0.5 ], "texture": "#iron_cover" },
        "south": { "uv": [ 5.625, 0, 6.625, 0.5 ], "texture": "#iron_cover" },
        "west":  { "uv": [ 5.125, 0, 6.875, 0.4375 ], "texture": "#iron_cover" },
        "east":  { "uv": [ 5.125, 0, 6.875, 0.4375 ], "texture": "#iron_cover" }
    }
},
{
    "from": [ 5.71875, 5.47125, 7.53125 ],
    "to": [ 6.09375, 5.65875, 8.46875 ],
    "rotation": { "origin": [ 5.71875, 5.65875, 7.53125 ], "axis": "z", "angle": -45 },
    "faces": {
        "down":  { "uv": [ 4, 0, 6.25, 0.625 ], "texture": "#iron_cover" },
        "up":    { "uv": [ 4, 0, 6.25, 0.625 ], "texture": "#iron_cover" },
        "north": { "uv": [ 5.625, 0, 6.625, 0.5 ], "texture": "#iron_cover" },
        "south": { "uv": [ 5.625, 0, 6.625, 0.5 ], "texture": "#iron_cover" },
        "west":  { "uv": [ 5.125, 0, 6.875, 0.4375 ], "texture": "#iron_cover" },
        "east":  { "uv": [ 5.125, 0, 6.875, 0.4375 ], "texture": "#iron_cover" }
    }
},
{
    "from": [ 5.46875, 5.5025, 7.53125 ],
    "to": [ 5.65625, 5.815, 8.46875 ],
    "rotation": { "origin": [ 5.46875, 5.815, 7.53125 ], "axis": "z", "angle": 22.5 },
    "faces": {
        "down":  { "uv": [ 4, 0, 6.25, 0.625 ], "texture": "#iron_cover" },
        "up":    { "uv": [ 4, 0, 6.25, 0.625 ], "texture": "#iron_cover" },
        "north": { "uv": [ 5.625, 0, 6.625, 0.5 ], "texture": "#iron_cover" },
        "south": { "uv": [ 5.625, 0, 6.625, 0.5 ], "texture": "#iron_cover" },
        "west":  { "uv": [ 5.125, 0, 6.875, 0.4375 ], "texture": "#iron_cover" },
        "east":  { "uv": [ 5.125, 0, 6.875, 0.4375 ], "texture": "#iron_cover" }
    }
},
{
    "from": [ 5.625, 7.03125, 7.53125 ],
    "to": [ 5.825, 7.46875, 8.46875 ],
    "rotation": { "origin": [ 5.625, 7.46875, 7.53125 ], "axis": "z", "angle": -22.5 },
    "faces": {
        "down":  { "uv": [ 4, 0, 6.25, 0.625 ], "texture": "#iron_cover" },
        "up":    { "uv": [ 4, 0, 6.25, 0.625 ], "texture": "#iron_cover" },
        "north": { "uv": [ 5.625, 0, 6.625, 0.5 ], "texture": "#iron_cover" },
        "south": { "uv": [ 5.625, 0, 6.625, 0.5 ], "texture": "#iron_cover" },
        "west":  { "uv": [ 5.125, 0, 6.875, 0.4375 ], "texture": "#iron_cover" },
        "east":  { "uv": [ 5.125, 0, 6.875, 0.4375 ], "texture": "#iron_cover" }
    }
},
{
    "from": [ 5.30125, 6.96875, 7.53125 ],
    "to": [ 5.50125, 7.40625, 8.46875 ],
    "rotation": { "origin": [ 5.30125, 7.40625, 7.53125 ], "axis": "z", "angle": 22.5 },
    "faces": {
        "down":  { "uv": [ 4, 0, 6.25, 0.625 ], "texture": "#iron_cover" },
        "up":    { "uv": [ 4, 0, 6.25, 0.625 ], "texture": "#iron_cover" },
        "north": { "uv": [ 5.625, 0, 6.625, 0.5 ], "texture": "#iron_cover" },
        "south": { "uv": [ 5.625, 0, 6.625, 0.5 ], "texture": "#iron_cover" },
        "west":  { "uv": [ 5.125, 0, 6.875, 0.4375 ], "texture": "#iron_cover" },
        "east":  { "uv": [ 5.125, 0, 6.875, 0.4375 ], "texture": "#iron_cover" }
    }
},
{
    "from": [ 5.9375, 7.34375, 7.53125 ],
    "to": [ 6.1375, 7.78125, 8.46875 ],
    "rotation": { "origin": [ 5.9375, 7.78125, 7.53125 ], "axis": "z", "angle": -45 },
    "faces": {
        "down":  { "uv": [ 4, 0, 6.25, 0.625 ], "texture": "#iron_cover" },
        "up":    { "uv": [ 4, 0, 6.25, 0.625 ], "texture": "#iron_cover" },
        "north": { "uv": [ 5.625, 0, 6.625, 0.5 ], "texture": "#iron_cover" },
        "south": { "uv": [ 5.625, 0, 6.625, 0.5 ], "texture": "#iron_cover" },
        "west":  { "uv": [ 5.125, 0, 6.875, 0.4375 ], "texture": "#iron_cover" },
        "east":  { "uv": [ 5.125, 0, 6.875, 0.4375 ], "texture": "#iron_cover" }
    }
},
{
    "from": [ 5.03125, 7.1875, 7.53125 ],
    "to": [ 5.23125, 7.625, 8.46875 ],
    "rotation": { "origin": [ 5.03125, 7.625, 7.53125 ], "axis": "z", "angle": 45 },
    "faces": {
        "down":  { "uv": [ 4, 0, 6.25, 0.625 ], "texture": "#iron_cover" },
        "north": { "uv": [ 5.625, 0, 6.625, 0.5 ], "texture": "#iron_cover" },
        "south": { "uv": [ 5.625, 0, 6.625, 0.5 ], "texture": "#iron_cover" },
        "west":  { "uv": [ 5.125, 0, 6.875, 0.4375 ], "texture": "#iron_cover" },
        "east":  { "uv": [ 5.125, 0, 6.875, 0.4375 ], "texture": "#iron_cover" }
    }
},
{
    "from": [ 5.3125, 7.5, 7.53125 ],
    "to": [ 5.8125, 7.625, 8.46875 ],
    "faces": {
        "down":  { "uv": [ 4, 0, 6.25, 0.625 ], "texture": "#iron_cover" },
        "north": { "uv": [ 5.625, 0, 6.625, 0.5 ], "texture": "#iron_cover" },
        "south": { "uv": [ 5.625, 0, 6.625, 0.5 ], "texture": "#iron_cover" },
        "west":  { "uv": [ 5.125, 0, 6.875, 0.4375 ], "texture": "#iron_cover" },
        "east":  { "uv": [ 5.125, 0, 6.875, 0.4375 ], "texture": "#iron_cover" }
    }
},
{
    "from": [ 5.4375, 7.375, 7.53125 ],
    "to": [ 5.6875, 7.5, 8.46875 ],
    "faces": {
        "down":  { "uv": [ 4, 0, 6.25, 0.625 ], "texture": "#iron_cover" },
        "up":    { "uv": [ 4, 0, 6.25, 0.625 ], "texture": "#iron_cover" },
        "north": { "uv": [ 5.625, 0, 6.625, 0.5 ], "texture": "#iron_cover" },
        "south": { "uv": [ 5.625, 0, 6.625, 0.5 ], "texture": "#iron_cover" },
        "west":  { "uv": [ 5.125, 0, 6.875, 0.4375 ], "texture": "#iron_cover" },
        "east":  { "uv": [ 5.125, 0, 6.875, 0.4375 ], "texture": "#iron_cover" }
    }
},
{
    "from": [ 7.625, 6.6875, 7.75 ],
    "to": [ 7.875, 7.625, 8.3125 ],
    "faces": {
        "down":  { "uv": [ 10.5625, 8.46875, 10.3125, 7.53125 ], "texture": "#iron_cover" },
        "north": { "uv": [ 10.3125, 8.5, 10.5625, 8.625 ], "texture": "#iron_cover" },
        "south": { "uv": [ 5.4375, 8.5, 5.6875, 8.625 ], "texture": "#iron_cover" },
        "west":  { "uv": [ 7.53125, 8.5, 8.46875, 8.625 ], "texture": "#iron_cover" },
        "east":  { "uv": [ 7.53125, 8.5, 8.46875, 8.625 ], "texture": "#iron_cover" }
    }
},
{
    "from": [ 7.64625, 6.28125, 7.75 ],
    "to": [ 7.89625, 6.78125, 8.3125 ],
    "rotation": { "origin": [ 7.64625, 6.78125, 7.75 ], "axis": "z", "angle": -22.5 },
    "faces": {
        "down":  { "uv": [ 10.5625, 8.46875, 10.3125, 7.53125 ], "texture": "#iron_cover" },
        "up":    { "uv": [ 5.4375, 7.53125, 5.6875, 8.46875 ], "texture": "#iron_cover" },
        "north": { "uv": [ 10.3125, 8.5, 10.5625, 8.625 ], "texture": "#iron_cover" },
        "south": { "uv": [ 5.4375, 8.5, 5.6875, 8.625 ], "texture": "#iron_cover" },
        "west":  { "uv": [ 7.53125, 8.5, 8.46875, 8.625 ], "texture": "#iron_cover" },
        "east":  { "uv": [ 7.53125, 8.5, 8.46875, 8.625 ], "texture": "#iron_cover" }
    }
},
{
    "from": [ 7.51125, 5.90625, 7.75 ],
    "to": [ 7.76125, 6.40625, 8.3125 ],
    "rotation": { "origin": [ 7.51125, 6.40625, 7.75 ], "axis": "z", "angle": -45 },
    "faces": {
        "down":  { "uv": [ 10.5625, 8.46875, 10.3125, 7.53125 ], "texture": "#iron_cover" },
        "up":    { "uv": [ 5.4375, 7.53125, 5.6875, 8.46875 ], "texture": "#iron_cover" },
        "north": { "uv": [ 10.3125, 8.5, 10.5625, 8.625 ], "texture": "#iron_cover" },
        "south": { "uv": [ 5.4375, 8.5, 5.6875, 8.625 ], "texture": "#iron_cover" },
        "west":  { "uv": [ 7.53125, 8.5, 8.46875, 8.625 ], "texture": "#iron_cover" },
        "east":  { "uv": [ 7.53125, 8.5, 8.46875, 8.625 ], "texture": "#iron_cover" }
    }
},
{
    "from": [ 6.8325, 5.6875, 7.75 ],
    "to": [ 7.27, 5.9375, 8.3125 ],
    "rotation": { "origin": [ 6.8325, 5.9375, 7.75 ], "axis": "z", "angle": 22.5 },
    "faces": {
        "down":  { "uv": [ 10.5625, 8.46875, 10.3125, 7.53125 ], "texture": "#iron_cover" },
        "up":    { "uv": [ 5.4375, 7.53125, 5.6875, 8.46875 ], "texture": "#iron_cover" },
        "north": { "uv": [ 10.3125, 8.5, 10.5625, 8.625 ], "texture": "#iron_cover" },
        "south": { "uv": [ 5.4375, 8.5, 5.6875, 8.625 ], "texture": "#iron_cover" },
        "west":  { "uv": [ 7.53125, 8.5, 8.46875, 8.625 ], "texture": "#iron_cover" },
        "east":  { "uv": [ 7.53125, 8.5, 8.46875, 8.625 ], "texture": "#iron_cover" }
    }
},
{
    "from": [ 10, 5.875, 8.625 ],
    "to": [ 14.1875, 6.3125, 8.875 ],
    "faces": {
        "down":  { "uv": [ 7.875, 10.25, 10.125, 10.875 ], "texture": "#normal_gun_texture" },
        "up":    { "uv": [ 7.875, 10.25, 10.125, 10.875 ], "texture": "#normal_gun_texture" },
        "south": { "uv": [ 7.5, 10.625, 8.25, 12.375 ], "rotation": 90, "texture": "#normal_gun_texture" },
        "west":  { "uv": [ 7.75, 10.5, 9.5, 10.9375 ], "texture": "#normal_gun_texture" },
        "east":  { "uv": [ 7.75, 10.5, 9.5, 10.9375 ], "texture": "#normal_gun_texture" }
    }
},
{
    "from": [ 10.0625, 5.4375, 8.625 ],
    "to": [ 14.375, 5.875, 8.875 ],
    "faces": {
        "up":    { "uv": [ 7.875, 10.25, 10.125, 10.875 ], "texture": "#normal_gun_texture" },
        "south": { "uv": [ 7.5, 10.625, 8.25, 12.375 ], "rotation": 90, "texture": "#normal_gun_texture" },
        "west":  { "uv": [ 7.75, 10.5, 9.5, 10.9375 ], "texture": "#normal_gun_texture" },
        "east":  { "uv": [ 7.75, 10.5, 9.5, 10.9375 ], "texture": "#normal_gun_texture" }
    }
},
{
    "from": [ 10.125, 5, 8.625 ],
    "to": [ 14.5, 5.4375, 8.875 ],
    "faces": {
        "up":    { "uv": [ 7.875, 10.25, 10.125, 10.875 ], "texture": "#normal_gun_texture" },
        "south": { "uv": [ 7.5, 10.625, 8.25, 12.375 ], "rotation": 90, "texture": "#normal_gun_texture" },
        "west":  { "uv": [ 7.75, 10.5, 9.5, 10.9375 ], "texture": "#normal_gun_texture" },
        "east":  { "uv": [ 7.75, 10.5, 9.5, 10.9375 ], "texture": "#normal_gun_texture" }
    }
},
{
    "from": [ 10.6875, 1.125, 7.1875 ],
    "to": [ 12.9375, 1.625, 8.8125 ],
    "faces": {
        "down":  { "uv": [ 7.625, 10.25, 9.875, 10.875 ], "texture": "#normal_gun_texture" },
        "north": { "uv": [ 8.125, 10.375, 9.125, 10.875 ], "texture": "#normal_gun_texture" },
        "south": { "uv": [ 8.125, 10.375, 9.125, 10.875 ], "texture": "#normal_gun_texture" },
        "west":  { "uv": [ 7.75, 10.375, 9.5, 10.8125 ], "texture": "#normal_gun_texture" },
        "east":  { "uv": [ 7.75, 10.375, 9.5, 10.8125 ], "texture": "#normal_gun_texture" }
    }
},
{
    "from": [ 9.3125, 7.125, 8.5 ],
    "to": [ 9.6875, 7.5, 8.75 ],
    "faces": {
        "down":  { "uv": [ 4, 0, 6.25, 0.625 ], "texture": "#iron_cover" },
        "up":    { "uv": [ 4, 0, 6.25, 0.625 ], "texture": "#iron_cover" },
        "north": { "uv": [ 5.625, 0, 6.625, 0.5 ], "texture": "#iron_cover" },
        "south": { "uv": [ 5.625, 0, 6.625, 0.5 ], "texture": "#iron_cover" },
        "west":  { "uv": [ 5.125, 0, 6.875, 0.4375 ], "texture": "#iron_cover" },
        "east":  { "uv": [ 5.125, 0, 6.875, 0.4375 ], "texture": "#iron_cover" }
    }
},
{
    "from": [ 9.75, 7.625, 8.625 ],
    "to": [ 13.8125, 8.375, 8.875 ],
    "faces": {
        "down":  { "uv": [ 7.875, 10.25, 10.125, 10.875 ], "texture": "#normal_gun_texture" },
        "south": { "uv": [ 7.5, 10.625, 8.25, 12.375 ], "rotation": 90, "texture": "#normal_gun_texture" },
        "west":  { "uv": [ 7.75, 10.5, 9.5, 10.9375 ], "texture": "#normal_gun_texture" },
        "east":  { "uv": [ 7.75, 10.5, 9.5, 10.9375 ], "texture": "#normal_gun_texture" }
    }
},
{
    "from": [ 11.25, 7.1875, 8.625 ],
    "to": [ 13.75, 7.625, 8.875 ],
    "faces": {
        "south": { "uv": [ 7.5, 10.5, 8.25, 12 ], "rotation": 90, "texture": "#normal_gun_texture" },
        "east":  { "uv": [ 8.25, 10.5, 9.75, 10.875 ], "texture": "#normal_gun_texture" }
    }
},
{
    "from": [ 9.875, 6.75, 8.625 ],
    "to": [ 13.9375, 7.1875, 8.875 ],
    "faces": {
        "down":  { "uv": [ 7.875, 10.25, 10.125, 10.875 ], "texture": "#normal_gun_texture" },
        "up":    { "uv": [ 7.875, 10.25, 10.125, 10.875 ], "texture": "#normal_gun_texture" },
        "south": { "uv": [ 7.5, 10.625, 8.25, 12.375 ], "rotation": 90, "texture": "#normal_gun_texture" },
        "west":  { "uv": [ 7.75, 10.5, 9.5, 10.9375 ], "texture": "#normal_gun_texture" },
        "east":  { "uv": [ 7.75, 10.5, 9.5, 10.9375 ], "texture": "#normal_gun_texture" }
    }
},
{
    "from": [ 9.8125, 7.1875, 8.625 ],
    "to": [ 11.25, 7.625, 8.875 ],
    "faces": {
        "down":  { "uv": [ 7.875, 10.25, 10.125, 10.875 ], "texture": "#normal_gun_texture" },
        "south": { "uv": [ 7.5, 11, 8.25, 13.375 ], "rotation": 90, "texture": "#normal_gun_texture" },
        "west":  { "uv": [ 7.75, 10.5, 9.5, 10.9375 ], "texture": "#normal_gun_texture" }
    }
},
{
    "from": [ 10.1875, 7.1875, 8.5625 ],
    "to": [ 11.25, 7.625, 8.6875 ],
    "faces": {
        "down":  { "uv": [ 5.8125, 8.6875, 4.75, 8.5625 ], "texture": "#iron_cover" },
        "north": { "uv": [ 4.75, 8.375, 5.8125, 8.8125 ], "texture": "#iron_cover" },
        "south": { "uv": [ 10.1875, 8.375, 11.25, 8.8125 ], "texture": "#iron_cover" },
        "west":  { "uv": [ 8.5625, 8.375, 8.6875, 8.8125 ], "texture": "#iron_cover" },
        "east":  { "uv": [ 7.3125, 8.375, 7.4375, 8.8125 ], "texture": "#iron_cover" }
    }
},
{
    "from": [ 12.125, 9.5625, 8.78125 ],
    "to": [ 12.75, 10.1875, 9.03125 ],
    "faces": {
        "down":  { "uv": [ 4, 0, 6.25, 0.625 ], "texture": "#iron_cover" },
        "up":    { "uv": [ 4, 0, 6.25, 0.625 ], "texture": "#iron_cover" },
        "north": { "uv": [ 5.625, 0, 6.625, 0.5 ], "texture": "#iron_cover" },
        "south": { "uv": [ 5.625, 0, 6.625, 0.5 ], "texture": "#iron_cover" },
        "west":  { "uv": [ 5.125, 0, 6.875, 0.4375 ], "texture": "#iron_cover" },
        "east":  { "uv": [ 5.125, 0, 6.875, 0.4375 ], "texture": "#iron_cover" }
    }
},
{
    "from": [ 11.4375, 9.5, 8.84375 ],
    "to": [ 12.125, 9.8125, 9.09375 ],
    "faces": {
        "down":  { "uv": [ 4, 0, 6.25, 0.625 ], "texture": "#iron_cover" },
        "up":    { "uv": [ 4, 0, 6.25, 0.625 ], "texture": "#iron_cover" },
        "north": { "uv": [ 5.625, 0, 6.625, 0.5 ], "texture": "#iron_cover" },
        "south": { "uv": [ 5.625, 0, 6.625, 0.5 ], "texture": "#iron_cover" },
        "west":  { "uv": [ 5.125, 0, 6.875, 0.4375 ], "texture": "#iron_cover" },
        "east":  { "uv": [ 5.125, 0, 6.875, 0.4375 ], "texture": "#iron_cover" }
    }
},
{
    "from": [ 0.8125, 9.4375, 7.5 ],
    "to": [ 1.0625, 10.375, 8.5 ],
    "faces": {
        "down":  { "uv": [ 14.375, 0.25, 14.625, 1.25 ], "texture": "#iron_cover" },
        "up":    { "uv": [ 14.375, 0.25, 14.625, 1.25 ], "texture": "#iron_cover" },
        "north": { "uv": [ 14.375, 0, 14.625, 0.9375 ], "texture": "#iron_cover" },
        "south": { "uv": [ 14.375, 0, 14.625, 0.9375 ], "texture": "#iron_cover" },
        "west":  { "uv": [ 14.25, 0.25, 15.25, 1.1875 ], "texture": "#iron_cover" },
        "east":  { "uv": [ 14.25, 0.25, 15.25, 1.1875 ], "texture": "#iron_cover" }
    }
},
{
    "from": [ 13.1875, 10.4375, 8.125 ],
    "to": [ 13.625, 11, 8.5625 ],
    "faces": {
        "down":  { "uv": [ 2.8125, 7.875, 2.375, 7.4375 ], "texture": "#iron_cover" },
        "up":    { "uv": [ 13.1875, 7.4375, 13.625, 7.875 ], "texture": "#iron_cover" },
        "north": { "uv": [ 2.375, 5, 2.8125, 5.5625 ], "texture": "#iron_cover" },
        "south": { "uv": [ 14.625, 5.25, 15.0625, 5.8125 ], "texture": "#iron_cover" },
        "west":  { "uv": [ 8.25, 5.25, 8.6875, 5.8125 ], "texture": "#iron_cover" },
        "east":  { "uv": [ 8.125, 5, 8.5625, 5.5625 ], "texture": "#iron_cover" }
    }
},
{
    "from": [ 13.1875, 10.4375, 7.4375 ],
    "to": [ 13.625, 11, 7.875 ],
    "faces": {
        "down":  { "uv": [ 2.8125, 7.875, 2.375, 7.4375 ], "texture": "#iron_cover" },
        "up":    { "uv": [ 13.1875, 7.4375, 13.625, 7.875 ], "texture": "#iron_cover" },
        "north": { "uv": [ 2.375, 5, 2.8125, 5.5625 ], "texture": "#iron_cover" },
        "south": { "uv": [ 14.625, 5.25, 15.0625, 5.8125 ], "texture": "#iron_cover" },
        "west":  { "uv": [ 8.25, 5.25, 8.6875, 5.8125 ], "texture": "#iron_cover" },
        "east":  { "uv": [ 8.125, 5, 8.5625, 5.5625 ], "texture": "#iron_cover" }
    }
},
{
    "from": [ 1.3125, 10.375, 7.8125 ],
    "to": [ 2.1875, 10.6875, 8.1875 ],
    "rotation": { "origin": [ 1.3125, 10.6875, 7.8125 ], "axis": "z", "angle": 22.5 },
    "faces": {
        "down":  { "uv": [ 4.25, 0, 5.125, 0.375 ], "texture": "#iron_cover" },
        "up":    { "uv": [ 4.25, 0, 5.125, 0.375 ], "texture": "#iron_cover" },
        "north": { "uv": [ 5.5, 0.375, 6.375, 0.6875 ], "texture": "#iron_cover" },
        "south": { "uv": [ 4.125, 1.5, 5, 1.8125 ], "texture": "#iron_cover" },
        "west":  { "uv": [ 4.375, 0.875, 4.75, 1.1875 ], "texture": "#iron_cover" },
        "east":  { "uv": [ 4.375, 0.875, 4.75, 1.1875 ], "texture": "#iron_cover" }
    }
},
{
    "from": [ 13.25, 11, 7.5 ],
    "to": [ 13.5625, 11.125, 7.875 ],
    "faces": {
        "up":    { "uv": [ 4, 0, 6.25, 0.625 ], "texture": "#iron_cover" },
        "north": { "uv": [ 5.625, 0, 6.625, 0.5 ], "texture": "#iron_cover" },
        "south": { "uv": [ 5.625, 0, 6.625, 0.5 ], "texture": "#iron_cover" },
        "west":  { "uv": [ 5.125, 0, 6.875, 0.4375 ], "texture": "#iron_cover" },
        "east":  { "uv": [ 5.125, 0, 6.875, 0.4375 ], "texture": "#iron_cover" }
    }
},
{
    "from": [ 13.25, 11, 8.125 ],
    "to": [ 13.5625, 11.125, 8.5 ],
    "faces": {
        "up":    { "uv": [ 4, 0, 6.25, 0.625 ], "texture": "#iron_cover" },
        "north": { "uv": [ 5.625, 0, 6.625, 0.5 ], "texture": "#iron_cover" },
        "south": { "uv": [ 5.625, 0, 6.625, 0.5 ], "texture": "#iron_cover" },
        "west":  { "uv": [ 5.125, 0, 6.875, 0.4375 ], "texture": "#iron_cover" },
        "east":  { "uv": [ 5.125, 0, 6.875, 0.4375 ], "texture": "#iron_cover" }
    }
},
{
    "from": [ 1.96875, 10.7188, 7.90625 ],
    "to": [ 2.15625, 10.9063, 8.09375 ],
    "rotation": { "origin": [ 1.96875, 10.9063, 7.90625 ], "axis": "z", "angle": 22.5 },
    "faces": {
        "down":  { "uv": [ 14.0313, 8.09375, 13.8438, 7.90625 ], "texture": "#iron_cover" },
        "up":    { "uv": [ 1.96875, 7.90625, 2.15625, 8.09375 ], "texture": "#iron_cover" },
        "north": { "uv": [ 13.8438, 5.09375, 14.0313, 5.28125 ], "texture": "#iron_cover" },
        "south": { "uv": [ 1.96875, 5.09375, 2.15625, 5.28125 ], "texture": "#iron_cover" },
        "west":  { "uv": [ 7.90625, 5.09375, 8.09375, 5.28125 ], "texture": "#iron_cover" },
        "east":  { "uv": [ 7.90625, 5.09375, 8.09375, 5.28125 ], "texture": "#iron_cover" }
    }
},
{
    "from": [ 10.6875, 0.5625, 7.1875 ],
    "to": [ 11.5625, 1.125, 8.8125 ],
    "faces": {
        "down":  { "uv": [ 7.625, 10.25, 9.875, 10.875 ], "texture": "#normal_gun_texture" },
        "north": { "uv": [ 8.125, 10.375, 9.125, 10.875 ], "texture": "#normal_gun_texture" },
        "south": { "uv": [ 8.125, 10.375, 9.125, 10.875 ], "texture": "#normal_gun_texture" },
        "west":  { "uv": [ 7.75, 10.375, 9.5, 10.8125 ], "texture": "#normal_gun_texture" },
        "east":  { "uv": [ 7.75, 10.375, 9.5, 10.8125 ], "texture": "#normal_gun_texture" }
    }
},
{
    "from": [ 9.5, 6.75, 7.3125 ],
    "to": [ 9.875, 7.625, 8.6875 ],
    "faces": {
        "down":  { "uv": [ 7.625, 10.25, 9.875, 10.875 ], "texture": "#iron_cover" },
        "north": { "uv": [ 8.125, 10.375, 9.125, 10.875 ], "texture": "#iron_cover" },
        "south": { "uv": [ 8.125, 10.375, 9.125, 10.875 ], "texture": "#iron_cover" },
        "west":  { "uv": [ 7.75, 10.375, 9.5, 10.8125 ], "texture": "#iron_cover" },
        "east":  { "uv": [ 7.75, 10.375, 9.5, 10.8125 ], "texture": "#iron_cover" }
    }
},
{
    "from": [ 9.625, 5.875, 7.3125 ],
    "to": [ 10, 6.75, 8.6875 ],
    "faces": {
        "down":  { "uv": [ 7.625, 10.25, 9.875, 10.875 ], "texture": "#iron_cover" },
        "up":    { "uv": [ 7.625, 10.25, 9.875, 10.875 ], "texture": "#iron_cover" },
        "north": { "uv": [ 8.125, 10.375, 9.125, 10.875 ], "texture": "#iron_cover" },
        "south": { "uv": [ 8.125, 10.375, 9.125, 10.875 ], "texture": "#iron_cover" },
        "west":  { "uv": [ 7.75, 10.375, 9.5, 10.8125 ], "texture": "#iron_cover" },
        "east":  { "uv": [ 7.75, 10.375, 9.5, 10.8125 ], "texture": "#iron_cover" }
    }
},
{
    "from": [ 9.75, 5, 7.3125 ],
    "to": [ 10.125, 5.875, 8.6875 ],
    "faces": {
        "down":  { "uv": [ 7.625, 10.25, 9.875, 10.875 ], "texture": "#iron_cover" },
        "up":    { "uv": [ 7.625, 10.25, 9.875, 10.875 ], "texture": "#iron_cover" },
        "north": { "uv": [ 8.125, 10.375, 9.125, 10.875 ], "texture": "#iron_cover" },
        "south": { "uv": [ 8.125, 10.375, 9.125, 10.875 ], "texture": "#iron_cover" },
        "west":  { "uv": [ 7.75, 10.375, 9.5, 10.8125 ], "texture": "#iron_cover" },
        "east":  { "uv": [ 7.75, 10.375, 9.5, 10.8125 ], "texture": "#iron_cover" }
    }
},
{
    "from": [ 8.765, 5.11, 7.53125 ],
    "to": [ 9.265, 5.2975, 8.46875 ],
    "rotation": { "origin": [ 8.765, 5.2975, 7.53125 ], "axis": "z", "angle": 22.5 },
    "faces": {
        "down":  { "uv": [ 4, 0, 6.25, 0.625 ], "texture": "#iron_cover" },
        "up":    { "uv": [ 4, 0, 6.25, 0.625 ], "texture": "#iron_cover" },
        "north": { "uv": [ 5.625, 0, 6.625, 0.5 ], "texture": "#iron_cover" },
        "south": { "uv": [ 5.625, 0, 6.625, 0.5 ], "texture": "#iron_cover" },
        "west":  { "uv": [ 5.125, 0, 6.875, 0.4375 ], "texture": "#iron_cover" }
    }
},
{
    "from": [ 10.5625, 0.125, 7.1875 ],
    "to": [ 13.125, 0.3125, 8.8125 ],
    "rotation": { "origin": [ 10.5625, 0.3125, 7.1875 ], "axis": "z", "angle": 22.5 },
    "faces": {
        "down":  { "uv": [ 7.625, 10.25, 9.875, 10.875 ], "texture": "#normal_gun_texture" },
        "up":    { "uv": [ 7.625, 10.25, 9.875, 10.875 ], "texture": "#normal_gun_texture" },
        "north": { "uv": [ 8.125, 10.375, 9.125, 10.875 ], "texture": "#normal_gun_texture" },
        "south": { "uv": [ 8.125, 10.375, 9.125, 10.875 ], "texture": "#normal_gun_texture" },
        "west":  { "uv": [ 7.75, 10.375, 9.5, 10.8125 ], "texture": "#normal_gun_texture" },
        "east":  { "uv": [ 7.75, 10.375, 9.5, 10.8125 ], "texture": "#normal_gun_texture" }
    }
},
{
    "from": [ 11.5625, 0.9375, 7.1875 ],
    "to": [ 12.5, 1.125, 8.8125 ],
    "faces": {
        "down":  { "uv": [ 7.625, 10.25, 9.875, 10.875 ], "texture": "#normal_gun_texture" },
        "north": { "uv": [ 8.125, 10.375, 9.125, 10.875 ], "texture": "#normal_gun_texture" },
        "south": { "uv": [ 8.125, 10.375, 9.125, 10.875 ], "texture": "#normal_gun_texture" },
        "east":  { "uv": [ 7.75, 10.375, 9.5, 10.8125 ], "texture": "#normal_gun_texture" }
    }
},
{
    "from": [ 11.5625, 0.8125, 7.1875 ],
    "to": [ 12.0625, 0.9375, 8.8125 ],
    "faces": {
        "down":  { "uv": [ 7.625, 10.25, 9.875, 10.875 ], "texture": "#normal_gun_texture" },
        "north": { "uv": [ 8.125, 10.375, 9.125, 10.875 ], "texture": "#normal_gun_texture" },
        "south": { "uv": [ 8.125, 10.375, 9.125, 10.875 ], "texture": "#normal_gun_texture" },
        "east":  { "uv": [ 7.75, 10.375, 9.5, 10.8125 ], "texture": "#normal_gun_texture" }
    }
},
{
    "from": [ 11.5625, 0.6875, 7.1875 ],
    "to": [ 11.75, 0.8125, 8.8125 ],
    "faces": {
        "down":  { "uv": [ 7.625, 10.25, 9.875, 10.875 ], "texture": "#normal_gun_texture" },
        "north": { "uv": [ 8.125, 10.375, 9.125, 10.875 ], "texture": "#normal_gun_texture" },
        "south": { "uv": [ 8.125, 10.375, 9.125, 10.875 ], "texture": "#normal_gun_texture" },
        "east":  { "uv": [ 7.75, 10.375, 9.5, 10.8125 ], "texture": "#normal_gun_texture" }
    }
},
{
    "from": [ 10.5625, 0.3125, 7.1875 ],
    "to": [ 11, 0.4375, 8.8125 ],
    "faces": {
        "up":    { "uv": [ 7.625, 10.25, 9.875, 10.875 ], "texture": "#normal_gun_texture" },
        "north": { "uv": [ 8.125, 10.375, 9.125, 10.875 ], "texture": "#normal_gun_texture" },
        "south": { "uv": [ 8.125, 10.375, 9.125, 10.875 ], "texture": "#normal_gun_texture" },
        "west":  { "uv": [ 7.75, 10.375, 9.5, 10.8125 ], "texture": "#normal_gun_texture" },
        "east":  { "uv": [ 7.75, 10.375, 9.5, 10.8125 ], "texture": "#normal_gun_texture" }
    }
},
{
    "from": [ 10.625, 0.4375, 7.1875 ],
    "to": [ 11.125, 0.5625, 8.8125 ],
    "faces": {
        "down":  { "uv": [ 7.625, 10.25, 9.875, 10.875 ], "texture": "#normal_gun_texture" },
        "up":    { "uv": [ 7.625, 10.25, 9.875, 10.875 ], "texture": "#normal_gun_texture" },
        "north": { "uv": [ 8.125, 10.375, 9.125, 10.875 ], "texture": "#normal_gun_texture" },
        "south": { "uv": [ 8.125, 10.375, 9.125, 10.875 ], "texture": "#normal_gun_texture" },
        "west":  { "uv": [ 7.75, 10.375, 9.5, 10.8125 ], "texture": "#normal_gun_texture" },
        "east":  { "uv": [ 7.75, 10.375, 9.5, 10.8125 ], "texture": "#normal_gun_texture" }
    }
},
{
    "from": [ 15.6563, 7.78125, 7.3125 ],
    "to": [ 16.1563, 7.90625, 8.6875 ],
    "rotation": { "origin": [ 15.6563, 7.90625, 7.3125 ], "axis": "z", "angle": -22.5 },
    "faces": {
        "down":  { "uv": [ 7.875, 10.25, 10.125, 10.875 ], "texture": "#iron_cover" },
        "up":    { "uv": [ 7.875, 10.25, 10.125, 10.875 ], "texture": "#iron_cover" },
        "north": { "uv": [ 7.5, 10.375, 8.5, 10.875 ], "texture": "#iron_cover" },
        "south": { "uv": [ 7.5, 10.375, 8.5, 10.875 ], "texture": "#iron_cover" },
        "west":  { "uv": [ 7.75, 10.5, 9.5, 10.9375 ], "texture": "#iron_cover" },
        "east":  { "uv": [ 7.75, 10.5, 9.5, 10.9375 ], "texture": "#iron_cover" }
    }
},
{
    "from": [ 15.1875, 7.6875, 7.3125 ],
    "to": [ 15.5625, 7.9375, 8.6875 ],
    "faces": {
        "up":    { "uv": [ 15.1875, 7.3125, 15.5625, 8.6875 ], "texture": "#iron_cover" },
        "north": { "uv": [ 0.4375, 8.0625, 0.8125, 8.3125 ], "texture": "#iron_cover" },
        "south": { "uv": [ 15.1875, 8.0625, 15.5625, 8.3125 ], "texture": "#iron_cover" },
        "east":  { "uv": [ 7.3125, 8.0625, 8.6875, 8.3125 ], "texture": "#iron_cover" }
    }
},
{
    "from": [ 15.1875, 7.9375, 7.3125 ],
    "to": [ 15.375, 8.1875, 8.6875 ],
    "faces": {
        "up":    { "uv": [ 15.1875, 7.3125, 15.375, 8.6875 ], "texture": "#iron_cover" },
        "north": { "uv": [ 0.625, 7.8125, 0.8125, 8.0625 ], "texture": "#iron_cover" },
        "south": { "uv": [ 15.1875, 7.8125, 15.375, 8.0625 ], "texture": "#iron_cover" },
        "east":  { "uv": [ 7.3125, 7.8125, 8.6875, 8.0625 ], "texture": "#iron_cover" }
    }
},
{
    "from": [ 15.1875, 8.1875, 7.3125 ],
    "to": [ 15.25, 8.25, 8.6875 ],
    "faces": {
        "up":    { "uv": [ 15.1875, 7.3125, 15.25, 8.6875 ], "texture": "#iron_cover" },
        "north": { "uv": [ 0.75, 7.75, 0.8125, 7.8125 ], "texture": "#iron_cover" },
        "south": { "uv": [ 15.1875, 7.75, 15.25, 7.8125 ], "texture": "#iron_cover" },
        "east":  { "uv": [ 7.3125, 7.75, 8.6875, 7.8125 ], "texture": "#iron_cover" }
    }
},
{
    "from": [ 15.375, 8, 7.3125 ],
    "to": [ 15.4375, 8.0625, 8.6875 ],
    "faces": {
        "up":    { "uv": [ 15.375, 7.3125, 15.4375, 8.6875 ], "texture": "#iron_cover" },
        "north": { "uv": [ 0.5625, 7.9375, 0.625, 8 ], "texture": "#iron_cover" },
        "south": { "uv": [ 15.375, 7.9375, 15.4375, 8 ], "texture": "#iron_cover" },
        "east":  { "uv": [ 7.3125, 7.9375, 8.6875, 8 ], "texture": "#iron_cover" }
    }
},
{
    "from": [ 15.375, 7.9375, 7.3125 ],
    "to": [ 15.5, 8, 8.6875 ],
    "faces": {
        "up":    { "uv": [ 15.375, 7.3125, 15.5, 8.6875 ], "texture": "#iron_cover" },
        "north": { "uv": [ 0.5, 8, 0.625, 8.0625 ], "texture": "#iron_cover" },
        "south": { "uv": [ 15.375, 8, 15.5, 8.0625 ], "texture": "#iron_cover" },
        "east":  { "uv": [ 7.3125, 8, 8.6875, 8.0625 ], "texture": "#iron_cover" }
    }
},
{
    "from": [ 15.5625, 7.6875, 7.3125 ],
    "to": [ 15.8125, 7.8125, 8.6875 ],
    "faces": {
        "up":    { "uv": [ 15.5625, 7.3125, 15.8125, 8.6875 ], "texture": "#iron_cover" },
        "north": { "uv": [ 0.1875, 8.1875, 0.4375, 8.3125 ], "texture": "#iron_cover" },
        "south": { "uv": [ 15.5625, 8.1875, 15.8125, 8.3125 ], "texture": "#iron_cover" },
        "east":  { "uv": [ 7.3125, 8.1875, 8.6875, 8.3125 ], "texture": "#iron_cover" }
    }
},
{
    "from": [ 15.5625, 7.8125, 7.3125 ],
    "to": [ 15.625, 7.875, 8.6875 ],
    "faces": {
        "up":    { "uv": [ 15.5625, 7.3125, 15.625, 8.6875 ], "texture": "#iron_cover" },
        "north": { "uv": [ 0.375, 8.125, 0.4375, 8.1875 ], "texture": "#iron_cover" },
        "south": { "uv": [ 15.5625, 8.125, 15.625, 8.1875 ], "texture": "#iron_cover" }
    }
},
{
    "from": [ 15.8125, 7.6875, 7.3125 ],
    "to": [ 15.875, 7.75, 8.6875 ],
    "faces": {
        "north": { "uv": [ 0.125, 8.25, 0.1875, 8.3125 ], "texture": "#iron_cover" },
        "south": { "uv": [ 15.8125, 8.25, 15.875, 8.3125 ], "texture": "#iron_cover" },
        "east":  { "uv": [ 7.3125, 8.25, 8.6875, 8.3125 ], "texture": "#iron_cover" }
    }
},
{
    "from": [ 13.9375, 6.6875, 7.3125 ],
    "to": [ 14.3125, 7.375, 8.6875 ],
    "rotation": { "origin": [ 13.9375, 7.375, 7.3125 ], "axis": "z", "angle": -22.5 },
    "faces": {
        "down":  { "uv": [ 7.875, 10.25, 10.125, 10.875 ], "texture": "#iron_cover" },
        "up":    { "uv": [ 7.875, 10.25, 10.125, 10.875 ], "texture": "#iron_cover" },
        "north": { "uv": [ 7.5, 10.375, 8.5, 10.875 ], "texture": "#iron_cover" },
        "south": { "uv": [ 7.5, 10.375, 8.5, 10.875 ], "texture": "#iron_cover" },
        "west":  { "uv": [ 7.75, 10.5, 9.5, 10.9375 ], "texture": "#iron_cover" },
        "east":  { "uv": [ 7.75, 10.5, 9.5, 10.9375 ], "texture": "#iron_cover" }
    }
},
{
    "from": [ 7.375, 7.0625, 7.75 ],
    "to": [ 7.625, 7.6875, 8.3125 ],
    "rotation": { "origin": [ 7.375, 7.6875, 7.75 ], "axis": "z", "angle": 22.5 },
    "faces": {
        "down":  { "uv": [ 10.5625, 8.46875, 10.3125, 7.53125 ], "texture": "#iron_cover" },
        "north": { "uv": [ 10.3125, 8.5, 10.5625, 8.625 ], "texture": "#iron_cover" },
        "south": { "uv": [ 5.4375, 8.5, 5.6875, 8.625 ], "texture": "#iron_cover" },
        "west":  { "uv": [ 7.53125, 8.5, 8.46875, 8.625 ], "texture": "#iron_cover" },
        "east":  { "uv": [ 7.53125, 8.5, 8.46875, 8.625 ], "texture": "#iron_cover" }
    }
},
{
    "from": [ 8.125, 7.25, 7.75 ],
    "to": [ 8.375, 7.875, 8.3125 ],
    "rotation": { "origin": [ 8.125, 7.875, 7.75 ], "axis": "z", "angle": -45 },
    "faces": {
        "down":  { "uv": [ 10.5625, 8.46875, 10.3125, 7.53125 ], "texture": "#iron_cover" },
        "north": { "uv": [ 10.3125, 8.5, 10.5625, 8.625 ], "texture": "#iron_cover" },
        "south": { "uv": [ 5.4375, 8.5, 5.6875, 8.625 ], "texture": "#iron_cover" },
        "west":  { "uv": [ 7.53125, 8.5, 8.46875, 8.625 ], "texture": "#iron_cover" },
        "east":  { "uv": [ 7.53125, 8.5, 8.46875, 8.625 ], "texture": "#iron_cover" }
    }
}
],
"display": {
    "thirdperson_righthand": {
        "rotation": [ -180, -90, 130 ],
        "translation": [ 0, 2, 2.5 ],
        "scale": [ 0.45, 0.45, 0.45 ]
    },
	"thirdperson_lefthand": {
        "rotation": [ 0, 90, 0 ],
        "translation": [ 0, 2, -1 ],
        "scale": [ 0.45, 0.45, 0.45 ]
    },
    "head": {
        "rotation": [ 0, -90, 0 ],
        "translation": [ 0, 12, 0 ],
        "scale": [ 0.6, 0.6, 0.6 ]
    },
    "ground": {
        "rotation": [ 90, 0, 0 ],
        "translation": [ 0, 0, 0 ],
        "scale": [ 0.4, 0.4, 0.4 ]
    },
    "fixed": {
        "rotation": [ 0, 0, 0 ],
        "translation": [ -0.5, 1, -1 ],
        "scale": [ 0.6, 0.6, 0.6 ]
    },
    "firstperson_righthand": {
        "rotation": [ 0, -90, 0 ],
        "translation": [ -2.5, 4, -1.8 ],
        "scale": [ 0.45, 0.45, 0.45 ]
    },
	"firstperson_lefthand": {
        "rotation": [ 0, 90, -90 ],
        "translation": [ 0, -3, -5 ],
        "scale": [ 0.45, 0.45, 0.45 ]
    },
    "gui": {
        "rotation": [ -15, 40, 0 ],
        "translation": [ 0, 0, 0 ],
        "scale": [ 0.5, 0.5, 0.5 ]
    }
}
}