{
    "__comment": "© Le0, Mineland.eu 2019 | www.mineland.eu",
    "textures": {
        "iron_cover": "guns/pistole/iron_cover",
        "bright_gun_texture": "guns/pistole/bright_gun_texture",
        "normal_gun_texture": "guns/pistole/normal_gun_texture",
        "light_gun_texture": "guns/pistole/light_gun_texture"
    },
    "elements": [
        {
            "name": "Body Lower",
            "from": [ 6.0, 6.799999997019768, 7.300000004470348 ], 
            "to": [ 10.0, 7.399999991059303, 8.699999995529652 ], 
            "faces": {
                "north": { "texture": "#iron_cover", "uv": [ 0.0, 8.0, 10.0, 9.0 ] },
                "east": { "texture": "#iron_cover", "uv": [ 3.0, 8.0, 5.0, 9.0 ] },
                "south": { "texture": "#iron_cover", "uv": [ 3.0, 9.0, 13.0, 10.0 ] },
                "west": { "texture": "#iron_cover", "uv": [ 12.0, 6.0, 14.0, 7.0 ] },
                "up": { "texture": "#iron_cover", "uv": [ 6.0, 7.0, 16.0, 9.0 ] },
                "down": { "texture": "#iron_cover", "uv": [ 5.0, 10.0, 15.0, 12.0 ] }
            }
        },
        {
            "name": "Body Higher",
            "from": [ 2.0, 8.800000011920929, 7.500000007450581 ], 
            "to": [ 11.50000000745058, 9.200000002980232, 8.49999999254942 ], 
            "faces": {
                "north": { "texture": "#iron_cover", "uv": [ 5.0, 7.0, 14.50000000745058, 8.0 ] },
                "east": { "texture": "#iron_cover", "uv": [ 6.0, 10.0, 8.0, 11.0 ] },
                "south": { "texture": "#iron_cover", "uv": [ 6.0, 8.0, 15.50000000745058, 9.0 ] },
                "west": { "texture": "#iron_cover", "uv": [ 8.0, 6.0, 10.0, 7.0 ] },
                "up": { "texture": "#iron_cover", "uv": [ 2.0, 9.0, 11.50000000745058, 11.0 ] },
                "down": { "texture": "#iron_cover", "uv": [ 6.0, 5.0, 15.50000000745058, 7.0 ] }
            }
        },
        {
            "name": "Barrel",
            "from": [ 1.4000000059604645, 7.900000013411045, 7.500000007450581 ], 
            "to": [ 7.4000000059604645, 8.900000013411045, 8.50000000745058 ], 
            "faces": {
                "north": { "texture": "#iron_cover", "uv": [ 1.0, 6.0, 2.0, 7.0 ] },
                "east": { "texture": "#iron_cover", "uv": [ 2.0, 8.0, 3.0, 9.0 ] },
                "south": { "texture": "#iron_cover", "uv": [ 5.0, 15.0, 6.0, 16.0 ] },
                "west": { "texture": "#iron_cover", "uv": [ 4.0, 0.0, 5.0, 1.0 ] },
                "up": { "texture": "#iron_cover", "uv": [ 6.0, 6.0, 7.0, 7.0 ] },
                "down": { "texture": "#iron_cover", "uv": [ 3.0, 3.0, 4.0, 4.0 ] }
            }
        },
        {
            "name": "Handle",
            "from": [ 9.200000002980232, 1.4999999925494194, 7.200000002980232 ], 
            "to": [ 11.400000005960464, 6.499999992549419, 8.799999997019768 ], 
            "rotation": { "origin": [ 8.0, 8.0, 8.0 ], "axis": "z", "angle": 22.5 },
            "faces": {
                "north": { "texture": "#bright_gun_texture", "uv": [ 6.0, 3.0, 8.200000002980232, 8.0 ] },
                "east": { "texture": "#bright_gun_texture", "uv": [ 11.0, 8.0, 12.599999994039536, 13.0 ] },
                "south": { "texture": "#bright_gun_texture", "uv": [ 6.0, 8.0, 8.200000002980232, 13.0 ] },
                "west": { "texture": "#bright_gun_texture", "uv": [ 4.0, 8.0, 5.5999999940395355, 13.0 ] },
                "up": { "texture": "#bright_gun_texture", "uv": [ 12.0, 6.0, 14.200000002980232, 7.5999999940395355 ] },
                "down": { "texture": "#bright_gun_texture", "uv": [ 1.0, 12.0, 3.2000000029802322, 13.599999994039536 ] }
            }
        },
        {
            "name": "Clip Bottom",
            "from": [ 9.200000002980232, 1.3000000044703484, 7.200000002980232 ], 
            "to": [ 11.400000005960464, 1.4999999925494194, 8.799999997019768 ], 
            "rotation": { "origin": [ 8.0, 8.0, 8.0 ], "axis": "z", "angle": 22.5 },
            "faces": {
                "north": { "texture": "#normal_gun_texture", "uv": [ 6.0, 12.0, 8.400000005960464, 12.49999999254942 ] },
                "east": { "texture": "#normal_gun_texture", "uv": [ 7.0, 5.0, 8.799999997019768, 5.499999992549419 ] },
                "south": { "texture": "#normal_gun_texture", "uv": [ 1.0, 4.0, 3.4000000059604645, 4.499999992549419 ] },
                "west": { "texture": "#normal_gun_texture", "uv": [ 0.0, 0.0, 1.7999999970197678, 0.4999999925494194 ] },
                "up": { "texture": "#normal_gun_texture", "uv": [ 0.0, 0.0, 2.4000000059604645, 1.7999999970197678 ] },
                "down": { "texture": "#normal_gun_texture", "uv": [ 0.0, 0.0, 2.4000000059604645, 1.7999999970197678 ] }
            }
        },
        {
            "name": "Shooter Vertical Piece",
            "from": [ 7.200000017881393, 5.699999995529652, 7.600000008940697 ], 
            "to": [ 7.4000000059604645, 7.399999991059303, 8.400000005960464 ], 
            "rotation": { "origin": [ 8.0, 8.0, 8.0 ], "axis": "z", "angle": 22.5 },
            "faces": {
                "north": { "texture": "#iron_cover", "uv": [ 10.0, 6.0, 10.199999988079071, 7.699999995529652 ] },
                "east": { "texture": "#iron_cover", "uv": [ 2.0, 6.0, 2.7999999970197678, 7.699999995529652 ] },
                "south": { "texture": "#iron_cover", "uv": [ 5.0, 9.0, 5.199999988079071, 10.699999995529652 ] },
                "west": { "texture": "#iron_cover", "uv": [ 3.0, 4.0, 3.7999999970197678, 5.699999995529652 ] },
                "up": { "texture": "#iron_cover", "uv": [ 8.0, 6.0, 8.199999988079071, 6.799999997019768 ] },
                "down": { "texture": "#iron_cover", "uv": [ 6.0, 5.0, 6.199999988079071, 5.799999997019768 ] }
            }
        },
        {
            "name": "Shooter Horizontal Piece",
            "from": [ 8.100000031292439, 5.5999999940395355, 7.600000008940697 ], 
            "to": [ 10.300000049173832, 5.8999999687075615, 8.400000005960464 ], 
            "faces": {
                "north": { "texture": "#iron_cover", "uv": [ 8.0, 6.0, 10.200000017881393, 6.299999974668026 ] },
                "east": { "texture": "#iron_cover", "uv": [ 6.0, 12.0, 6.799999997019768, 12.299999974668026 ] },
                "south": { "texture": "#iron_cover", "uv": [ 6.0, 5.0, 8.200000017881393, 5.299999974668026 ] },
                "west": { "texture": "#iron_cover", "uv": [ 9.0, 12.0, 9.799999997019768, 12.299999974668026 ] },
                "up": { "texture": "#iron_cover", "uv": [ 4.0, 4.0, 6.200000017881393, 4.799999997019768 ] },
                "down": { "texture": "#iron_cover", "uv": [ 6.0, 12.0, 8.200000017881393, 12.799999997019768 ] }
            }
        },
        {
            "name": "Body Top Piece",
            "from": [ 3.0, 9.0, 7.200000002980232 ], 
            "to": [ 11.0, 9.199999988079071, 8.800000011920929 ], 
            "faces": {
                "north": { "texture": "#iron_cover", "uv": [ 7.0, 9.0, 15.0, 9.199999988079071 ] },
                "east": { "texture": "#iron_cover", "uv": [ 1.0, 6.0, 2.6000000089406967, 6.199999988079071 ] },
                "south": { "texture": "#iron_cover", "uv": [ 2.0, 7.0, 10.0, 7.199999988079071 ] },
                "west": { "texture": "#iron_cover", "uv": [ 9.0, 7.0, 10.600000008940697, 7.199999988079071 ] },
                "up": { "texture": "#iron_cover", "uv": [ 1.0, 9.0, 9.0, 10.600000008940697 ] },
                "down": { "texture": "#iron_cover", "uv": [ 7.0, 13.0, 15.0, 14.600000008940697 ] }
            }
        },
        {
            "name": "Front Targeter Base",
            "from": [ 2.199999988079071, 9.200000002980232, 7.700000010430813 ], 
            "to": [ 3.199999988079071, 9.399999991059303, 8.300000004470348 ], 
            "faces": {
                "north": { "texture": "#iron_cover", "uv": [ 6.0, 5.0, 7.0, 5.199999988079071 ] },
                "east": { "texture": "#iron_cover", "uv": [ 5.0, 8.0, 6.600000008940697, 8.199999988079071 ] },
                "south": { "texture": "#iron_cover", "uv": [ 3.0, 3.0, 4.0, 3.199999988079071 ] },
                "west": { "texture": "#iron_cover", "uv": [ 5.0, 5.0, 6.600000008940697, 5.199999988079071 ] },
                "up": { "texture": "#iron_cover", "uv": [ 5.0, 4.0, 6.0, 5.600000008940697 ] },
                "down": { "texture": "#iron_cover", "uv": [ 12.0, 5.0, 13.0, 6.600000008940697 ] }
            }
        },
        {
            "name": "Cube",
            "from": [ 6.0, 7.4000000059604645, 7.300000004470348 ], 
            "to": [ 7.4000000059604645, 8.400000005960464, 8.700000010430813 ], 
            "faces": {
                "north": { "texture": "#iron_cover", "uv": [ 0.0, 0.0, 1.4000000059604645, 1.0 ] },
                "east": { "texture": "#iron_cover", "uv": [ 0.0, 0.0, 1.4000000059604645, 1.0 ] },
                "south": { "texture": "#iron_cover", "uv": [ 0.0, 0.0, 1.4000000059604645, 1.0 ] },
                "west": { "texture": "#iron_cover", "uv": [ 0.0, 0.0, 1.4000000059604645, 1.0 ] },
                "up": { "texture": "#iron_cover", "uv": [ 0.0, 0.0, 1.4000000059604645, 1.4000000059604645 ] },
                "down": { "texture": "#iron_cover", "uv": [ 0.0, 0.0, 1.4000000059604645, 1.4000000059604645 ] }
            }
        },
        {
            "name": "Cube",
            "from": [ 10.0, 7.100000001490116, 7.300000004470348 ], 
            "to": [ 11.400000005960464, 9.100000001490116, 8.700000010430813 ], 
            "faces": {
                "north": { "texture": "#iron_cover", "uv": [ 0.0, 0.0, 1.4000000059604645, 2.0 ] },
                "east": { "texture": "#iron_cover", "uv": [ 0.0, 0.0, 1.4000000059604645, 2.0 ] },
                "south": { "texture": "#iron_cover", "uv": [ 0.0, 0.0, 1.4000000059604645, 2.0 ] },
                "west": { "texture": "#iron_cover", "uv": [ 0.0, 0.0, 1.4000000059604645, 2.0 ] },
                "up": { "texture": "#iron_cover", "uv": [ 0.0, 0.0, 1.4000000059604645, 1.4000000059604645 ] },
                "down": { "texture": "#iron_cover", "uv": [ 0.0, 0.0, 1.4000000059604645, 1.4000000059604645 ] }
            }
        },
        {
            "name": "Cube",
            "from": [ 8.100000001490116, 7.4000000059604645, 7.300000004470348 ], 
            "to": [ 9.800000011920929, 8.799999997019768, 8.700000010430813 ], 
            "faces": {
                "north": { "texture": "#light_gun_texture", "uv": [ 0.0, 0.0, 5.4000000059604645, 2.3999999910593033 ] },
                "east": { "texture": "#light_gun_texture", "uv": [ 0.0, 0.0, 4.4000000059604645, 2.3999999910593033 ] },
                "south": { "texture": "#light_gun_texture", "uv": [ 0.0, 0.0, 5.4000000059604645, 3.3999999910593033 ] },
                "west": { "texture": "#light_gun_texture", "uv": [ 0.0, 0.0, 4.4000000059604645, 2.3999999910593033 ] },
                "up": { "texture": "#light_gun_texture", "uv": [ 0.0, 0.0, 4.4000000059604645, 4.4000000059604645 ] },
                "down": { "texture": "#light_gun_texture", "uv": [ 0.0, 0.0, 3.4000000059604645, 3.4000000059604645 ] }
            }
        },
        {
            "name": "Cube",
            "from": [ 10.199999988079071, 9.200000002980232, 7.700000010430813 ], 
            "to": [ 11.199999988079071, 9.299999989569187, 8.300000004470348 ], 
            "faces": {
                "north": { "texture": "#iron_cover", "uv": [ 6.0, 5.0, 7.0, 5.199999988079071 ] },
                "east": { "texture": "#iron_cover", "uv": [ 5.0, 8.0, 6.600000008940697, 8.199999988079071 ] },
                "south": { "texture": "#iron_cover", "uv": [ 3.0, 3.0, 4.0, 3.199999988079071 ] },
                "west": { "texture": "#iron_cover", "uv": [ 5.0, 5.0, 6.600000008940697, 5.199999988079071 ] },
                "up": { "texture": "#iron_cover", "uv": [ 5.0, 4.0, 6.0, 5.600000008940697 ] },
                "down": { "texture": "#iron_cover", "uv": [ 12.0, 5.0, 13.0, 6.600000008940697 ] }
            }
        },
        {
            "name": "Cube",
            "from": [ 7.4000000059604645, 8.100000016391277, 7.700000010430813 ], 
            "to": [ 9.400000005960464, 8.700000010430813, 8.300000004470348 ], 
            "faces": {
                "north": { "texture": "#iron_cover", "uv": [ 1.0, 6.0, 2.0, 7.0 ] },
                "east": { "texture": "#iron_cover", "uv": [ 2.0, 8.0, 3.0, 9.0 ] },
                "south": { "texture": "#iron_cover", "uv": [ 5.0, 15.0, 6.0, 16.0 ] },
                "west": { "texture": "#iron_cover", "uv": [ 4.0, 0.0, 5.0, 1.0 ] },
                "up": { "texture": "#iron_cover", "uv": [ 6.0, 6.0, 7.0, 7.0 ] },
                "down": { "texture": "#iron_cover", "uv": [ 3.0, 3.0, 4.0, 4.0 ] }
            }
        }
    ],
    "display": {
        "thirdperson_righthand": {
            "rotation": [ 0, 270, -60 ],
            "translation": [ 0, 3, 3 ],
            "scale": [ 0.67, 0.67, 0.67 ]
        },
		"thirdperson_lefthand": {
            "rotation": [ 0, 90, 0 ],
            "translation": [ 0, 2, -1 ],
            "scale": [ 0.67, 0.67, 0.67 ]
        },
        "firstperson_righthand": {
            "rotation": [ 0, -90, 0 ],
            "translation": [ -2, 4, -5 ],
            "scale": [ 0.9, 0.9, 0.9 ]
        },
		"firstperson_lefthand": {
            "rotation": [ 0, 90, -90 ],
            "translation": [ 0, -3, -5 ],
            "scale": [ 0.9, 0.9, 0.9 ]
        },
        "head": {
			"rotation": [ 0, -90, 0 ],
			"translation": [ 0, 12, 0 ],
            "scale": [ 0.8, 0.8, 0.8 ]
        },
        "ground": {
            "rotation": [ 90, 0, 0 ],
            "translation": [ 0, -2, 0 ],
            "scale": [ 0.67, 0.67, 0.67 ]
        },
        "gui": {
            "rotation": [ -20, 30, 0 ],
            "translation": [ 0, 0, 0 ],
            "scale": [ 0.5, 0.5, 0.5 ]
        }
    }
}