{
"__comment": "© Le0, Mineland.eu 2019 | www.mineland.eu",
"textures": {
    "iron_cover": "guns/pistole/iron_cover",
    "bright_gun_texture": "guns/pistole/bright_gun_texture",
    "normal_gun_texture": "guns/pistole/normal_gun_texture",
    "light_gun_texture": "guns/pistole/light_gun_texture"
},
"elements": [ 
{
    "from": [ 6, 6.775, 7.3125 ],
    "to": [ 10, 7.375, 8.7125 ],
    "faces": {
        "down":  { "uv": [ 5, 10, 15, 12 ], "texture": "#iron_cover" },
        "up":    { "uv": [ 6, 7, 16, 9 ], "texture": "#iron_cover" },
        "north": { "uv": [ 0, 8, 10, 9 ], "texture": "#iron_cover" },
        "south": { "uv": [ 3, 9, 13, 10 ], "texture": "#iron_cover" },
        "west":  { "uv": [ 12, 6, 14, 7 ], "texture": "#iron_cover" },
        "east":  { "uv": [ 3, 8, 5, 9 ], "texture": "#iron_cover" }
    }
},
{
    "from": [ 0.5, 8.9, 7.5 ],
    "to": [ 10.5, 9.3, 8.5 ],
    "faces": {
        "down":  { "uv": [ 6, 5, 15.5, 7 ], "texture": "#iron_cover" },
        "up":    { "uv": [ 2, 9, 11.5, 11 ], "texture": "#iron_cover" },
        "north": { "uv": [ 5, 7, 14.5, 8 ], "texture": "#iron_cover" },
        "south": { "uv": [ 6, 8, 15.5, 9 ], "texture": "#iron_cover" },
        "west":  { "uv": [ 8, 6, 10, 7 ], "texture": "#iron_cover" },
        "east":  { "uv": [ 6, 10, 8, 11 ], "texture": "#iron_cover" }
    }
},
{
    "from": [ 0.4, 7.9, 7.5 ],
    "to": [ 7.5, 8.9, 8.5 ],
    "faces": {
        "down":  { "uv": [ 3, 3, 4, 4 ], "texture": "#iron_cover" },
        "up":    { "uv": [ 6, 6, 7, 7 ], "texture": "#iron_cover" },
        "north": { "uv": [ 1, 6, 2, 7 ], "texture": "#iron_cover" },
        "south": { "uv": [ 5, 15, 6, 16 ], "texture": "#iron_cover" },
        "west":  { "uv": [ 4, 0, 5, 1 ], "texture": "#iron_cover" },
        "east":  { "uv": [ 2, 8, 3, 9 ], "texture": "#iron_cover" }
    }
},
{
    "from": [ 10.25, 2.2625, 7.25 ],
    "to": [ 12.25, 6.5625, 8.85 ],
    "rotation": { "origin": [ 10.25, 6.5625, 7.25 ], "axis": "z", "angle": 22.5 },
    "faces": {
        "down":  { "uv": [ 1, 12, 3.2, 13.6 ], "texture": "#bright_gun_texture" },
        "up":    { "uv": [ 12, 6, 14.199999809265137, 7.5999999046325684 ], "texture": "#bright_gun_texture" },
        "north": { "uv": [ 6, 3, 8.1999998092651367, 8 ], "texture": "#bright_gun_texture" },
        "south": { "uv": [ 6, 8, 8.1999998092651367, 13 ], "texture": "#bright_gun_texture" },
        "west":  { "uv": [ 4, 8, 5.5999999046325684, 13 ], "texture": "#bright_gun_texture" },
        "east":  { "uv": [ 11, 8, 12.600000381469727, 13 ], "texture": "#bright_gun_texture" }
    }
},
{
    "from": [ 11.875, 2.425, 7.25 ],
    "to": [ 13.975, 2.625, 8.85 ],
    "rotation": { "origin": [ 11.875, 2.625, 7.25 ], "axis": "z", "angle": 22.5 },
    "faces": {
        "down":  { "uv": [ 0, 0, 2.4, 1.8 ], "texture": "#normal_gun_texture" },
        "up":    { "uv": [ 0, 0, 2.4000000953674316, 1.7999999523162842 ], "texture": "#normal_gun_texture" },
        "north": { "uv": [ 6, 12, 8.3999996185302734, 12.5 ], "texture": "#normal_gun_texture" },
        "south": { "uv": [ 1, 4, 3.4000000953674316, 4.5 ], "texture": "#normal_gun_texture" },
        "west":  { "uv": [ 0, 0, 1.7999999523162842, 0.5 ], "texture": "#normal_gun_texture" },
        "east":  { "uv": [ 7, 5, 8.8000001907348633, 5.5 ], "texture": "#normal_gun_texture" }
    }
},
{
    "from": [ 7.4375, 5.4875, 7.625 ],
    "to": [ 7.6375, 7.1875, 8.425 ],
    "rotation": { "origin": [ 7.4375, 7.1875, 7.625 ], "axis": "z", "angle": 22.5 },
    "faces": {
        "down":  { "uv": [ 6, 5, 6.2, 5.8 ], "texture": "#iron_cover" },
        "up":    { "uv": [ 8, 6, 8.1999998092651367, 6.8000001907348633 ], "texture": "#iron_cover" },
        "north": { "uv": [ 10, 6, 10.199999809265137, 7.6999998092651367 ], "texture": "#iron_cover" },
        "south": { "uv": [ 5, 9, 5.1999998092651367, 10.699999809265137 ], "texture": "#iron_cover" },
        "west":  { "uv": [ 3, 4, 3.7999999523162842, 5.6999998092651367 ], "texture": "#iron_cover" },
        "east":  { "uv": [ 2, 6, 2.7999999523162842, 7.6999998092651367 ], "texture": "#iron_cover" }
    }
},
{
    "from": [ 8.1, 5.6, 7.6 ],
    "to": [ 9.4, 5.9, 8.4 ],
    "faces": {
        "down":  { "uv": [ 6, 12, 8.2, 12.8 ], "texture": "#iron_cover" },
        "up":    { "uv": [ 4, 4, 6.1999998092651367, 4.8000001907348633 ], "texture": "#iron_cover" },
        "north": { "uv": [ 8, 6, 10.199999809265137, 6.3000001907348633 ], "texture": "#iron_cover" },
        "south": { "uv": [ 6, 5, 8.1999998092651367, 5.3000001907348633 ], "texture": "#iron_cover" },
        "west":  { "uv": [ 9, 12, 9.8000001907348633, 12.300000190734863 ], "texture": "#iron_cover" },
        "east":  { "uv": [ 6, 12, 6.8000001907348633, 12.300000190734863 ], "texture": "#iron_cover" }
    }
},
{
    "from": [ 9.7, 9.3, 7.5 ],
    "to": [ 10.3, 9.5, 8.5 ],
    "faces": {
        "down":  { "uv": [ 7, 13, 10, 14.6 ], "texture": "#iron_cover" },
        "up":    { "uv": [ 1, 9, 4, 10.600000381469727 ], "texture": "#iron_cover" },
        "north": { "uv": [ 7, 9, 9, 9.1999998092651367 ], "texture": "#iron_cover" },
        "south": { "uv": [ 2, 7, 4, 7.1999998092651367 ], "texture": "#iron_cover" },
        "west":  { "uv": [ 9, 7, 10.600000381469727, 7.1999998092651367 ], "texture": "#iron_cover" },
        "east":  { "uv": [ 1, 6, 2.5999999046325684, 6.1999998092651367 ], "texture": "#iron_cover" }
    }
},
{
    "from": [ 1.2, 9.3, 7.8 ],
    "to": [ 2.2, 9.6, 8.2 ],
    "faces": {
        "down":  { "uv": [ 12, 5, 13, 6.6 ], "texture": "#iron_cover" },
        "up":    { "uv": [ 5, 4, 6, 5.5999999046325684 ], "texture": "#iron_cover" },
        "north": { "uv": [ 6, 5, 7, 5.1999998092651367 ], "texture": "#iron_cover" },
        "south": { "uv": [ 3, 3, 4, 3.2000000476837158 ], "texture": "#iron_cover" },
        "west":  { "uv": [ 5, 5, 6.5999999046325684, 5.1999998092651367 ], "texture": "#iron_cover" },
        "east":  { "uv": [ 5, 8, 6.5999999046325684, 8.1999998092651367 ], "texture": "#iron_cover" }
    }
},
{
    "from": [ 6, 7.4, 7.6 ],
    "to": [ 7.4, 8.4, 8.4 ],
    "faces": {
        "down":  { "uv": [ 0, 0, 1.4, 1.4 ], "texture": "#iron_cover" },
        "up":    { "uv": [ 0, 0, 1.3999999761581421, 1.3999999761581421 ], "texture": "#iron_cover" },
        "north": { "uv": [ 0, 0, 1.3999999761581421, 1 ], "texture": "#iron_cover" },
        "south": { "uv": [ 0, 0, 1.3999999761581421, 1 ], "texture": "#iron_cover" },
        "west":  { "uv": [ 0, 0, 1.3999999761581421, 1 ], "texture": "#iron_cover" },
        "east":  { "uv": [ 0, 0, 1.3999999761581421, 1 ], "texture": "#iron_cover" }
    }
},
{
    "from": [ 10, 6.1875, 7.5 ],
    "to": [ 11.4, 8.1875, 8.5 ],
    "faces": {
        "down":  { "uv": [ 0, 0, 1.4, 1.4 ], "texture": "#iron_cover" },
        "up":    { "uv": [ 0, 0, 1.3999999761581421, 1.3999999761581421 ], "texture": "#iron_cover" },
        "north": { "uv": [ 0, 0, 1.3999999761581421, 2 ], "texture": "#iron_cover" },
        "south": { "uv": [ 0, 0, 1.3999999761581421, 2 ], "texture": "#iron_cover" },
        "west":  { "uv": [ 0, 0, 1.3999999761581421, 2 ], "texture": "#iron_cover" },
        "east":  { "uv": [ 0, 0, 1.3999999761581421, 2 ], "texture": "#iron_cover" }
    }
},
{
    "from": [ 4.3, 9.3, 7.6 ],
    "to": [ 9.1, 9.6, 8.4 ],
    "faces": {
        "down":  { "uv": [ 12, 5, 13, 6.6 ], "texture": "#iron_cover" },
        "up":    { "uv": [ 5, 4, 6, 5.5999999046325684 ], "texture": "#iron_cover" },
        "north": { "uv": [ 6, 5, 7, 5.1999998092651367 ], "texture": "#iron_cover" },
        "south": { "uv": [ 3, 3, 4, 3.2000000476837158 ], "texture": "#iron_cover" },
        "west":  { "uv": [ 5, 5, 6.5999999046325684, 5.1999998092651367 ], "texture": "#iron_cover" },
        "east":  { "uv": [ 5, 8, 6.5999999046325684, 8.1999998092651367 ], "texture": "#iron_cover" }
    }
},
{
    "from": [ 4.1, 7.3, 7.7 ],
    "to": [ 6.4, 7.7, 8.3 ],
    "faces": {
        "down":  { "uv": [ 3, 3, 4, 4 ], "texture": "#iron_cover" },
        "up":    { "uv": [ 6, 6, 7, 7 ], "texture": "#iron_cover" },
        "north": { "uv": [ 1, 6, 2, 7 ], "texture": "#iron_cover" },
        "south": { "uv": [ 5, 15, 6, 16 ], "texture": "#iron_cover" },
        "west":  { "uv": [ 4, 0, 5, 1 ], "texture": "#iron_cover" },
        "east":  { "uv": [ 2, 8, 3, 9 ], "texture": "#iron_cover" }
    }
},
{
    "from": [ 9.6875, 5.875, 7.25 ],
    "to": [ 11.7875, 6.875, 8.85 ],
    "faces": {
        "down":  { "uv": [ 1, 12, 3.2, 13.6 ], "texture": "#bright_gun_texture" },
        "up":    { "uv": [ 12, 6, 14.199999809265137, 7.5999999046325684 ], "texture": "#bright_gun_texture" },
        "north": { "uv": [ 8, 7, 12.199999809265137, 8 ], "texture": "#bright_gun_texture" },
        "south": { "uv": [ 7, 7, 12.199999809265137, 8 ], "texture": "#bright_gun_texture" },
        "west":  { "uv": [ 4, 8, 5.5999999046325684, 9 ], "texture": "#bright_gun_texture" },
        "east":  { "uv": [ 11, 8, 13.600000381469727, 9 ], "texture": "#bright_gun_texture" }
    }
},
{
    "from": [ 11.4, 7, 7.2 ],
    "to": [ 12.2, 8.2, 8.8 ],
    "faces": {
        "down":  { "uv": [ 1, 12, 3.2, 13.6 ], "texture": "#bright_gun_texture" },
        "up":    { "uv": [ 12, 6, 14.199999809265137, 7.5999999046325684 ], "texture": "#bright_gun_texture" },
        "north": { "uv": [ 6, 3, 7.1999998092651367, 5 ], "texture": "#bright_gun_texture" },
        "south": { "uv": [ 6, 8, 7.1999998092651367, 9 ], "texture": "#bright_gun_texture" },
        "west":  { "uv": [ 4, 8, 7.5999999046325684, 9 ], "texture": "#bright_gun_texture" },
        "east":  { "uv": [ 11, 8, 14.600000381469727, 9 ], "texture": "#bright_gun_texture" }
    }
},
{
    "from": [ 9.875, 5.55, 7.625 ],
    "to": [ 10.075, 7.25, 8.425 ],
    "rotation": { "origin": [ 9.875, 7.25, 7.625 ], "axis": "z", "angle": -22.5 },
    "faces": {
        "down":  { "uv": [ 6, 5, 6.2, 5.8 ], "texture": "#iron_cover" },
        "up":    { "uv": [ 8, 6, 8.1999998092651367, 6.8000001907348633 ], "texture": "#iron_cover" },
        "north": { "uv": [ 10, 6, 10.199999809265137, 7.6999998092651367 ], "texture": "#iron_cover" },
        "south": { "uv": [ 5, 9, 5.1999998092651367, 10.699999809265137 ], "texture": "#iron_cover" },
        "west":  { "uv": [ 3, 4, 3.7999999523162842, 5.6999998092651367 ], "texture": "#iron_cover" },
        "east":  { "uv": [ 2, 6, 2.7999999523162842, 7.6999998092651367 ], "texture": "#iron_cover" }
    }
},
{
    "from": [ 10.3125, 8.375, 7.5 ],
    "to": [ 12.1125, 9.375, 8.5 ],
    "rotation": { "origin": [ 10.3125, 9.375, 7.5 ], "axis": "z", "angle": -45 },
    "faces": {
        "down":  { "uv": [ 0, 0, 1.4, 1.4 ], "texture": "#iron_cover" },
        "up":    { "uv": [ 0, 0, 1.3999999761581421, 1.3999999761581421 ], "texture": "#iron_cover" },
        "north": { "uv": [ 0, 0, 1.3999999761581421, 2 ], "texture": "#iron_cover" },
        "south": { "uv": [ 0, 0, 1.3999999761581421, 2 ], "texture": "#iron_cover" },
        "west":  { "uv": [ 0, 0, 1.3999999761581421, 2 ], "texture": "#iron_cover" },
        "east":  { "uv": [ 0, 0, 1.3999999761581421, 2 ], "texture": "#iron_cover" }
    }
},
{
    "from": [ 0.4, 7.5, 7.5 ],
    "to": [ 2.4, 7.9, 8.5 ],
    "faces": {
        "down":  { "uv": [ 3, 3, 4, 4 ], "texture": "#bright_gun_texture" },
        "up":    { "uv": [ 6, 6, 7, 7 ], "texture": "#bright_gun_texture" },
        "north": { "uv": [ 1, 6, 2, 7 ], "texture": "#bright_gun_texture" },
        "south": { "uv": [ 5, 15, 6, 16 ], "texture": "#bright_gun_texture" },
        "west":  { "uv": [ 4, 0, 5, 1 ], "texture": "#bright_gun_texture" },
        "east":  { "uv": [ 2, 8, 3, 9 ], "texture": "#bright_gun_texture" }
    }
},
{
    "from": [ 2.6875, 7.9225, 7.6975 ],
    "to": [ 4.3875, 8.3225, 8.2975 ],
    "rotation": { "origin": [ 2.6875, 8.3225, 7.6975 ], "axis": "z", "angle": -22.5 },
    "faces": {
        "down":  { "uv": [ 3, 3, 4, 4 ], "texture": "#iron_cover" },
        "up":    { "uv": [ 6, 6, 7, 7 ], "texture": "#iron_cover" },
        "north": { "uv": [ 1, 6, 2, 7 ], "texture": "#iron_cover" },
        "south": { "uv": [ 5, 15, 6, 16 ], "texture": "#iron_cover" },
        "west":  { "uv": [ 4, 0, 5, 1 ], "texture": "#iron_cover" },
        "east":  { "uv": [ 2, 8, 3, 9 ], "texture": "#iron_cover" }
    }
},
{
    "from": [ 11.1875, 7.425, 7.75 ],
    "to": [ 11.3875, 9.125, 8.35 ],
    "rotation": { "origin": [ 11.1875, 9.125, 7.75 ], "axis": "z", "angle": -45 },
    "faces": {
        "down":  { "uv": [ 6, 5, 6.2, 5.8 ], "texture": "#iron_cover" },
        "up":    { "uv": [ 8, 6, 8.1999998092651367, 6.8000001907348633 ], "texture": "#iron_cover" },
        "north": { "uv": [ 10, 6, 10.199999809265137, 7.6999998092651367 ], "texture": "#iron_cover" },
        "south": { "uv": [ 5, 9, 5.1999998092651367, 10.699999809265137 ], "texture": "#iron_cover" },
        "west":  { "uv": [ 3, 4, 3.7999999523162842, 5.6999998092651367 ], "texture": "#iron_cover" },
        "east":  { "uv": [ 2, 6, 2.7999999523162842, 7.6999998092651367 ], "texture": "#iron_cover" }
    }
},
{
    "from": [ 7.4375, 7.405, 7.36125 ],
    "to": [ 9.9375, 7.905, 8.60125 ],
    "faces": {
        "down":  { "uv": [ 12, 15, 13, 16 ], "texture": "#iron_cover" },
        "up":    { "uv": [ 12, 15, 13, 16 ], "texture": "#iron_cover" },
        "north": { "uv": [ 12, 15, 13, 16 ], "texture": "#iron_cover" },
        "south": { "uv": [ 12, 15, 13, 16 ], "texture": "#iron_cover" },
        "west":  { "uv": [ 12, 15, 13, 16 ], "texture": "#iron_cover" },
        "east":  { "uv": [ 12, 15, 13, 16 ], "texture": "#iron_cover" }
    }
},
{
    "from": [ 7.4375, 8.3825, 7.36 ],
    "to": [ 9.9375, 8.8825, 8.61 ],
    "faces": {
        "down":  { "uv": [ 12, 15, 13, 16 ], "texture": "#iron_cover" },
        "up":    { "uv": [ 12, 15, 13, 16 ], "texture": "#iron_cover" },
        "north": { "uv": [ 12, 15, 13, 16 ], "texture": "#iron_cover" },
        "south": { "uv": [ 12, 15, 13, 16 ], "texture": "#iron_cover" },
        "west":  { "uv": [ 12, 15, 13, 16 ], "texture": "#iron_cover" },
        "east":  { "uv": [ 12, 15, 13, 16 ], "texture": "#iron_cover" }
    }
},
{
    "from": [ 7.4375, 8.3825, 8.61 ],
    "to": [ 9.9375, 8.8825, 8.86 ],
    "rotation": { "origin": [ 7.4375, 8.8825, 8.61 ], "axis": "x", "angle": 22.5 },
    "faces": {
        "down":  { "uv": [ 12, 15, 13, 16 ], "texture": "#iron_cover" },
        "up":    { "uv": [ 12, 15, 13, 16 ], "texture": "#iron_cover" },
        "north": { "uv": [ 12, 15, 13, 16 ], "texture": "#iron_cover" },
        "south": { "uv": [ 12, 15, 13, 16 ], "texture": "#iron_cover" },
        "west":  { "uv": [ 12, 15, 13, 16 ], "texture": "#iron_cover" },
        "east":  { "uv": [ 12, 15, 13, 16 ], "texture": "#iron_cover" }
    }
},
{
    "from": [ 7.4375, 7.37375, 8.41125 ],
    "to": [ 9.9375, 7.87375, 8.66125 ],
    "rotation": { "origin": [ 7.4375, 7.87375, 8.41125 ], "axis": "x", "angle": -22.5 },
    "faces": {
        "down":  { "uv": [ 12, 15, 13, 16 ], "texture": "#iron_cover" },
        "up":    { "uv": [ 12, 15, 13, 16 ], "texture": "#iron_cover" },
        "north": { "uv": [ 12, 15, 13, 16 ], "texture": "#iron_cover" },
        "south": { "uv": [ 12, 15, 13, 16 ], "texture": "#iron_cover" },
        "west":  { "uv": [ 12, 15, 13, 16 ], "texture": "#iron_cover" },
        "east":  { "uv": [ 12, 15, 13, 16 ], "texture": "#iron_cover" }
    }
},
{
    "from": [ 7.4375, 7.36, 8.48125 ],
    "to": [ 9.9375, 7.86, 8.73125 ],
    "rotation": { "origin": [ 7.4375, 7.86, 8.48125 ], "axis": "x", "angle": -45 },
    "faces": {
        "down":  { "uv": [ 12, 15, 13, 16 ], "texture": "#iron_cover" },
        "up":    { "uv": [ 12, 15, 13, 16 ], "texture": "#iron_cover" },
        "north": { "uv": [ 12, 15, 13, 16 ], "texture": "#iron_cover" },
        "south": { "uv": [ 12, 15, 13, 16 ], "texture": "#iron_cover" },
        "west":  { "uv": [ 12, 15, 13, 16 ], "texture": "#iron_cover" },
        "east":  { "uv": [ 12, 15, 13, 16 ], "texture": "#iron_cover" }
    }
},
{
    "from": [ 7.4375, 8.28875, 8.83875 ],
    "to": [ 9.9375, 8.78875, 9.08875 ],
    "rotation": { "origin": [ 7.4375, 8.78875, 8.83875 ], "axis": "x", "angle": 45 },
    "faces": {
        "down":  { "uv": [ 12, 15, 13, 16 ], "texture": "#iron_cover" },
        "up":    { "uv": [ 12, 15, 13, 16 ], "texture": "#iron_cover" },
        "north": { "uv": [ 12, 15, 13, 16 ], "texture": "#iron_cover" },
        "south": { "uv": [ 12, 15, 13, 16 ], "texture": "#iron_cover" },
        "west":  { "uv": [ 12, 15, 13, 16 ], "texture": "#iron_cover" },
        "east":  { "uv": [ 12, 15, 13, 16 ], "texture": "#iron_cover" }
    }
},
{
    "from": [ 7.4375, 8.1725, 8.5525 ],
    "to": [ 9.9375, 8.4225, 9.0525 ],
    "rotation": { "origin": [ 7.4375, 8.4225, 8.5525 ], "axis": "x", "angle": -22.5 },
    "faces": {
        "down":  { "uv": [ 12, 15, 13, 16 ], "texture": "#iron_cover" },
        "up":    { "uv": [ 12, 15, 13, 16 ], "texture": "#iron_cover" },
        "north": { "uv": [ 12, 15, 13, 16 ], "texture": "#iron_cover" },
        "south": { "uv": [ 12, 15, 13, 16 ], "texture": "#iron_cover" },
        "west":  { "uv": [ 12, 15, 13, 16 ], "texture": "#iron_cover" },
        "east":  { "uv": [ 12, 15, 13, 16 ], "texture": "#iron_cover" }
    }
},
{
    "from": [ 7.4375, 7.855, 8.645 ],
    "to": [ 9.9375, 8.105, 9.145 ],
    "rotation": { "origin": [ 7.4375, 8.105, 8.645 ], "axis": "x", "angle": 22.5 },
    "faces": {
        "down":  { "uv": [ 12, 15, 13, 16 ], "texture": "#iron_cover" },
        "up":    { "uv": [ 12, 15, 13, 16 ], "texture": "#iron_cover" },
        "north": { "uv": [ 12, 15, 13, 16 ], "texture": "#iron_cover" },
        "south": { "uv": [ 12, 15, 13, 16 ], "texture": "#iron_cover" },
        "west":  { "uv": [ 12, 15, 13, 16 ], "texture": "#iron_cover" },
        "east":  { "uv": [ 12, 15, 13, 16 ], "texture": "#iron_cover" }
    }
},
{
    "from": [ 7.4375, 7.91375, 8.61 ],
    "to": [ 9.9375, 8.3825, 9.11 ],
    "faces": {
        "down":  { "uv": [ 12, 15, 13, 16 ], "texture": "#iron_cover" },
        "up":    { "uv": [ 12, 15, 13, 16 ], "texture": "#iron_cover" },
        "north": { "uv": [ 12, 15, 13, 16 ], "texture": "#iron_cover" },
        "south": { "uv": [ 12, 15, 13, 16 ], "texture": "#iron_cover" },
        "west":  { "uv": [ 12, 15, 13, 16 ], "texture": "#iron_cover" },
        "east":  { "uv": [ 12, 15, 13, 16 ], "texture": "#iron_cover" }
    }
},
{
    "from": [ 7.4375, 7.85625, 7.355 ],
    "to": [ 9.9375, 8.40625, 8.73 ],
    "faces": {
        "down":  { "uv": [ 12, 15, 13, 16 ], "texture": "#iron_cover" },
        "up":    { "uv": [ 12, 15, 13, 16 ], "texture": "#iron_cover" },
        "north": { "uv": [ 12, 15, 13, 16 ], "texture": "#iron_cover" },
        "south": { "uv": [ 12, 15, 13, 16 ], "texture": "#iron_cover" },
        "west":  { "uv": [ 12, 15, 13, 16 ], "texture": "#iron_cover" },
        "east":  { "uv": [ 12, 15, 13, 16 ], "texture": "#iron_cover" }
    }
},
{
    "from": [ 7.4375, 7.9025, 6.85875 ],
    "to": [ 9.9375, 8.3775, 7.35875 ],
    "faces": {
        "down":  { "uv": [ 12, 15, 13, 16 ], "texture": "#iron_cover" },
        "up":    { "uv": [ 12, 15, 13, 16 ], "texture": "#iron_cover" },
        "north": { "uv": [ 12, 15, 13, 16 ], "texture": "#iron_cover" },
        "south": { "uv": [ 12, 15, 13, 16 ], "texture": "#iron_cover" },
        "west":  { "uv": [ 12, 15, 13, 16 ], "texture": "#iron_cover" },
        "east":  { "uv": [ 12, 15, 13, 16 ], "texture": "#iron_cover" }
    }
},
{
    "from": [ 7.4375, 7.46125, 7.32 ],
    "to": [ 9.9375, 7.96125, 7.57 ],
    "rotation": { "origin": [ 7.4375, 7.96125, 7.32 ], "axis": "x", "angle": 22.5 },
    "faces": {
        "down":  { "uv": [ 12, 15, 13, 16 ], "texture": "#iron_cover" },
        "up":    { "uv": [ 12, 15, 13, 16 ], "texture": "#iron_cover" },
        "north": { "uv": [ 12, 15, 13, 16 ], "texture": "#iron_cover" },
        "south": { "uv": [ 12, 15, 13, 16 ], "texture": "#iron_cover" },
        "west":  { "uv": [ 12, 15, 13, 16 ], "texture": "#iron_cover" },
        "east":  { "uv": [ 12, 15, 13, 16 ], "texture": "#iron_cover" }
    }
},
{
    "from": [ 7.4375, 8.28625, 7.13 ],
    "to": [ 9.9375, 8.78625, 7.38 ],
    "rotation": { "origin": [ 7.4375, 8.78625, 7.13 ], "axis": "x", "angle": -22.5 },
    "faces": {
        "down":  { "uv": [ 12, 15, 13, 16 ], "texture": "#iron_cover" },
        "up":    { "uv": [ 12, 15, 13, 16 ], "texture": "#iron_cover" },
        "north": { "uv": [ 12, 15, 13, 16 ], "texture": "#iron_cover" },
        "south": { "uv": [ 12, 15, 13, 16 ], "texture": "#iron_cover" },
        "west":  { "uv": [ 12, 15, 13, 16 ], "texture": "#iron_cover" },
        "east":  { "uv": [ 12, 15, 13, 16 ], "texture": "#iron_cover" }
    }
},
{
    "from": [ 7.4375, 8.10875, 6.9525 ],
    "to": [ 9.9375, 8.60875, 7.2025 ],
    "rotation": { "origin": [ 7.4375, 8.60875, 6.9525 ], "axis": "x", "angle": -45 },
    "faces": {
        "down":  { "uv": [ 12, 15, 13, 16 ], "texture": "#iron_cover" },
        "up":    { "uv": [ 12, 15, 13, 16 ], "texture": "#iron_cover" },
        "north": { "uv": [ 12, 15, 13, 16 ], "texture": "#iron_cover" },
        "south": { "uv": [ 12, 15, 13, 16 ], "texture": "#iron_cover" },
        "west":  { "uv": [ 12, 15, 13, 16 ], "texture": "#iron_cover" },
        "east":  { "uv": [ 12, 15, 13, 16 ], "texture": "#iron_cover" }
    }
},
{
    "from": [ 7.4375, 8.36, 6.95375 ],
    "to": [ 9.9375, 8.61, 7.45375 ],
    "rotation": { "origin": [ 7.4375, 8.61, 6.95375 ], "axis": "x", "angle": 22.5 },
    "faces": {
        "down":  { "uv": [ 12, 15, 13, 16 ], "texture": "#iron_cover" },
        "up":    { "uv": [ 12, 15, 13, 16 ], "texture": "#iron_cover" },
        "north": { "uv": [ 12, 15, 13, 16 ], "texture": "#iron_cover" },
        "south": { "uv": [ 12, 15, 13, 16 ], "texture": "#iron_cover" },
        "west":  { "uv": [ 12, 15, 13, 16 ], "texture": "#iron_cover" },
        "east":  { "uv": [ 12, 15, 13, 16 ], "texture": "#iron_cover" }
    }
},
{
    "from": [ 7.4375, 7.52875, 7.30625 ],
    "to": [ 9.9375, 8.02875, 7.55625 ],
    "rotation": { "origin": [ 7.4375, 8.02875, 7.30625 ], "axis": "x", "angle": 45 },
    "faces": {
        "down":  { "uv": [ 12, 15, 13, 16 ], "texture": "#iron_cover" },
        "up":    { "uv": [ 12, 15, 13, 16 ], "texture": "#iron_cover" },
        "north": { "uv": [ 12, 15, 13, 16 ], "texture": "#iron_cover" },
        "south": { "uv": [ 12, 15, 13, 16 ], "texture": "#iron_cover" },
        "west":  { "uv": [ 12, 15, 13, 16 ], "texture": "#iron_cover" },
        "east":  { "uv": [ 12, 15, 13, 16 ], "texture": "#iron_cover" }
    }
},
{
    "from": [ 7.4375, 7.65375, 6.85875 ],
    "to": [ 9.9375, 7.90375, 7.35875 ],
    "rotation": { "origin": [ 7.4375, 7.90375, 6.85875 ], "axis": "x", "angle": -22.5 },
    "faces": {
        "down":  { "uv": [ 12, 15, 13, 16 ], "texture": "#iron_cover" },
        "up":    { "uv": [ 12, 15, 13, 16 ], "texture": "#iron_cover" },
        "north": { "uv": [ 12, 15, 13, 16 ], "texture": "#iron_cover" },
        "south": { "uv": [ 12, 15, 13, 16 ], "texture": "#iron_cover" },
        "west":  { "uv": [ 12, 15, 13, 16 ], "texture": "#iron_cover" },
        "east":  { "uv": [ 12, 15, 13, 16 ], "texture": "#iron_cover" }
    }
}
],
"display": {
    "thirdperson_righthand": {
        "rotation": [ -180, -90, 130 ],
        "translation": [ 0, 3, 3 ],
        "scale": [ 0.7, 0.7, 0.7 ]
    },
	"thirdperson_lefthand": {
        "rotation": [ 0, 90, 0 ],
        "translation": [ 0, 2, -1 ],
        "scale": [ 0.67, 0.67, 0.67 ]
    },
    "head": {
		"rotation": [ 0, -90, 0 ],
		"translation": [ 0, 12, 0 ],
        "scale": [ 0.6, 0.6, 0.6 ]
    },
    "ground": {
        "rotation": [ 90, 0, 0 ],
        "translation": [ 0, 0, 0 ],
        "scale": [ 0.6, 0.6, 0.6 ]
    },
    "fixed": {
        "rotation": [ 0, 0, 0 ],
        "translation": [ 0, 0, 0 ],
        "scale": [ 1, 1, 1 ]
    },
    "firstperson_righthand": {
        "rotation": [ 0, -90, 0 ],
        "translation": [ 0, 3, -8 ],
        "scale": [ 1, 1, 1 ]
    },
	"firstperson_lefthand": {
        "rotation": [ 0, 90, -90 ],
        "translation": [ 0, -3, -5 ],
        "scale": [ 0.9, 0.9, 0.9 ]
        },
    "gui": {
        "rotation": [ -20, 40, 0 ],
        "translation": [ -0.5, 0, 0 ],
        "scale": [ 0.6, 0.6, 0.6 ]
    }
}
}