{
"__comment": "© Le0, Mineland.eu 2019 | www.mineland.eu",
"textures": {
    "normal_gun_texture": "guns/pistole/normal_gun_texture",
    "dark_gun_texture": "guns/pistole/dark_gun_texture",
    "bright_gun_texture": "guns/pistole/bright_gun_texture",
    "red_wool": "guns/pistole/red_wool"
},
"elements": [ 
{
    "from": [ 3, 7, 7 ],
    "to": [ 12, 8, 9 ],
    "faces": {
        "down":  { "uv": [ 5, 10, 15, 12 ], "texture": "#normal_gun_texture" },
        "up":    { "uv": [ 6, 7, 16, 9 ], "texture": "#normal_gun_texture" },
        "north": { "uv": [ 0, 8, 10, 9 ], "texture": "#normal_gun_texture" },
        "south": { "uv": [ 3, 9, 13, 10 ], "texture": "#normal_gun_texture" },
        "west":  { "uv": [ 12, 6, 14, 7 ], "texture": "#normal_gun_texture" },
        "east":  { "uv": [ 3, 8, 5, 9 ], "texture": "#normal_gun_texture" }
    }
},
{
    "from": [ 7, 8, 7 ],
    "to": [ 11.5, 9, 9 ],
    "faces": {
        "down":  { "uv": [ 6, 7, 10.5, 9 ], "texture": "#normal_gun_texture" },
        "up":    { "uv": [ 2, 11, 6.5, 13 ], "texture": "#normal_gun_texture" },
        "north": { "uv": [ 5, 9, 10.5, 10 ], "texture": "#normal_gun_texture" },
        "south": { "uv": [ 6, 10, 10.5, 11 ], "texture": "#normal_gun_texture" },
        "west":  { "uv": [ 8, 6, 10, 7 ], "texture": "#normal_gun_texture" },
        "east":  { "uv": [ 6, 10, 8, 11 ], "texture": "#normal_gun_texture" }
    }
},
{
    "from": [ 2.6, 8, 7.5 ],
    "to": [ 3.6, 9, 8.5 ],
    "faces": {
        "down":  { "uv": [ 3, 3, 4, 4 ], "texture": "#normal_gun_texture" },
        "up":    { "uv": [ 6, 6, 7, 7 ], "texture": "#normal_gun_texture" },
        "north": { "uv": [ 1, 6, 2, 7 ], "texture": "#normal_gun_texture" },
        "south": { "uv": [ 5, 15, 6, 16 ], "texture": "#normal_gun_texture" },
        "west":  { "uv": [ 4, 0, 5, 1 ], "texture": "#normal_gun_texture" },
        "east":  { "uv": [ 2, 8, 3, 9 ], "texture": "#normal_gun_texture" }
    }
},
{
    "from": [ 8.75, 2.1875, 7.25 ],
    "to": [ 10.95, 7.1875, 8.85 ],
    "rotation": { "origin": [ 8.75, 7.1875, 7.25 ], "axis": "z", "angle": 22.5 },
    "faces": {
        "down":  { "uv": [ 1, 12, 3.2, 13.6 ], "texture": "#normal_gun_texture" },
        "up":    { "uv": [ 12, 6, 14.199999809265137, 7.5999999046325684 ], "texture": "#normal_gun_texture" },
        "north": { "uv": [ 6, 3, 8.1999998092651367, 8 ], "texture": "#normal_gun_texture" },
        "south": { "uv": [ 6, 8, 8.1999998092651367, 13 ], "texture": "#normal_gun_texture" },
        "west":  { "uv": [ 4, 8, 5.5999999046325684, 13 ], "texture": "#normal_gun_texture" },
        "east":  { "uv": [ 11, 8, 12.600000381469727, 13 ], "texture": "#normal_gun_texture" }
    }
},
{
    "from": [ 10.655, 2.295, 7.25 ],
    "to": [ 12.855, 2.595, 8.85 ],
    "rotation": { "origin": [ 10.655, 2.595, 7.25 ], "axis": "z", "angle": 22.5 },
    "faces": {
        "down":  { "uv": [ 0, 0, 2.4, 1.8 ], "texture": "#dark_gun_texture" },
        "up":    { "uv": [ 0, 0, 2.4000000953674316, 1.7999999523162842 ], "texture": "#dark_gun_texture" },
        "north": { "uv": [ 6, 12, 8.3999996185302734, 12.5 ], "texture": "#dark_gun_texture" },
        "south": { "uv": [ 1, 4, 3.4000000953674316, 4.5 ], "texture": "#dark_gun_texture" },
        "west":  { "uv": [ 0, 0, 1.7999999523162842, 0.5 ], "texture": "#dark_gun_texture" },
        "east":  { "uv": [ 7, 5, 8.8000001907348633, 5.5 ], "texture": "#dark_gun_texture" }
    }
},
{
    "from": [ 7.25, 5.4875, 7.625 ],
    "to": [ 7.45, 7.1875, 8.425 ],
    "rotation": { "origin": [ 7.25, 7.1875, 7.625 ], "axis": "z", "angle": 22.5 },
    "faces": {
        "down":  { "uv": [ 6, 5, 6.2, 5.8 ], "texture": "#bright_gun_texture" },
        "up":    { "uv": [ 8, 6, 8.1999998092651367, 6.8000001907348633 ], "texture": "#bright_gun_texture" },
        "north": { "uv": [ 10, 6, 10.199999809265137, 7.6999998092651367 ], "texture": "#bright_gun_texture" },
        "south": { "uv": [ 5, 9, 5.1999998092651367, 10.699999809265137 ], "texture": "#bright_gun_texture" },
        "west":  { "uv": [ 3, 4, 3.7999999523162842, 5.6999998092651367 ], "texture": "#bright_gun_texture" },
        "east":  { "uv": [ 2, 6, 2.7999999523162842, 7.6999998092651367 ], "texture": "#bright_gun_texture" }
    }
},
{
    "from": [ 7.9, 5.6, 7.6 ],
    "to": [ 10.1, 5.9, 8.4 ],
    "faces": {
        "down":  { "uv": [ 6, 12, 8.2, 12.8 ], "texture": "#bright_gun_texture" },
        "up":    { "uv": [ 4, 4, 6.1999998092651367, 4.8000001907348633 ], "texture": "#bright_gun_texture" },
        "north": { "uv": [ 8, 6, 10.199999809265137, 6.3000001907348633 ], "texture": "#bright_gun_texture" },
        "south": { "uv": [ 6, 5, 8.1999998092651367, 5.3000001907348633 ], "texture": "#bright_gun_texture" },
        "west":  { "uv": [ 9, 12, 9.8000001907348633, 12.300000190734863 ], "texture": "#bright_gun_texture" },
        "east":  { "uv": [ 6, 12, 6.8000001907348633, 12.300000190734863 ], "texture": "#bright_gun_texture" }
    }
},
{
    "from": [ 3, 9, 7.4 ],
    "to": [ 11.3, 9.2, 8.6 ],
    "faces": {
        "down":  { "uv": [ 7, 13, 15, 14.6 ], "texture": "#dark_gun_texture" },
        "up":    { "uv": [ 1, 9, 9, 10.600000381469727 ], "texture": "#dark_gun_texture" },
        "north": { "uv": [ 7, 9, 15, 9.1999998092651367 ], "texture": "#dark_gun_texture" },
        "south": { "uv": [ 2, 7, 10, 7.1999998092651367 ], "texture": "#dark_gun_texture" },
        "west":  { "uv": [ 9, 7, 10.600000381469727, 7.1999998092651367 ], "texture": "#dark_gun_texture" },
        "east":  { "uv": [ 1, 6, 2.5999999046325684, 6.1999998092651367 ], "texture": "#dark_gun_texture" }
    }
},
{
    "from": [ 3, 9.2, 7.6 ],
    "to": [ 4, 9.4, 8.4 ],
    "faces": {
        "down":  { "uv": [ 12, 5, 13, 6.6 ], "texture": "#dark_gun_texture" },
        "up":    { "uv": [ 5, 4, 6, 5.5999999046325684 ], "texture": "#dark_gun_texture" },
        "north": { "uv": [ 6, 5, 7, 5.1999998092651367 ], "texture": "#dark_gun_texture" },
        "south": { "uv": [ 3, 3, 4, 3.2000000476837158 ], "texture": "#dark_gun_texture" },
        "west":  { "uv": [ 5, 5, 6.5999999046325684, 5.1999998092651367 ], "texture": "#dark_gun_texture" },
        "east":  { "uv": [ 5, 8, 6.5999999046325684, 8.1999998092651367 ], "texture": "#dark_gun_texture" }
    }
},
{
    "from": [ 3.3, 9.4, 7.9 ],
    "to": [ 3.5, 9.8, 8.1 ],
    "faces": {
        "down":  { "uv": [ 0, 15, 0.2, 15.2 ], "texture": "#dark_gun_texture" },
        "up":    { "uv": [ 3, 14, 3.2000000476837158, 14.199999809265137 ], "texture": "#dark_gun_texture" },
        "north": { "uv": [ 1, 5, 1.2000000476837158, 5.4000000953674316 ], "texture": "#dark_gun_texture" },
        "south": { "uv": [ 0, 15, 0.19999998807907104, 15.399999618530273 ], "texture": "#dark_gun_texture" },
        "west":  { "uv": [ 0, 15, 0.19999998807907104, 15.399999618530273 ], "texture": "#dark_gun_texture" },
        "east":  { "uv": [ 1, 14, 1.2000000476837158, 14.399999618530273 ], "texture": "#dark_gun_texture" }
    }
},
{
    "from": [ 10.7, 9.2, 7.4 ],
    "to": [ 11.1, 9.4, 7.9 ],
    "faces": {
        "down":  { "uv": [ 14, 6, 14.7, 6.7 ], "texture": "#normal_gun_texture" },
        "up":    { "uv": [ 5, 12, 5.6999998092651367, 12.699999809265137 ], "texture": "#normal_gun_texture" },
        "north": { "uv": [ 6, 6, 6.6999998092651367, 6.5999999046325684 ], "texture": "#normal_gun_texture" },
        "south": { "uv": [ 3, 4, 3.7000000476837158, 4.5999999046325684 ], "texture": "#normal_gun_texture" },
        "west":  { "uv": [ 6, 9, 6.6999998092651367, 9.6000003814697266 ], "texture": "#normal_gun_texture" },
        "east":  { "uv": [ 5, 8, 5.6999998092651367, 8.6000003814697266 ], "texture": "#normal_gun_texture" }
    }
},
{
    "from": [ 10.7, 9.2, 8.1 ],
    "to": [ 11.1, 9.4, 8.6 ],
    "faces": {
        "down":  { "uv": [ 0, 0, 0.7, 0.7 ], "texture": "#normal_gun_texture" },
        "up":    { "uv": [ 0, 0, 0.69999998807907104, 0.69999998807907104 ], "texture": "#normal_gun_texture" },
        "north": { "uv": [ 0, 0, 0.69999998807907104, 0.59999996423721313 ], "texture": "#normal_gun_texture" },
        "south": { "uv": [ 0, 0, 0.69999998807907104, 0.59999996423721313 ], "texture": "#normal_gun_texture" },
        "west":  { "uv": [ 0, 0, 0.69999998807907104, 0.59999996423721313 ], "texture": "#normal_gun_texture" },
        "east":  { "uv": [ 0, 0, 0.69999998807907104, 0.59999996423721313 ], "texture": "#normal_gun_texture" }
    }
},
{
    "from": [ 10.7, 9.2, 7.3 ],
    "to": [ 11.1, 9.3, 8.7 ],
    "faces": {
        "down":  { "uv": [ 0, 0, 0.7, 1.4 ], "texture": "#normal_gun_texture" },
        "up":    { "uv": [ 0, 0, 0.69999998807907104, 1.3999999761581421 ], "texture": "#normal_gun_texture" },
        "north": { "uv": [ 0, 0, 0.69999998807907104, 0.29999998211860657 ], "texture": "#normal_gun_texture" },
        "south": { "uv": [ 0, 0, 0.69999998807907104, 0.29999998211860657 ], "texture": "#normal_gun_texture" },
        "west":  { "uv": [ 0, 0, 1.3999999761581421, 0.29999998211860657 ], "texture": "#normal_gun_texture" },
        "east":  { "uv": [ 0, 0, 1.3999999761581421, 0.29999998211860657 ], "texture": "#normal_gun_texture" }
    }
},
{
    "from": [ 11.2, 8, 7.6 ],
    "to": [ 11.9, 8.9, 8.4 ],
    "faces": {
        "down":  { "uv": [ 14, 8, 14.7, 8.7 ], "texture": "#normal_gun_texture" },
        "up":    { "uv": [ 10, 10, 10.699999809265137, 10.699999809265137 ], "texture": "#normal_gun_texture" },
        "north": { "uv": [ 10, 10, 10.699999809265137, 10.600000381469727 ], "texture": "#normal_gun_texture" },
        "south": { "uv": [ 8, 11, 8.6999998092651367, 11.600000381469727 ], "texture": "#normal_gun_texture" },
        "west":  { "uv": [ 11, 11, 11.699999809265137, 11.600000381469727 ], "texture": "#normal_gun_texture" },
        "east":  { "uv": [ 13, 9, 13.699999809265137, 9.6000003814697266 ], "texture": "#normal_gun_texture" }
    }
},
{
    "from": [ 11.5, 8, 7.4 ],
    "to": [ 11.7, 8.2, 7.6 ],
    "faces": {
        "down":  { "uv": [ 14, 8, 14.7, 8.7 ], "texture": "#red_wool" },
        "up":    { "uv": [ 10, 10, 10.699999809265137, 10.699999809265137 ], "texture": "#red_wool" },
        "north": { "uv": [ 10, 10, 10.699999809265137, 10.600000381469727 ], "texture": "#red_wool" },
        "south": { "uv": [ 8, 11, 8.6999998092651367, 11.600000381469727 ], "texture": "#red_wool" },
        "west":  { "uv": [ 11, 11, 11.699999809265137, 11.600000381469727 ], "texture": "#red_wool" },
        "east":  { "uv": [ 13, 9, 13.699999809265137, 9.6000003814697266 ], "texture": "#red_wool" }
    }
},
{
    "from": [ 11.5, 8, 8.4 ],
    "to": [ 11.7, 8.2, 8.6 ],
    "faces": {
        "down":  { "uv": [ 14, 8, 14.7, 8.7 ], "texture": "#red_wool" },
        "up":    { "uv": [ 10, 10, 10.699999809265137, 10.699999809265137 ], "texture": "#red_wool" },
        "north": { "uv": [ 10, 10, 10.699999809265137, 10.600000381469727 ], "texture": "#red_wool" },
        "south": { "uv": [ 8, 11, 8.6999998092651367, 11.600000381469727 ], "texture": "#red_wool" },
        "west":  { "uv": [ 11, 11, 11.699999809265137, 11.600000381469727 ], "texture": "#red_wool" },
        "east":  { "uv": [ 13, 9, 13.699999809265137, 9.6000003814697266 ], "texture": "#red_wool" }
    }
},
{
    "from": [ 3, 8, 7.2 ],
    "to": [ 7, 9, 8.8 ],
    "faces": {
        "down":  { "uv": [ 6, 5, 10.5, 7 ], "texture": "#normal_gun_texture" },
        "up":    { "uv": [ 2, 9, 6.5, 11 ], "texture": "#normal_gun_texture" },
        "north": { "uv": [ 5, 7, 10.5, 8 ], "texture": "#normal_gun_texture" },
        "south": { "uv": [ 6, 8, 10.5, 9 ], "texture": "#normal_gun_texture" },
        "west":  { "uv": [ 8, 6, 10, 7 ], "texture": "#normal_gun_texture" },
        "east":  { "uv": [ 6, 10, 8, 11 ], "texture": "#normal_gun_texture" }
    }
}
],
    "display": {
        "thirdperson_righthand": {
            "rotation": [ 0, 270, -60 ],
            "translation": [ 0, 3, 3 ],
            "scale": [ 0.67, 0.67, 0.67 ]
        },
		"thirdperson_lefthand": {
            "rotation": [ 0, 90, 0 ],
            "translation": [ 0, 2, -1 ],
            "scale": [ 0.67, 0.67, 0.67 ]
        },
        "firstperson_righthand": {
            "rotation": [ 0, -90, 0 ],
            "translation": [ -2, 4, -5 ],
            "scale": [ 0.9, 0.9, 0.9 ]
        },
		"firstperson_lefthand": {
            "rotation": [ 0, 90, -90 ],
            "translation": [ 0, -3, -5 ],
            "scale": [ 0.9, 0.9, 0.9 ]
        },
        "head": {
			"rotation": [ 0, -90, 0 ],
			"translation": [ 0, 12, 0 ],
            "scale": [ 0.85, 0.85, 0.85 ]
        },
        "ground": {
            "rotation": [ 90, 0, 0 ],
            "translation": [ 0, -2, 0 ],
            "scale": [ 0.67, 0.67, 0.67 ]
        },
        "gui": {
            "rotation": [ -20, 30, 0 ],
            "translation": [ 0, 0, 0 ],
            "scale": [ 0.5, 0.5, 0.5 ]
        }
    }
}