{
    "__comment": "© Le0, Mineland.eu 2019 | www.mineland.eu",
    "textures": {
        "normal_gun_texture": "guns/pistole/normal_gun_texture",
        "dark_gun_texture": "guns/pistole/dark_gun_texture",
        "bright_gun_texture": "guns/pistole/bright_gun_texture",
        "red_wool": "guns/pistole/red_wool"
    },
    "elements": [
        {
            "name": "Body Lower",
            "from": [ 3.0, 7.0, 7.0 ], 
            "to": [ 12.0, 8.0, 9.0 ], 
            "faces": {
                "north": { "texture": "#normal_gun_texture", "uv": [ 0.0, 8.0, 10.0, 9.0 ] },
                "east": { "texture": "#normal_gun_texture", "uv": [ 3.0, 8.0, 5.0, 9.0 ] },
                "south": { "texture": "#normal_gun_texture", "uv": [ 3.0, 9.0, 13.0, 10.0 ] },
                "west": { "texture": "#normal_gun_texture", "uv": [ 12.0, 6.0, 14.0, 7.0 ] },
                "up": { "texture": "#normal_gun_texture", "uv": [ 6.0, 7.0, 16.0, 9.0 ] },
                "down": { "texture": "#normal_gun_texture", "uv": [ 5.0, 10.0, 15.0, 12.0 ] }
            }
        },
        {
            "name": "Body Higher Back",
            "from": [ 7.0, 8.0, 7.0 ], 
            "to": [ 11.50000000745058, 9.0, 9.0 ], 
            "faces": {
                "north": { "texture": "#normal_gun_texture", "uv": [ 5.0, 9.0, 10.50000000745058, 10.0 ] },
                "east": { "texture": "#normal_gun_texture", "uv": [ 6.0, 10.0, 8.0, 11.0 ] },
                "south": { "texture": "#normal_gun_texture", "uv": [ 6.0, 10.0, 10.50000000745058, 11.0 ] },
                "west": { "texture": "#normal_gun_texture", "uv": [ 8.0, 6.0, 10.0, 7.0 ] },
                "up": { "texture": "#normal_gun_texture", "uv": [ 2.0, 11.0, 6.500000007450581, 13.0 ] },
                "down": { "texture": "#normal_gun_texture", "uv": [ 6.0, 7.0, 10.50000000745058, 9.0 ] }
            }
        },
        {
            "name": "Barrel",
            "from": [ 2.6000000089406967, 8.000000014901161, 7.500000007450581 ], 
            "to": [ 3.6000000089406967, 9.000000014901161, 8.50000000745058 ], 
            "faces": {
                "north": { "texture": "#normal_gun_texture", "uv": [ 1.0, 6.0, 2.0, 7.0 ] },
                "east": { "texture": "#normal_gun_texture", "uv": [ 2.0, 8.0, 3.0, 9.0 ] },
                "south": { "texture": "#normal_gun_texture", "uv": [ 5.0, 15.0, 6.0, 16.0 ] },
                "west": { "texture": "#normal_gun_texture", "uv": [ 4.0, 0.0, 5.0, 1.0 ] },
                "up": { "texture": "#normal_gun_texture", "uv": [ 6.0, 6.0, 7.0, 7.0 ] },
                "down": { "texture": "#normal_gun_texture", "uv": [ 3.0, 3.0, 4.0, 4.0 ] }
            }
        },
        {
            "name": "Handle",
            "from": [ 8.799999997019768, 2.2000000029802322, 7.200000002980232 ], 
            "to": [ 11.0, 7.200000002980232, 8.799999997019768 ], 
            "rotation": { "origin": [ 8.0, 8.0, 8.0 ], "axis": "z", "angle": 22.5 },
            "faces": {
                "north": { "texture": "#normal_gun_texture", "uv": [ 6.0, 3.0, 8.200000002980232, 8.0 ] },
                "east": { "texture": "#normal_gun_texture", "uv": [ 11.0, 8.0, 12.599999994039536, 13.0 ] },
                "south": { "texture": "#normal_gun_texture", "uv": [ 6.0, 8.0, 8.200000002980232, 13.0 ] },
                "west": { "texture": "#normal_gun_texture", "uv": [ 4.0, 8.0, 5.5999999940395355, 13.0 ] },
                "up": { "texture": "#normal_gun_texture", "uv": [ 12.0, 6.0, 14.200000002980232, 7.5999999940395355 ] },
                "down": { "texture": "#normal_gun_texture", "uv": [ 1.0, 12.0, 3.2000000029802322, 13.599999994039536 ] }
            }
        },
        {
            "name": "Clip Bottom",
            "from": [ 8.799999997019768, 1.900000013411045, 7.200000002980232 ], 
            "to": [ 11.0, 2.2000000029802322, 8.799999997019768 ], 
            "rotation": { "origin": [ 8.0, 8.0, 8.0 ], "axis": "z", "angle": 22.5 },
            "faces": {
                "north": { "texture": "#dark_gun_texture", "uv": [ 6.0, 12.0, 8.400000005960464, 12.49999999254942 ] },
                "east": { "texture": "#dark_gun_texture", "uv": [ 7.0, 5.0, 8.799999997019768, 5.499999992549419 ] },
                "south": { "texture": "#dark_gun_texture", "uv": [ 1.0, 4.0, 3.4000000059604645, 4.499999992549419 ] },
                "west": { "texture": "#dark_gun_texture", "uv": [ 0.0, 0.0, 1.7999999970197678, 0.4999999925494194 ] },
                "up": { "texture": "#dark_gun_texture", "uv": [ 0.0, 0.0, 2.4000000059604645, 1.7999999970197678 ] },
                "down": { "texture": "#dark_gun_texture", "uv": [ 0.0, 0.0, 2.4000000059604645, 1.7999999970197678 ] }
            }
        },
        {
            "name": "Shooter Vertical Piece",
            "from": [ 7.000000014901161, 5.799999997019768, 7.600000008940697 ], 
            "to": [ 7.200000002980232, 7.499999992549419, 8.400000005960464 ], 
            "rotation": { "origin": [ 8.0, 8.0, 8.0 ], "axis": "z", "angle": 22.5 },
            "faces": {
                "north": { "texture": "#bright_gun_texture", "uv": [ 10.0, 6.0, 10.199999988079071, 7.699999995529652 ] },
                "east": { "texture": "#bright_gun_texture", "uv": [ 2.0, 6.0, 2.7999999970197678, 7.699999995529652 ] },
                "south": { "texture": "#bright_gun_texture", "uv": [ 5.0, 9.0, 5.199999988079071, 10.699999995529652 ] },
                "west": { "texture": "#bright_gun_texture", "uv": [ 3.0, 4.0, 3.7999999970197678, 5.699999995529652 ] },
                "up": { "texture": "#bright_gun_texture", "uv": [ 8.0, 6.0, 8.199999988079071, 6.799999997019768 ] },
                "down": { "texture": "#bright_gun_texture", "uv": [ 6.0, 5.0, 6.199999988079071, 5.799999997019768 ] }
            }
        },
        {
            "name": "Shooter Horizontal Piece",
            "from": [ 7.900000028312206, 5.5999999940395355, 7.600000008940697 ], 
            "to": [ 10.1000000461936, 5.8999999687075615, 8.400000005960464 ], 
            "faces": {
                "north": { "texture": "#bright_gun_texture", "uv": [ 8.0, 6.0, 10.200000017881393, 6.299999974668026 ] },
                "east": { "texture": "#bright_gun_texture", "uv": [ 6.0, 12.0, 6.799999997019768, 12.299999974668026 ] },
                "south": { "texture": "#bright_gun_texture", "uv": [ 6.0, 5.0, 8.200000017881393, 5.299999974668026 ] },
                "west": { "texture": "#bright_gun_texture", "uv": [ 9.0, 12.0, 9.799999997019768, 12.299999974668026 ] },
                "up": { "texture": "#bright_gun_texture", "uv": [ 4.0, 4.0, 6.200000017881393, 4.799999997019768 ] },
                "down": { "texture": "#bright_gun_texture", "uv": [ 6.0, 12.0, 8.200000017881393, 12.799999997019768 ] }
            }
        },
        {
            "name": "Body Top Piece",
            "from": [ 3.0, 9.0, 7.4000000059604645 ], 
            "to": [ 11.300000004470348, 9.199999988079071, 8.600000008940697 ], 
            "faces": {
                "north": { "texture": "#dark_gun_texture", "uv": [ 7.0, 9.0, 15.0, 9.199999988079071 ] },
                "east": { "texture": "#dark_gun_texture", "uv": [ 1.0, 6.0, 2.6000000089406967, 6.199999988079071 ] },
                "south": { "texture": "#dark_gun_texture", "uv": [ 2.0, 7.0, 10.0, 7.199999988079071 ] },
                "west": { "texture": "#dark_gun_texture", "uv": [ 9.0, 7.0, 10.600000008940697, 7.199999988079071 ] },
                "up": { "texture": "#dark_gun_texture", "uv": [ 1.0, 9.0, 9.0, 10.600000008940697 ] },
                "down": { "texture": "#dark_gun_texture", "uv": [ 7.0, 13.0, 15.0, 14.600000008940697 ] }
            }
        },
        {
            "name": "Front Targeter Base",
            "from": [ 3.0, 9.200000002980232, 7.600000008940697 ], 
            "to": [ 4.0, 9.399999991059303, 8.400000005960464 ], 
            "faces": {
                "north": { "texture": "#dark_gun_texture", "uv": [ 6.0, 5.0, 7.0, 5.199999988079071 ] },
                "east": { "texture": "#dark_gun_texture", "uv": [ 5.0, 8.0, 6.600000008940697, 8.199999988079071 ] },
                "south": { "texture": "#dark_gun_texture", "uv": [ 3.0, 3.0, 4.0, 3.199999988079071 ] },
                "west": { "texture": "#dark_gun_texture", "uv": [ 5.0, 5.0, 6.600000008940697, 5.199999988079071 ] },
                "up": { "texture": "#dark_gun_texture", "uv": [ 5.0, 4.0, 6.0, 5.600000008940697 ] },
                "down": { "texture": "#dark_gun_texture", "uv": [ 12.0, 5.0, 13.0, 6.600000008940697 ] }
            }
        },
        {
            "name": "Front Targeter",
            "from": [ 3.3000000044703484, 9.400000005960464, 7.900000013411045 ], 
            "to": [ 3.4999999925494194, 9.799999997019768, 8.100000001490116 ], 
            "faces": {
                "north": { "texture": "#dark_gun_texture", "uv": [ 1.0, 5.0, 1.199999988079071, 5.399999991059303 ] },
                "east": { "texture": "#dark_gun_texture", "uv": [ 1.0, 14.0, 1.199999988079071, 14.399999991059303 ] },
                "south": { "texture": "#dark_gun_texture", "uv": [ 0.0, 15.0, 0.19999998807907104, 15.399999991059303 ] },
                "west": { "texture": "#dark_gun_texture", "uv": [ 0.0, 15.0, 0.19999998807907104, 15.399999991059303 ] },
                "up": { "texture": "#dark_gun_texture", "uv": [ 3.0, 14.0, 3.199999988079071, 14.199999988079071 ] },
                "down": { "texture": "#dark_gun_texture", "uv": [ 0.0, 15.0, 0.19999998807907104, 15.199999988079071 ] }
            }
        },
        {
            "name": "Back Targeter L",
            "from": [ 10.700000010430813, 9.200000002980232, 7.4000000059604645 ], 
            "to": [ 11.100000001490116, 9.399999991059303, 7.899999998509884 ], 
            "faces": {
                "north": { "texture": "#normal_gun_texture", "uv": [ 6.0, 6.0, 6.699999995529652, 6.5999999940395355 ] },
                "east": { "texture": "#normal_gun_texture", "uv": [ 5.0, 8.0, 5.699999995529652, 8.599999994039536 ] },
                "south": { "texture": "#normal_gun_texture", "uv": [ 3.0, 4.0, 3.6999999955296516, 4.5999999940395355 ] },
                "west": { "texture": "#normal_gun_texture", "uv": [ 6.0, 9.0, 6.699999995529652, 9.599999994039536 ] },
                "up": { "texture": "#normal_gun_texture", "uv": [ 5.0, 12.0, 5.699999995529652, 12.699999995529652 ] },
                "down": { "texture": "#normal_gun_texture", "uv": [ 14.0, 6.0, 14.699999995529652, 6.699999995529652 ] }
            }
        },
        {
            "name": "Back Targeter R",
            "from": [ 10.700000010430813, 9.200000002980232, 8.100000016391277 ], 
            "to": [ 11.100000001490116, 9.399999991059303, 8.600000008940697 ], 
            "faces": {
                "north": { "texture": "#normal_gun_texture", "uv": [ 0.0, 0.0, 0.6999999955296516, 0.5999999940395355 ] },
                "east": { "texture": "#normal_gun_texture", "uv": [ 0.0, 0.0, 0.6999999955296516, 0.5999999940395355 ] },
                "south": { "texture": "#normal_gun_texture", "uv": [ 0.0, 0.0, 0.6999999955296516, 0.5999999940395355 ] },
                "west": { "texture": "#normal_gun_texture", "uv": [ 0.0, 0.0, 0.6999999955296516, 0.5999999940395355 ] },
                "up": { "texture": "#normal_gun_texture", "uv": [ 0.0, 0.0, 0.6999999955296516, 0.6999999955296516 ] },
                "down": { "texture": "#normal_gun_texture", "uv": [ 0.0, 0.0, 0.6999999955296516, 0.6999999955296516 ] }
            }
        },
        {
            "name": "Back Targeter M",
            "from": [ 10.699999995529652, 9.200000002980232, 7.300000004470348 ], 
            "to": [ 11.099999986588955, 9.299999989569187, 8.699999995529652 ], 
            "faces": {
                "north": { "texture": "#normal_gun_texture", "uv": [ 0.0, 0.0, 0.6999999955296516, 0.29999998956918716 ] },
                "east": { "texture": "#normal_gun_texture", "uv": [ 0.0, 0.0, 1.3999999910593033, 0.29999998956918716 ] },
                "south": { "texture": "#normal_gun_texture", "uv": [ 0.0, 0.0, 0.6999999955296516, 0.29999998956918716 ] },
                "west": { "texture": "#normal_gun_texture", "uv": [ 0.0, 0.0, 1.3999999910593033, 0.29999998956918716 ] },
                "up": { "texture": "#normal_gun_texture", "uv": [ 0.0, 0.0, 0.6999999955296516, 1.3999999910593033 ] },
                "down": { "texture": "#normal_gun_texture", "uv": [ 0.0, 0.0, 0.6999999955296516, 1.3999999910593033 ] }
            }
        },
        {
            "name": "Back Deco",
            "from": [ 11.200000002980232, 8.0, 7.600000008940697 ], 
            "to": [ 11.899999998509884, 8.899999998509884, 8.400000005960464 ], 
            "faces": {
                "north": { "texture": "#normal_gun_texture", "uv": [ 10.0, 10.0, 10.699999995529652, 10.599999994039536 ] },
                "east": { "texture": "#normal_gun_texture", "uv": [ 13.0, 9.0, 13.699999995529652, 9.599999994039536 ] },
                "south": { "texture": "#normal_gun_texture", "uv": [ 8.0, 11.0, 8.699999995529652, 11.599999994039536 ] },
                "west": { "texture": "#normal_gun_texture", "uv": [ 11.0, 11.0, 11.699999995529652, 11.599999994039536 ] },
                "up": { "texture": "#normal_gun_texture", "uv": [ 10.0, 10.0, 10.699999995529652, 10.699999995529652 ] },
                "down": { "texture": "#normal_gun_texture", "uv": [ 14.0, 8.0, 14.699999995529652, 8.699999995529652 ] }
            }
        },
        {
            "name": "Back Deco Red L",
            "from": [ 11.50000000745058, 7.999999985098839, 7.4000000059604645 ], 
            "to": [ 11.699999995529652, 8.19999997317791, 7.5999999940395355 ], 
            "faces": {
                "north": { "texture": "#red_wool", "uv": [ 10.0, 10.0, 10.699999995529652, 10.599999994039536 ] },
                "east": { "texture": "#red_wool", "uv": [ 13.0, 9.0, 13.699999995529652, 9.599999994039536 ] },
                "south": { "texture": "#red_wool", "uv": [ 8.0, 11.0, 8.699999995529652, 11.599999994039536 ] },
                "west": { "texture": "#red_wool", "uv": [ 11.0, 11.0, 11.699999995529652, 11.599999994039536 ] },
                "up": { "texture": "#red_wool", "uv": [ 10.0, 10.0, 10.699999995529652, 10.699999995529652 ] },
                "down": { "texture": "#red_wool", "uv": [ 14.0, 8.0, 14.699999995529652, 8.699999995529652 ] }
            }
        },
        {
            "name": "Back Deco Red R",
            "from": [ 11.50000000745058, 7.999999985098839, 8.400000020861626 ], 
            "to": [ 11.699999995529652, 8.19999997317791, 8.600000008940697 ], 
            "faces": {
                "north": { "texture": "#red_wool", "uv": [ 10.0, 10.0, 10.699999995529652, 10.599999994039536 ] },
                "east": { "texture": "#red_wool", "uv": [ 13.0, 9.0, 13.699999995529652, 9.599999994039536 ] },
                "south": { "texture": "#red_wool", "uv": [ 8.0, 11.0, 8.699999995529652, 11.599999994039536 ] },
                "west": { "texture": "#red_wool", "uv": [ 11.0, 11.0, 11.699999995529652, 11.599999994039536 ] },
                "up": { "texture": "#red_wool", "uv": [ 10.0, 10.0, 10.699999995529652, 10.699999995529652 ] },
                "down": { "texture": "#red_wool", "uv": [ 14.0, 8.0, 14.699999995529652, 8.699999995529652 ] }
            }
        },
        {
            "name": "Body Higher Front",
            "from": [ 3.0, 8.0, 7.200000002980232 ], 
            "to": [ 7.0, 9.0, 8.799999997019768 ], 
            "faces": {
                "north": { "texture": "#normal_gun_texture", "uv": [ 5.0, 7.0, 10.50000000745058, 8.0 ] },
                "east": { "texture": "#normal_gun_texture", "uv": [ 6.0, 10.0, 8.0, 11.0 ] },
                "south": { "texture": "#normal_gun_texture", "uv": [ 6.0, 8.0, 10.50000000745058, 9.0 ] },
                "west": { "texture": "#normal_gun_texture", "uv": [ 8.0, 6.0, 10.0, 7.0 ] },
                "up": { "texture": "#normal_gun_texture", "uv": [ 2.0, 9.0, 6.500000007450581, 11.0 ] },
                "down": { "texture": "#normal_gun_texture", "uv": [ 6.0, 5.0, 10.50000000745058, 7.0 ] }
            }
        },
        {
            "name": "Silencer",
            "from": [ -5.300000004470348, 7.699999995529652, 7.200000002980232 ], 
            "to": [ 2.700000010430813, 9.300000004470348, 8.799999997019768 ], 
            "faces": {
                "north": { "texture": "#normal_gun_texture", "uv": [ 5.0, 9.0, 13.50000000745058, 11.0 ] },
                "east": { "texture": "#normal_gun_texture", "uv": [ 6.0, 10.0, 8.0, 11.0 ] },
                "south": { "texture": "#normal_gun_texture", "uv": [ 6.0, 10.0, 13.50000000745058, 12.0 ] },
                "west": { "texture": "#normal_gun_texture", "uv": [ 8.0, 6.0, 10.0, 7.0 ] },
                "up": { "texture": "#normal_gun_texture", "uv": [ 2.0, 11.0, 9.50000000745058, 13.0 ] },
                "down": { "texture": "#normal_gun_texture", "uv": [ 6.0, 7.0, 12.50000000745058, 9.0 ] }
            }
        }
    ],
    "display": {
        "thirdperson_righthand": {
            "rotation": [ 0, 270, -60 ],
            "translation": [ 0, 3, 3 ],
            "scale": [ 0.67, 0.67, 0.67 ]
        },
		"thirdperson_lefthand": {
            "rotation": [ 0, 90, 0 ],
            "translation": [ 0, 2, -1 ],
            "scale": [ 0.67, 0.67, 0.67 ]
        },
        "firstperson_righthand": {
            "rotation": [ 0, -90, 0 ],
            "translation": [ -2, 4, -5 ],
            "scale": [ 0.9, 0.9, 0.9 ]
        },
		"firstperson_lefthand": {
            "rotation": [ 0, 90, -90 ],
            "translation": [ 0, -3, -5 ],
            "scale": [ 0.9, 0.9, 0.9 ]
        },
        "head": {
			"rotation": [ 0, -90, 0 ],
			"translation": [ 0, 12, 0 ],
            "scale": [ 0.85, 0.85, 0.85 ]
        },
        "ground": {
            "rotation": [ 90, 0, 0 ],
            "translation": [ 0, -2, 0 ],
            "scale": [ 0.67, 0.67, 0.67 ]
        },
        "gui": {
            "rotation": [ -20, 30, 0 ],
            "translation": [ 0, 0, 0 ],
            "scale": [ 0.5, 0.5, 0.5 ]
        }
    }
}