{
  "__comment": "© Le0, Mineland.eu 2019 | www.mineland.eu",
  "textures": {
    "gray_wool": "guns/munice/gray_wool",
    "black_wool": "guns/munice/black_wool",
    "orange_hardened_clay": "guns/munice/orange_hardened_clay"
  },
  "elements": [
    {
      "from": [
        6.1,
        10,
        7.5
      ],
      "to": [
        10.1,
        12,
        8.5
      ],
      "faces": {
        "down": {
          "uv": [
            10.4,
            9,
            6.4,
            8
          ],
          "texture": "#gray_wool"
        },
        "up": {
          "uv": [
            5.6,
            8,
            9.6,
            9
          ],
          "texture": "#black_wool"
        },
        "north": {
          "uv": [
            6.4,
            4,
            10.4,
            6
          ],
          "texture": "#gray_wool"
        },
        "south": {
          "uv": [
            5.6,
            4,
            9.6,
            6
          ],
          "texture": "#gray_wool"
        },
        "west": {
          "uv": [
            8,
            4,
            9,
            6
          ],
          "texture": "#gray_wool"
        },
        "east": {
          "uv": [
            7,
            4,
            8,
            6
          ],
          "texture": "#gray_wool"
        }
      }
    },
    {
      "from": [
        5.7,
        5.5,
        7.5
      ],
      "to": [
        9.7,
        6.5,
        8.5
      ],
      "faces": {
        "down": {
          "uv": [
            10.8,
            9,
            6.8,
            8
          ],
          "texture": "#gray_wool"
        },
        "up": {
          "uv": [
            5.2,
            8,
            9.2,
            9
          ],
          "texture": "#gray_wool"
        },
        "north": {
          "uv": [
            6.8,
            9.5,
            10.8,
            10.5
          ],
          "texture": "#gray_wool"
        },
        "south": {
          "uv": [
            5.2,
            9.5,
            9.2,
            10.5
          ],
          "texture": "#gray_wool"
        },
        "west": {
          "uv": [
            8,
            9.5,
            9,
            10.5
          ],
          "texture": "#gray_wool"
        },
        "east": {
          "uv": [
            7,
            9.5,
            8,
            10.5
          ],
          "texture": "#gray_wool"
        }
      }
    },
    {
      "from": [
        5.3,
        3.5,
        7.5
      ],
      "to": [
        9.299999,
        4.5,
        8.5
      ],
      "faces": {
        "down": {
          "uv": [
            11.2,
            9,
            7.2,
            8
          ],
          "texture": "#gray_wool"
        },
        "up": {
          "uv": [
            4.8,
            8,
            8.8,
            9
          ],
          "texture": "#gray_wool"
        },
        "north": {
          "uv": [
            7.2,
            11.5,
            11.2,
            12.5
          ],
          "texture": "#gray_wool"
        },
        "south": {
          "uv": [
            4.8,
            11.5,
            8.8,
            12.5
          ],
          "texture": "#gray_wool"
        },
        "west": {
          "uv": [
            8,
            11.5,
            9,
            12.5
          ],
          "texture": "#gray_wool"
        },
        "east": {
          "uv": [
            7,
            11.5,
            8,
            12.5
          ],
          "texture": "#gray_wool"
        }
      }
    },
    {
      "from": [
        5.85,
        6.5,
        7.5
      ],
      "to": [
        9.85,
        7.5,
        8.5
      ],
      "faces": {
        "down": {
          "uv": [
            10.65,
            9,
            6.65,
            8
          ],
          "texture": "#gray_wool"
        },
        "up": {
          "uv": [
            5.35,
            8,
            9.35,
            9
          ],
          "texture": "#gray_wool"
        },
        "north": {
          "uv": [
            6.65,
            8.5,
            10.65,
            9.5
          ],
          "texture": "#gray_wool"
        },
        "south": {
          "uv": [
            5.35,
            8.5,
            9.35,
            9.5
          ],
          "texture": "#gray_wool"
        },
        "west": {
          "uv": [
            8,
            8.5,
            9,
            9.5
          ],
          "texture": "#gray_wool"
        },
        "east": {
          "uv": [
            7,
            8.5,
            8,
            9.5
          ],
          "texture": "#gray_wool"
        }
      }
    },
    {
      "from": [
        6,
        7.5,
        7.5
      ],
      "to": [
        10,
        10,
        8.5
      ],
      "faces": {
        "down": {
          "uv": [
            10.5,
            9,
            6.5,
            8
          ],
          "texture": "#gray_wool"
        },
        "up": {
          "uv": [
            5.5,
            8,
            9.5,
            9
          ],
          "texture": "#gray_wool"
        },
        "north": {
          "uv": [
            6.5,
            6,
            10.5,
            8.5
          ],
          "texture": "#gray_wool"
        },
        "south": {
          "uv": [
            5.5,
            6,
            9.5,
            8.5
          ],
          "texture": "#gray_wool"
        },
        "west": {
          "uv": [
            8,
            6,
            9,
            8.5
          ],
          "texture": "#gray_wool"
        },
        "east": {
          "uv": [
            7,
            6,
            8,
            8.5
          ],
          "texture": "#gray_wool"
        }
      }
    },
    {
      "from": [
        5.55,
        4.5,
        7.5
      ],
      "to": [
        9.549999,
        5.5,
        8.5
      ],
      "faces": {
        "down": {
          "uv": [
            10.95,
            9,
            6.95,
            8
          ],
          "texture": "#gray_wool"
        },
        "up": {
          "uv": [
            5.05,
            8,
            9.05,
            9
          ],
          "texture": "#gray_wool"
        },
        "north": {
          "uv": [
            6.95,
            10.5,
            10.95,
            11.5
          ],
          "texture": "#gray_wool"
        },
        "south": {
          "uv": [
            5.05,
            10.5,
            9.05,
            11.5
          ],
          "texture": "#gray_wool"
        },
        "west": {
          "uv": [
            8,
            10.5,
            9,
            11.5
          ],
          "texture": "#gray_wool"
        },
        "east": {
          "uv": [
            7,
            10.5,
            8,
            11.5
          ],
          "texture": "#gray_wool"
        }
      }
    },
    {
      "from": [
        6.1,
        12,
        7.5
      ],
      "to": [
        10.1,
        12.75,
        7.6
      ],
      "faces": {
        "down": {
          "uv": [
            10.4,
            8.1,
            6.4,
            8
          ],
          "texture": "#black_wool"
        },
        "up": {
          "uv": [
            5.6,
            8,
            9.6,
            8.1
          ],
          "texture": "#gray_wool"
        },
        "north": {
          "uv": [
            6.4,
            3.25,
            10.4,
            4
          ],
          "texture": "#gray_wool"
        },
        "south": {
          "uv": [
            5.6,
            3.25,
            9.6,
            4
          ],
          "texture": "#black_wool"
        },
        "west": {
          "uv": [
            8,
            3.25,
            8.1,
            4
          ],
          "texture": "#gray_wool"
        },
        "east": {
          "uv": [
            7.9,
            3.25,
            8,
            4
          ],
          "texture": "#gray_wool"
        }
      }
    },
    {
      "from": [
        6.1,
        12,
        8.4
      ],
      "to": [
        10.1,
        12.75,
        8.5
      ],
      "faces": {
        "down": {
          "uv": [
            10.4,
            9,
            6.4,
            8.9
          ],
          "texture": "#black_wool"
        },
        "up": {
          "uv": [
            5.6,
            8.9,
            9.6,
            9
          ],
          "texture": "#gray_wool"
        },
        "north": {
          "uv": [
            6.4,
            3.25,
            10.4,
            4
          ],
          "texture": "#black_wool"
        },
        "south": {
          "uv": [
            5.6,
            3.25,
            9.6,
            4
          ],
          "texture": "#gray_wool"
        },
        "west": {
          "uv": [
            8.9,
            3.25,
            9,
            4
          ],
          "texture": "#gray_wool"
        },
        "east": {
          "uv": [
            7,
            3.25,
            7.1,
            4
          ],
          "texture": "#gray_wool"
        }
      }
    },
    {
      "from": [
        6.1,
        12,
        7.6
      ],
      "to": [
        6.2,
        12.75,
        8.4
      ],
      "faces": {
        "down": {
          "uv": [
            10.4,
            8.9,
            10.3,
            8.1
          ],
          "texture": "#black_wool"
        },
        "up": {
          "uv": [
            5.6,
            8.1,
            5.7,
            8.9
          ],
          "texture": "#gray_wool"
        },
        "north": {
          "uv": [
            10.3,
            3.25,
            10.4,
            4
          ],
          "texture": "#black_wool"
        },
        "south": {
          "uv": [
            5.6,
            3.25,
            5.7,
            4
          ],
          "texture": "#black_wool"
        },
        "west": {
          "uv": [
            8.1,
            3.25,
            8.9,
            4
          ],
          "texture": "#gray_wool"
        },
        "east": {
          "uv": [
            7.1,
            3.25,
            7.9,
            4
          ],
          "texture": "#black_wool"
        }
      }
    },
    {
      "from": [
        10,
        12,
        7.6
      ],
      "to": [
        10.1,
        12.75,
        8.4
      ],
      "faces": {
        "down": {
          "uv": [
            6.5,
            8.9,
            6.4,
            8.1
          ],
          "texture": "#black_wool"
        },
        "up": {
          "uv": [
            9.5,
            8.1,
            9.6,
            8.9
          ],
          "texture": "#gray_wool"
        },
        "north": {
          "uv": [
            6.4,
            3.25,
            6.5,
            4
          ],
          "texture": "#black_wool"
        },
        "south": {
          "uv": [
            9.5,
            3.25,
            9.6,
            4
          ],
          "texture": "#black_wool"
        },
        "west": {
          "uv": [
            8.1,
            3.25,
            8.9,
            4
          ],
          "texture": "#black_wool"
        },
        "east": {
          "uv": [
            7.1,
            3.25,
            7.9,
            4
          ],
          "texture": "#gray_wool"
        }
      }
    },
    {
      "from": [
        6.45,
        12.25,
        7.75
      ],
      "to": [
        9.2,
        12.75,
        8.25
      ],
      "faces": {
        "down": {
          "uv": [
            10.05,
            8.75,
            7.3,
            8.25
          ],
          "texture": "#orange_hardened_clay"
        },
        "up": {
          "uv": [
            5.95,
            8.25,
            8.7,
            8.75
          ],
          "texture": "#orange_hardened_clay"
        },
        "north": {
          "uv": [
            7.3,
            3.25,
            10.05,
            3.75
          ],
          "texture": "#orange_hardened_clay"
        },
        "south": {
          "uv": [
            5.95,
            3.25,
            8.7,
            3.75
          ],
          "texture": "#orange_hardened_clay"
        },
        "west": {
          "uv": [
            8.25,
            3.25,
            8.75,
            3.75
          ],
          "texture": "#orange_hardened_clay"
        },
        "east": {
          "uv": [
            7.25,
            3.25,
            7.75,
            3.75
          ],
          "texture": "#orange_hardened_clay"
        }
      }
    },
    {
      "from": [
        6.35,
        12.2,
        7.7
      ],
      "to": [
        6.45,
        12.8,
        8.3
      ],
      "faces": {
        "down": {
          "uv": [
            10.15,
            8.8,
            10.05,
            8.2
          ],
          "texture": "#orange_hardened_clay"
        },
        "up": {
          "uv": [
            5.85,
            8.2,
            5.95,
            8.8
          ],
          "texture": "#orange_hardened_clay"
        },
        "north": {
          "uv": [
            10.05,
            3.2,
            10.15,
            3.8
          ],
          "texture": "#orange_hardened_clay"
        },
        "south": {
          "uv": [
            5.85,
            3.2,
            5.95,
            3.8
          ],
          "texture": "#orange_hardened_clay"
        },
        "west": {
          "uv": [
            8.2,
            3.2,
            8.8,
            3.8
          ],
          "texture": "#orange_hardened_clay"
        },
        "east": {
          "uv": [
            7.2,
            3.2,
            7.8,
            3.8
          ],
          "texture": "#orange_hardened_clay"
        }
      }
    },
    {
      "from": [
        9.2,
        12.3,
        7.8
      ],
      "to": [
        9.6,
        12.7,
        8.199999
      ],
      "faces": {
        "down": {
          "uv": [
            7.3,
            8.7,
            6.9,
            8.3
          ],
          "texture": "#orange_hardened_clay"
        },
        "up": {
          "uv": [
            8.7,
            8.3,
            9.1,
            8.7
          ],
          "texture": "#orange_hardened_clay"
        },
        "north": {
          "uv": [
            6.9,
            3.3,
            7.3,
            3.7
          ],
          "texture": "#orange_hardened_clay"
        },
        "south": {
          "uv": [
            8.7,
            3.3,
            9.1,
            3.7
          ],
          "texture": "#orange_hardened_clay"
        },
        "west": {
          "uv": [
            8.3,
            3.3,
            8.7,
            3.7
          ],
          "texture": "#orange_hardened_clay"
        },
        "east": {
          "uv": [
            7.3,
            3.3,
            7.7,
            3.7
          ],
          "texture": "#orange_hardened_clay"
        }
      }
    },
    {
      "from": [
        9.599999,
        12.35,
        7.85
      ],
      "to": [
        9.799999,
        12.65,
        8.15
      ],
      "faces": {
        "down": {
          "uv": [
            6.9,
            8.65,
            6.7,
            8.35
          ],
          "texture": "#orange_hardened_clay"
        },
        "up": {
          "uv": [
            9.1,
            8.35,
            9.3,
            8.65
          ],
          "texture": "#orange_hardened_clay"
        },
        "north": {
          "uv": [
            6.7,
            3.35,
            6.9,
            3.65
          ],
          "texture": "#orange_hardened_clay"
        },
        "south": {
          "uv": [
            9.1,
            3.35,
            9.3,
            3.65
          ],
          "texture": "#orange_hardened_clay"
        },
        "west": {
          "uv": [
            8.35,
            3.35,
            8.65,
            3.65
          ],
          "texture": "#orange_hardened_clay"
        },
        "east": {
          "uv": [
            7.35,
            3.35,
            7.65,
            3.65
          ],
          "texture": "#orange_hardened_clay"
        }
      }
    },
    {
      "from": [
        9.75,
        12.4,
        7.9
      ],
      "to": [
        9.9,
        12.6,
        8.1
      ],
      "faces": {
        "down": {
          "uv": [
            6.75,
            8.6,
            6.6,
            8.4
          ],
          "texture": "#orange_hardened_clay"
        },
        "up": {
          "uv": [
            9.25,
            8.4,
            9.4,
            8.6
          ],
          "texture": "#orange_hardened_clay"
        },
        "north": {
          "uv": [
            6.6,
            3.4,
            6.75,
            3.6
          ],
          "texture": "#orange_hardened_clay"
        },
        "south": {
          "uv": [
            9.25,
            3.4,
            9.4,
            3.6
          ],
          "texture": "#orange_hardened_clay"
        },
        "west": {
          "uv": [
            8.4,
            3.4,
            8.6,
            3.6
          ],
          "texture": "#orange_hardened_clay"
        },
        "east": {
          "uv": [
            7.4,
            3.4,
            7.6,
            3.6
          ],
          "texture": "#orange_hardened_clay"
        }
      }
    }
  ],
  "display": {
    "thirdperson_righthand": {
      "rotation": [
        0,
        90,
        0
      ],
      "translation": [
        0,
        -2.46,
        0
      ],
      "scale": [
        0.7,
        0.7,
        0.7
      ]
    },
    "thirdperson_lefthand": {
      "rotation": [
        0,
        -90,
        0
      ],
      "translation": [
        0,
        -2.46,
        0
      ],
      "scale": [
        0.7,
        0.7,
        0.7
      ]
    },
    "firstperson_righthand": {
      "rotation": [
        -17,
        69,
        28
      ],
      "translation": [
        2.46,
        -0.38,
        0
      ]
    },
    "firstperson_lefthand": {
      "rotation": [
        -17,
        -111,
        -28
      ],
      "translation": [
        2.46,
        -0.38,
        0
      ]
    },
    "gui": {
      "rotation": [
        30,
        -135,
        0
      ],
      "translation": [
        -0.38,
        -0.38,
        0
      ],
      "scale": [
        1.6,
        1.6,
        1.6
      ]
    },
    "ground": {
      "rotation": [
        90,
        0,
        0
      ],
      "translation": [
        0,
        0,
        2
      ],
      "scale": [
        0.7,
        0.7,
        0.7
      ]
    },
    "fixed": {
      "translation": [
        0,
        -0.38,
        0
      ],
      "scale": [
        1.7,
        1.7,
        1.7
      ]
    },
	  "head": {
      "rotation": [ 0, -90, 0 ],
      "translation": [ 0, 12, 0 ],
      "scale": [ 0.6, 0.6, 0.6 ]
    }
  }
}