{
  "__comment": "© Le0, Mineland.eu 2019 | www.mineland.eu",
  "textures": {
    "clay": "guns/munice/clay",
    "light_gray_wool": "guns/munice/light_gray_wool",
    "gold_block": "guns/munice/gold_block",
    "iron_block": "guns/munice/iron_block",
    "black_wool": "guns/munice/black_wool",
    "gray_wool": "guns/munice/gray_wool"
  },
  "elements": [
    {
      "__comment": "Clip",
      "from": [
        6.772,
        4.6644,
        7.5324
      ],
      "to": [
        8.9896,
        10.1644,
        8.641199
      ],
      "faces": {
        "down": {
          "uv": [
            6.772,
            7.3588,
            8.9896,
            8.4676
          ],
          "texture": "#clay"
        },
        "up": {
          "uv": [
            6.772,
            7.5324,
            8.9896,
            8.6412
          ],
          "texture": "#gray_wool"
        },
        "north": {
          "uv": [
            7.0104,
            5.8356,
            9.228001,
            11.3356
          ],
          "texture": "#clay"
        },
        "south": {
          "uv": [
            6.772,
            5.8356,
            8.9896,
            11.3356
          ],
          "texture": "#clay"
        },
        "west": {
          "uv": [
            7.5324,
            5.8356,
            8.6412,
            11.3356
          ],
          "texture": "#clay"
        },
        "east": {
          "uv": [
            7.3588,
            5.8356,
            8.4676,
            11.3356
          ],
          "texture": "#clay"
        }
      }
    },
    {
      "__comment": "Clip",
      "from": [
        6.772,
        10.1644,
        7.5324
      ],
      "to": [
        8.9896,
        11.2732,
        7.601699
      ],
      "faces": {
        "down": {
          "uv": [
            6.772,
            8.3983,
            8.9896,
            8.4676
          ],
          "texture": "#light_gray_wool"
        },
        "up": {
          "uv": [
            6.772,
            7.5324,
            8.9896,
            7.6017
          ],
          "texture": "#light_gray_wool"
        },
        "north": {
          "uv": [
            7.0104,
            4.7268,
            9.228001,
            5.8356
          ],
          "texture": "#light_gray_wool"
        },
        "south": {
          "uv": [
            6.772,
            4.7268,
            8.9896,
            5.8356
          ],
          "texture": "#gray_wool"
        },
        "west": {
          "uv": [
            7.5324,
            4.7268,
            7.6017,
            5.8356
          ],
          "texture": "#light_gray_wool"
        },
        "east": {
          "uv": [
            8.3983,
            4.7268,
            8.4676,
            5.8356
          ],
          "texture": "#light_gray_wool"
        }
      }
    },
    {
      "__comment": "Clip",
      "from": [
        6.772,
        10.1644,
        8.5858
      ],
      "to": [
        9.002,
        11.2732,
        8.6551
      ],
      "faces": {
        "down": {
          "uv": [
            6.772,
            7.34494,
            9.002,
            7.41424
          ],
          "texture": "#light_gray_wool"
        },
        "up": {
          "uv": [
            6.772,
            8.58576,
            9.002,
            8.65506
          ],
          "texture": "#light_gray_wool"
        },
        "north": {
          "uv": [
            6.998,
            4.7268,
            9.228001,
            5.8356
          ],
          "texture": "#gray_wool"
        },
        "south": {
          "uv": [
            6.772,
            4.7268,
            9.002,
            5.8356
          ],
          "texture": "#light_gray_wool"
        },
        "west": {
          "uv": [
            8.58576,
            4.7268,
            8.65506,
            5.8356
          ],
          "texture": "#light_gray_wool"
        },
        "east": {
          "uv": [
            7.34494,
            4.7268,
            7.41424,
            5.8356
          ],
          "texture": "#light_gray_wool"
        }
      }
    },
    {
      "__comment": "Clip",
      "from": [
        8.934199,
        10.1644,
        7.5324
      ],
      "to": [
        9.003499,
        11.2732,
        8.641199
      ],
      "faces": {
        "down": {
          "uv": [
            8.9342,
            7.3588,
            9.0035,
            8.4676
          ],
          "texture": "#light_gray_wool"
        },
        "up": {
          "uv": [
            8.9342,
            7.5324,
            9.0035,
            8.6412
          ],
          "texture": "#light_gray_wool"
        },
        "north": {
          "uv": [
            6.9965,
            4.7268,
            7.0658,
            5.8356
          ],
          "texture": "#light_gray_wool"
        },
        "south": {
          "uv": [
            8.9342,
            4.7268,
            9.0035,
            5.8356
          ],
          "texture": "#light_gray_wool"
        },
        "west": {
          "uv": [
            7.5324,
            4.7268,
            8.6412,
            5.8356
          ],
          "texture": "#gray_wool"
        },
        "east": {
          "uv": [
            7.3588,
            4.7268,
            8.4676,
            5.8356
          ],
          "texture": "#light_gray_wool"
        }
      }
    },
    {
      "__comment": "Clip",
      "from": [
        6.772,
        10.1644,
        7.5324
      ],
      "to": [
        7.2155,
        11.2732,
        8.641199
      ],
      "faces": {
        "down": {
          "uv": [
            6.772,
            7.3588,
            7.2155,
            8.4676
          ],
          "texture": "#light_gray_wool"
        },
        "up": {
          "uv": [
            6.772,
            7.5324,
            7.2155,
            8.6412
          ],
          "texture": "#light_gray_wool"
        },
        "north": {
          "uv": [
            8.7845,
            4.7268,
            9.228001,
            5.8356
          ],
          "texture": "#light_gray_wool"
        },
        "south": {
          "uv": [
            6.772,
            4.7268,
            7.2155,
            5.8356
          ],
          "texture": "#light_gray_wool"
        },
        "west": {
          "uv": [
            7.5324,
            4.7268,
            8.6412,
            5.8356
          ],
          "texture": "#light_gray_wool"
        },
        "east": {
          "uv": [
            7.3588,
            4.7268,
            8.4676,
            5.8356
          ],
          "texture": "#gray_wool"
        }
      }
    },
    {
      "__comment": "Clip",
      "from": [
        6.8829,
        10.427,
        7.6987
      ],
      "to": [
        7.104599,
        11.5358,
        8.47486
      ],
      "faces": {
        "down": {
          "uv": [
            6.8829,
            7.52512,
            7.1046,
            8.30128
          ],
          "texture": "#light_gray_wool"
        },
        "up": {
          "uv": [
            6.8829,
            7.69872,
            7.1046,
            8.47488
          ],
          "texture": "#light_gray_wool"
        },
        "north": {
          "uv": [
            8.8954,
            4.4642,
            9.1171,
            5.573
          ],
          "texture": "#light_gray_wool"
        },
        "south": {
          "uv": [
            6.8829,
            4.4642,
            7.1046,
            5.573
          ],
          "texture": "#light_gray_wool"
        },
        "west": {
          "uv": [
            7.69872,
            4.4642,
            8.47488,
            5.573
          ],
          "texture": "#light_gray_wool"
        },
        "east": {
          "uv": [
            7.52512,
            4.4642,
            8.30128,
            5.573
          ],
          "texture": "#light_gray_wool"
        }
      }
    },
    {
      "__comment": "Bullet_Casing",
      "from": [
        7.8508,
        10.792,
        7.9135
      ],
      "to": [
        8.8589,
        11.0528,
        8.30468
      ],
      "faces": {
        "down": {
          "uv": [
            6.5,
            6,
            9.5,
            16
          ],
          "texture": "#gold_block",
          "rotation": 270
        },
        "up": {
          "uv": [
            6.5,
            6,
            9.5,
            16
          ],
          "texture": "#gold_block",
          "rotation": 270
        },
        "north": {
          "uv": [
            7,
            6,
            9,
            16
          ],
          "texture": "#gold_block",
          "rotation": 90
        },
        "south": {
          "uv": [
            7,
            6,
            9,
            16
          ],
          "texture": "#gold_block"
        },
        "west": {
          "uv": [
            6.5,
            7,
            9.5,
            9
          ],
          "texture": "#gold_block"
        },
        "east": {
          "uv": [
            9.5,
            9,
            6.5,
            7
          ],
          "texture": "#gold_block"
        }
      }
    },
    {
      "__comment": "Bullet_Casing",
      "from": [
        7.8508,
        11.0528,
        7.9787
      ],
      "to": [
        8.8589,
        11.118,
        8.239489
      ],
      "faces": {
        "down": {
          "uv": [
            7,
            6,
            9,
            16
          ],
          "texture": "#gold_block",
          "rotation": 270
        },
        "up": {
          "uv": [
            7,
            6,
            9,
            16
          ],
          "texture": "#gold_block",
          "rotation": 270
        },
        "north": {
          "uv": [
            6.5,
            6,
            7,
            16
          ],
          "texture": "#gold_block",
          "rotation": 90
        },
        "south": {
          "uv": [
            9,
            6,
            9.5,
            16
          ],
          "texture": "#gold_block"
        },
        "west": {
          "uv": [
            7,
            6.5,
            9,
            7
          ],
          "texture": "#gold_block"
        },
        "east": {
          "uv": [
            9,
            7,
            7,
            6.5
          ],
          "texture": "#gold_block"
        }
      }
    },
    {
      "__comment": "Bullet_Casing",
      "from": [
        7.8508,
        10.7268,
        7.9787
      ],
      "to": [
        8.8589,
        10.792,
        8.239489
      ],
      "faces": {
        "down": {
          "uv": [
            7,
            6,
            9,
            16
          ],
          "texture": "#gold_block",
          "rotation": 270
        },
        "up": {
          "uv": [
            7,
            6,
            9,
            16
          ],
          "texture": "#gold_block",
          "rotation": 270
        },
        "north": {
          "uv": [
            9,
            6,
            9.5,
            16
          ],
          "texture": "#gold_block",
          "rotation": 90
        },
        "south": {
          "uv": [
            6.5,
            6,
            7,
            16
          ],
          "texture": "#gold_block"
        },
        "west": {
          "uv": [
            7,
            9,
            9,
            9.5
          ],
          "texture": "#gold_block"
        },
        "east": {
          "uv": [
            9,
            9.5,
            7,
            9
          ],
          "texture": "#gold_block"
        }
      }
    },
    {
      "__comment": "Bullet",
      "from": [
        7.5145,
        10.7949,
        7.9145
      ],
      "to": [
        7.8438,
        11.0505,
        8.29786
      ],
      "faces": {
        "down": {
          "uv": [
            6.5,
            6,
            9.5,
            16
          ],
          "texture": "#iron_block",
          "rotation": 270
        },
        "up": {
          "uv": [
            6.5,
            6,
            9.5,
            16
          ],
          "texture": "#iron_block",
          "rotation": 270
        },
        "north": {
          "uv": [
            7,
            6,
            9,
            16
          ],
          "texture": "#iron_block",
          "rotation": 90
        },
        "south": {
          "uv": [
            7,
            6,
            9,
            16
          ],
          "texture": "#iron_block"
        },
        "west": {
          "uv": [
            6.5,
            7,
            9.5,
            9
          ],
          "texture": "#iron_block"
        },
        "east": {
          "uv": [
            9.5,
            9,
            6.5,
            7
          ],
          "texture": "#iron_block"
        }
      }
    },
    {
      "__comment": "Bullet",
      "from": [
        7.5145,
        11.0506,
        7.9784
      ],
      "to": [
        7.8438,
        11.1145,
        8.23398
      ],
      "faces": {
        "down": {
          "uv": [
            7,
            6,
            9,
            16
          ],
          "texture": "#iron_block",
          "rotation": 270
        },
        "up": {
          "uv": [
            7,
            6,
            9,
            16
          ],
          "texture": "#iron_block",
          "rotation": 270
        },
        "north": {
          "uv": [
            6.5,
            6,
            7,
            16
          ],
          "texture": "#iron_block",
          "rotation": 90
        },
        "south": {
          "uv": [
            9,
            6,
            9.5,
            16
          ],
          "texture": "#iron_block"
        },
        "west": {
          "uv": [
            7,
            6.5,
            9,
            7
          ],
          "texture": "#iron_block"
        },
        "east": {
          "uv": [
            9,
            7,
            7,
            6.5
          ],
          "texture": "#iron_block"
        }
      }
    },
    {
      "__comment": "Bullet",
      "from": [
        7.5145,
        10.731,
        7.9784
      ],
      "to": [
        7.8438,
        10.7949,
        8.23398
      ],
      "faces": {
        "down": {
          "uv": [
            7,
            6,
            9,
            16
          ],
          "texture": "#iron_block",
          "rotation": 270
        },
        "up": {
          "uv": [
            7,
            6,
            9,
            16
          ],
          "texture": "#iron_block",
          "rotation": 270
        },
        "north": {
          "uv": [
            9,
            6,
            9.5,
            16
          ],
          "texture": "#iron_block",
          "rotation": 90
        },
        "south": {
          "uv": [
            6.5,
            6,
            7,
            16
          ],
          "texture": "#iron_block"
        },
        "west": {
          "uv": [
            7,
            9,
            9,
            9.5
          ],
          "texture": "#iron_block"
        },
        "east": {
          "uv": [
            9,
            9.5,
            7,
            9
          ],
          "texture": "#iron_block"
        }
      }
    },
    {
      "__comment": "Bullet",
      "from": [
        7.4539,
        10.856,
        7.8932
      ],
      "to": [
        7.5184,
        10.9851,
        8.280439
      ],
      "faces": {
        "down": {
          "uv": [
            6.5,
            5.5,
            9.5,
            6
          ],
          "texture": "#iron_block",
          "rotation": 270
        },
        "up": {
          "uv": [
            6.5,
            5.5,
            9.5,
            6
          ],
          "texture": "#iron_block",
          "rotation": 270
        },
        "north": {
          "uv": [
            7.5,
            5.5,
            8.5,
            6
          ],
          "texture": "#iron_block",
          "rotation": 90
        },
        "south": {
          "uv": [
            7.5,
            5.5,
            8.5,
            6
          ],
          "texture": "#iron_block"
        },
        "west": {
          "uv": [
            6.5,
            7.5,
            9.5,
            8.5
          ],
          "texture": "#iron_block"
        },
        "east": {
          "uv": [
            9.5,
            8.5,
            6.5,
            7.5
          ],
          "texture": "#iron_block"
        }
      }
    },
    {
      "__comment": "Bullet",
      "from": [
        7.3959,
        10.9851,
        7.9578
      ],
      "to": [
        7.5606,
        11.0496,
        8.21595
      ],
      "faces": {
        "down": {
          "uv": [
            7,
            2.5,
            9,
            6
          ],
          "texture": "#iron_block",
          "rotation": 270
        },
        "up": {
          "uv": [
            7,
            2.5,
            9,
            6
          ],
          "texture": "#iron_block",
          "rotation": 270
        },
        "north": {
          "uv": [
            7,
            2.5,
            7.5,
            6
          ],
          "texture": "#iron_block",
          "rotation": 90
        },
        "south": {
          "uv": [
            8.5,
            2.5,
            9,
            6
          ],
          "texture": "#iron_block"
        },
        "west": {
          "uv": [
            7,
            7,
            9,
            7.5
          ],
          "texture": "#iron_block"
        },
        "east": {
          "uv": [
            9,
            7.5,
            7,
            7
          ],
          "texture": "#iron_block"
        }
      }
    },
    {
      "__comment": "Bullet",
      "from": [
        7.3959,
        10.7915,
        7.9578
      ],
      "to": [
        7.5606,
        10.9851,
        8.21595
      ],
      "faces": {
        "down": {
          "uv": [
            7,
            2.5,
            9,
            5.5
          ],
          "texture": "#iron_block",
          "rotation": 270
        },
        "up": {
          "uv": [
            7,
            2.5,
            9,
            5.5
          ],
          "texture": "#iron_block",
          "rotation": 270
        },
        "north": {
          "uv": [
            7.5,
            2.5,
            9,
            5.5
          ],
          "texture": "#iron_block",
          "rotation": 90
        },
        "south": {
          "uv": [
            7,
            2.5,
            8.5,
            5.5
          ],
          "texture": "#iron_block"
        },
        "west": {
          "uv": [
            7,
            7.5,
            9,
            9
          ],
          "texture": "#iron_block"
        },
        "east": {
          "uv": [
            9,
            9,
            7,
            7.5
          ],
          "texture": "#iron_block"
        }
      }
    },
    {
      "__comment": "Bullet",
      "from": [
        7.4539,
        10.7915,
        7.9578
      ],
      "to": [
        7.5184,
        10.8561,
        8.21595
      ],
      "faces": {
        "down": {
          "uv": [
            7,
            5.5,
            9,
            6
          ],
          "texture": "#iron_block",
          "rotation": 270
        },
        "up": {
          "uv": [
            7,
            5.5,
            9,
            6
          ],
          "texture": "#iron_block",
          "rotation": 270
        },
        "north": {
          "uv": [
            8.5,
            5.5,
            9,
            6
          ],
          "texture": "#iron_block",
          "rotation": 90
        },
        "south": {
          "uv": [
            7,
            5.5,
            7.5,
            6
          ],
          "texture": "#iron_block"
        },
        "west": {
          "uv": [
            7,
            8.5,
            9,
            9
          ],
          "texture": "#iron_block"
        },
        "east": {
          "uv": [
            9,
            9,
            7,
            8.5
          ],
          "texture": "#iron_block"
        }
      }
    },
    {
      "__comment": "Bullet",
      "from": [
        7.4539,
        11.0496,
        8.0223
      ],
      "to": [
        7.5184,
        11.1142,
        8.15138
      ],
      "faces": {
        "down": {
          "uv": [
            7.5,
            5.5,
            8.5,
            6
          ],
          "texture": "#iron_block",
          "rotation": 270
        },
        "up": {
          "uv": [
            7.5,
            5.5,
            8.5,
            6
          ],
          "texture": "#iron_block",
          "rotation": 270
        },
        "north": {
          "uv": [
            6.5,
            5.5,
            7,
            6
          ],
          "texture": "#iron_block",
          "rotation": 90
        },
        "south": {
          "uv": [
            9,
            5.5,
            9.5,
            6
          ],
          "texture": "#iron_block"
        },
        "west": {
          "uv": [
            7.5,
            6.5,
            8.5,
            7
          ],
          "texture": "#iron_block"
        },
        "east": {
          "uv": [
            8.5,
            7,
            7.5,
            6.5
          ],
          "texture": "#iron_block"
        }
      }
    },
    {
      "__comment": "Bullet",
      "from": [
        7.3202,
        10.856,
        8.0223
      ],
      "to": [
        7.4025,
        10.9851,
        8.15138
      ],
      "faces": {
        "down": {
          "uv": [
            7.5,
            0,
            8.5,
            1.5
          ],
          "texture": "#iron_block",
          "rotation": 270
        },
        "up": {
          "uv": [
            7.5,
            0,
            8.5,
            1.5
          ],
          "texture": "#iron_block",
          "rotation": 270
        },
        "north": {
          "uv": [
            7.5,
            0,
            8.5,
            1.5
          ],
          "texture": "#iron_block",
          "rotation": 90
        },
        "south": {
          "uv": [
            7.5,
            0,
            8.5,
            1.5
          ],
          "texture": "#iron_block"
        },
        "west": {
          "uv": [
            7.5,
            7.5,
            8.5,
            8.5
          ],
          "texture": "#iron_block"
        },
        "east": {
          "uv": [
            8.5,
            8.5,
            7.5,
            7.5
          ],
          "texture": "#iron_block"
        }
      }
    },
    {
      "__comment": "Bullet",
      "from": [
        7.4539,
        10.727,
        8.0223
      ],
      "to": [
        7.5184,
        10.7915,
        8.15138
      ],
      "faces": {
        "down": {
          "uv": [
            7.5,
            5.5,
            8.5,
            6
          ],
          "texture": "#iron_block",
          "rotation": 270
        },
        "up": {
          "uv": [
            7.5,
            5.5,
            8.5,
            6
          ],
          "texture": "#iron_block",
          "rotation": 270
        },
        "north": {
          "uv": [
            9,
            5.5,
            9.5,
            6
          ],
          "texture": "#iron_block",
          "rotation": 90
        },
        "south": {
          "uv": [
            6.5,
            5.5,
            7,
            6
          ],
          "texture": "#iron_block"
        },
        "west": {
          "uv": [
            7.5,
            9,
            8.5,
            9.5
          ],
          "texture": "#iron_block"
        },
        "east": {
          "uv": [
            8.5,
            9.5,
            7.5,
            9
          ],
          "texture": "#iron_block"
        }
      }
    },
    {
      "__comment": "Bullet_Casing_2",
      "from": [
        7.8508,
        10.267,
        7.9135
      ],
      "to": [
        8.8589,
        10.5278,
        8.30468
      ],
      "faces": {
        "down": {
          "uv": [
            6.5,
            6,
            9.5,
            16
          ],
          "texture": "#gold_block",
          "rotation": 270
        },
        "up": {
          "uv": [
            6.5,
            6,
            9.5,
            16
          ],
          "texture": "#gold_block",
          "rotation": 270
        },
        "north": {
          "uv": [
            7,
            6,
            9,
            16
          ],
          "texture": "#gold_block",
          "rotation": 90
        },
        "south": {
          "uv": [
            7,
            6,
            9,
            16
          ],
          "texture": "#gold_block"
        },
        "west": {
          "uv": [
            6.5,
            7,
            9.5,
            9
          ],
          "texture": "#gold_block"
        },
        "east": {
          "uv": [
            9.5,
            9,
            6.5,
            7
          ],
          "texture": "#gold_block"
        }
      }
    },
    {
      "__comment": "Bullet_Casing_2",
      "from": [
        7.8508,
        10.5278,
        7.9787
      ],
      "to": [
        8.8589,
        10.593,
        8.239489
      ],
      "faces": {
        "down": {
          "uv": [
            7,
            6,
            9,
            16
          ],
          "texture": "#gold_block",
          "rotation": 270
        },
        "up": {
          "uv": [
            7,
            6,
            9,
            16
          ],
          "texture": "#gold_block",
          "rotation": 270
        },
        "north": {
          "uv": [
            6.5,
            6,
            7,
            16
          ],
          "texture": "#gold_block",
          "rotation": 90
        },
        "south": {
          "uv": [
            9,
            6,
            9.5,
            16
          ],
          "texture": "#gold_block"
        },
        "west": {
          "uv": [
            7,
            6.5,
            9,
            7
          ],
          "texture": "#gold_block"
        },
        "east": {
          "uv": [
            9,
            7,
            7,
            6.5
          ],
          "texture": "#gold_block"
        }
      }
    },
    {
      "__comment": "Bullet_Casing_2",
      "from": [
        7.8508,
        10.2018,
        7.9787
      ],
      "to": [
        8.8589,
        10.267,
        8.239489
      ],
      "faces": {
        "down": {
          "uv": [
            7,
            6,
            9,
            16
          ],
          "texture": "#gold_block",
          "rotation": 270
        },
        "up": {
          "uv": [
            7,
            6,
            9,
            16
          ],
          "texture": "#gold_block",
          "rotation": 270
        },
        "north": {
          "uv": [
            9,
            6,
            9.5,
            16
          ],
          "texture": "#gold_block",
          "rotation": 90
        },
        "south": {
          "uv": [
            6.5,
            6,
            7,
            16
          ],
          "texture": "#gold_block"
        },
        "west": {
          "uv": [
            7,
            9,
            9,
            9.5
          ],
          "texture": "#gold_block"
        },
        "east": {
          "uv": [
            9,
            9.5,
            7,
            9
          ],
          "texture": "#gold_block"
        }
      }
    },
    {
      "__comment": "Bullet_2",
      "from": [
        7.5145,
        10.2699,
        7.9145
      ],
      "to": [
        7.8438,
        10.5255,
        8.29786
      ],
      "faces": {
        "down": {
          "uv": [
            6.5,
            6,
            9.5,
            16
          ],
          "texture": "#iron_block",
          "rotation": 270
        },
        "up": {
          "uv": [
            6.5,
            6,
            9.5,
            16
          ],
          "texture": "#iron_block",
          "rotation": 270
        },
        "north": {
          "uv": [
            7,
            6,
            9,
            16
          ],
          "texture": "#iron_block",
          "rotation": 90
        },
        "south": {
          "uv": [
            7,
            6,
            9,
            16
          ],
          "texture": "#iron_block"
        },
        "west": {
          "uv": [
            6.5,
            7,
            9.5,
            9
          ],
          "texture": "#iron_block"
        },
        "east": {
          "uv": [
            9.5,
            9,
            6.5,
            7
          ],
          "texture": "#iron_block"
        }
      }
    },
    {
      "__comment": "Bullet_2",
      "from": [
        7.5145,
        10.5256,
        7.9784
      ],
      "to": [
        7.8438,
        10.5895,
        8.23398
      ],
      "faces": {
        "down": {
          "uv": [
            7,
            6,
            9,
            16
          ],
          "texture": "#iron_block",
          "rotation": 270
        },
        "up": {
          "uv": [
            7,
            6,
            9,
            16
          ],
          "texture": "#iron_block",
          "rotation": 270
        },
        "north": {
          "uv": [
            6.5,
            6,
            7,
            16
          ],
          "texture": "#iron_block",
          "rotation": 90
        },
        "south": {
          "uv": [
            9,
            6,
            9.5,
            16
          ],
          "texture": "#iron_block"
        },
        "west": {
          "uv": [
            7,
            6.5,
            9,
            7
          ],
          "texture": "#iron_block"
        },
        "east": {
          "uv": [
            9,
            7,
            7,
            6.5
          ],
          "texture": "#iron_block"
        }
      }
    },
    {
      "__comment": "Bullet_2",
      "from": [
        7.5145,
        10.206,
        7.9784
      ],
      "to": [
        7.8438,
        10.2699,
        8.23398
      ],
      "faces": {
        "down": {
          "uv": [
            7,
            6,
            9,
            16
          ],
          "texture": "#iron_block",
          "rotation": 270
        },
        "up": {
          "uv": [
            7,
            6,
            9,
            16
          ],
          "texture": "#iron_block",
          "rotation": 270
        },
        "north": {
          "uv": [
            9,
            6,
            9.5,
            16
          ],
          "texture": "#iron_block",
          "rotation": 90
        },
        "south": {
          "uv": [
            6.5,
            6,
            7,
            16
          ],
          "texture": "#iron_block"
        },
        "west": {
          "uv": [
            7,
            9,
            9,
            9.5
          ],
          "texture": "#iron_block"
        },
        "east": {
          "uv": [
            9,
            9.5,
            7,
            9
          ],
          "texture": "#iron_block"
        }
      }
    },
    {
      "__comment": "Bullet_2",
      "from": [
        7.4539,
        10.331,
        7.8932
      ],
      "to": [
        7.5184,
        10.4601,
        8.280439
      ],
      "faces": {
        "down": {
          "uv": [
            6.5,
            5.5,
            9.5,
            6
          ],
          "texture": "#iron_block",
          "rotation": 270
        },
        "up": {
          "uv": [
            6.5,
            5.5,
            9.5,
            6
          ],
          "texture": "#iron_block",
          "rotation": 270
        },
        "north": {
          "uv": [
            7.5,
            5.5,
            8.5,
            6
          ],
          "texture": "#iron_block",
          "rotation": 90
        },
        "south": {
          "uv": [
            7.5,
            5.5,
            8.5,
            6
          ],
          "texture": "#iron_block"
        },
        "west": {
          "uv": [
            6.5,
            7.5,
            9.5,
            8.5
          ],
          "texture": "#iron_block"
        },
        "east": {
          "uv": [
            9.5,
            8.5,
            6.5,
            7.5
          ],
          "texture": "#iron_block"
        }
      }
    },
    {
      "__comment": "Bullet_2",
      "from": [
        7.3959,
        10.4601,
        7.9578
      ],
      "to": [
        7.5606,
        10.5246,
        8.21595
      ],
      "faces": {
        "down": {
          "uv": [
            7,
            2.5,
            9,
            6
          ],
          "texture": "#iron_block",
          "rotation": 270
        },
        "up": {
          "uv": [
            7,
            2.5,
            9,
            6
          ],
          "texture": "#iron_block",
          "rotation": 270
        },
        "north": {
          "uv": [
            7,
            2.5,
            7.5,
            6
          ],
          "texture": "#iron_block",
          "rotation": 90
        },
        "south": {
          "uv": [
            8.5,
            2.5,
            9,
            6
          ],
          "texture": "#iron_block"
        },
        "west": {
          "uv": [
            7,
            7,
            9,
            7.5
          ],
          "texture": "#iron_block"
        },
        "east": {
          "uv": [
            9,
            7.5,
            7,
            7
          ],
          "texture": "#iron_block"
        }
      }
    },
    {
      "__comment": "Bullet_2",
      "from": [
        7.3959,
        10.2665,
        7.9578
      ],
      "to": [
        7.5606,
        10.4601,
        8.21595
      ],
      "faces": {
        "down": {
          "uv": [
            7,
            2.5,
            9,
            5.5
          ],
          "texture": "#iron_block",
          "rotation": 270
        },
        "up": {
          "uv": [
            7,
            2.5,
            9,
            5.5
          ],
          "texture": "#iron_block",
          "rotation": 270
        },
        "north": {
          "uv": [
            7.5,
            2.5,
            9,
            5.5
          ],
          "texture": "#iron_block",
          "rotation": 90
        },
        "south": {
          "uv": [
            7,
            2.5,
            8.5,
            5.5
          ],
          "texture": "#iron_block"
        },
        "west": {
          "uv": [
            7,
            7.5,
            9,
            9
          ],
          "texture": "#iron_block"
        },
        "east": {
          "uv": [
            9,
            9,
            7,
            7.5
          ],
          "texture": "#iron_block"
        }
      }
    },
    {
      "__comment": "Bullet_2",
      "from": [
        7.4539,
        10.2665,
        7.9578
      ],
      "to": [
        7.5184,
        10.3311,
        8.21595
      ],
      "faces": {
        "down": {
          "uv": [
            7,
            5.5,
            9,
            6
          ],
          "texture": "#iron_block",
          "rotation": 270
        },
        "up": {
          "uv": [
            7,
            5.5,
            9,
            6
          ],
          "texture": "#iron_block",
          "rotation": 270
        },
        "north": {
          "uv": [
            8.5,
            5.5,
            9,
            6
          ],
          "texture": "#iron_block",
          "rotation": 90
        },
        "south": {
          "uv": [
            7,
            5.5,
            7.5,
            6
          ],
          "texture": "#iron_block"
        },
        "west": {
          "uv": [
            7,
            8.5,
            9,
            9
          ],
          "texture": "#iron_block"
        },
        "east": {
          "uv": [
            9,
            9,
            7,
            8.5
          ],
          "texture": "#iron_block"
        }
      }
    },
    {
      "__comment": "Bullet_2",
      "from": [
        7.4539,
        10.5246,
        8.0223
      ],
      "to": [
        7.5184,
        10.5892,
        8.15138
      ],
      "faces": {
        "down": {
          "uv": [
            7.5,
            5.5,
            8.5,
            6
          ],
          "texture": "#iron_block",
          "rotation": 270
        },
        "up": {
          "uv": [
            7.5,
            5.5,
            8.5,
            6
          ],
          "texture": "#iron_block",
          "rotation": 270
        },
        "north": {
          "uv": [
            6.5,
            5.5,
            7,
            6
          ],
          "texture": "#iron_block",
          "rotation": 90
        },
        "south": {
          "uv": [
            9,
            5.5,
            9.5,
            6
          ],
          "texture": "#iron_block"
        },
        "west": {
          "uv": [
            7.5,
            6.5,
            8.5,
            7
          ],
          "texture": "#iron_block"
        },
        "east": {
          "uv": [
            8.5,
            7,
            7.5,
            6.5
          ],
          "texture": "#iron_block"
        }
      }
    },
    {
      "__comment": "Bullet_2",
      "from": [
        7.3202,
        10.331,
        8.0223
      ],
      "to": [
        7.4025,
        10.4601,
        8.15138
      ],
      "faces": {
        "down": {
          "uv": [
            7.5,
            0,
            8.5,
            1.5
          ],
          "texture": "#iron_block",
          "rotation": 270
        },
        "up": {
          "uv": [
            7.5,
            0,
            8.5,
            1.5
          ],
          "texture": "#iron_block",
          "rotation": 270
        },
        "north": {
          "uv": [
            7.5,
            0,
            8.5,
            1.5
          ],
          "texture": "#iron_block",
          "rotation": 90
        },
        "south": {
          "uv": [
            7.5,
            0,
            8.5,
            1.5
          ],
          "texture": "#iron_block"
        },
        "west": {
          "uv": [
            7.5,
            7.5,
            8.5,
            8.5
          ],
          "texture": "#iron_block"
        },
        "east": {
          "uv": [
            8.5,
            8.5,
            7.5,
            7.5
          ],
          "texture": "#iron_block"
        }
      }
    },
    {
      "__comment": "Bullet_2",
      "from": [
        7.4539,
        10.202,
        8.0223
      ],
      "to": [
        7.5184,
        10.2665,
        8.15138
      ],
      "faces": {
        "down": {
          "uv": [
            7.5,
            5.5,
            8.5,
            6
          ],
          "texture": "#iron_block",
          "rotation": 270
        },
        "up": {
          "uv": [
            7.5,
            5.5,
            8.5,
            6
          ],
          "texture": "#iron_block",
          "rotation": 270
        },
        "north": {
          "uv": [
            9,
            5.5,
            9.5,
            6
          ],
          "texture": "#iron_block",
          "rotation": 90
        },
        "south": {
          "uv": [
            6.5,
            5.5,
            7,
            6
          ],
          "texture": "#iron_block"
        },
        "west": {
          "uv": [
            7.5,
            9,
            8.5,
            9.5
          ],
          "texture": "#iron_block"
        },
        "east": {
          "uv": [
            8.5,
            9.5,
            7.5,
            9
          ],
          "texture": "#iron_block"
        }
      }
    },
    {
      "__comment": "Clip_Bottom",
      "from": [
        6.472,
        4.2644,
        7.4824
      ],
      "to": [
        9.071999,
        4.6644,
        8.6824
      ],
      "faces": {
        "down": {
          "uv": [
            6.472,
            7.3176,
            9.072,
            8.5176
          ],
          "texture": "#black_wool"
        },
        "up": {
          "uv": [
            6.472,
            7.4824,
            9.072,
            8.6824
          ],
          "texture": "#black_wool"
        },
        "north": {
          "uv": [
            6.928,
            11.3356,
            9.528,
            11.7356
          ],
          "texture": "#black_wool"
        },
        "south": {
          "uv": [
            6.472,
            11.3356,
            9.072,
            11.7356
          ],
          "texture": "#black_wool"
        },
        "west": {
          "uv": [
            7.4824,
            11.3356,
            8.6824,
            11.7356
          ],
          "texture": "#black_wool"
        },
        "east": {
          "uv": [
            7.3176,
            11.3356,
            8.5176,
            11.7356
          ],
          "texture": "#black_wool"
        }
      }
    }
  ],
  "display": {
    "thirdperson_righthand": {
      "rotation": [
        0,
        -90,
        0
      ],
      "translation": [
        0,
        -1.32,
        0.19
      ],
      "scale": [
        0.7,
        0.7,
        0.7
      ]
    },
    "thirdperson_lefthand": {
      "rotation": [
        0,
        90,
        0
      ],
      "translation": [
        0,
        -1.32,
        0.19
      ],
      "scale": [
        0.7,
        0.7,
        0.7
      ]
    },
    "firstperson_righthand": {
      "rotation": [
        -9,
        -103,
        -10
      ],
      "translation": [
        3.02,
        0.57,
        -0.19
      ]
    },
    "firstperson_lefthand": {
      "rotation": [
        -9,
        77,
        10
      ],
      "translation": [
        3.02,
        0.56,
        -0.19
      ]
    },
    "gui": {
      "rotation": [
        30,
        -135,
        0
      ],
      "scale": [
        2,
        2,
        2
      ]
    },
    "ground": {
      "rotation": [
        90,
        0,
        0
      ],
      "translation": [
        0,
        0,
        2
      ],
      "scale": [
        0.7,
        0.7,
        0.7
      ]
    },
    "fixed": {
      "scale": [
        2,
        2,
        2
      ]
    },
	"head": {
      "rotation": [ 0, -90, 0 ],
      "translation": [ 0, 12, 0 ],
      "scale": [ 0.6, 0.6, 0.6 ]
    }
  }
}