{
  "__comment": "© Le0, Mineland.eu 2019 | www.mineland.eu",
  "textures": {
    "red2": "guns/ostatni/red2",
    "silver1": "guns/ostatni/silver1",
    "gray1": "guns/ostatni/gray1"
  },
  "elements": [
    {
      "__comment": "Handle",
      "from": [
        7.5,
        15,
        5.5
      ],
      "to": [
        8.5,
        15.5,
        10.5
      ],
      "faces": {
        "down": {
          "uv": [
            8.5,
            10.5,
            7.5,
            5.5
          ],
          "texture": "#gray1"
        },
        "west": {
          "uv": [
            5.5,
            0.5,
            10.5,
            1
          ],
          "texture": "#gray1"
        },
        "east": {
          "uv": [
            5.5,
            0.5,
            10.5,
            1
          ],
          "texture": "#gray1"
        }
      }
    },
    {
      "__comment": "Handle",
      "from": [
        7.5,
        13.5,
        10.5
      ],
      "to": [
        8.5,
        15.5,
        11.5
      ],
      "faces": {
        "up": {
          "uv": [
            7.5,
            10.5,
            8.5,
            11.5
          ],
          "texture": "#gray1"
        },
        "north": {
          "uv": [
            7.5,
            0.5,
            8.5,
            2.5
          ],
          "texture": "#gray1"
        },
        "south": {
          "uv": [
            7.5,
            0.5,
            8.5,
            2.5
          ],
          "texture": "#gray1"
        },
        "west": {
          "uv": [
            10.5,
            0.5,
            11.5,
            2.5
          ],
          "texture": "#gray1"
        },
        "east": {
          "uv": [
            4.5,
            0.5,
            5.5,
            2.5
          ],
          "texture": "#gray1"
        }
      }
    },
    {
      "__comment": "Handle",
      "from": [
        7.5,
        13.5,
        4.5
      ],
      "to": [
        8.5,
        15.5,
        5.5
      ],
      "faces": {
        "up": {
          "uv": [
            7.5,
            4.5,
            8.5,
            5.5
          ],
          "texture": "#gray1"
        },
        "north": {
          "uv": [
            7.5,
            0.5,
            8.5,
            2.5
          ],
          "texture": "#gray1"
        },
        "south": {
          "uv": [
            7.5,
            0.5,
            8.5,
            2.5
          ],
          "texture": "#gray1"
        },
        "west": {
          "uv": [
            4.5,
            0.5,
            5.5,
            2.5
          ],
          "texture": "#gray1"
        },
        "east": {
          "uv": [
            10.5,
            0.5,
            11.5,
            2.5
          ],
          "texture": "#gray1"
        }
      }
    },
    {
      "__comment": "Handle",
      "from": [
        7.5,
        15.5,
        5
      ],
      "to": [
        8.5,
        16,
        11
      ],
      "faces": {
        "down": {
          "uv": [
            8.5,
            11,
            7.5,
            5
          ],
          "texture": "#gray1"
        },
        "up": {
          "uv": [
            7.5,
            5,
            8.5,
            11
          ],
          "texture": "#gray1",
          "cullface": "up"
        },
        "north": {
          "uv": [
            7.5,
            0,
            8.5,
            0.5
          ],
          "texture": "#gray1"
        },
        "south": {
          "uv": [
            7.5,
            0,
            8.5,
            0.5
          ],
          "texture": "#gray1"
        },
        "west": {
          "uv": [
            5,
            0,
            11,
            0.5
          ],
          "texture": "#gray1"
        },
        "east": {
          "uv": [
            5,
            0,
            11,
            0.5
          ],
          "texture": "#gray1"
        }
      }
    },
    {
      "__comment": "Edge",
      "from": [
        6,
        2.5,
        0.5
      ],
      "to": [
        10,
        3.5,
        1
      ],
      "faces": {
        "down": {
          "uv": [
            10,
            1,
            6,
            0.5
          ],
          "texture": "#red2"
        },
        "north": {
          "uv": [
            6,
            12.5,
            10,
            13.5
          ],
          "texture": "#red2"
        },
        "south": {
          "uv": [
            6,
            12.5,
            10,
            13.5
          ],
          "texture": "#red2"
        },
        "west": {
          "uv": [
            0.5,
            12.5,
            1,
            13.5
          ],
          "texture": "#red2"
        },
        "east": {
          "uv": [
            15,
            12.5,
            15.5,
            13.5
          ],
          "texture": "#red2"
        }
      }
    },
    {
      "__comment": "Edge",
      "from": [
        6,
        2.5,
        1
      ],
      "to": [
        10,
        3,
        15.5
      ],
      "faces": {
        "down": {
          "uv": [
            10,
            15.5,
            6,
            1
          ],
          "texture": "#red2"
        },
        "up": {
          "uv": [
            6,
            1,
            10,
            15.5
          ],
          "texture": "#red2"
        },
        "south": {
          "uv": [
            6,
            13,
            10,
            13.5
          ],
          "texture": "#red2"
        },
        "west": {
          "uv": [
            1,
            13,
            15.5,
            13.5
          ],
          "texture": "#red2"
        },
        "east": {
          "uv": [
            0.5,
            13,
            15,
            13.5
          ],
          "texture": "#red2"
        }
      }
    },
    {
      "__comment": "Edge",
      "from": [
        6,
        3,
        0
      ],
      "to": [
        10,
        13,
        0.5
      ],
      "faces": {
        "down": {
          "uv": [
            10,
            0.5,
            6,
            0
          ],
          "texture": "#red2"
        },
        "up": {
          "uv": [
            6,
            0,
            10,
            0.5
          ],
          "texture": "#red2"
        },
        "north": {
          "uv": [
            6,
            3,
            10,
            13
          ],
          "texture": "#red2",
          "cullface": "north"
        },
        "south": {
          "uv": [
            6,
            3,
            10,
            13
          ],
          "texture": "#red2"
        },
        "west": {
          "uv": [
            0,
            3,
            0.5,
            13
          ],
          "texture": "#red2"
        },
        "east": {
          "uv": [
            15.5,
            3,
            16,
            13
          ],
          "texture": "#red2"
        }
      }
    },
    {
      "__comment": "Edge",
      "from": [
        6,
        3,
        15
      ],
      "to": [
        10,
        3.5,
        16
      ],
      "faces": {
        "down": {
          "uv": [
            10,
            16,
            6,
            15
          ],
          "texture": "#red2"
        },
        "up": {
          "uv": [
            6,
            15,
            10,
            16
          ],
          "texture": "#red2"
        },
        "south": {
          "uv": [
            6,
            12.5,
            10,
            13
          ],
          "texture": "#red2",
          "cullface": "south"
        },
        "west": {
          "uv": [
            15,
            12.5,
            16,
            13
          ],
          "texture": "#red2"
        },
        "east": {
          "uv": [
            0,
            12.5,
            1,
            13
          ],
          "texture": "#red2"
        }
      }
    },
    {
      "__comment": "Edge",
      "from": [
        6,
        3.5,
        15.5
      ],
      "to": [
        10,
        13,
        16
      ],
      "faces": {
        "up": {
          "uv": [
            6,
            15.5,
            10,
            16
          ],
          "texture": "#red2"
        },
        "north": {
          "uv": [
            6,
            3,
            10,
            12.5
          ],
          "texture": "#red2"
        },
        "south": {
          "uv": [
            6,
            3,
            10,
            12.5
          ],
          "texture": "#red2",
          "cullface": "south"
        },
        "west": {
          "uv": [
            15.5,
            3,
            16,
            12.5
          ],
          "texture": "#red2"
        },
        "east": {
          "uv": [
            0,
            3,
            0.5,
            12.5
          ],
          "texture": "#red2"
        }
      }
    },
    {
      "__comment": "Edge",
      "from": [
        6,
        12.5,
        0.5
      ],
      "to": [
        10,
        13.5,
        1
      ],
      "faces": {
        "up": {
          "uv": [
            6,
            0.5,
            10,
            1
          ],
          "texture": "#red2"
        },
        "north": {
          "uv": [
            6,
            2.5,
            10,
            3.5
          ],
          "texture": "#red2"
        },
        "south": {
          "uv": [
            6,
            2.5,
            10,
            3.5
          ],
          "texture": "#red2"
        },
        "west": {
          "uv": [
            0.5,
            2.5,
            1,
            3.5
          ],
          "texture": "#red2"
        },
        "east": {
          "uv": [
            15,
            2.5,
            15.5,
            3.5
          ],
          "texture": "#red2"
        }
      }
    },
    {
      "__comment": "Edge",
      "from": [
        6,
        12.5,
        15
      ],
      "to": [
        10,
        13.5,
        15.5
      ],
      "faces": {
        "up": {
          "uv": [
            6,
            15,
            10,
            15.5
          ],
          "texture": "#red2"
        },
        "north": {
          "uv": [
            6,
            2.5,
            10,
            3.5
          ],
          "texture": "#red2"
        },
        "south": {
          "uv": [
            6,
            2.5,
            10,
            3.5
          ],
          "texture": "#red2"
        },
        "west": {
          "uv": [
            15,
            2.5,
            15.5,
            3.5
          ],
          "texture": "#red2"
        },
        "east": {
          "uv": [
            0.5,
            2.5,
            1,
            3.5
          ],
          "texture": "#red2"
        }
      }
    },
    {
      "__comment": "Edge",
      "from": [
        6,
        13,
        1
      ],
      "to": [
        10,
        13.5,
        15
      ],
      "faces": {
        "down": {
          "uv": [
            10,
            15,
            6,
            1
          ],
          "texture": "#red2"
        },
        "up": {
          "uv": [
            6,
            1,
            10,
            15
          ],
          "texture": "#red2"
        },
        "west": {
          "uv": [
            1,
            2.5,
            15,
            3
          ],
          "texture": "#red2"
        },
        "east": {
          "uv": [
            1,
            2.5,
            15,
            3
          ],
          "texture": "#red2"
        }
      }
    },
    {
      "__comment": "Front",
      "from": [
        5.5,
        3,
        1
      ],
      "to": [
        10.5,
        13,
        4.5
      ],
      "faces": {
        "down": {
          "uv": [
            10.5,
            4.5,
            5.5,
            1
          ],
          "texture": "#red2"
        },
        "up": {
          "uv": [
            5.5,
            1,
            10.5,
            4.5
          ],
          "texture": "#red2"
        },
        "north": {
          "uv": [
            5.5,
            3,
            10.5,
            13
          ],
          "texture": "#red2"
        },
        "south": {
          "uv": [
            5.5,
            3,
            10.5,
            13
          ],
          "texture": "#red2"
        },
        "west": {
          "uv": [
            1,
            3,
            4.5,
            13
          ],
          "texture": "#red2"
        },
        "east": {
          "uv": [
            11.5,
            3,
            15,
            13
          ],
          "texture": "#red2"
        }
      }
    },
    {
      "__comment": "Front",
      "from": [
        5.5,
        3,
        4.5
      ],
      "to": [
        10.5,
        6.5,
        6.5
      ],
      "faces": {
        "down": {
          "uv": [
            10.5,
            6.5,
            5.5,
            4.5
          ],
          "texture": "#red2"
        },
        "up": {
          "uv": [
            5.5,
            4.5,
            10.5,
            6.5
          ],
          "texture": "#red2"
        },
        "south": {
          "uv": [
            5.5,
            9.5,
            10.5,
            13
          ],
          "texture": "#red2"
        },
        "west": {
          "uv": [
            4.5,
            9.5,
            6.5,
            13
          ],
          "texture": "#red2"
        },
        "east": {
          "uv": [
            9.5,
            9.5,
            11.5,
            13
          ],
          "texture": "#red2"
        }
      }
    },
    {
      "__comment": "Front",
      "from": [
        5.5,
        3,
        6.5
      ],
      "to": [
        10.5,
        4.5,
        9.5
      ],
      "faces": {
        "down": {
          "uv": [
            10.5,
            9.5,
            5.5,
            6.5
          ],
          "texture": "#red2"
        },
        "up": {
          "uv": [
            5.5,
            6.5,
            10.5,
            9.5
          ],
          "texture": "#red2"
        },
        "west": {
          "uv": [
            6.5,
            11.5,
            9.5,
            13
          ],
          "texture": "#red2"
        },
        "east": {
          "uv": [
            6.5,
            11.5,
            9.5,
            13
          ],
          "texture": "#red2"
        }
      }
    },
    {
      "__comment": "Front",
      "from": [
        5.5,
        3.5,
        0.5
      ],
      "to": [
        10.5,
        12.5,
        1
      ],
      "faces": {
        "down": {
          "uv": [
            10.5,
            1,
            5.5,
            0.5
          ],
          "texture": "#red2"
        },
        "up": {
          "uv": [
            5.5,
            0.5,
            10.5,
            1
          ],
          "texture": "#red2"
        },
        "north": {
          "uv": [
            5.5,
            3.5,
            10.5,
            12.5
          ],
          "texture": "#red2"
        },
        "west": {
          "uv": [
            0.5,
            3.5,
            1,
            12.5
          ],
          "texture": "#red2"
        },
        "east": {
          "uv": [
            15,
            3.5,
            15.5,
            12.5
          ],
          "texture": "#red2"
        }
      }
    },
    {
      "__comment": "Front",
      "from": [
        5.5,
        3.5,
        15
      ],
      "to": [
        10.5,
        12.5,
        15.5
      ],
      "faces": {
        "down": {
          "uv": [
            10.5,
            15.5,
            5.5,
            15
          ],
          "texture": "#red2"
        },
        "up": {
          "uv": [
            5.5,
            15,
            10.5,
            15.5
          ],
          "texture": "#red2"
        },
        "south": {
          "uv": [
            5.5,
            3.5,
            10.5,
            12.5
          ],
          "texture": "#red2"
        },
        "west": {
          "uv": [
            15,
            3.5,
            15.5,
            12.5
          ],
          "texture": "#red2"
        },
        "east": {
          "uv": [
            0.5,
            3.5,
            1,
            12.5
          ],
          "texture": "#red2"
        }
      }
    },
    {
      "__comment": "Front",
      "from": [
        5.5,
        9.5,
        4.5
      ],
      "to": [
        10.5,
        13,
        6.5
      ],
      "faces": {
        "down": {
          "uv": [
            10.5,
            6.5,
            5.5,
            4.5
          ],
          "texture": "#red2"
        },
        "up": {
          "uv": [
            5.5,
            4.5,
            10.5,
            6.5
          ],
          "texture": "#red2"
        },
        "south": {
          "uv": [
            5.5,
            3,
            10.5,
            6.5
          ],
          "texture": "#red2"
        },
        "west": {
          "uv": [
            4.5,
            3,
            6.5,
            6.5
          ],
          "texture": "#red2"
        },
        "east": {
          "uv": [
            9.5,
            3,
            11.5,
            6.5
          ],
          "texture": "#red2"
        }
      }
    },
    {
      "__comment": "Front",
      "from": [
        5.5,
        3,
        11.5
      ],
      "to": [
        10.5,
        13,
        15
      ],
      "faces": {
        "down": {
          "uv": [
            10.5,
            15,
            5.5,
            11.5
          ],
          "texture": "#red2"
        },
        "up": {
          "uv": [
            5.5,
            11.5,
            10.5,
            15
          ],
          "texture": "#red2"
        },
        "north": {
          "uv": [
            5.5,
            3,
            10.5,
            13
          ],
          "texture": "#red2"
        },
        "south": {
          "uv": [
            5.5,
            3,
            10.5,
            13
          ],
          "texture": "#red2"
        },
        "west": {
          "uv": [
            11.5,
            3,
            15,
            13
          ],
          "texture": "#red2"
        },
        "east": {
          "uv": [
            1,
            3,
            4.5,
            13
          ],
          "texture": "#red2"
        }
      }
    },
    {
      "__comment": "Front",
      "from": [
        5.5,
        3,
        9.5
      ],
      "to": [
        10.5,
        6.5,
        11.5
      ],
      "faces": {
        "down": {
          "uv": [
            10.5,
            11.5,
            5.5,
            9.5
          ],
          "texture": "#red2"
        },
        "up": {
          "uv": [
            5.5,
            9.5,
            10.5,
            11.5
          ],
          "texture": "#red2"
        },
        "north": {
          "uv": [
            5.5,
            9.5,
            10.5,
            13
          ],
          "texture": "#red2"
        },
        "west": {
          "uv": [
            9.5,
            9.5,
            11.5,
            13
          ],
          "texture": "#red2"
        },
        "east": {
          "uv": [
            4.5,
            9.5,
            6.5,
            13
          ],
          "texture": "#red2"
        }
      }
    },
    {
      "__comment": "Front",
      "from": [
        5.5,
        9.5,
        9.5
      ],
      "to": [
        10.5,
        13,
        11.5
      ],
      "faces": {
        "down": {
          "uv": [
            10.5,
            11.5,
            5.5,
            9.5
          ],
          "texture": "#red2"
        },
        "up": {
          "uv": [
            5.5,
            9.5,
            10.5,
            11.5
          ],
          "texture": "#red2"
        },
        "north": {
          "uv": [
            5.5,
            3,
            10.5,
            6.5
          ],
          "texture": "#red2"
        },
        "west": {
          "uv": [
            9.5,
            3,
            11.5,
            6.5
          ],
          "texture": "#red2"
        },
        "east": {
          "uv": [
            4.5,
            3,
            6.5,
            6.5
          ],
          "texture": "#red2"
        }
      }
    },
    {
      "__comment": "Front",
      "from": [
        5.5,
        11.5,
        6.5
      ],
      "to": [
        10.5,
        13,
        9.5
      ],
      "faces": {
        "down": {
          "uv": [
            10.5,
            9.5,
            5.5,
            6.5
          ],
          "texture": "#red2"
        },
        "up": {
          "uv": [
            5.5,
            6.5,
            10.5,
            9.5
          ],
          "texture": "#red2"
        },
        "west": {
          "uv": [
            6.5,
            3,
            9.5,
            4.5
          ],
          "texture": "#red2"
        },
        "east": {
          "uv": [
            6.5,
            3,
            9.5,
            4.5
          ],
          "texture": "#red2"
        }
      }
    },
    {
      "__comment": "PlusBG",
      "from": [
        6,
        4.5,
        4.5
      ],
      "to": [
        10.5,
        11.5,
        11.5
      ],
      "faces": {
        "down": {
          "uv": [
            10,
            11.5,
            5.5,
            4.5
          ],
          "texture": "#red2"
        },
        "up": {
          "uv": [
            6,
            4.5,
            10.5,
            11.5
          ],
          "texture": "#red2"
        },
        "west": {
          "uv": [
            4.5,
            4.5,
            11.5,
            11.5
          ],
          "texture": "#silver1"
        },
        "east": {
          "uv": [
            4.5,
            4.5,
            11.5,
            11.5
          ],
          "texture": "#red2"
        }
      }
    }
  ],
  "display": {
    "thirdperson_righthand": {
      "rotation": [
        65,
        0,
        0
      ],
      "translation": [
        0,
        -2.65,
        -2.27
      ],
      "scale": [
        -0.6,
        0.6,
        0.6
      ]
    },
    "thirdperson_lefthand": {
      "rotation": [
        65,
        0,
        0
      ],
      "translation": [
        0,
        -2.65,
        -2.27
      ],
      "scale": [
        0.6,
        0.6,
        0.6
      ]
    },
    "ground": {
      "rotation": [
        0,
        0,
        -90
      ],
      "translation": [
        0.5,
        0,
        0
      ],
      "scale": [
        0.6,
        0.6,
        0.6
      ]
    },
    "fixed": {
      "rotation": [
        0,
        -90,
        0
      ],
      "translation": [
        0,
        0,
        0
      ],
      "scale": [
        1,
        1,
        1
      ]
    },
    "firstperson_righthand": {
      "rotation": [
        0,
        -13,
        0
      ],
      "translation": [
        1.89,
        0,
        1.13
      ],
      "scale": [
        0.6,
        0.6,
        0.6
      ]
    },
    "firstperson_lefthand": {
      "rotation": [
        0,
        -13,
        0
      ],
      "translation": [
        1.89,
        0,
        1.13
      ],
      "scale": [
        -0.6,
        0.6,
        0.6
      ]
    },
    "gui": {
      "rotation": [
        0,
        90,
        0
      ],
      "translation": [
        0,
        -1.13,
        0
      ],
      "scale": [
        0.8,
        0.8,
        0.8
      ]
    },
	  "head": {
      "rotation": [ 0, -90, 0 ],
      "translation": [ 0, 12, 0 ],
      "scale": [ 0.6, 0.6, 0.6 ]
    }
  }
}