{
"__comment": "© Le0, Mineland.eu 2019 | www.mineland.eu",
"textures": {
    "pink_hardened_clay": "guns/ostatni/pink_hardened_clay",
    "light_gun_texture": "guns/ostatni/light_gun_texture",
    "iron_cover": "guns/ostatni/iron_cover"
},
"elements": [ 
{
    "from": [ 6, 0, 6 ],
    "to": [ 10, 10, 10 ],
    "faces": {
        "down":  { "uv": [ 10, 10, 6, 6 ], "texture": "#pink_hardened_clay" },
        "up":    { "uv": [ 6, 6, 10, 10 ], "texture": "#pink_hardened_clay" },
        "north": { "uv": [ 7, 6, 8, 14 ], "texture": "#pink_hardened_clay" },
        "south": { "uv": [ 7, 6, 8, 14 ], "texture": "#pink_hardened_clay" },
        "west":  { "uv": [ 7, 6, 8, 14 ], "texture": "#pink_hardened_clay" },
        "east":  { "uv": [ 7, 6, 8, 14 ], "texture": "#pink_hardened_clay" }
    }
},
{
    "from": [ 10, 0, 6.5 ],
    "to": [ 10.25, 10, 7 ],
    "faces": {
        "down":  { "uv": [ 10.5, 9, 5.5, 7 ], "texture": "#pink_hardened_clay" },
        "up":    { "uv": [ 5.5, 7, 10.5, 9 ], "texture": "#pink_hardened_clay" },
        "north": { "uv": [ 7, 6, 8, 14 ], "texture": "#pink_hardened_clay" },
        "south": { "uv": [ 7, 6, 8, 14 ], "texture": "#pink_hardened_clay" },
        "west":  { "uv": [ 7, 6, 8, 14 ], "texture": "#pink_hardened_clay" },
        "east":  { "uv": [ 7, 6, 8, 14 ], "texture": "#pink_hardened_clay" }
    }
},
{
    "from": [ 7, 0, 5.5 ],
    "to": [ 9, 10, 10.5 ],
    "faces": {
        "down":  { "uv": [ 9, 10.5, 7, 5.5 ], "texture": "#pink_hardened_clay" },
        "up":    { "uv": [ 7, 5.5, 9, 10.5 ], "texture": "#pink_hardened_clay" },
        "north": { "uv": [ 7, 6, 8, 14 ], "texture": "#pink_hardened_clay" },
        "south": { "uv": [ 7, 6, 8, 14 ], "texture": "#pink_hardened_clay" },
        "west":  { "uv": [ 7, 6, 8, 14 ], "texture": "#pink_hardened_clay" },
        "east":  { "uv": [ 7, 6, 8, 14 ], "texture": "#pink_hardened_clay" }
    }
},
{
    "from": [ 7.25, 10, 7 ],
    "to": [ 8.75, 12, 9 ],
    "faces": {
        "down":  { "uv": [ 7, 6, 8.5, 8 ], "texture": "#light_gun_texture" },
        "up":    { "uv": [ 7, 6, 8.5, 8 ], "texture": "#light_gun_texture" },
        "north": { "uv": [ 7, 6, 8.5, 8 ], "texture": "#light_gun_texture" },
        "south": { "uv": [ 7, 6, 8.5, 8 ], "texture": "#light_gun_texture" },
        "west":  { "uv": [ 7, 6, 9, 8 ], "texture": "#light_gun_texture" },
        "east":  { "uv": [ 7, 6, 9, 8 ], "texture": "#light_gun_texture" }
    }
},
{
    "from": [ 7, 12, 5.5 ],
    "to": [ 9, 12.5, 9.5 ],
    "faces": {
        "down":  { "uv": [ 7, 5.5, 8, 8.5 ], "texture": "#light_gun_texture" },
        "up":    { "uv": [ 7, 5.5, 8, 8.5 ], "texture": "#light_gun_texture" },
        "north": { "uv": [ 7, 3.5, 9, 4 ], "texture": "#light_gun_texture" },
        "south": { "uv": [ 7, 3.5, 9, 4 ], "texture": "#light_gun_texture" },
        "west":  { "uv": [ 5.5, 3.5, 9.5, 4 ], "texture": "#light_gun_texture" },
        "east":  { "uv": [ 6.5, 3.5, 10.5, 4 ], "texture": "#light_gun_texture" }
    }
},
{
    "from": [ 7, 11.8187, 5.0625 ],
    "to": [ 9, 12.3187, 5.5625 ],
    "rotation": { "origin": [ 7, 12.3187, 5.0625 ], "axis": "x", "angle": -22.5 },
    "faces": {
        "down":  { "uv": [ 6, 5, 8, 5.5 ], "texture": "#light_gun_texture" },
        "up":    { "uv": [ 6, 5, 8, 5.5 ], "texture": "#light_gun_texture" },
        "north": { "uv": [ 7, 3.625, 9, 4.125 ], "texture": "#light_gun_texture" },
        "south": { "uv": [ 7, 3.625, 9, 4.125 ], "texture": "#light_gun_texture" },
        "west":  { "uv": [ 5.0625, 3.625, 5.5625, 4.125 ], "texture": "#light_gun_texture" },
        "east":  { "uv": [ 5.0625, 3.625, 5.5625, 4.125 ], "texture": "#light_gun_texture" }
    }
},
{
    "from": [ 7, 11.4775, 4.73 ],
    "to": [ 9, 11.9775, 5.23 ],
    "rotation": { "origin": [ 7, 11.9775, 4.73 ], "axis": "x", "angle": -45 },
    "faces": {
        "down":  { "uv": [ 6, 5, 8, 5.5 ], "texture": "#light_gun_texture" },
        "up":    { "uv": [ 6, 5, 8, 5.5 ], "texture": "#light_gun_texture" },
        "north": { "uv": [ 7, 4, 9, 4.5 ], "texture": "#light_gun_texture" },
        "south": { "uv": [ 7, 4, 9, 4.5 ], "texture": "#light_gun_texture" },
        "west":  { "uv": [ 4.6875, 4, 5.1875, 4.5 ], "texture": "#light_gun_texture" },
        "east":  { "uv": [ 4.6875, 4, 5.1875, 4.5 ], "texture": "#light_gun_texture" }
    }
},
{
    "from": [ 7, 11.5, 4.75 ],
    "to": [ 9, 12, 5.25 ],
    "rotation": { "origin": [ 7, 12, 4.75 ], "axis": "x", "angle": 22.5 },
    "faces": {
        "down":  { "uv": [ 6, 5, 8, 5.5 ], "texture": "#light_gun_texture" },
        "up":    { "uv": [ 6, 5, 8, 5.5 ], "texture": "#light_gun_texture" },
        "north": { "uv": [ 7, 4, 9, 4.5 ], "texture": "#light_gun_texture" },
        "south": { "uv": [ 7, 4, 9, 4.5 ], "texture": "#light_gun_texture" },
        "west":  { "uv": [ 4.75, 4, 5.25, 4.5 ], "texture": "#light_gun_texture" },
        "east":  { "uv": [ 4.75, 4, 5.25, 4.5 ], "texture": "#light_gun_texture" }
    }
},
{
    "from": [ 7, 3.5425, 4.5625 ],
    "to": [ 9, 11.5425, 5.0625 ],
    "faces": {
        "down":  { "uv": [ 9, 5.0625, 7, 4.5625 ], "texture": "#light_gun_texture" },
        "up":    { "uv": [ 7, 4.5625, 9, 5.0625 ], "texture": "#light_gun_texture" },
        "north": { "uv": [ 7, 4, 8, 9 ], "texture": "#light_gun_texture" },
        "south": { "uv": [ 7, 4, 8, 9 ], "texture": "#light_gun_texture" },
        "west":  { "uv": [ 7.5, 4, 8, 10 ], "texture": "#light_gun_texture" },
        "east":  { "uv": [ 7.5, 4, 8, 10 ], "texture": "#light_gun_texture" }
    }
},
{
    "from": [ 7, 10.9, 6.5 ],
    "to": [ 7.1, 12, 8.5 ],
    "faces": {
        "down":  { "uv": [ 7, 6.5, 7.0625, 8.5 ], "texture": "#light_gun_texture" },
        "up":    { "uv": [ 7, 6.5, 7.0625, 8.5 ], "texture": "#light_gun_texture" },
        "north": { "uv": [ 7, 4, 7.0625, 5.0625 ], "texture": "#light_gun_texture" },
        "south": { "uv": [ 7, 4, 7.0625, 5.0625 ], "texture": "#light_gun_texture" },
        "west":  { "uv": [ 5, 4, 7, 5 ], "texture": "#light_gun_texture" },
        "east":  { "uv": [ 5, 4, 7, 5 ], "texture": "#light_gun_texture" }
    }
},
{
    "from": [ 8.895, 10.9, 6.5 ],
    "to": [ 8.995, 12, 8.5 ],
    "faces": {
        "down":  { "uv": [ 7.0625, 8.5, 7, 6.5 ], "texture": "#light_gun_texture" },
        "up":    { "uv": [ 8.875, 6.5, 8.9375, 8.5 ], "texture": "#light_gun_texture" },
        "north": { "uv": [ 7, 4, 7.0625, 5.0625 ], "texture": "#light_gun_texture" },
        "south": { "uv": [ 8.875, 4, 8.9375, 5.0625 ], "texture": "#light_gun_texture" },
        "west":  { "uv": [ 5, 4, 7, 5 ], "texture": "#light_gun_texture" },
        "east":  { "uv": [ 5, 4, 7, 5 ], "texture": "#light_gun_texture" }
    }
},
{
    "from": [ 7, 10.6, 5.5 ],
    "to": [ 7.1, 12, 6.5 ],
    "faces": {
        "down":  { "uv": [ 9, 6.5, 8.9375, 5.5 ], "texture": "#light_gun_texture" },
        "up":    { "uv": [ 7, 5.5, 7.0625, 6.5 ], "texture": "#light_gun_texture" },
        "north": { "uv": [ 8.875, 4, 8.9375, 5.375 ], "texture": "#light_gun_texture" },
        "south": { "uv": [ 7, 4, 7.0625, 5.375 ], "texture": "#light_gun_texture" },
        "west":  { "uv": [ 5.5, 3, 6.5, 4.375 ], "texture": "#light_gun_texture" },
        "east":  { "uv": [ 5.5, 3, 6.5, 4.375 ], "texture": "#light_gun_texture" }
    }
},
{
    "from": [ 8.895, 10.6, 5.5 ],
    "to": [ 8.995, 12, 6.5 ],
    "faces": {
        "down":  { "uv": [ 7.0625, 6.5, 7, 5.5 ], "texture": "#light_gun_texture" },
        "up":    { "uv": [ 8.875, 5.5, 8.9375, 6.5 ], "texture": "#light_gun_texture" },
        "north": { "uv": [ 7, 4, 7.0625, 5.375 ], "texture": "#light_gun_texture" },
        "south": { "uv": [ 8.875, 4, 8.9375, 5.375 ], "texture": "#light_gun_texture" },
        "west":  { "uv": [ 5.5, 3, 6.5, 4.375 ], "texture": "#light_gun_texture" },
        "east":  { "uv": [ 5.5, 3, 6.5, 4.375 ], "texture": "#light_gun_texture" }
    }
},
{
    "from": [ 7.0625, 11.25, 6 ],
    "to": [ 9.5625, 11.5, 6.25 ],
    "faces": {
        "down":  { "uv": [ 8.9375, 6.25, 6.4375, 6 ], "texture": "#iron_cover" },
        "up":    { "uv": [ 7.0625, 6, 9.5625, 6.25 ], "texture": "#iron_cover" },
        "north": { "uv": [ 6.4375, 4.5, 8.9375, 4.75 ], "texture": "#iron_cover" },
        "south": { "uv": [ 7.0625, 4.5, 9.5625, 4.75 ], "texture": "#iron_cover" },
        "west":  { "uv": [ 6, 4.5, 6.25, 4.75 ], "texture": "#iron_cover" },
        "east":  { "uv": [ 9.75, 4.5, 10, 4.75 ], "texture": "#iron_cover" }
    }
},
{
    "from": [ 9.3225, 11.105, 6 ],
    "to": [ 9.5725, 11.605, 6.25 ],
    "faces": {
        "down":  { "uv": [ 6.6775, 6.25, 6.4275, 6 ], "texture": "#iron_cover" },
        "up":    { "uv": [ 9.3225, 6, 9.5725, 6.25 ], "texture": "#iron_cover" },
        "north": { "uv": [ 6.4275, 4.395, 6.6775, 4.895 ], "texture": "#iron_cover" },
        "south": { "uv": [ 9.3225, 4.395, 9.5725, 4.895 ], "texture": "#iron_cover" },
        "west":  { "uv": [ 6, 4.395, 6.25, 4.895 ], "texture": "#iron_cover" },
        "east":  { "uv": [ 9.75, 4.395, 10, 4.895 ], "texture": "#iron_cover" }
    }
},
{
    "from": [ 9.5125, 11.5425, 6 ],
    "to": [ 9.7625, 12.0425, 6.25 ],
    "rotation": { "origin": [ 9.5125, 12.0425, 6 ], "axis": "z", "angle": -22.5 },
    "faces": {
        "down":  { "uv": [ 5.5, 5.75, 5.25, 5.5 ], "texture": "#iron_cover" },
        "up":    { "uv": [ 10.5, 5.5, 10.75, 5.75 ], "texture": "#iron_cover" },
        "north": { "uv": [ 5.25, 4.5, 5.5, 5 ], "texture": "#iron_cover" },
        "south": { "uv": [ 10.5, 4.5, 10.75, 5 ], "texture": "#iron_cover" },
        "west":  { "uv": [ 5.5, 4.5, 5.75, 5 ], "texture": "#iron_cover" },
        "east":  { "uv": [ 10.25, 4.5, 10.5, 5 ], "texture": "#iron_cover" }
    }
},
{
    "from": [ 9.865, 11.875, 6 ],
    "to": [ 10.115, 12.375, 6.25 ],
    "rotation": { "origin": [ 9.865, 12.375, 6 ], "axis": "z", "angle": -45 },
    "faces": {
        "down":  { "uv": [ 4.5, 5.75, 4.25, 5.5 ], "texture": "#iron_cover" },
        "up":    { "uv": [ 11.5, 5.5, 11.75, 5.75 ], "texture": "#iron_cover" },
        "north": { "uv": [ 4.25, 4.5, 4.5, 5 ], "texture": "#iron_cover" },
        "south": { "uv": [ 11.5, 4.5, 11.75, 5 ], "texture": "#iron_cover" },
        "west":  { "uv": [ 5.5, 4.5, 5.75, 5 ], "texture": "#iron_cover" },
        "east":  { "uv": [ 10.25, 4.5, 10.5, 5 ], "texture": "#iron_cover" }
    }
},
{
    "from": [ 9.3225, 10.595, 6 ],
    "to": [ 9.5725, 11.095, 6.25 ],
    "rotation": { "origin": [ 9.3225, 11.095, 6 ], "axis": "z", "angle": 22.5 },
    "faces": {
        "down":  { "uv": [ 5.5, 6.25, 5.25, 6 ], "texture": "#iron_cover" },
        "up":    { "uv": [ 10.5, 6, 10.75, 6.25 ], "texture": "#iron_cover" },
        "north": { "uv": [ 5.25, 3, 5.5, 3.5 ], "texture": "#iron_cover" },
        "south": { "uv": [ 10.5, 3, 10.75, 3.5 ], "texture": "#iron_cover" },
        "west":  { "uv": [ 6, 3, 6.25, 3.5 ], "texture": "#iron_cover" },
        "east":  { "uv": [ 9.75, 3, 10, 3.5 ], "texture": "#iron_cover" }
    }
},
{
    "from": [ 9.51, 10.1275, 6 ],
    "to": [ 9.76, 10.6275, 6.25 ],
    "rotation": { "origin": [ 9.51, 10.6275, 6 ], "axis": "z", "angle": 45 },
    "faces": {
        "down":  { "uv": [ 5.5, 6.25, 5.25, 6 ], "texture": "#iron_cover" },
        "up":    { "uv": [ 10.5, 6, 10.75, 6.25 ], "texture": "#iron_cover" },
        "north": { "uv": [ 5.25, 5, 5.5, 5.5 ], "texture": "#iron_cover" },
        "south": { "uv": [ 10.5, 5, 10.75, 5.5 ], "texture": "#iron_cover" },
        "west":  { "uv": [ 6, 5, 6.25, 5.5 ], "texture": "#iron_cover" },
        "east":  { "uv": [ 9.75, 5, 10, 5.5 ], "texture": "#iron_cover" }
    }
},
{
    "from": [ 9.865, 12.125, 6 ],
    "to": [ 10.365, 12.375, 6.25 ],
    "rotation": { "origin": [ 9.865, 12.375, 6 ], "axis": "z", "angle": 22.5 },
    "faces": {
        "down":  { "uv": [ 5.5, 6.25, 5, 6 ], "texture": "#iron_cover" },
        "up":    { "uv": [ 10.5, 6, 11, 6.25 ], "texture": "#iron_cover" },
        "north": { "uv": [ 5, 3.5, 5.5, 3.75 ], "texture": "#iron_cover" },
        "south": { "uv": [ 10.5, 3.5, 11, 3.75 ], "texture": "#iron_cover" },
        "west":  { "uv": [ 6, 3.5, 6.25, 3.75 ], "texture": "#iron_cover" },
        "east":  { "uv": [ 9.75, 3.5, 10, 3.75 ], "texture": "#iron_cover" }
    }
},
{
    "from": [ 10.3025, 12.3125, 6 ],
    "to": [ 10.8025, 12.5625, 6.25 ],
    "faces": {
        "down":  { "uv": [ 5.6975, 6.25, 5.1975, 6 ], "texture": "#iron_cover" },
        "up":    { "uv": [ 10.3025, 6, 10.8025, 6.25 ], "texture": "#iron_cover" },
        "north": { "uv": [ 5.1975, 3.4375, 5.6975, 3.6875 ], "texture": "#iron_cover" },
        "south": { "uv": [ 10.3025, 3.4375, 10.8025, 3.6875 ], "texture": "#iron_cover" },
        "west":  { "uv": [ 6, 3.4375, 6.25, 3.6875 ], "texture": "#iron_cover" },
        "east":  { "uv": [ 9.75, 3.4375, 10, 3.6875 ], "texture": "#iron_cover" }
    }
},
{
    "from": [ 9.9475, 10.2525, 6 ],
    "to": [ 10.4475, 10.5025, 6.25 ],
    "rotation": { "origin": [ 9.9475, 10.5025, 6 ], "axis": "z", "angle": -22.5 },
    "faces": {
        "down":  { "uv": [ 5, 6.25, 4.5, 6 ], "texture": "#iron_cover" },
        "up":    { "uv": [ 11, 6, 11.5, 6.25 ], "texture": "#iron_cover" },
        "north": { "uv": [ 4.5, 5, 5, 5.25 ], "texture": "#iron_cover" },
        "south": { "uv": [ 11, 5, 11.5, 5.25 ], "texture": "#iron_cover" },
        "west":  { "uv": [ 6, 5, 6.25, 5.25 ], "texture": "#iron_cover" },
        "east":  { "uv": [ 9.75, 5, 10, 5.25 ], "texture": "#iron_cover" }
    }
},
{
    "from": [ 10.3075, 10.08, 6 ],
    "to": [ 10.8075, 10.33, 6.25 ],
    "faces": {
        "down":  { "uv": [ 5.6925, 6.25, 5.1925, 6 ], "texture": "#iron_cover" },
        "up":    { "uv": [ 10.3075, 6, 10.8075, 6.25 ], "texture": "#iron_cover" },
        "north": { "uv": [ 5.1925, 5.67, 5.6925, 5.92 ], "texture": "#iron_cover" },
        "south": { "uv": [ 10.3075, 5.67, 10.8075, 5.92 ], "texture": "#iron_cover" },
        "west":  { "uv": [ 6, 5.67, 6.25, 5.92 ], "texture": "#iron_cover" },
        "east":  { "uv": [ 9.75, 5.67, 10, 5.92 ], "texture": "#iron_cover" }
    }
},
{
    "from": [ 10.78, 12.3125, 6 ],
    "to": [ 11.28, 12.5625, 6.25 ],
    "rotation": { "origin": [ 10.78, 12.5625, 6 ], "axis": "z", "angle": -22.5 },
    "faces": {
        "down":  { "uv": [ 5, 6.25, 4.5, 6 ], "texture": "#iron_cover" },
        "up":    { "uv": [ 11, 6, 11.5, 6.25 ], "texture": "#iron_cover" },
        "north": { "uv": [ 4.5, 4, 5, 4.25 ], "texture": "#iron_cover" },
        "south": { "uv": [ 11, 4, 11.5, 4.25 ], "texture": "#iron_cover" },
        "west":  { "uv": [ 6, 4, 6.25, 4.25 ], "texture": "#iron_cover" },
        "east":  { "uv": [ 9.75, 4, 10, 4.25 ], "texture": "#iron_cover" }
    }
},
{
    "from": [ 10.6975, 10.055, 6 ],
    "to": [ 11.1975, 10.305, 6.25 ],
    "rotation": { "origin": [ 10.6975, 10.305, 6 ], "axis": "z", "angle": 22.5 },
    "faces": {
        "down":  { "uv": [ 4.5, 6.25, 4, 6 ], "texture": "#iron_cover" },
        "up":    { "uv": [ 11.5, 6, 12, 6.25 ], "texture": "#iron_cover" },
        "north": { "uv": [ 4, 5.5, 4.5, 5.75 ], "texture": "#iron_cover" },
        "south": { "uv": [ 11.5, 5.5, 12, 5.75 ], "texture": "#iron_cover" },
        "west":  { "uv": [ 6, 5.5, 6.25, 5.75 ], "texture": "#iron_cover" },
        "east":  { "uv": [ 9.75, 5.5, 10, 5.75 ], "texture": "#iron_cover" }
    }
},
{
    "from": [ 11.0675, 11.6925, 6 ],
    "to": [ 11.3175, 12.1925, 6.25 ],
    "rotation": { "origin": [ 11.0675, 12.1925, 6 ], "axis": "z", "angle": 45 },
    "faces": {
        "down":  { "uv": [ 4.5, 6.25, 4.25, 6 ], "texture": "#iron_cover" },
        "up":    { "uv": [ 11.5, 6, 11.75, 6.25 ], "texture": "#iron_cover" },
        "north": { "uv": [ 4.25, 4, 4.5, 4.5 ], "texture": "#iron_cover" },
        "south": { "uv": [ 11.5, 4, 11.75, 4.5 ], "texture": "#iron_cover" },
        "west":  { "uv": [ 6, 4, 6.25, 4.5 ], "texture": "#iron_cover" },
        "east":  { "uv": [ 9.75, 4, 10, 4.5 ], "texture": "#iron_cover" }
    }
},
{
    "from": [ 11.4175, 10.285, 6 ],
    "to": [ 11.6675, 10.785, 6.25 ],
    "rotation": { "origin": [ 11.4175, 10.785, 6 ], "axis": "z", "angle": -45 },
    "faces": {
        "down":  { "uv": [ 4.5, 6.25, 4.25, 6 ], "texture": "#iron_cover" },
        "up":    { "uv": [ 11.5, 6, 11.75, 6.25 ], "texture": "#iron_cover" },
        "north": { "uv": [ 4.25, 5, 4.5, 5.5 ], "texture": "#iron_cover" },
        "south": { "uv": [ 11.5, 5, 11.75, 5.5 ], "texture": "#iron_cover" },
        "west":  { "uv": [ 6, 5, 6.25, 5.5 ], "texture": "#iron_cover" },
        "east":  { "uv": [ 9.75, 5, 10, 5.5 ], "texture": "#iron_cover" }
    }
},
{
    "from": [ 11.36, 11.4275, 6 ],
    "to": [ 11.61, 11.9275, 6.25 ],
    "rotation": { "origin": [ 11.36, 11.9275, 6 ], "axis": "z", "angle": 22.5 },
    "faces": {
        "down":  { "uv": [ 3, 6.25, 2.75, 6 ], "texture": "#iron_cover" },
        "up":    { "uv": [ 13, 6, 13.25, 6.25 ], "texture": "#iron_cover" },
        "north": { "uv": [ 2.75, 3.5, 3, 4 ], "texture": "#iron_cover" },
        "south": { "uv": [ 13, 3.5, 13.25, 4 ], "texture": "#iron_cover" },
        "west":  { "uv": [ 6, 3.5, 6.25, 4 ], "texture": "#iron_cover" },
        "east":  { "uv": [ 9.75, 3.5, 10, 4 ], "texture": "#iron_cover" }
    }
},
{
    "from": [ 11.5325, 11.0625, 6 ],
    "to": [ 11.7825, 11.5625, 6.25 ],
    "faces": {
        "down":  { "uv": [ 4.4675, 6.25, 4.2175, 6 ], "texture": "#iron_cover" },
        "up":    { "uv": [ 11.5325, 6, 11.7825, 6.25 ], "texture": "#iron_cover" },
        "north": { "uv": [ 4.2175, 4.4375, 4.4675, 4.9375 ], "texture": "#iron_cover" },
        "south": { "uv": [ 11.5325, 4.4375, 11.7825, 4.9375 ], "texture": "#iron_cover" },
        "west":  { "uv": [ 6, 4.4375, 6.25, 4.9375 ], "texture": "#iron_cover" },
        "east":  { "uv": [ 9.75, 4.4375, 10, 4.9375 ], "texture": "#iron_cover" }
    }
},
{
    "from": [ 11.5525, 10.6575, 6 ],
    "to": [ 11.8025, 11.1575, 6.25 ],
    "rotation": { "origin": [ 11.5525, 11.1575, 6 ], "axis": "z", "angle": -22.5 },
    "faces": {
        "down":  { "uv": [ 3.5, 6.25, 3.25, 6 ], "texture": "#iron_cover" },
        "up":    { "uv": [ 12.5, 6, 12.75, 6.25 ], "texture": "#iron_cover" },
        "north": { "uv": [ 3.25, 5, 3.5, 5.5 ], "texture": "#iron_cover" },
        "south": { "uv": [ 12.5, 5, 12.75, 5.5 ], "texture": "#iron_cover" },
        "west":  { "uv": [ 6, 5, 6.25, 5.5 ], "texture": "#iron_cover" },
        "east":  { "uv": [ 9.75, 5, 10, 5.5 ], "texture": "#iron_cover" }
    }
},
{
    "from": [ 5.5, 0, 7 ],
    "to": [ 10.5, 10, 9 ],
    "faces": {
        "down":  { "uv": [ 10.5, 9, 5.5, 7 ], "texture": "#pink_hardened_clay" },
        "up":    { "uv": [ 5.5, 7, 10.5, 9 ], "texture": "#pink_hardened_clay" },
        "north": { "uv": [ 7, 6, 8, 14 ], "texture": "#pink_hardened_clay" },
        "south": { "uv": [ 7, 6, 8, 14 ], "texture": "#pink_hardened_clay" },
        "west":  { "uv": [ 7, 6, 8, 14 ], "texture": "#pink_hardened_clay" },
        "east":  { "uv": [ 7, 6, 8, 14 ], "texture": "#pink_hardened_clay" }
    }
},
{
    "from": [ 9, 0, 10 ],
    "to": [ 9.5, 10, 10.25 ],
    "faces": {
        "down":  { "uv": [ 10.5, 9, 5.5, 7 ], "texture": "#pink_hardened_clay" },
        "up":    { "uv": [ 5.5, 7, 10.5, 9 ], "texture": "#pink_hardened_clay" },
        "north": { "uv": [ 7, 6, 8, 14 ], "texture": "#pink_hardened_clay" },
        "south": { "uv": [ 7, 6, 8, 14 ], "texture": "#pink_hardened_clay" },
        "west":  { "uv": [ 7, 6, 8, 14 ], "texture": "#pink_hardened_clay" },
        "east":  { "uv": [ 7, 6, 8, 14 ], "texture": "#pink_hardened_clay" }
    }
},
{
    "from": [ 5.75, 0, 9 ],
    "to": [ 6, 10, 9.5 ],
    "faces": {
        "down":  { "uv": [ 10.5, 9, 5.5, 7 ], "texture": "#pink_hardened_clay" },
        "up":    { "uv": [ 5.5, 7, 10.5, 9 ], "texture": "#pink_hardened_clay" },
        "north": { "uv": [ 7, 6, 8, 14 ], "texture": "#pink_hardened_clay" },
        "south": { "uv": [ 7, 6, 8, 14 ], "texture": "#pink_hardened_clay" },
        "west":  { "uv": [ 7, 6, 8, 14 ], "texture": "#pink_hardened_clay" },
        "east":  { "uv": [ 7, 6, 8, 14 ], "texture": "#pink_hardened_clay" }
    }
},
{
    "from": [ 5.75, 0, 6.5 ],
    "to": [ 6, 10, 7 ],
    "faces": {
        "down":  { "uv": [ 10.5, 9, 5.5, 7 ], "texture": "#pink_hardened_clay" },
        "up":    { "uv": [ 5.5, 7, 10.5, 9 ], "texture": "#pink_hardened_clay" },
        "north": { "uv": [ 7, 6, 8, 14 ], "texture": "#pink_hardened_clay" },
        "south": { "uv": [ 7, 6, 8, 14 ], "texture": "#pink_hardened_clay" },
        "west":  { "uv": [ 7, 6, 8, 14 ], "texture": "#pink_hardened_clay" },
        "east":  { "uv": [ 7, 6, 8, 14 ], "texture": "#pink_hardened_clay" }
    }
},
{
    "from": [ 10, 0, 9 ],
    "to": [ 10.25, 10, 9.5 ],
    "faces": {
        "down":  { "uv": [ 10.5, 9, 5.5, 7 ], "texture": "#pink_hardened_clay" },
        "up":    { "uv": [ 5.5, 7, 10.5, 9 ], "texture": "#pink_hardened_clay" },
        "north": { "uv": [ 7, 6, 8, 14 ], "texture": "#pink_hardened_clay" },
        "south": { "uv": [ 7, 6, 8, 14 ], "texture": "#pink_hardened_clay" },
        "west":  { "uv": [ 7, 6, 8, 14 ], "texture": "#pink_hardened_clay" },
        "east":  { "uv": [ 7, 6, 8, 14 ], "texture": "#pink_hardened_clay" }
    }
},
{
    "from": [ 6.5, 0, 10 ],
    "to": [ 7, 10, 10.25 ],
    "faces": {
        "down":  { "uv": [ 10.5, 9, 5.5, 7 ], "texture": "#pink_hardened_clay" },
        "up":    { "uv": [ 5.5, 7, 10.5, 9 ], "texture": "#pink_hardened_clay" },
        "north": { "uv": [ 7, 6, 8, 14 ], "texture": "#pink_hardened_clay" },
        "south": { "uv": [ 7, 6, 8, 14 ], "texture": "#pink_hardened_clay" },
        "west":  { "uv": [ 7, 6, 8, 14 ], "texture": "#pink_hardened_clay" },
        "east":  { "uv": [ 7, 6, 8, 14 ], "texture": "#pink_hardened_clay" }
    }
},
{
    "from": [ 6.5, 0, 5.75 ],
    "to": [ 7, 10, 6 ],
    "faces": {
        "down":  { "uv": [ 10.5, 9, 5.5, 7 ], "texture": "#pink_hardened_clay" },
        "up":    { "uv": [ 5.5, 7, 10.5, 9 ], "texture": "#pink_hardened_clay" },
        "north": { "uv": [ 7, 6, 8, 14 ], "texture": "#pink_hardened_clay" },
        "south": { "uv": [ 7, 6, 8, 14 ], "texture": "#pink_hardened_clay" },
        "west":  { "uv": [ 7, 6, 8, 14 ], "texture": "#pink_hardened_clay" },
        "east":  { "uv": [ 7, 6, 8, 14 ], "texture": "#pink_hardened_clay" }
    }
},
{
    "from": [ 9, 0, 5.75 ],
    "to": [ 9.5, 10, 6 ],
    "faces": {
        "down":  { "uv": [ 10.5, 9, 5.5, 7 ], "texture": "#pink_hardened_clay" },
        "up":    { "uv": [ 5.5, 7, 10.5, 9 ], "texture": "#pink_hardened_clay" },
        "north": { "uv": [ 7, 6, 8, 14 ], "texture": "#pink_hardened_clay" },
        "south": { "uv": [ 7, 6, 8, 14 ], "texture": "#pink_hardened_clay" },
        "west":  { "uv": [ 7, 6, 8, 14 ], "texture": "#pink_hardened_clay" },
        "east":  { "uv": [ 7, 6, 8, 14 ], "texture": "#pink_hardened_clay" }
    }
}
],
"display": {
    "thirdperson_righthand": {
        "rotation": [ 0, 90, 0 ],
        "translation": [ 0, 3, 2 ],
        "scale": [ 0.5, 0.5, 0.5 ]
    },
    "thirdperson_lefthand": {
        "rotation": [ 0, 90, 0 ],
        "translation": [ 0, 3, 2 ],
        "scale": [ 0.5, 0.5, 0.5 ]
    },
    "head": {
        "rotation": [ 0, -90, 0 ],
        "translation": [ 0, 12, 0 ],
        "scale": [ 0.6, 0.6, 0.6 ]
    },
    "ground": {
        "rotation": [ 0, 0, 0 ],
        "translation": [ 0, 4, 0 ],
        "scale": [ 0.45, 0.45, 0.45 ]
    },
    "fixed": {
        "rotation": [ 0, 90, 0 ],
        "translation": [ 0, 0, 0 ],
        "scale": [ 1, 1, 1 ]
    },
    "firstperson_righthand": {
        "rotation": [ 0, 180, -5 ],
        "translation": [ 0, 3, -1 ],
        "scale": [ 0.6, 0.6, 0.6 ]
    },
    "firstperson_lefthand": {
        "rotation": [ 0, 180, -5 ],
        "translation": [ 0, 3, -1 ],
        "scale": [ 0.6, 0.6, 0.6 ]
    },
    "gui": {
        "rotation": [ 45, -45, 45 ],
        "translation": [ -1, 1.5, 0 ],
        "scale": [ 0.9, 0.9, 0.9 ]
    }
}
}