{
	"__comment": "© Le0, Mineland.eu 2019 | www.mineland.eu",
	"textures": {
		"particle": "blocks/e_particle",
		"metal": "guns/specialni/blaster_metal",
		"grip": "guns/specialni/blaster_grip",
		"metal1": "guns/specialni/blaster_metal1",
		"metal2": "guns/specialni/blaster_metal2"
	},
	"elements": [ 	 
		{
			"__comment": "grip",
			"from": [ 9.999499, 3.5, 1.5 ],
			"to": [ 11.0005, 8.505, 3.0015 ],
			"rotation": { "origin": [ 9.999499, 3.5, 1.5 ], "axis": "x", "angle": 22.5 },
			"faces": {
				"down": { "uv": [ 10, 13, 11, 14 ], "texture": "#grip" },
				"up": { "uv": [ 10, 2, 11, 3 ], "texture": "#grip" },
				"north": { "uv": [ 5, 9, 6, 10 ], "texture": "#grip" },
				"south": { "uv": [ 10, 9, 11, 10 ], "texture": "#grip" },
				"west": { "uv": [ 2, 9, 3, 10 ], "texture": "#grip" },
				"east": { "uv": [ 13, 9, 14, 10 ], "texture": "#grip" }
			}
		},
		{
			"__comment": "mag",
			"from": [ 9.75, 6, 6.5 ],
			"to": [ 11.25, 9, 9 ],
			"faces": {
				"down": { "uv": [ 9.75, 7, 11.25, 9.5 ], "texture": "#metal2" },
				"up": { "uv": [ 9.75, 6.5, 11.25, 9 ], "texture": "#metal2" },
				"north": { "uv": [ 4.75, 7, 6.25, 10 ], "texture": "#metal2" },
				"south": { "uv": [ 9.75, 7, 11.25, 10 ], "texture": "#metal2" },
				"west": { "uv": [ 6.5, 7, 9, 10 ], "texture": "#metal2" },
				"east": { "uv": [ 7, 7, 9.5, 10 ], "texture": "#metal2" }
			}
		},
		{
			"__comment": "trigger",
			"from": [ 10, 6, 5.125 ],
			"to": [ 11, 6.125, 6.625 ],
			"faces": {
				"down": { "uv": [ 10, 9.375, 11, 10.875 ], "texture": "#metal" },
				"up": { "uv": [ 10, 5.125, 11, 6.625 ], "texture": "#metal" },
				"north": { "uv": [ 5, 9.875, 6, 10 ], "texture": "#metal" },
				"west": { "uv": [ 5.125, 9.875, 6.625, 10 ], "texture": "#metal" },
				"east": { "uv": [ 9.375, 9.875, 10.875, 10 ], "texture": "#metal" }
			}
		},
		{
			"__comment": "trigger",
			"from": [ 10, 5.875, 4.5 ],
			"to": [ 11, 7.375, 4.625 ],
			"rotation": { "origin": [ 10, 7.375, 4.5 ], "axis": "x", "angle": -22.5 },
			"faces": {
				"up": { "uv": [ 6, 10.5, 5, 10.375 ], "texture": "#metal" },
				"north": { "uv": [ 11, 12, 10, 10.5 ], "texture": "#metal" },
				"south": { "uv": [ 10, 4, 11, 5.5 ], "texture": "#metal" },
				"west": { "uv": [ 4, 10.375, 5.5, 10.5 ], "texture": "#metal", "rotation": 90 },
				"east": { "uv": [ 10.5, 10.375, 12, 10.5 ], "texture": "#metal", "rotation": 270 }
			}
		},
		{
			"__comment": "trigger",
			"from": [ 10.125, 6.175, 5.05 ],
			"to": [ 10.875, 6.925, 5.3 ],
			"rotation": { "origin": [ 10.125, 7.675, 5.05 ], "axis": "x", "angle": -22.5 },
			"faces": {
				"down": { "uv": [ 10, 10.875, 11, 11 ], "texture": "#metal" },
				"up": { "uv": [ 6, 11, 5, 10.875 ], "texture": "#metal" },
				"north": { "uv": [ 11, 11, 10, 9.5 ], "texture": "#metal" },
				"south": { "uv": [ 10, 5, 11, 6.5 ], "texture": "#metal" },
				"west": { "uv": [ 5, 10.875, 6.5, 11 ], "texture": "#metal", "rotation": 90 },
				"east": { "uv": [ 9.5, 10.875, 11, 11 ], "texture": "#metal", "rotation": 270 }
			}
		},
		{
			"__comment": "Box7",
			"from": [ 10, 7.5, 2.75 ],
			"to": [ 11, 8, 6.75 ],
			"faces": {
				"down": { "uv": [ 10, 9.25, 11, 13.25 ], "texture": "#metal1" },
				"up": { "uv": [ 10, 2.75, 11, 6.75 ], "texture": "#metal1" },
				"north": { "uv": [ 5, 8, 6, 8.5 ], "texture": "#metal1" },
				"west": { "uv": [ 2.75, 8, 6.75, 8.5 ], "texture": "#metal1" },
				"east": { "uv": [ 9.25, 8, 13.25, 8.5 ], "texture": "#metal1" }
			}
		},
		{
			"__comment": "Box8",
			"from": [ 10, 8, 2.5 ],
			"to": [ 11, 9, 6.5 ],
			"faces": {
				"down": { "uv": [ 10, 9.5, 11, 13.5 ], "texture": "#metal1" },
				"north": { "uv": [ 5, 7, 6, 8 ], "texture": "#metal1" },
				"west": { "uv": [ 2.5, 7, 6.5, 8 ], "texture": "#metal1" },
				"east": { "uv": [ 9.5, 7, 13.5, 8 ], "texture": "#metal1" }
			}
		},
		{
			"__comment": "trigger",
			"from": [ 10.125, 6.875, 5.875 ],
			"to": [ 10.875, 7.625, 6.125 ],
			"rotation": { "origin": [ 10.125, 8.375, 5.875 ], "axis": "x", "angle": 22.5 },
			"faces": {
				"down": { "uv": [ 10, 10.875, 11, 11 ], "texture": "#metal" },
				"north": { "uv": [ 11, 11, 10, 9.5 ], "texture": "#metal" },
				"south": { "uv": [ 10, 5, 11, 6.5 ], "texture": "#metal" },
				"west": { "uv": [ 5, 10.875, 6.5, 11 ], "texture": "#metal", "rotation": 90 },
				"east": { "uv": [ 9.5, 10.875, 11, 11 ], "texture": "#metal", "rotation": 270 }
			}
		},
		{
			"__comment": "Box9",
			"from": [ 10, 9, 2 ],
			"to": [ 11, 10, 11 ],
			"faces": {
				"down": { "uv": [ 10, 5, 11, 14 ], "texture": "#metal" },
				"up": { "uv": [ 10, 2, 11, 11 ], "texture": "#metal" },
				"north": { "uv": [ 5, 6, 6, 7 ], "texture": "#metal" },
				"west": { "uv": [ 2, 6, 11, 7 ], "texture": "#metal" },
				"east": { "uv": [ 5, 6, 14, 7 ], "texture": "#metal" }
			}
		},
		{
			"__comment": "Box10",
			"from": [ 9.75, 8.5, 11 ],
			"to": [ 11.25, 10, 13 ],
			"faces": {
				"down": { "uv": [ 9.75, 3, 11.25, 5 ], "texture": "#metal" },
				"up": { "uv": [ 9.75, 11, 11.25, 13 ], "texture": "#metal" },
				"north": { "uv": [ 4.75, 6, 6.25, 7.5 ], "texture": "#metal" },
				"south": { "uv": [ 9.75, 6, 11.25, 7.5 ], "texture": "#metal" },
				"west": { "uv": [ 11, 6, 13, 7.5 ], "texture": "#metal" },
				"east": { "uv": [ 3, 6, 5, 7.5 ], "texture": "#metal" }
			}
		},
		{
			"__comment": "Box11",
			"from": [ 10, 8.75, 13 ],
			"to": [ 11, 9.75, 13.5 ],
			"faces": {
				"down": { "uv": [ 10, 2.5, 11, 3 ], "texture": "#metal" },
				"up": { "uv": [ 10, 13, 11, 13.5 ], "texture": "#metal" },
				"west": { "uv": [ 13, 6.25, 13.5, 7.25 ], "texture": "#metal" },
				"east": { "uv": [ 2.5, 6.25, 3, 7.25 ], "texture": "#metal" }
			}
		},
		{
			"__comment": "Box12",
			"from": [ 9.95, 8.7, 13.5 ],
			"to": [ 11.075, 9.825, 14 ],
			"faces": {
				"down": { "uv": [ 9.95, 2, 11.075, 2.5 ], "texture": "#metal" },
				"up": { "uv": [ 9.95, 13.5, 11.075, 14 ], "texture": "#metal" },
				"north": { "uv": [ 4.925, 6.175, 6.05, 7.3 ], "texture": "#metal" },
				"south": { "uv": [ 9.95, 6.175, 11.075, 7.3 ], "texture": "#metal" },
				"west": { "uv": [ 13.5, 6.175, 14, 7.3 ], "texture": "#metal" },
				"east": { "uv": [ 2, 6.175, 2.5, 7.3 ], "texture": "#metal" }
			}
		},
		{
			"__comment": "Box12",
			"from": [ 9.9, 8.625, 14 ],
			"to": [ 11.15, 9.875, 14.5 ],
			"faces": {
				"down": { "uv": [ 9.9, 1.5, 11.15, 2 ], "texture": "#metal" },
				"up": { "uv": [ 9.9, 14, 11.15, 14.5 ], "texture": "#metal" },
				"north": { "uv": [ 4.85, 6.125, 6.1, 7.375 ], "texture": "#metal" },
				"south": { "uv": [ 9.9, 6.125, 11.15, 7.375 ], "texture": "#metal" },
				"west": { "uv": [ 14, 6.125, 14.5, 7.375 ], "texture": "#metal" },
				"east": { "uv": [ 1.5, 6.125, 2, 7.375 ], "texture": "#metal" }
			}
		},
		{
			"__comment": "Box12",
			"from": [ 9.825, 8.575, 14.5 ],
			"to": [ 11.2, 9.95, 15 ],
			"faces": {
				"down": { "uv": [ 9.825, 1, 11.2, 1.5 ], "texture": "#metal" },
				"up": { "uv": [ 9.825, 14.5, 11.2, 15 ], "texture": "#metal" },
				"north": { "uv": [ 4.8, 6.05, 6.175, 7.425 ], "texture": "#metal" },
				"south": { "uv": [ 9.825, 6.05, 11.2, 7.425 ], "texture": "#metal" },
				"west": { "uv": [ 14.5, 6.05, 15, 7.425 ], "texture": "#metal" },
				"east": { "uv": [ 1, 6.05, 1.5, 7.425 ], "texture": "#metal" }
			}
		},
		{
			"__comment": "Box12",
			"from": [ 9.75, 8.5, 15 ],
			"to": [ 11.25, 10, 15.5 ],
			"faces": {
				"down": { "uv": [ 9.75, 0.5, 11.25, 1 ], "texture": "#metal" },
				"up": { "uv": [ 9.75, 15, 11.25, 15.5 ], "texture": "#metal" },
				"north": { "uv": [ 4.75, 6, 6.25, 7.5 ], "texture": "#metal" },
				"south": { "uv": [ 9.75, 6, 11.25, 7.5 ], "texture": "#metal" },
				"west": { "uv": [ 15, 6, 15.5, 7.5 ], "texture": "#metal" },
				"east": { "uv": [ 0.5, 6, 1, 7.5 ], "texture": "#metal" }
			}
		},
		{
			"__comment": "grip",
			"from": [ 10, 3.875, 1.5 ],
			"to": [ 11, 6.375, 3.25 ],
			"rotation": { "origin": [ 10, 3.875, 1.5 ], "axis": "x", "angle": 22.5 },
			"faces": {
				"down": { "uv": [ 10, 13, 11, 14 ], "texture": "#grip" },
				"up": { "uv": [ 10, 2, 11, 3 ], "texture": "#grip" },
				"north": { "uv": [ 5, 9, 6, 10 ], "texture": "#grip" },
				"south": { "uv": [ 10, 9, 11, 10 ], "texture": "#grip" },
				"west": { "uv": [ 2, 9, 3, 10 ], "texture": "#grip" },
				"east": { "uv": [ 13, 9, 14, 10 ], "texture": "#grip" }
			}
		},
		{
			"__comment": "grip",
			"from": [ 10, 4.125, 1.5 ],
			"to": [ 11, 5.625, 3.5 ],
			"rotation": { "origin": [ 10, 4.125, 1.5 ], "axis": "x", "angle": 22.5, "rescale": true },
			"faces": {
				"down": { "uv": [ 0, 0, 3, 6 ], "texture": "#grip" },
				"up": { "uv": [ 10, 1.5, 11, 3.5 ], "texture": "#grip" },
				"north": { "uv": [ 11, 10.375, 10, 11.875 ], "texture": "#grip" },
				"south": { "uv": [ 10, 10.375, 11, 11.875 ], "texture": "#grip" },
				"west": { "uv": [ 1.5, 10.375, 3.5, 11.875 ], "texture": "#grip" },
				"east": { "uv": [ 3.5, 10.375, 1.5, 11.875 ], "texture": "#grip" }
			}
		},
		{
			"__comment": "Box18",
			"from": [ 10.25, 3, 2 ],
			"to": [ 10.75, 3.5, 2.5 ],
			"rotation": { "origin": [ 10.25, 3, 2 ], "axis": "x", "angle": 22.5 },
			"faces": {
				"down": { "uv": [ 10, 12, 11, 12.5 ], "texture": "#metal" },
				"up": { "uv": [ 10, 3.5, 11, 4 ], "texture": "#metal" },
				"north": { "uv": [ 5, 12.5, 6, 13 ], "texture": "#metal" },
				"south": { "uv": [ 10, 12.5, 11, 13 ], "texture": "#metal" },
				"west": { "uv": [ 3.5, 12.5, 4, 13 ], "texture": "#metal" },
				"east": { "uv": [ 12, 12.5, 12.5, 13 ], "texture": "#metal" }
			}
		},
		{
			"__comment": "Box18",
			"from": [ 10.25, 8.25, 2.25 ],
			"to": [ 10.75, 8.75, 2.75 ],
			"faces": {
				"down": { "uv": [ 10, 12, 11, 12.5 ], "texture": "#metal" },
				"up": { "uv": [ 10, 3.5, 11, 4 ], "texture": "#metal" },
				"north": { "uv": [ 5, 12.5, 6, 13 ], "texture": "#metal" },
				"west": { "uv": [ 3.5, 12.5, 4, 13 ], "texture": "#metal" },
				"east": { "uv": [ 12, 12.5, 12.5, 13 ], "texture": "#metal" }
			}
		},
		{
			"__comment": "mag",
			"from": [ 9.75, 9, 6.75 ],
			"to": [ 11.25, 9.5, 7.25 ],
			"faces": {
				"up": { "uv": [ 9.75, 6.75, 11.25, 7.25 ], "texture": "#metal2" },
				"north": { "uv": [ 4.75, 6.5, 6.25, 7 ], "texture": "#metal2" },
				"south": { "uv": [ 9.75, 6.5, 11.25, 7 ], "texture": "#metal2" },
				"west": { "uv": [ 6.75, 6.5, 7.25, 7 ], "texture": "#metal2" },
				"east": { "uv": [ 8.75, 6.5, 9.25, 7 ], "texture": "#metal2" }
			}
		},
		{
			"__comment": "mag",
			"from": [ 9.75, 9, 8 ],
			"to": [ 11.25, 9.5, 8.5 ],
			"faces": {
				"up": { "uv": [ 9.75, 8, 11.25, 8.5 ], "texture": "#metal2" },
				"north": { "uv": [ 4.75, 6.5, 6.25, 7 ], "texture": "#metal2" },
				"south": { "uv": [ 9.75, 6.5, 11.25, 7 ], "texture": "#metal2" },
				"west": { "uv": [ 8, 6.5, 8.5, 7 ], "texture": "#metal2" },
				"east": { "uv": [ 7.5, 6.5, 8, 7 ], "texture": "#metal2" }
			}
		},
		{
			"__comment": "Box22",
			"from": [ 10.125, 10.25, 4 ],
			"to": [ 10.875, 11, 11.5 ],
			"faces": {
				"down": { "uv": [ 10.125, 4.5, 10.875, 12 ], "texture": "#metal1" },
				"up": { "uv": [ 10.125, 4, 10.875, 11.5 ], "texture": "#metal1" },
				"south": { "uv": [ 10.125, 5, 10.875, 5.75 ], "texture": "#metal1" },
				"west": { "uv": [ 4, 5, 11.5, 5.75 ], "texture": "#metal1" },
				"east": { "uv": [ 4.5, 5, 12, 5.75 ], "texture": "#metal1" }
			}
		},
		{
			"__comment": "Box23",
			"from": [ 10, 9.875, 4.375 ],
			"to": [ 11, 11.375, 5.125 ],
			"faces": {
				"up": { "uv": [ 10, 4.375, 11, 5.125 ], "texture": "#metal" },
				"north": { "uv": [ 5, 4.625, 6, 6.125 ], "texture": "#metal" },
				"south": { "uv": [ 10, 4.625, 11, 6.125 ], "texture": "#metal" },
				"west": { "uv": [ 4.375, 4.625, 5.125, 6.125 ], "texture": "#metal" },
				"east": { "uv": [ 10.875, 4.625, 11.625, 6.125 ], "texture": "#metal" }
			}
		},
		{
			"__comment": "Box23",
			"from": [ 10, 9.875, 6.625 ],
			"to": [ 11, 11.375, 7.375 ],
			"faces": {
				"up": { "uv": [ 10, 6.625, 11, 7.375 ], "texture": "#metal" },
				"north": { "uv": [ 5, 4.625, 6, 6.125 ], "texture": "#metal" },
				"south": { "uv": [ 10, 4.625, 11, 6.125 ], "texture": "#metal" },
				"west": { "uv": [ 6.625, 4.625, 7.375, 6.125 ], "texture": "#metal" },
				"east": { "uv": [ 8.625, 4.625, 9.375, 6.125 ], "texture": "#metal" }
			}
		},
		{
			"__comment": "Box25",
			"from": [ 10, 11, 7.75 ],
			"to": [ 11, 11.75, 8.75 ],
			"faces": {
				"down": { "uv": [ 10, 7.25, 11, 8.25 ], "texture": "#metal" },
				"up": { "uv": [ 10, 7.75, 11, 8.75 ], "texture": "#metal" },
				"north": { "uv": [ 5, 4.25, 6, 5 ], "texture": "#metal" },
				"south": { "uv": [ 10, 4.25, 11, 5 ], "texture": "#metal" },
				"west": { "uv": [ 7.75, 4.25, 8.75, 5 ], "texture": "#metal" },
				"east": { "uv": [ 7.25, 4.25, 8.25, 5 ], "texture": "#metal" }
			}
		},
		{
			"__comment": "Box12",
			"from": [ 9.95, 10.05, 3.5 ],
			"to": [ 11.075, 11.175, 4 ],
			"faces": {
				"down": { "uv": [ 9.95, 12, 11.075, 12.5 ], "texture": "#metal1" },
				"up": { "uv": [ 9.95, 3.5, 11.075, 4 ], "texture": "#metal1" },
				"north": { "uv": [ 4.925, 4.825, 6.05, 5.95 ], "texture": "#metal1" },
				"south": { "uv": [ 9.95, 4.825, 11.075, 5.95 ], "texture": "#metal1" },
				"west": { "uv": [ 3.5, 4.825, 4, 5.95 ], "texture": "#metal1" },
				"east": { "uv": [ 12, 4.825, 12.5, 5.95 ], "texture": "#metal1" }
			}
		},
		{
			"__comment": "Box12",
			"from": [ 9.9, 10, 3 ],
			"to": [ 11.15, 11.25, 3.5 ],
			"faces": {
				"down": { "uv": [ 9.9, 12.5, 11.15, 13 ], "texture": "#metal1" },
				"up": { "uv": [ 9.9, 3, 11.15, 3.5 ], "texture": "#metal1" },
				"north": { "uv": [ 4.85, 4.75, 6.1, 6 ], "texture": "#metal1" },
				"south": { "uv": [ 9.9, 4.75, 11.15, 6 ], "texture": "#metal1" },
				"west": { "uv": [ 3, 4.75, 3.5, 6 ], "texture": "#metal1" },
				"east": { "uv": [ 12.5, 4.75, 13, 6 ], "texture": "#metal1" }
			}
		},
		{
			"__comment": "Box12",
			"from": [ 9.849999, 9.95, 2.5 ],
			"to": [ 11.225, 11.325, 3 ],
			"faces": {
				"down": { "uv": [ 9.849999, 13, 11.225, 13.5 ], "texture": "#metal1" },
				"up": { "uv": [ 9.849999, 2.5, 11.225, 3 ], "texture": "#metal1" },
				"north": { "uv": [ 4.775001, 4.675, 6.150001, 6.05 ], "texture": "#metal1" },
				"south": { "uv": [ 9.849999, 4.675, 11.225, 6.05 ], "texture": "#metal1" },
				"west": { "uv": [ 2.5, 4.675, 3, 6.05 ], "texture": "#metal1" },
				"east": { "uv": [ 13, 4.675, 13.5, 6.05 ], "texture": "#metal1" }
			}
		},
		{
			"__comment": "Box12",
			"from": [ 9.8, 9.9, 2 ],
			"to": [ 11.3, 11.4, 2.5 ],
			"faces": {
				"down": { "uv": [ 9.8, 13.5, 11.3, 14 ], "texture": "#metal1" },
				"up": { "uv": [ 9.8, 2, 11.3, 2.5 ], "texture": "#metal1" },
				"north": { "uv": [ 4.7, 4.6, 6.2, 6.1 ], "texture": "#metal1" },
				"south": { "uv": [ 9.8, 4.6, 11.3, 6.1 ], "texture": "#metal1" },
				"west": { "uv": [ 2, 4.6, 2.5, 6.1 ], "texture": "#metal1" },
				"east": { "uv": [ 13.5, 4.6, 14, 6.1 ], "texture": "#metal1" }
			}
		},
		{
			"__comment": "Box12",
			"from": [ 9.8, 9.9, 0.5 ],
			"to": [ 11.3, 11.4, 2 ],
			"faces": {
				"down": { "uv": [ 9.8, 14, 11.3, 15.5 ], "texture": "#metal1" },
				"up": { "uv": [ 9.8, 0.5, 11.3, 2 ], "texture": "#metal1" },
				"north": { "uv": [ 4.7, 4.6, 6.2, 6.1 ], "texture": "#metal1" },
				"west": { "uv": [ 0.5, 4.6, 2, 6.1 ], "texture": "#metal1" },
				"east": { "uv": [ 14, 4.6, 15.5, 6.1 ], "texture": "#metal1" }
			}
		},
		{
			"__comment": "Box31",
			"from": [ 10.375, 8.75, 8.5 ],
			"to": [ 10.625, 9, 10 ],
			"faces": {
				"down": { "uv": [ 10.375, 6, 10.625, 7.5 ], "texture": "#metal" },
				"south": { "uv": [ 10.375, 7, 10.625, 7.25 ], "texture": "#metal" },
				"west": { "uv": [ 8.5, 7, 10, 7.25 ], "texture": "#metal" },
				"east": { "uv": [ 6, 7, 7.5, 7.25 ], "texture": "#metal" }
			}
		}
	],
	"display": {
		"thirdperson_righthand": {
			"rotation":  [ 60, -180, 0 ],
			"translation":  [ 2, 3, 0 ],
			"scale":  [ 0.9, 0.9, 0.9 ]
		},
		"thirdperson_lefthand": {
			"rotation":  [ 0, -180, 0 ],
			"translation":  [ -2.5, 0, -4 ],
			"scale":  [ 0.9, 0.9, 0.9 ]
		},
		"firstperson_righthand": {
			"rotation":  [ 0, -180, 0 ],
			"translation":  [ 6.2608, 0.5, -6.259 ]
		},
		"firstperson_lefthand": {
			"rotation":  [ -90, -180, 0 ],
			"translation":  [ 1.25, -6.5, -6.259 ]
		},
		"head": {
            "rotation": [ 0, 0, 0 ],
            "translation": [ -2, 10, 0 ],
            "scale": [ 0.85, 0.85, 0.85 ]
        },
		"gui": {
			"rotation":  [ -40, -72, -26 ],
			"translation":  [ -1, 0, 0 ]
		},
		"ground": {
			"translation":  [ 0, 1.3913, 0 ]
		},
		"fixed": {
			"rotation":  [ 0, 90, 0 ]
		}
	}
}