{
"__comment": "© Le0, Mineland.eu 2019 | www.mineland.eu",
"textures": {
    "bright_gun_texture": "guns/pusky/bright_gun_texture",
    "light_gun_texture": "guns/pusky/light_gun_texture",
    "wood": "guns/pusky/wood"
},
"elements":[
{
"from":[-10.1094,8.2188,7.5625],
"to":[-5.6875,8.81255,8.45313],
"faces":{
"down":{"uv":[7.48437,7.14062,8.51562,7.8125],"texture":"#bright_gun_texture","cullface":"west"},
"up":{"uv":[7.48437,7.14062,8.51562,7.8125],"texture":"#bright_gun_texture","cullface":"west"},
"north":{"uv":[7.48437,7.14062,8.51562,7.8125],"texture":"#bright_gun_texture","cullface":"west"},
"south":{"uv":[7.48437,7.14062,8.51562,7.8125],"texture":"#bright_gun_texture","cullface":"west"},
"west":{"uv":[7.48437,7.14062,8.51562,7.8125],"texture":"#bright_gun_texture","cullface":"west"},
"east":{"uv":[7.48437,7.14062,8.51562,7.8125],"texture":"#bright_gun_texture","cullface":"west"}
}
},
{
"from":[-8.9219,7.8906,7.7812],
"to":[-2.2344,8.04685,8.256201],
"faces":{
"down":{"uv":[7.48437,7.14062,8.51562,7.8125],"texture":"#bright_gun_texture","cullface":"west"},
"up":{"uv":[7.48437,7.14062,8.51562,7.8125],"texture":"#bright_gun_texture","cullface":"west"},
"north":{"uv":[7.48437,7.14062,8.51562,7.8125],"texture":"#bright_gun_texture","cullface":"west"},
"south":{"uv":[7.48437,7.14062,8.51562,7.8125],"texture":"#bright_gun_texture","cullface":"west"},
"west":{"uv":[7.48437,7.14062,8.51562,7.8125],"texture":"#bright_gun_texture","cullface":"west"},
"east":{"uv":[7.48437,7.14062,8.51562,7.8125],"texture":"#bright_gun_texture","cullface":"west"}
}
},
{
"from":[-7.9844,8.8125,7.7031],
"to":[-7.59377,9.75,8.3281],
"faces":{
"up":{"uv":[7.48437,7.14062,8.51562,7.8125],"texture":"#bright_gun_texture","cullface":"west"},
"north":{"uv":[7.48437,7.14062,8.51562,7.8125],"texture":"#bright_gun_texture","cullface":"west"},
"south":{"uv":[7.48437,7.14062,8.51562,7.8125],"texture":"#bright_gun_texture","cullface":"west"},
"west":{"uv":[7.48437,7.14062,8.51562,7.8125],"texture":"#bright_gun_texture","cullface":"west"},
"east":{"uv":[7.48437,7.14062,8.51562,7.8125],"texture":"#bright_gun_texture","cullface":"west"}
}
},
{
"from":[-5.6875,8.875,7.4844],
"to":[-2.23437,9.54688,8.51565],
"faces":{
"down":{"uv":[7.48437,7.14062,8.51562,7.8125],"texture":"#bright_gun_texture","cullface":"west"},
"up":{"uv":[7.48437,7.14062,8.51562,7.8125],"texture":"#bright_gun_texture","cullface":"west"},
"north":{"uv":[7.48437,7.14062,8.51562,7.8125],"texture":"#bright_gun_texture","cullface":"west"},
"south":{"uv":[7.48437,7.14062,8.51562,7.8125],"texture":"#bright_gun_texture","cullface":"west"},
"west":{"uv":[7.48437,7.14062,8.51562,7.8125],"texture":"#bright_gun_texture","cullface":"west"},
"east":{"uv":[7.48437,7.14062,8.51562,7.8125],"texture":"#bright_gun_texture","cullface":"west"}
}
},
{
"from":[-2.2344,7.625,7.4219],
"to":[-1.8594,9.59375,8.57815],
"faces":{
"down":{"uv":[15.249,8.749,14.751,7.250999],"texture":"#bright_gun_texture","cullface":"west"},
"up":{"uv":[0.751,7.250999,1.249,8.749],"texture":"#bright_gun_texture","cullface":"west"},
"north":{"uv":[14.751,7.250999,15.249,8.499],"texture":"#bright_gun_texture","cullface":"west"},
"south":{"uv":[0.751,7.250999,1.249,8.499],"texture":"#bright_gun_texture","cullface":"west"},
"west":{"uv":[7.251,7.250999,8.749,8.499],"texture":"#bright_gun_texture","cullface":"west"},
"east":{"uv":[7.251,7.250999,8.749,8.499],"texture":"#bright_gun_texture","cullface":"west"}
}
},
{
"from":[-1.8594,7.625,7.25],
"to":[4.20311,8.625,8.75],
"faces":{
"down":{"uv":[14.749,8.749,11.376,7.250999],"texture":"#wood","cullface":"west"},
"up":{"uv":[1.251,7.250999,4.624,8.749],"texture":"#wood","cullface":"west"},
"north":{"uv":[11.376,7.250999,14.749,8.374],"texture":"#wood","cullface":"west"},
"south":{"uv":[1.251,7.250999,4.624,8.374],"texture":"#wood","cullface":"west"},
"west":{"uv":[7.251,7.250999,8.749,8.374],"texture":"#wood","cullface":"west"},
"east":{"uv":[7.251,7.250999,8.749,8.374],"texture":"#wood","cullface":"west"}
}
},
{
"from":[1.5,8.6875,7.375],
"to":[4.625,9.59375,8.625],
"faces":{
"down":{"uv":[14.999,8.624,11.376,7.375999],"texture":"#wood"},
"up":{"uv":[1.001,7.375999,4.624,8.624],"texture":"#wood"},
"north":{"uv":[11.376,6.407249,14.999,7.202129],"texture":"#wood"},
"south":{"uv":[1.001,6.407249,4.624,7.202129],"texture":"#wood"},
"west":{"uv":[7.376,6.407249,8.624,7.202129],"texture":"#wood"},
"east":{"uv":[7.376,6.407249,8.624,7.202129],"texture":"#wood"}
}
},
{
"from":[6.5,7.625,7.25],
"to":[15.2188,8.625,8.75],
"faces":{
"up":{"uv":[4.626,7.250999,15.2178,8.749],"texture":"#wood"},
"north":{"uv":[0.7822,7.375999,11.374,8.374],"texture":"#wood"},
"south":{"uv":[4.626,7.375999,15.2178,8.374],"texture":"#wood"},
"west":{"uv":[7.251,7.375999,8.749,8.374],"texture":"#wood"},
"east":{"uv":[7.251,7.375999,8.749,8.374],"texture":"#wood"}
}
},
{
"from":[4.625,9.125,7.375],
"to":[7.875,9.59375,8.625],
"faces":{
"up":{"uv":[4.626,7.375999,7.499,8.624],"texture":"#wood"},
"north":{"uv":[8.501,6.407249,11.374,6.874001],"texture":"#wood"},
"south":{"uv":[4.626,6.407249,7.499,6.874001],"texture":"#wood"},
"west":{"uv":[7.376,6.407249,8.624,6.874001],"texture":"#wood"},
"east":{"uv":[7.376,6.407249,8.624,6.874001],"texture":"#wood"}
}
},
{
"from":[-1.8594,8.625,7.875],
"to":[4.62498,9.29688,8.125],
"faces":{
"down":{"uv":[14.999,8.124,11.376,7.875999],"texture":"#bright_gun_texture","cullface":"west"},
"up":{"uv":[1.001,7.875999,4.624,8.124],"texture":"#bright_gun_texture","cullface":"west"},
"north":{"uv":[11.376,7.000999,14.999,7.374001],"texture":"#bright_gun_texture","cullface":"west"},
"south":{"uv":[1.001,7.000999,4.624,7.374001],"texture":"#bright_gun_texture","cullface":"west"},
"west":{"uv":[7.876,7.000999,8.124,7.374001],"texture":"#bright_gun_texture","cullface":"west"},
"east":{"uv":[7.876,7.000999,8.124,7.374001],"texture":"#bright_gun_texture","cullface":"west"}
}
},
{
"from":[4.6094,8.6094,7.5],
"to":[8.62502,8.78127,8.25],
"faces":{
"down":{"uv":[11.374,8.249,7.376,7.500999],"texture":"#bright_gun_texture"},
"up":{"uv":[4.626,7.500999,8.624,8.249],"texture":"#bright_gun_texture"},
"north":{"uv":[7.376,6.875999,11.374,7.374001],"texture":"#bright_gun_texture"},
"south":{"uv":[4.626,6.875999,8.624,7.374001],"texture":"#bright_gun_texture"},
"west":{"uv":[7.501,6.875999,8.249,7.374001],"texture":"#bright_gun_texture"},
"east":{"uv":[7.751,6.875999,8.499,7.374001],"texture":"#bright_gun_texture"}
}
},
{
"from":[7.875,9.125,7.375],
"to":[8.625,9.59375,8.625],
"faces":{
"up":{"uv":[7.876,7.375999,8.624,8.624],"texture":"#wood"},
"north":{"uv":[7.376,6.407249,8.124,6.874001],"texture":"#wood"},
"south":{"uv":[7.876,6.407249,8.624,6.874001],"texture":"#wood"},
"west":{"uv":[7.376,6.407249,8.624,6.874001],"texture":"#wood"},
"east":{"uv":[7.376,6.407249,8.624,6.874001],"texture":"#wood"}
}
},
{
"from":[8.5,7,7.25],
"to":[11.8438,7.375,8.75],
"faces":{
"down":{"uv":[6.374,8.749,5.876,7.250999],"texture":"#wood"},
"north":{"uv":[5.876,8.626,6.374,8.999],"texture":"#wood"},
"south":{"uv":[9.626,8.626,10.124,8.999],"texture":"#wood"},
"west":{"uv":[7.251,8.626,8.749,8.999],"texture":"#wood"},
"east":{"uv":[7.251,8.626,8.749,8.999],"texture":"#wood"}
}
},
{
"from":[7.625,7.125,7.25],
"to":[8.5,7.375,8.75],
"faces":{
"down":{"uv":[7.249,8.749,6.376,7.250999],"texture":"#wood"},
"north":{"uv":[6.376,8.626,7.249,8.874],"texture":"#wood"},
"south":{"uv":[8.751,8.626,9.624,8.874],"texture":"#wood"},
"west":{"uv":[7.251,8.626,8.749,8.874],"texture":"#wood"}
}
},
{
"from":[8.6875,6.25,7.4375],
"to":[11.125,7,8.53125],
"faces":{
"down":{"uv":[8.6885,7.438499,11.124,8.499],"texture":"#bright_gun_texture"},
"north":{"uv":[8.6885,8.9385,11.124,9.6865],"texture":"#bright_gun_texture"},
"south":{"uv":[11.124,8.9385,8.6885,9.6865],"texture":"#bright_gun_texture"},
"west":{"uv":[7.4385,8.9385,8.499,9.6865],"texture":"#bright_gun_texture"},
"east":{"uv":[7.4385,8.9385,8.499,9.6865],"texture":"#bright_gun_texture"}
}
},
{
"from":[11.8125,7,7.25],
"to":[14.6875,7.375,8.75],
"faces":{
"down":{"uv":[3.374,8.749,0.5009999,7.250999],"texture":"#wood"},
"north":{"uv":[0.501,8.626,3.374,8.999],"texture":"#wood"},
"south":{"uv":[12.626,8.626,15.499,8.999],"texture":"#wood"},
"east":{"uv":[7.251,8.626,8.749,8.999],"texture":"#wood"}
}
},
{
"from":[4.625,8.6875,7.375],
"to":[8.625,9.125,8.625],
"faces":{
"down":{"uv":[11.374,8.624,7.376,8.251],"texture":"#wood"},
"up":{"uv":[4.626,8.251,8.624,8.624],"texture":"#wood"},
"north":{"uv":[7.376,6.875999,11.374,7.311501],"texture":"#wood"},
"south":{"uv":[4.626,6.875999,8.624,7.311501],"texture":"#wood"},
"east":{"uv":[7.376,6.875999,7.749,7.311501],"texture":"#wood"}
}
},
{
"from":[5.5,7.375,7.25],
"to":[15.25,7.625,8.75],
"faces":{
"down":{"uv":[10.249,8.749,0.5010004,7.250999],"texture":"#wood"},
"up":{"uv":[5.751,7.250999,15.499,8.749],"texture":"#wood"},
"north":{"uv":[0.501,8.376,10.249,8.624],"texture":"#wood"},
"south":{"uv":[5.751,8.376,15.499,8.624],"texture":"#wood"},
"west":{"uv":[7.251,8.376,8.749,8.624],"texture":"#wood"},
"east":{"uv":[7.251,8.376,8.749,8.624],"texture":"#wood"}
}
},
{
"from":[4.3125,7.5,7.25],
"to":[5.5,7.625,8.75],
"faces":{
"down":{"uv":[11.6865,8.749,10.251,7.250999],"texture":"#wood"},
"north":{"uv":[10.251,8.376,11.6865,8.499],"texture":"#wood"},
"south":{"uv":[4.3135,8.376,5.749,8.499],"texture":"#wood"},
"west":{"uv":[7.251,8.376,8.749,8.499],"texture":"#wood"}
}
},
{
"from":[6.5312,7.25,7.25],
"to":[7.6562,7.375,8.75],
"faces":{
"down":{"uv":[8.624,8.749,7.251,7.250999],"texture":"#wood"},
"north":{"uv":[7.251,8.626,8.624,8.749],"texture":"#wood"},
"south":{"uv":[7.376,8.626,8.749,8.749],"texture":"#wood"},
"west":{"uv":[7.251,8.626,8.749,8.749],"texture":"#wood"},
"east":{"uv":[7.251,8.626,8.749,8.749],"texture":"#wood"}
}
},
{
"from":[8.625,8.625,7.375],
"to":[14.9844,8.8125,8.625],
"faces":{
"up":{"uv":[8.626,7.375999,13.8428,8.624],"texture":"#light_gun_texture"},
"north":{"uv":[2.15725,6.875999,7.374,7.436501],"texture":"#light_gun_texture"},
"south":{"uv":[8.626,6.875999,13.8428,7.436501],"texture":"#light_gun_texture"},
"west":{"uv":[7.376,6.875999,8.624,7.436501],"texture":"#light_gun_texture"},
"east":{"uv":[7.376,6.875999,8.624,7.436501],"texture":"#light_gun_texture"}
}
},
{
"from":[15.2188,7.4375,7.25],
"to":[17.6563,8.625,8.75],
"rotation":{"origin":[15.2188,8.625,7.25],"axis":"z","angle":-22.5},
"faces":{
"down":{"uv":[5.1885,7.250999,7.624,8.749],"texture":"#wood","cullface":"east"},
"up":{"uv":[5.1885,7.250999,7.624,8.749],"texture":"#wood","cullface":"east"},
"north":{"uv":[5.1885,7.375999,7.624,8.5615],"texture":"#wood","cullface":"east"},
"south":{"uv":[5.1885,7.375999,7.624,8.5615],"texture":"#wood","cullface":"east"},
"west":{"uv":[7.251,7.375999,8.749,8.5615],"texture":"#wood","cullface":"east"},
"east":{"uv":[7.251,7.375999,8.749,8.5615],"texture":"#wood","cullface":"east"}
}
},
{
"from":[15.375,5.0625,7.25],
"to":[16.625,7.25,8.75],
"rotation":{"origin":[15.375,7.25,7.25],"axis":"z","angle":22.5},
"faces":{
"down":{"uv":[5.376,7.250999,6.624,8.749],"texture":"#wood","cullface":"east"},
"up":{"uv":[5.376,7.250999,6.624,8.749],"texture":"#wood","cullface":"east"},
"north":{"uv":[5.376,8.751,6.624,10.9365],"texture":"#wood","cullface":"east"},
"south":{"uv":[5.376,8.751,6.624,10.9365],"texture":"#wood","cullface":"east"},
"west":{"uv":[7.251,8.751,8.749,10.9365],"texture":"#wood","cullface":"east"},
"east":{"uv":[7.251,8.751,8.749,10.9365],"texture":"#wood","cullface":"east"}
}
},
{
"from":[16.2188,5.2188,7.25],
"to":[17.3438,5.7188,8.75],
"faces":{
"down":{"uv":[6.1885,7.250999,7.3115,8.749],"texture":"#wood","cullface":"east"},
"up":{"uv":[6.1885,7.250999,7.3115,8.749],"texture":"#wood","cullface":"east"},
"north":{"uv":[6.1885,10.251,7.3115,10.749],"texture":"#wood","cullface":"east"},
"south":{"uv":[6.1885,10.251,7.3115,10.749],"texture":"#wood","cullface":"east"},
"west":{"uv":[7.251,10.251,8.749,10.749],"texture":"#wood","cullface":"east"},
"east":{"uv":[7.251,10.251,8.749,10.749],"texture":"#wood","cullface":"east"}
}
},
{
"from":[16.8125,5.25,7.25],
"to":[24.125,7.6875,8.75],
"faces":{
"down":{"uv":[6.8135,7.250999,14.124,8.749],"texture":"#wood","cullface":"east"},
"up":{"uv":[6.8135,7.250999,14.124,8.749],"texture":"#wood","cullface":"east"},
"north":{"uv":[7.0635,0.001000404,11.1865,1.249],"texture":"#wood","cullface":"east"},
"south":{"uv":[11.1865,0.001000404,7.0635,1.249],"texture":"#wood","cullface":"east"},
"west":{"uv":[7.251,8.3135,8.749,10.749],"texture":"#wood","cullface":"east"},
"east":{"uv":[7.251,8.3135,8.749,10.749],"texture":"#wood","cullface":"east"}
}
},
{
"from":[17.3438,5.125,7.25],
"to":[18.5,5.25,8.75],
"faces":{
"down":{"uv":[7.3135,7.250999,8.4365,8.749],"texture":"#wood","cullface":"east"},
"north":{"uv":[7.3135,10.751,8.4365,10.874],"texture":"#wood","cullface":"east"},
"south":{"uv":[7.3135,10.751,8.4365,10.874],"texture":"#wood","cullface":"east"},
"west":{"uv":[7.251,10.751,8.749,10.874],"texture":"#wood","cullface":"east"}
}
},
{
"from":[18,5,7.25],
"to":[18.5,5.125,8.75],
"faces":{
"down":{"uv":[8.001,7.250999,8.499,8.749],"texture":"#wood","cullface":"east"},
"north":{"uv":[8.001,10.876,8.499,10.999],"texture":"#wood","cullface":"east"},
"south":{"uv":[8.001,10.876,8.499,10.999],"texture":"#wood","cullface":"east"},
"west":{"uv":[7.251,10.876,8.749,10.999],"texture":"#wood","cullface":"east"}
}
},
{
"from":[18.5,4.875,7.25],
"to":[19.5,5,8.75],
"faces":{
"down":{"uv":[8.501,7.250999,9.499,8.749],"texture":"#wood","cullface":"east"},
"north":{"uv":[8.501,11.001,9.499,11.124],"texture":"#wood","cullface":"east"},
"south":{"uv":[8.501,11.001,9.499,11.124],"texture":"#wood","cullface":"east"},
"west":{"uv":[7.251,11.001,8.749,11.124],"texture":"#wood","cullface":"east"}
}
},
{
"from":[19,4.75,7.25],
"to":[19.5,4.875,8.75],
"faces":{
"down":{"uv":[9.001,7.250999,9.499,8.749],"texture":"#wood","cullface":"east"},
"north":{"uv":[9.001,11.126,9.499,11.249],"texture":"#wood","cullface":"east"},
"south":{"uv":[9.001,11.126,9.499,11.249],"texture":"#wood","cullface":"east"},
"west":{"uv":[7.251,11.126,8.749,11.249],"texture":"#wood","cullface":"east"}
}
},
{
"from":[19.5,4.625,7.25],
"to":[20.5,4.75,8.75],
"faces":{
"down":{"uv":[9.501,7.250999,10.499,8.749],"texture":"#wood","cullface":"east"},
"north":{"uv":[9.501,11.251,10.499,11.374],"texture":"#wood","cullface":"east"},
"south":{"uv":[9.501,11.251,10.499,11.374],"texture":"#wood","cullface":"east"},
"west":{"uv":[7.251,11.251,8.749,11.374],"texture":"#wood","cullface":"east"}
}
},
{
"from":[20,4.5,7.25],
"to":[20.5,4.625,8.75],
"faces":{
"down":{"uv":[10.001,7.250999,10.499,8.749],"texture":"#wood","cullface":"east"},
"north":{"uv":[10.001,11.376,10.499,11.499],"texture":"#wood","cullface":"east"},
"south":{"uv":[10.001,11.376,10.499,11.499],"texture":"#wood","cullface":"east"},
"west":{"uv":[7.251,11.376,8.749,11.499],"texture":"#wood","cullface":"east"}
}
},
{
"from":[20.5,4.375,7.25],
"to":[21.5,4.5,8.75],
"faces":{
"down":{"uv":[10.501,7.250999,11.499,8.749],"texture":"#wood","cullface":"east"},
"north":{"uv":[10.501,11.501,11.499,11.624],"texture":"#wood","cullface":"east"},
"south":{"uv":[10.501,11.501,11.499,11.624],"texture":"#wood","cullface":"east"},
"west":{"uv":[7.251,11.501,8.749,11.624],"texture":"#wood","cullface":"east"}
}
},
{
"from":[21,4.25,7.25],
"to":[21.5,4.375,8.75],
"faces":{
"down":{"uv":[11.001,7.250999,11.499,8.749],"texture":"#wood","cullface":"east"},
"north":{"uv":[11.001,11.626,11.499,11.749],"texture":"#wood","cullface":"east"},
"south":{"uv":[11.001,11.626,11.499,11.749],"texture":"#wood","cullface":"east"},
"west":{"uv":[7.251,11.626,8.749,11.749],"texture":"#wood","cullface":"east"}
}
},
{
"from":[21.5,4.125,7.25],
"to":[22.5,4.25,8.75],
"faces":{
"down":{"uv":[11.501,7.250999,12.499,8.749],"texture":"#wood","cullface":"east"},
"north":{"uv":[11.501,11.751,12.499,11.874],"texture":"#wood","cullface":"east"},
"south":{"uv":[11.501,11.751,12.499,11.874],"texture":"#wood","cullface":"east"},
"west":{"uv":[7.251,11.751,8.749,11.874],"texture":"#wood","cullface":"east"}
}
},
{
"from":[18.5,5,7.25],
"to":[19.5,5.25,8.75],
"faces":{
"north":{"uv":[8.501,10.751,9.499,10.999],"texture":"#wood","cullface":"east"},
"south":{"uv":[8.501,10.751,9.499,10.999],"texture":"#wood","cullface":"east"},
"west":{"uv":[7.251,10.751,8.749,10.999],"texture":"#wood","cullface":"east"}
}
},
{
"from":[20.5,4.75,7.25],
"to":[24.125,5.25,8.75],
"faces":{
"down":{"uv":[10.501,7.250999,14.124,8.749],"texture":"#wood","cullface":"east"},
"north":{"uv":[9.8135,0.001000404,15.499,0.8114996],"texture":"#wood","cullface":"east"},
"south":{"uv":[9.8135,0.001000404,15.499,0.8114996],"texture":"#wood","cullface":"east"},
"east":{"uv":[7.251,10.751,8.749,11.249],"texture":"#wood","cullface":"east"}
}
},
{
"from":[20.5,4.5,7.25],
"to":[21.5,4.75,8.75],
"faces":{
"north":{"uv":[10.501,11.251,11.499,11.499],"texture":"#wood","cullface":"east"},
"south":{"uv":[10.501,11.251,11.499,11.499],"texture":"#wood","cullface":"east"},
"west":{"uv":[7.251,11.251,8.749,11.499],"texture":"#wood","cullface":"east"}
}
},
{
"from":[23.5,3.75,7.25],
"to":[24,4,8.75],
"faces":{
"north":{"uv":[13.501,12.001,13.999,12.249],"texture":"#wood","cullface":"east"},
"south":{"uv":[13.501,12.001,13.999,12.249],"texture":"#wood","cullface":"east"},
"west":{"uv":[7.251,12.001,8.749,12.249],"texture":"#wood","cullface":"east"},
"east":{"uv":[7.251,12.001,8.749,12.249],"texture":"#wood","cullface":"east"}
}
},
{
"from":[22,4,7.25],
"to":[22.5,4.125,8.75],
"faces":{
"down":{"uv":[12.001,7.250999,12.499,8.749],"texture":"#wood","cullface":"east"},
"north":{"uv":[12.001,11.876,12.499,11.999],"texture":"#wood","cullface":"east"},
"south":{"uv":[12.001,11.876,12.499,11.999],"texture":"#wood","cullface":"east"},
"west":{"uv":[7.251,11.876,8.749,11.999],"texture":"#wood","cullface":"east"}
}
},
{
"from":[22.5,3.875,7.25],
"to":[23.5,4,8.75],
"faces":{
"down":{"uv":[12.501,7.250999,13.499,8.749],"texture":"#wood","cullface":"east"},
"north":{"uv":[12.501,12.001,13.499,12.124],"texture":"#wood","cullface":"east"},
"south":{"uv":[12.501,12.001,13.499,12.124],"texture":"#wood","cullface":"east"},
"west":{"uv":[7.251,12.001,8.749,12.124],"texture":"#wood","cullface":"east"}
}
},
{
"from":[23,3.75,7.25],
"to":[23.5,3.875,8.75],
"faces":{
"down":{"uv":[13.001,7.250999,13.499,8.749],"texture":"#wood","cullface":"east"},
"north":{"uv":[13.001,12.126,13.499,12.249],"texture":"#wood","cullface":"east"},
"south":{"uv":[13.001,12.126,13.499,12.249],"texture":"#wood","cullface":"east"},
"west":{"uv":[7.251,12.126,8.749,12.249],"texture":"#wood","cullface":"east"}
}
},
{
"from":[23.5,3.625,7.25],
"to":[24,3.75,8.75],
"faces":{
"down":{"uv":[13.501,7.250999,13.999,8.749],"texture":"#wood","cullface":"east"},
"north":{"uv":[13.501,12.251,13.999,12.374],"texture":"#wood","cullface":"east"},
"south":{"uv":[13.501,12.251,13.999,12.374],"texture":"#wood","cullface":"east"},
"west":{"uv":[7.251,12.251,8.749,12.374],"texture":"#wood","cullface":"east"},
"east":{"uv":[7.251,12.251,8.749,12.374],"texture":"#wood","cullface":"east"}
}
},
{
"from":[19.5,4.75,7.25],
"to":[20.5,5.25,8.75],
"faces":{
"north":{"uv":[9.501,10.751,10.499,11.249],"texture":"#wood","cullface":"east"},
"south":{"uv":[9.501,10.751,10.499,11.249],"texture":"#wood","cullface":"east"},
"west":{"uv":[8.251,0.001000404,9.749,0.4989996],"texture":"#wood","cullface":"east"}
}
},
{
"from":[21.5,4.25,7.25],
"to":[22.5,4.75,8.75],
"faces":{
"north":{"uv":[11.501,11.251,12.499,11.749],"texture":"#wood","cullface":"east"},
"south":{"uv":[11.501,11.251,12.499,11.749],"texture":"#wood","cullface":"east"},
"west":{"uv":[7.251,11.251,8.749,11.749],"texture":"#wood","cullface":"east"}
}
},
{
"from":[22.5,4,7.25],
"to":[24,4.75,8.75],
"faces":{
"down":{"uv":[12.501,7.250999,13.999,8.749],"texture":"#wood","cullface":"east"},
"north":{"uv":[12.501,11.251,13.999,11.999],"texture":"#wood","cullface":"east"},
"south":{"uv":[12.501,11.251,13.999,11.999],"texture":"#wood","cullface":"east"},
"west":{"uv":[7.251,11.251,8.749,11.999],"texture":"#wood","cullface":"east"},
"east":{"uv":[7.251,11.251,8.749,11.999],"texture":"#wood","cullface":"east"}
}
},
{
"from":[24.125,5.9375,7.25],
"to":[24.25,7.6875,8.75],
"faces":{
"down":{"uv":[0,10.499,0.001,7.500999],"texture":"#wood","cullface":"east"},
"up":{"uv":[15.999,7.500999,16,10.499],"texture":"#wood","cullface":"east"},
"north":{"uv":[0,0.001000404,0.001,2.999001],"texture":"#wood","cullface":"east"},
"south":{"uv":[15.999,0.001000404,16,2.999001],"texture":"#wood","cullface":"east"},
"east":{"uv":[5.501,0.001000404,8.499,2.999001],"texture":"#wood","cullface":"east"}
}
},
{
"from":[17.89,7.1975,7.25],
"to":[18.515,7.6975,8.75],
"rotation":{"origin":[17.89,7.6975,7.25],"axis":"z","angle":22.5},
"faces":{
"down":{"uv":[7.876,7.250999,8.499,8.749],"texture":"#wood","cullface":"east"},
"up":{"uv":[7.876,7.250999,8.499,8.749],"texture":"#wood","cullface":"east"},
"north":{"uv":[7.876,8.251,8.499,8.749],"texture":"#wood","cullface":"east"},
"south":{"uv":[7.876,8.251,8.499,8.749],"texture":"#wood","cullface":"east"},
"west":{"uv":[7.251,8.251,8.749,8.749],"texture":"#wood","cullface":"east"},
"east":{"uv":[7.251,8.251,8.749,8.749],"texture":"#wood","cullface":"east"}
}
},
{
"from":[18.4688,7.625,7.25],
"to":[24.25,7.9375,8.75],
"faces":{
"down":{"uv":[8.4385,7.250999,14.1865,8.749],"texture":"#wood","cullface":"east"},
"up":{"uv":[8.4385,7.250999,14.1865,8.749],"texture":"#wood","cullface":"east"},
"north":{"uv":[8.4385,8.0635,14.1865,8.374],"texture":"#wood","cullface":"east"},
"south":{"uv":[8.4385,8.0635,14.1865,8.374],"texture":"#wood","cullface":"east"},
"west":{"uv":[7.251,8.0635,8.749,8.374],"texture":"#wood","cullface":"east"},
"east":{"uv":[7.251,8.0635,8.749,8.374],"texture":"#wood","cullface":"east"}
}
},
{
"from":[14.75,7,7.25],
"to":[16,7.625,8.75],
"rotation":{"origin":[14.75,7.625,7.25],"axis":"z","angle":-22.5},
"faces":{
"down":{"uv":[14.751,7.250999,15.999,8.749],"texture":"#wood"},
"up":{"uv":[14.751,7.250999,15.999,8.749],"texture":"#wood"},
"north":{"uv":[14.751,8.376,15.999,8.999],"texture":"#wood"},
"south":{"uv":[14.751,8.376,15.999,8.999],"texture":"#wood"},
"west":{"uv":[7.251,8.376,8.749,8.999],"texture":"#wood"},
"east":{"uv":[7.251,8.376,8.749,8.999],"texture":"#wood","cullface":"east"}
}
},
{
"from":[12.6406,6.7344,7.75],
"to":[12.7969,7.2344,8.25],
"rotation":{"origin":[12.6406,7.23438,7.75],"axis":"z","angle":22.5},
"faces":{
"down":{"uv":[12.83194,7.75,12.98824,8.25],"texture":"#light_gun_texture"},
"up":{"uv":[12.83194,7.75,12.98824,8.25],"texture":"#light_gun_texture"},
"north":{"uv":[3.011759,8.72756,3.168058,9.22756],"texture":"#light_gun_texture"},
"south":{"uv":[12.83194,8.72756,12.98824,9.22756],"texture":"#light_gun_texture"},
"west":{"uv":[7.75,8.72756,8.25,9.22756],"texture":"#light_gun_texture"},
"east":{"uv":[7.75,8.72756,8.25,9.22756],"texture":"#light_gun_texture"}
}
},
{
"from":[14.4375,6.3125,7.75],
"to":[14.5625,7.125,8.25],
"faces":{
"up":{"uv":[14.4375,7.75,14.5625,8.25],"texture":"#light_gun_texture"},
"north":{"uv":[1.4375,8.875,1.5625,9.6875],"texture":"#light_gun_texture"},
"south":{"uv":[14.4375,8.875,14.5625,9.6875],"texture":"#light_gun_texture"},
"west":{"uv":[7.75,8.875,8.25,9.6875],"texture":"#light_gun_texture"},
"east":{"uv":[7.75,8.875,8.25,9.6875],"texture":"#light_gun_texture"}
}
},
{
"from":[14.4063,6.0938,7.75],
"to":[14.5469,6.25005,8.25],
"rotation":{"origin":[14.4063,6.25,7.75],"axis":"z","angle":-45},
"faces":{
"down":{"uv":[14.29581,7.75,14.43641,8.25],"texture":"#light_gun_texture"},
"up":{"uv":[14.29581,7.75,14.43641,8.25],"texture":"#light_gun_texture"},
"north":{"uv":[1.563585,9.704235,1.704185,9.860485],"texture":"#light_gun_texture"},
"south":{"uv":[14.29581,9.704235,14.43641,9.860485],"texture":"#light_gun_texture"},
"west":{"uv":[7.75,9.704235,8.25,9.860485],"texture":"#light_gun_texture"},
"east":{"uv":[7.75,9.704235,8.25,9.860485],"texture":"#light_gun_texture"}
}
},
{
"from":[12.8281,6.2969,7.75],
"to":[12.9531,6.84377,8.25],
"faces":{
"down":{"uv":[12.8281,7.75,12.9531,8.25],"texture":"#light_gun_texture"},
"up":{"uv":[12.8281,7.75,12.9531,8.25],"texture":"#light_gun_texture"},
"north":{"uv":[3.0469,9.15625,3.1719,9.70312],"texture":"#light_gun_texture"},
"south":{"uv":[12.8281,9.15625,12.9531,9.70312],"texture":"#light_gun_texture"},
"west":{"uv":[7.75,9.15625,8.25,9.70312],"texture":"#light_gun_texture"},
"east":{"uv":[7.75,9.15625,8.25,9.70312],"texture":"#light_gun_texture"}
}
},
{
"from":[12.8281,6.1406,7.75],
"to":[12.9531,6.29685,8.25],
"rotation":{"origin":[12.8281,6.29688,7.75],"axis":"z","angle":22.5},
"faces":{
"down":{"uv":[12.88789,7.75,13.01289,8.25],"texture":"#light_gun_texture"},
"up":{"uv":[12.88789,7.75,13.01289,8.25],"texture":"#light_gun_texture"},
"north":{"uv":[2.987105,9.691227,3.112105,9.847477],"texture":"#light_gun_texture"},
"south":{"uv":[12.88789,9.691227,13.01289,9.847477],"texture":"#light_gun_texture"},
"west":{"uv":[7.75,9.691227,8.25,9.847477],"texture":"#light_gun_texture"},
"east":{"uv":[7.75,9.691227,8.25,9.847477],"texture":"#light_gun_texture"}
}
},
{
"from":[12.8906,6.0312,7.75],
"to":[13.0156,6.1562,8.25],
"rotation":{"origin":[12.8906,6.15625,7.75],"axis":"z","angle":45},
"faces":{
"down":{"uv":[12.97899,7.75,13.10399,8.25],"texture":"#light_gun_texture"},
"up":{"uv":[12.97899,7.75,13.10399,8.25],"texture":"#light_gun_texture"},
"north":{"uv":[2.896011,9.807138,3.021011,9.932138],"texture":"#light_gun_texture"},
"south":{"uv":[12.97899,9.807138,13.10399,9.932138],"texture":"#light_gun_texture"},
"west":{"uv":[7.75,9.807138,8.25,9.932138],"texture":"#light_gun_texture"},
"east":{"uv":[7.75,9.807138,8.25,9.932138],"texture":"#light_gun_texture"}
}
},
{
"from":[13.0313,6.0469,7.75],
"to":[13.2813,6.1719,8.25],
"rotation":{"origin":[13.0313,6.17188,7.75],"axis":"z","angle":-22.5},
"faces":{
"down":{"uv":[12.98346,7.75,13.23346,8.25],"texture":"#light_gun_texture"},
"up":{"uv":[12.98346,7.75,13.23346,8.25],"texture":"#light_gun_texture"},
"north":{"uv":[2.766536,9.818605,3.016536,9.943605],"texture":"#light_gun_texture"},
"south":{"uv":[12.98346,9.818605,13.23346,9.943605],"texture":"#light_gun_texture"},
"west":{"uv":[7.75,9.818605,8.25,9.943605],"texture":"#light_gun_texture"},
"east":{"uv":[7.75,9.818605,8.25,9.943605],"texture":"#light_gun_texture"}
}
},
{
"from":[14.4531,6.1875,7.75],
"to":[14.5781,6.35938,8.25],
"rotation":{"origin":[14.4531,6.35938,7.75],"axis":"z","angle":-22.5},
"faces":{
"down":{"uv":[14.38732,7.75,14.51232,8.25],"texture":"#light_gun_texture"},
"up":{"uv":[14.38732,7.75,14.51232,8.25],"texture":"#light_gun_texture"},
"north":{"uv":[1.487676,9.627537,1.612676,9.799417],"texture":"#light_gun_texture"},
"south":{"uv":[14.38732,9.627537,14.51232,9.799417],"texture":"#light_gun_texture"},
"west":{"uv":[7.75,9.627537,8.25,9.799417],"texture":"#light_gun_texture"},
"east":{"uv":[7.75,9.627537,8.25,9.799417],"texture":"#light_gun_texture"}
}
},
{
"from":[14.1563,5.9531,7.75],
"to":[14.3594,6.0781,8.25],
"rotation":{"origin":[14.1563,6.07813,7.75],"axis":"z","angle":22.5},
"faces":{
"down":{"uv":[14.20413,7.75,14.40724,8.25],"texture":"#light_gun_texture"},
"up":{"uv":[14.20413,7.75,14.40724,8.25],"texture":"#light_gun_texture"},
"north":{"uv":[1.592765,9.912355,1.795865,10.03736],"texture":"#light_gun_texture"},
"south":{"uv":[14.20413,9.912355,14.40724,10.03736],"texture":"#light_gun_texture"},
"west":{"uv":[7.75,9.912355,8.25,10.03736],"texture":"#light_gun_texture"},
"east":{"uv":[7.75,9.912355,8.25,10.03736],"texture":"#light_gun_texture"}
}
},
{
"from":[13.2188,5.9688,7.75],
"to":[14.2188,6.0938,8.25],
"faces":{
"down":{"uv":[13.2188,7.75,14.2188,8.25],"texture":"#light_gun_texture"},
"up":{"uv":[13.2188,7.75,14.2188,8.25],"texture":"#light_gun_texture"},
"north":{"uv":[1.7812,9.90625,2.7812,10.03125],"texture":"#light_gun_texture"},
"south":{"uv":[13.2188,9.90625,14.2188,10.03125],"texture":"#light_gun_texture"},
"west":{"uv":[7.75,9.90625,8.25,10.03125],"texture":"#light_gun_texture"},
"east":{"uv":[7.75,9.90625,8.25,10.03125],"texture":"#light_gun_texture"}
}
},
{
"from":[13.5938,6.6719,7.875],
"to":[13.7188,7.1719,8.125],
"rotation":{"origin":[13.5938,7.17188,7.875],"axis":"z","angle":22.5},
"faces":{
"down":{"uv":[13.78514,7.875,13.91014,8.125],"texture":"#light_gun_texture"},
"up":{"uv":[13.78514,7.875,13.91014,8.125],"texture":"#light_gun_texture"},
"north":{"uv":[2.089859,8.79006,2.214859,9.29006],"texture":"#light_gun_texture"},
"south":{"uv":[13.78514,8.79006,13.91014,9.29006],"texture":"#light_gun_texture"},
"west":{"uv":[7.875,8.79006,8.125,9.29006],"texture":"#light_gun_texture"},
"east":{"uv":[7.875,8.79006,8.125,9.29006],"texture":"#light_gun_texture"}
}
},
{
"from":[13.7738,6.4844,7.875],
"to":[13.8988,6.76565,8.125],
"faces":{
"down":{"uv":[13.7738,7.875,13.8988,8.125],"texture":"#light_gun_texture"},
"up":{"uv":[13.7738,7.875,13.8988,8.125],"texture":"#light_gun_texture"},
"north":{"uv":[2.1012,9.23437,2.2262,9.51562],"texture":"#light_gun_texture"},
"south":{"uv":[13.7738,9.23437,13.8988,9.51562],"texture":"#light_gun_texture"},
"west":{"uv":[7.875,9.23437,8.125,9.51562],"texture":"#light_gun_texture"},
"east":{"uv":[7.875,9.23437,8.125,9.51562],"texture":"#light_gun_texture"}
}
},
{
"from":[13.7813,6.25,7.875],
"to":[13.9063,6.53125,8.125],
"rotation":{"origin":[13.7813,6.53125,7.875],"axis":"z","angle":-22.5},
"faces":{
"down":{"uv":[13.67367,7.875,13.79867,8.125],"texture":"#light_gun_texture"},
"up":{"uv":[13.67367,7.875,13.79867,8.125],"texture":"#light_gun_texture"},
"north":{"uv":[2.20133,9.447341,2.32633,9.728591],"texture":"#light_gun_texture"},
"south":{"uv":[13.67367,9.447341,13.79867,9.728591],"texture":"#light_gun_texture"},
"west":{"uv":[7.875,9.447341,8.125,9.728591],"texture":"#light_gun_texture"},
"east":{"uv":[7.875,9.447341,8.125,9.728591],"texture":"#light_gun_texture"}
}
},
{
"from":[11.4063,6.75,7.875],
"to":[11.5,7.0625,8.125],
"faces":{
"up":{"uv":[11.4063,7.875,11.5,8.125],"texture":"#light_gun_texture"},
"north":{"uv":[4.5,8.9375,4.5937,9.25],"texture":"#light_gun_texture"},
"south":{"uv":[11.4063,8.9375,11.5,9.25],"texture":"#light_gun_texture"},
"west":{"uv":[7.875,8.9375,8.125,9.25],"texture":"#light_gun_texture"},
"east":{"uv":[7.875,8.9375,8.125,9.25],"texture":"#light_gun_texture"}
}
},
{
"from":[11.4063,6.625,7.875],
"to":[11.5,6.75,8.125],
"rotation":{"origin":[11.4063,6.75,7.875],"axis":"z","angle":22.5},
"faces":{
"down":{"uv":[11.45413,7.875,11.54784,8.125],"texture":"#light_gun_texture"},
"north":{"uv":[4.452165,9.240484,4.545865,9.365484],"texture":"#light_gun_texture"},
"south":{"uv":[11.45413,9.240484,11.54784,9.365484],"texture":"#light_gun_texture"},
"west":{"uv":[7.875,9.240484,8.125,9.365484],"texture":"#light_gun_texture"},
"east":{"uv":[7.875,9.240484,8.125,9.365484],"texture":"#light_gun_texture"}
}
},
{
"from":[11.4531,6.5156,7.875],
"to":[11.5469,6.6406,8.125],
"rotation":{"origin":[11.4531,6.64063,7.875],"axis":"z","angle":45},
"faces":{
"down":{"uv":[11.54149,7.875,11.63529,8.125],"texture":"#light_gun_texture"},
"up":{"uv":[11.54149,7.875,11.63529,8.125],"texture":"#light_gun_texture"},
"north":{"uv":[4.364712,9.322759,4.458511,9.447759],"texture":"#light_gun_texture"},
"south":{"uv":[11.54149,9.322759,11.63529,9.447759],"texture":"#light_gun_texture"},
"west":{"uv":[7.875,9.322759,8.125,9.447759],"texture":"#light_gun_texture"},
"east":{"uv":[7.875,9.322759,8.125,9.447759],"texture":"#light_gun_texture"}
}
},
{
"from":[14.2656,6.7969,7.75],
"to":[14.5156,6.89065,8.25],
"rotation":{"origin":[14.2656,6.89063,7.75],"axis":"z","angle":-22.5},
"faces":{
"down":{"uv":[14.22972,7.75,14.47972,8.25],"texture":"#light_gun_texture"},
"up":{"uv":[14.22972,7.75,14.47972,8.25],"texture":"#light_gun_texture"},
"north":{"uv":[1.520276,9.102234,1.770276,9.195984],"texture":"#light_gun_texture"},
"south":{"uv":[14.22972,9.102234,14.47972,9.195984],"texture":"#light_gun_texture"},
"west":{"uv":[7.75,9.102234,8.25,9.195984],"texture":"#light_gun_texture"},
"east":{"uv":[7.75,9.102234,8.25,9.195984],"texture":"#light_gun_texture"}
}
},
{
"from":[14.2031,6.8125,7.75],
"to":[14.4375,7,8.25],
"faces":{
"down":{"uv":[14.2031,7.75,14.4375,8.25],"texture":"#light_gun_texture"},
"north":{"uv":[1.5625,9,1.7969,9.1875],"texture":"#light_gun_texture"},
"south":{"uv":[14.2031,9,14.4375,9.1875],"texture":"#light_gun_texture"},
"west":{"uv":[7.75,9,8.25,9.1875],"texture":"#light_gun_texture"}
}
},
{
"from":[12.9531,6.8281,7.75],
"to":[13.0625,7.06247,8.25],
"rotation":{"origin":[12.9531,7.0625,7.75],"axis":"z","angle":-22.5},
"faces":{
"down":{"uv":[12.86341,7.75,12.97281,8.25],"texture":"#light_gun_texture"},
"up":{"uv":[12.86341,7.75,12.97281,8.25],"texture":"#light_gun_texture"},
"north":{"uv":[3.027189,8.91966,3.136589,9.15403],"texture":"#light_gun_texture"},
"south":{"uv":[12.86341,8.91966,12.97281,9.15403],"texture":"#light_gun_texture"},
"west":{"uv":[7.75,8.91966,8.25,9.15403],"texture":"#light_gun_texture"},
"east":{"uv":[7.75,8.91966,8.25,9.15403],"texture":"#light_gun_texture"}
}
},
{
"from":[8.406199,9.6719,7.9531],
"to":[8.468699,9.84377,8.0156],
"faces":{
"down":{"uv":[7.34275,7.405251,7.001,7.157249],"texture":"#light_gun_texture"},
"up":{"uv":[8.65725,7.157249,8.999,7.405251],"texture":"#light_gun_texture"},
"north":{"uv":[7.001,6.67288,7.34275,6.889629],"texture":"#light_gun_texture"},
"south":{"uv":[8.65725,6.67288,8.999,6.889629],"texture":"#light_gun_texture"},
"west":{"uv":[7.15725,6.67288,7.40525,6.889629],"texture":"#light_gun_texture"},
"east":{"uv":[8.59475,6.67288,8.84275,6.889629],"texture":"#light_gun_texture"}
}
},
{
"from":[9.3438,8.7969,7],
"to":[9.453179,8.93752,7.5],
"faces":{
"down":{"uv":[6.624,7.155251,6.53225,6.782249],"texture":"#light_gun_texture"},
"up":{"uv":[9.376,6.782249,9.46775,7.155251],"texture":"#light_gun_texture"},
"north":{"uv":[6.53225,6.875999,6.624,7.124001],"texture":"#light_gun_texture"},
"south":{"uv":[9.376,6.875999,9.46775,7.124001],"texture":"#light_gun_texture"},
"west":{"uv":[6.78225,6.875999,7.15525,7.124001],"texture":"#light_gun_texture"},
"east":{"uv":[8.84475,6.875999,9.21775,7.124001],"texture":"#light_gun_texture"}
}
},
{
"from":[8.625,8.8125,7.4688],
"to":[14.9844,9.17188,8.5313],
"faces":{
"down":{"uv":[7.374,8.59275,3.126,8.4385],"texture":"#light_gun_texture"},
"up":{"uv":[8.626,8.4385,12.874,8.59275],"texture":"#light_gun_texture"},
"north":{"uv":[3.126,6.61038,7.374,6.889629],"texture":"#light_gun_texture"},
"south":{"uv":[8.626,6.61038,12.874,6.889629],"texture":"#light_gun_texture"},
"west":{"uv":[8.4385,6.61038,8.59275,6.889629],"texture":"#light_gun_texture"},
"east":{"uv":[7.40725,6.61038,7.5615,6.889629],"texture":"#light_gun_texture"}
}
},
{
"from":[7.5781,9.4688,7.5156],
"to":[8.718719,9.671929,8.4531],
"faces":{
"down":{"uv":[7.17088,8.45213,6.6885,7.51663],"texture":"#light_gun_texture"},
"up":{"uv":[8.82913,7.51663,9.3115,8.45213],"texture":"#light_gun_texture"},
"north":{"uv":[6.6885,6.719749,7.17088,6.795879],"texture":"#light_gun_texture"},
"south":{"uv":[8.82913,6.719749,9.3115,6.795879],"texture":"#light_gun_texture"},
"west":{"uv":[7.51663,6.719749,8.45213,6.795879],"texture":"#light_gun_texture"},
"east":{"uv":[7.54788,6.719749,8.48338,6.795879],"texture":"#light_gun_texture"}
}
},
{
"from":[-7.9844,10.1875,7.7031],
"to":[-7.59377,10.25,8.3281],
"faces":{
"down":{"uv":[7.48437,7.14062,8.51562,7.8125],"texture":"#bright_gun_texture","cullface":"west"},
"up":{"uv":[7.48437,7.14062,8.51562,7.8125],"texture":"#bright_gun_texture","cullface":"west"},
"north":{"uv":[7.48437,7.14062,8.51562,7.8125],"texture":"#bright_gun_texture","cullface":"west"},
"south":{"uv":[7.48437,7.14062,8.51562,7.8125],"texture":"#bright_gun_texture","cullface":"west"},
"west":{"uv":[7.48437,7.14062,8.51562,7.8125],"texture":"#bright_gun_texture","cullface":"west"},
"east":{"uv":[7.48437,7.14062,8.51562,7.8125],"texture":"#bright_gun_texture","cullface":"west"}
}
},
{
"from":[-7.9844,9.75,7.7031],
"to":[-7.59377,10.2031,7.81247],
"faces":{
"down":{"uv":[7.48437,7.14062,8.51562,7.8125],"texture":"#bright_gun_texture","cullface":"west"},
"up":{"uv":[7.48437,7.14062,8.51562,7.8125],"texture":"#bright_gun_texture","cullface":"west"},
"north":{"uv":[7.48437,7.14062,8.51562,7.8125],"texture":"#bright_gun_texture","cullface":"west"},
"south":{"uv":[7.48437,7.14062,8.51562,7.8125],"texture":"#bright_gun_texture","cullface":"west"},
"west":{"uv":[7.48437,7.14062,8.51562,7.8125],"texture":"#bright_gun_texture","cullface":"west"},
"east":{"uv":[7.48437,7.14062,8.51562,7.8125],"texture":"#bright_gun_texture","cullface":"west"}
}
},
{
"from":[8.6406,5.4688,7.4375],
"to":[11.09377,6.25005,8.53125],
"faces":{
"down":{"uv":[8.626,7.438499,11.0615,8.499],"texture":"#bright_gun_texture"},
"up":{"uv":[8.626,7.438499,11.0615,8.499],"texture":"#bright_gun_texture"},
"north":{"uv":[8.626,9.751,11.0615,10.499],"texture":"#bright_gun_texture"},
"south":{"uv":[11.0615,9.751,8.626,10.499],"texture":"#bright_gun_texture"},
"west":{"uv":[7.4385,9.751,8.499,10.499],"texture":"#bright_gun_texture"},
"east":{"uv":[7.4385,9.751,8.499,10.499],"texture":"#bright_gun_texture"}
}
},
{
"from":[9.7188,5.3438,7.4375],
"to":[11.04695,5.4688,8.53125],
"faces":{
"down":{"uv":[9.6885,7.438499,10.999,8.499],"texture":"#bright_gun_texture"},
"up":{"uv":[9.6885,7.438499,10.999,8.499],"texture":"#bright_gun_texture"},
"north":{"uv":[9.6885,10.501,10.999,10.624],"texture":"#bright_gun_texture"},
"south":{"uv":[9.6885,10.501,10.999,10.624],"texture":"#bright_gun_texture"},
"west":{"uv":[7.4385,10.501,8.499,10.624],"texture":"#bright_gun_texture"},
"east":{"uv":[7.4385,10.501,8.499,10.624],"texture":"#bright_gun_texture"}
}
},
{
"from":[4.2031,8.3594,7.25],
"to":[6.49997,8.62502,8.75],
"faces":{
"down":{"uv":[4.1885,7.250999,6.4365,8.749],"texture":"#wood"},
"up":{"uv":[4.1885,7.250999,6.4365,8.749],"texture":"#wood"},
"north":{"uv":[4.1885,7.375999,6.4365,7.624001],"texture":"#wood"},
"south":{"uv":[4.1885,7.375999,6.4365,7.624001],"texture":"#wood"},
"west":{"uv":[7.251,7.375999,8.749,7.624001],"texture":"#wood"},
"east":{"uv":[7.251,7.375999,8.749,7.624001],"texture":"#wood"}
}
},
{
"from":[4.2031,7.625,7.25],
"to":[6.49997,7.89063,8.75],
"faces":{
"down":{"uv":[4.1885,7.250999,6.4365,8.749],"texture":"#wood"},
"up":{"uv":[4.1885,7.250999,6.4365,8.749],"texture":"#wood"},
"north":{"uv":[4.1885,8.0635,6.4365,8.3115],"texture":"#wood"},
"south":{"uv":[4.1885,8.0635,6.4365,8.3115],"texture":"#wood"},
"west":{"uv":[7.251,8.0635,8.749,8.3115],"texture":"#wood"},
"east":{"uv":[7.251,8.0635,8.749,8.3115],"texture":"#wood"}
}
},
{
"from":[4.2031,7.8906,7.5625],
"to":[6.49997,8.374969,8.46875],
"faces":{
"down":{"uv":[4.1885,7.563499,6.4365,8.4365],"texture":"#wood"},
"up":{"uv":[4.1885,7.563499,6.4365,8.4365],"texture":"#wood"},
"north":{"uv":[4.1885,7.625999,6.4365,8.0615],"texture":"#wood"},
"south":{"uv":[4.1885,7.625999,6.4365,8.0615],"texture":"#wood"},
"west":{"uv":[7.5635,7.625999,8.4365,8.0615],"texture":"#wood"},
"east":{"uv":[7.5635,7.625999,8.4365,8.0615],"texture":"#wood"}
}
},
{
"from":[-1.8594,9.2656,7.375],
"to":[1.49998,9.59372,8.625],
"faces":{
"down":{"uv":[0.001,7.375999,3.3115,8.624],"texture":"#wood","cullface":"west"},
"up":{"uv":[0.001,7.375999,3.3115,8.624],"texture":"#wood","cullface":"west"},
"north":{"uv":[0.001,6.375999,3.3115,6.686501],"texture":"#wood","cullface":"west"},
"south":{"uv":[0.001,6.375999,3.3115,6.686501],"texture":"#wood","cullface":"west"},
"west":{"uv":[7.376,6.375999,8.624,6.686501],"texture":"#wood","cullface":"west"},
"east":{"uv":[7.376,6.375999,8.624,6.686501],"texture":"#wood","cullface":"west"}
}
},
{
"from":[-1.8594,8.6875,7.375],
"to":[1.49998,9.01563,8.625],
"faces":{
"down":{"uv":[0.001,7.375999,3.3115,8.624],"texture":"#wood","cullface":"west"},
"up":{"uv":[0.001,7.375999,3.3115,8.624],"texture":"#wood","cullface":"west"},
"north":{"uv":[0.001,6.938499,3.3115,7.249001],"texture":"#wood","cullface":"west"},
"south":{"uv":[0.001,6.938499,3.3115,7.249001],"texture":"#wood","cullface":"west"},
"west":{"uv":[7.376,6.938499,8.624,7.249001],"texture":"#wood","cullface":"west"},
"east":{"uv":[7.376,6.938499,8.624,7.249001],"texture":"#wood","cullface":"west"}
}
},
{
"from":[-1.8594,9.0156,7.375],
"to":[-1.43752,9.2656,8.625],
"faces":{
"down":{"uv":[0.001,7.375999,0.374,8.624],"texture":"#wood","cullface":"west"},
"up":{"uv":[0.001,7.375999,0.374,8.624],"texture":"#wood","cullface":"west"},
"north":{"uv":[0.001,6.688499,0.374,6.936501],"texture":"#wood","cullface":"west"},
"south":{"uv":[0.001,6.688499,0.374,6.936501],"texture":"#wood","cullface":"west"},
"west":{"uv":[7.376,6.688499,8.624,6.936501],"texture":"#wood","cullface":"west"},
"east":{"uv":[7.376,6.688499,8.624,6.936501],"texture":"#wood","cullface":"west"}
}
},
{
"from":[-1.0312,9.0156,7.375],
"to":[-0.6093249,9.2656,8.625],
"faces":{
"down":{"uv":[0.001,7.375999,0.374,8.624],"texture":"#wood","cullface":"west"},
"up":{"uv":[0.001,7.375999,0.374,8.624],"texture":"#wood","cullface":"west"},
"north":{"uv":[0.001,6.688499,0.374,6.936501],"texture":"#wood","cullface":"west"},
"south":{"uv":[0.001,6.688499,0.374,6.936501],"texture":"#wood","cullface":"west"},
"west":{"uv":[7.376,6.688499,8.624,6.936501],"texture":"#wood","cullface":"west"},
"east":{"uv":[7.376,6.688499,8.624,6.936501],"texture":"#wood","cullface":"west"}
}
},
{
"from":[-0.2031,9.0156,7.375],
"to":[0.218775,9.2656,8.625],
"faces":{
"down":{"uv":[0.001,7.375999,0.374,8.624],"texture":"#wood","cullface":"west"},
"up":{"uv":[0.001,7.375999,0.374,8.624],"texture":"#wood","cullface":"west"},
"north":{"uv":[0.001,6.688499,0.374,6.936501],"texture":"#wood","cullface":"west"},
"south":{"uv":[0.001,6.688499,0.374,6.936501],"texture":"#wood","cullface":"west"},
"west":{"uv":[7.376,6.688499,8.624,6.936501],"texture":"#wood","cullface":"west"},
"east":{"uv":[7.376,6.688499,8.624,6.936501],"texture":"#wood","cullface":"west"}
}
},
{
"from":[0.625,9.0156,7.375],
"to":[1.04688,9.2656,8.625],
"faces":{
"down":{"uv":[0.626,7.375999,0.999,8.624],"texture":"#wood"},
"up":{"uv":[0.626,7.375999,0.999,8.624],"texture":"#wood"},
"north":{"uv":[0.626,6.688499,0.999,6.936501],"texture":"#wood"},
"south":{"uv":[0.626,6.688499,0.999,6.936501],"texture":"#wood"},
"west":{"uv":[7.376,6.688499,8.624,6.936501],"texture":"#wood"},
"east":{"uv":[7.376,6.688499,8.624,6.936501],"texture":"#wood"}
}
},
{
"from":[-5.6875,8.1875,7.4844],
"to":[-2.23437,8.85938,8.51565],
"faces":{
"down":{"uv":[7.48437,7.14062,8.51562,7.8125],"texture":"#bright_gun_texture","cullface":"west"},
"up":{"uv":[7.48437,7.14062,8.51562,7.8125],"texture":"#bright_gun_texture","cullface":"west"},
"north":{"uv":[7.48437,7.14062,8.51562,7.8125],"texture":"#bright_gun_texture","cullface":"west"},
"south":{"uv":[7.48437,7.14062,8.51562,7.8125],"texture":"#bright_gun_texture","cullface":"west"},
"west":{"uv":[7.48437,7.14062,8.51562,7.8125],"texture":"#bright_gun_texture","cullface":"west"},
"east":{"uv":[7.48437,7.14062,8.51562,7.8125],"texture":"#bright_gun_texture","cullface":"west"}
}
},
{
"from":[-5.9844,8.8125,7.5625],
"to":[-5.6719,9.4375,8.45313],
"faces":{
"down":{"uv":[7.48437,7.14062,8.51562,7.8125],"texture":"#bright_gun_texture","cullface":"west"},
"up":{"uv":[7.48437,7.14062,8.51562,7.8125],"texture":"#bright_gun_texture","cullface":"west"},
"north":{"uv":[7.48437,7.14062,8.51562,7.8125],"texture":"#bright_gun_texture","cullface":"west"},
"south":{"uv":[7.48437,7.14062,8.51562,7.8125],"texture":"#bright_gun_texture","cullface":"west"},
"west":{"uv":[7.48437,7.14062,8.51562,7.8125],"texture":"#bright_gun_texture","cullface":"west"},
"east":{"uv":[7.48437,7.14062,8.51562,7.8125],"texture":"#bright_gun_texture","cullface":"west"}
}
},
{
"from":[-5.9844,8.7344,7.5625],
"to":[-5.70315,9.43752,8.45313],
"rotation":{"origin":[-5.98438,9.4375,7.5625],"axis":"z","angle":-22.5},
"faces":{
"down":{"uv":[7.48437,7.14062,8.51562,7.8125],"texture":"#bright_gun_texture","cullface":"west"},
"up":{"uv":[7.48437,7.14062,8.51562,7.8125],"texture":"#bright_gun_texture","cullface":"west"},
"north":{"uv":[7.48437,7.14062,8.51562,7.8125],"texture":"#bright_gun_texture","cullface":"west"},
"south":{"uv":[7.48437,7.14062,8.51562,7.8125],"texture":"#bright_gun_texture","cullface":"west"},
"west":{"uv":[7.48437,7.14062,8.51562,7.8125],"texture":"#bright_gun_texture","cullface":"west"},
"east":{"uv":[7.48437,7.14062,8.51562,7.8125],"texture":"#bright_gun_texture","cullface":"west"}
}
},
{
"from":[-9.8438,8.1406,7.4531],
"to":[-8.20317,8.87497,8.562469],
"faces":{
"down":{"uv":[7.48437,7.14062,8.51562,7.8125],"texture":"#bright_gun_texture","cullface":"west"},
"up":{"uv":[7.48437,7.14062,8.51562,7.8125],"texture":"#bright_gun_texture","cullface":"west"},
"north":{"uv":[7.48437,7.14062,8.51562,7.8125],"texture":"#bright_gun_texture","cullface":"west"},
"south":{"uv":[7.48437,7.14062,8.51562,7.8125],"texture":"#bright_gun_texture","cullface":"west"},
"west":{"uv":[7.48437,7.14062,8.51562,7.8125],"texture":"#bright_gun_texture","cullface":"west"},
"east":{"uv":[7.48437,7.14062,8.51562,7.8125],"texture":"#bright_gun_texture","cullface":"west"}
}
},
{
"from":[-9.1094,7.8594,7.7812],
"to":[-8.87502,8.15627,8.256201],
"faces":{
"down":{"uv":[7.48437,7.14062,8.51562,7.8125],"texture":"#bright_gun_texture","cullface":"west"},
"up":{"uv":[7.48437,7.14062,8.51562,7.8125],"texture":"#bright_gun_texture","cullface":"west"},
"north":{"uv":[7.48437,7.14062,8.51562,7.8125],"texture":"#bright_gun_texture","cullface":"west"},
"south":{"uv":[7.48437,7.14062,8.51562,7.8125],"texture":"#bright_gun_texture","cullface":"west"},
"west":{"uv":[7.48437,7.14062,8.51562,7.8125],"texture":"#bright_gun_texture","cullface":"west"},
"east":{"uv":[7.48437,7.14062,8.51562,7.8125],"texture":"#bright_gun_texture","cullface":"west"}
}
},
{
"from":[-7.3125,7.8438,7.7188],
"to":[-6.76563,8.2188,8.296929],
"faces":{
"down":{"uv":[7.48437,7.14062,8.51562,7.8125],"texture":"#bright_gun_texture","cullface":"west"},
"up":{"uv":[7.48437,7.14062,8.51562,7.8125],"texture":"#bright_gun_texture","cullface":"west"},
"north":{"uv":[7.48437,7.14062,8.51562,7.8125],"texture":"#bright_gun_texture","cullface":"west"},
"south":{"uv":[7.48437,7.14062,8.51562,7.8125],"texture":"#bright_gun_texture","cullface":"west"},
"west":{"uv":[7.48437,7.14062,8.51562,7.8125],"texture":"#bright_gun_texture","cullface":"west"},
"east":{"uv":[7.48437,7.14062,8.51562,7.8125],"texture":"#bright_gun_texture","cullface":"west"}
}
},
{
"from":[-7.9844,9.75,8.2188],
"to":[-7.59377,10.1875,8.328179],
"faces":{
"down":{"uv":[7.48437,7.14062,8.51562,7.8125],"texture":"#bright_gun_texture","cullface":"west"},
"up":{"uv":[7.48437,7.14062,8.51562,7.8125],"texture":"#bright_gun_texture","cullface":"west"},
"north":{"uv":[7.48437,7.14062,8.51562,7.8125],"texture":"#bright_gun_texture","cullface":"west"},
"south":{"uv":[7.48437,7.14062,8.51562,7.8125],"texture":"#bright_gun_texture","cullface":"west"},
"west":{"uv":[7.48437,7.14062,8.51562,7.8125],"texture":"#bright_gun_texture","cullface":"west"},
"east":{"uv":[7.48437,7.14062,8.51562,7.8125],"texture":"#bright_gun_texture","cullface":"west"}
}
},
{
"from":[8.625,9.0781,8.4375],
"to":[14.9844,9.24997,8.5625],
"rotation":{"origin":[8.625,9.25,8.4375],"axis":"x","angle":45},
"faces":{
"down":{"uv":[7.374,8.59275,3.126,8.4385],"texture":"#light_gun_texture"},
"up":{"uv":[8.626,8.4385,12.874,8.59275],"texture":"#light_gun_texture"},
"north":{"uv":[3.126,6.61038,7.374,6.889629],"texture":"#light_gun_texture"},
"south":{"uv":[8.626,6.61038,12.874,6.889629],"texture":"#light_gun_texture"},
"west":{"uv":[8.4385,6.61038,8.59275,6.889629],"texture":"#light_gun_texture"},
"east":{"uv":[7.40725,6.61038,7.5615,6.889629],"texture":"#light_gun_texture"}
}
},
{
"from":[8.6406,9.0568,7.4688],
"to":[14.98437,9.16618,7.609429],
"rotation":{"origin":[8.64063,9.16619,7.46875],"axis":"x","angle":-45},
"faces":{
"down":{"uv":[7.374,8.59275,3.126,8.4385],"texture":"#light_gun_texture"},
"up":{"uv":[8.626,8.4385,12.874,8.59275],"texture":"#light_gun_texture"},
"north":{"uv":[3.126,6.61038,7.374,6.889629],"texture":"#light_gun_texture"},
"south":{"uv":[8.626,6.61038,12.874,6.889629],"texture":"#light_gun_texture"},
"west":{"uv":[8.4385,6.61038,8.59275,6.889629],"texture":"#light_gun_texture"},
"east":{"uv":[7.40725,6.61038,7.5615,6.889629],"texture":"#light_gun_texture"}
}
},
{
"from":[8.6094,9.156199,7.5625],
"to":[14.98442,9.468699,8.4375],
"faces":{
"down":{"uv":[7.374,8.624,2.15725,7.375999],"texture":"#light_gun_texture"},
"up":{"uv":[8.626,7.375999,13.8428,8.624],"texture":"#light_gun_texture"},
"north":{"uv":[2.15725,6.875999,7.374,7.436501],"texture":"#light_gun_texture"},
"south":{"uv":[8.626,6.875999,13.8428,7.436501],"texture":"#light_gun_texture"},
"west":{"uv":[7.376,6.875999,8.624,7.436501],"texture":"#light_gun_texture"},
"east":{"uv":[7.376,6.875999,8.624,7.436501],"texture":"#light_gun_texture"}
}
},
{
"from":[10.7656,9.385,8.3438],
"to":[14.9844,9.55687,8.4688],
"rotation":{"origin":[10.7656,9.55687,8.34375],"axis":"x","angle":45},
"faces":{
"down":{"uv":[7.374,8.59275,3.126,8.4385],"texture":"#light_gun_texture"},
"up":{"uv":[8.626,8.4385,12.874,8.59275],"texture":"#light_gun_texture"},
"north":{"uv":[3.126,6.61038,7.374,6.889629],"texture":"#light_gun_texture"},
"south":{"uv":[8.626,6.61038,12.874,6.889629],"texture":"#light_gun_texture"},
"west":{"uv":[8.4385,6.61038,8.59275,6.889629],"texture":"#light_gun_texture"},
"east":{"uv":[7.40725,6.61038,7.5615,6.889629],"texture":"#light_gun_texture"}
}
},
{
"from":[10.7656,9.3538,7.5625],
"to":[14.9844,9.46317,7.70313],
"rotation":{"origin":[10.7656,9.46312,7.5625],"axis":"x","angle":-45},
"faces":{
"down":{"uv":[7.374,8.59275,3.126,8.4385],"texture":"#light_gun_texture"},
"up":{"uv":[8.626,8.4385,12.874,8.59275],"texture":"#light_gun_texture"},
"north":{"uv":[3.126,6.61038,7.374,6.889629],"texture":"#light_gun_texture"},
"south":{"uv":[8.626,6.61038,12.874,6.889629],"texture":"#light_gun_texture"},
"west":{"uv":[8.4385,6.61038,8.59275,6.889629],"texture":"#light_gun_texture"},
"east":{"uv":[7.40725,6.61038,7.5615,6.889629],"texture":"#light_gun_texture"}
}
},
{
"from":[10.7656,8.625,7.6562],
"to":[15.0469,9.5625,8.3437],
"faces":{
"up":{"uv":[8.626,7.375999,13.8428,8.624],"texture":"#light_gun_texture"},
"north":{"uv":[2.15725,6.875999,7.374,7.436501],"texture":"#light_gun_texture"},
"south":{"uv":[8.626,6.875999,13.8428,7.436501],"texture":"#light_gun_texture"},
"west":{"uv":[7.376,6.875999,8.624,7.436501],"texture":"#light_gun_texture"},
"east":{"uv":[7.376,6.875999,8.624,7.436501],"texture":"#light_gun_texture"}
}
},
{
"from":[10.75,9.3438,7.5781],
"to":[11.0469,9.578179,8.42185],
"faces":{
"down":{"uv":[10.751,7.563499,10.999,8.374],"texture":"#light_gun_texture"},
"up":{"uv":[10.751,7.563499,10.999,8.374],"texture":"#light_gun_texture"},
"north":{"uv":[10.751,6.375999,10.999,6.561501],"texture":"#light_gun_texture"},
"south":{"uv":[10.751,6.375999,10.999,6.561501],"texture":"#light_gun_texture"},
"west":{"uv":[7.5635,6.375999,8.374,6.561501],"texture":"#light_gun_texture"},
"east":{"uv":[7.5635,6.375999,8.374,6.561501],"texture":"#light_gun_texture"}
}
},
{
"from":[9.2969,8.7656,6.7969],
"to":[9.4844,8.96872,7.00002],
"faces":{
"down":{"uv":[6.624,7.155251,6.53225,6.782249],"texture":"#light_gun_texture"},
"up":{"uv":[9.376,6.782249,9.46775,7.155251],"texture":"#light_gun_texture"},
"north":{"uv":[6.53225,6.875999,6.624,7.124001],"texture":"#light_gun_texture"},
"south":{"uv":[9.376,6.875999,9.46775,7.124001],"texture":"#light_gun_texture"},
"west":{"uv":[6.78225,6.875999,7.15525,7.124001],"texture":"#light_gun_texture"},
"east":{"uv":[8.84475,6.875999,9.21775,7.124001],"texture":"#light_gun_texture"}
}
},
{
"from":[8.3906,9.6719,7.5156],
"to":[8.71872,9.89065,7.67185],
"faces":{
"down":{"uv":[7.34275,7.405251,7.001,7.157249],"texture":"#light_gun_texture"},
"up":{"uv":[8.65725,7.157249,8.999,7.405251],"texture":"#light_gun_texture"},
"north":{"uv":[7.001,6.67288,7.34275,6.889629],"texture":"#light_gun_texture"},
"south":{"uv":[8.65725,6.67288,8.999,6.889629],"texture":"#light_gun_texture"},
"west":{"uv":[7.15725,6.67288,7.40525,6.889629],"texture":"#light_gun_texture"},
"east":{"uv":[8.59475,6.67288,8.84275,6.889629],"texture":"#light_gun_texture"}
}
},
{
"from":[8.3906,9.6719,8.2969],
"to":[8.71872,9.89065,8.45315],
"faces":{
"down":{"uv":[7.34275,7.405251,7.001,7.157249],"texture":"#light_gun_texture"},
"up":{"uv":[8.65725,7.157249,8.999,7.405251],"texture":"#light_gun_texture"},
"north":{"uv":[7.001,6.67288,7.34275,6.889629],"texture":"#light_gun_texture"},
"south":{"uv":[8.65725,6.67288,8.999,6.889629],"texture":"#light_gun_texture"},
"west":{"uv":[7.15725,6.67288,7.40525,6.889629],"texture":"#light_gun_texture"},
"east":{"uv":[8.59475,6.67288,8.84275,6.889629],"texture":"#light_gun_texture"}
}
}
],
"display": {
    "thirdperson_righthand": {
        "rotation": [ -180, -90, 130 ],
        "translation": [ 0, 4, 0 ],
        "scale": [ 0.8, 0.8, 0.65 ]
    },
    "thirdperson_lefthand": {
        "rotation": [ 0, 90, 180 ],
        "translation": [ 0, 1, 12 ],
        "scale": [ 0.8, 0.8, 0.65 ]
    },
    "head": {
        "rotation": [ 0, -90, 0 ],
        "translation": [ 0, 12, 0 ],
        "scale": [ 0.6, 0.6, 0.5 ]
    },
    "ground": {
        "rotation": [ 90, 0, 0 ],
        "translation": [ 0, 0, 0 ],
        "scale": [ 0.7, 0.7, 0.6 ]
    },
    "fixed": {
        "rotation": [ 0, 0, 0 ],
        "translation": [ 0, 0, -1 ],
        "scale": [ 1, 1, 0.85 ]
    },
    "firstperson_righthand": {
        "rotation": [ 0, -90, 0 ],
        "translation": [ 0, 3, -8 ],
        "scale": [ 1.1, 1.1, 0.9 ]
    },
    "firstperson_lefthand": {
        "rotation": [ 0, 90, 90 ],
        "translation": [ 5, 7, -5 ],
        "scale": [ 1.1, 1.1, 0.9 ]
    },
    "gui": {
        "rotation": [ -20, 40, 0 ],
        "translation": [ 0, 0, 0 ],
        "scale": [ 0.6, 0.6, 0.5 ]
    }
}
}