{
"__comment": "© Le0, Mineland.eu 2019 | www.mineland.eu",
"textures": {
    "normal_gun_texture": "guns/pusky/normal_gun_texture",
    "green_cover": "guns/pusky/green_cover",
    "bright_gun_texture": "guns/pusky/bright_gun_texture"
},
"elements": [ 
{
    "from": [ -13, 8.2, 7.5 ],
    "to": [ 10, 9.2, 8.5 ],
    "faces": {
        "down":  { "uv": [ 4, 14, 6, 15.4 ], "texture": "#normal_gun_texture" },
        "up":    { "uv": [ 12, 7, 14, 8.3999996185302734 ], "texture": "#normal_gun_texture" },
        "north": { "uv": [ 4, 5, 6, 6.4000000953674316 ], "texture": "#normal_gun_texture" },
        "south": { "uv": [ 8, 11, 10, 12.399999618530273 ], "texture": "#normal_gun_texture" },
        "west":  { "uv": [ 9, 6, 10.399999618530273, 7.4000000953674316 ], "texture": "#normal_gun_texture" },
        "east":  { "uv": [ 3, 3, 4.4000000953674316, 4.4000000953674316 ], "texture": "#normal_gun_texture" }
    }
},
{
    "from": [ 0.4, 6.9, 7 ],
    "to": [ 10, 8.7, 9 ],
    "faces": {
        "down":  { "uv": [ 0, 12, 7, 14.8 ], "texture": "#green_cover" },
        "up":    { "uv": [ 5, 13, 12, 15.800000190734863 ], "texture": "#green_cover" },
        "north": { "uv": [ 9, 7, 16, 9.8000001907348633 ], "texture": "#green_cover" },
        "south": { "uv": [ 5, 7, 12, 9.8000001907348633 ], "texture": "#green_cover" },
        "west":  { "uv": [ 3, 6, 5.8000001907348633, 8.8000001907348633 ], "texture": "#green_cover" },
        "east":  { "uv": [ 6, 6, 8.8000001907348633, 8.8000001907348633 ], "texture": "#green_cover" }
    }
},
{
    "from": [ 9.5, 7.6875, 7.125 ],
    "to": [ 17.5, 8.6875, 8.925 ],
    "faces": {
        "down":  { "uv": [ 7, 5, 15, 7.6 ], "texture": "#green_cover" },
        "up":    { "uv": [ 2, 10, 10, 12.600000381469727 ], "texture": "#green_cover" },
        "north": { "uv": [ 8, 4, 16, 7.5 ], "texture": "#green_cover" },
        "south": { "uv": [ 7, 4, 15, 7.5 ], "texture": "#green_cover" },
        "west":  { "uv": [ 6, 3, 8.6000003814697266, 6.5 ], "texture": "#green_cover" },
        "east":  { "uv": [ 4, 5, 6.5999999046325684, 8.5 ], "texture": "#green_cover" }
    }
},
{
    "from": [ 11.0625, 9.375, 8.3125 ],
    "to": [ 11.5625, 11.375, 8.5125 ],
    "faces": {
        "down":  { "uv": [ 10, 11, 10.6, 11.2 ], "texture": "#normal_gun_texture" },
        "up":    { "uv": [ 2, 2, 2.5999999046325684, 2.2000000476837158 ], "texture": "#normal_gun_texture" },
        "north": { "uv": [ 8, 1, 8.6000003814697266, 2 ], "texture": "#normal_gun_texture" },
        "south": { "uv": [ 4, 4, 4.5999999046325684, 5 ], "texture": "#normal_gun_texture" },
        "west":  { "uv": [ 3, 10, 3.2000000476837158, 11 ], "texture": "#normal_gun_texture" },
        "east":  { "uv": [ 6, 4, 6.1999998092651367, 5 ], "texture": "#normal_gun_texture" }
    }
},
{
    "from": [ 11.0625, 9.375, 7.4375 ],
    "to": [ 11.5625, 11.375, 7.6375 ],
    "faces": {
        "down":  { "uv": [ 13, 11, 13.6, 11.2 ], "texture": "#normal_gun_texture" },
        "up":    { "uv": [ 1, 0, 1.5999999046325684, 0.19999998807907104 ], "texture": "#normal_gun_texture" },
        "north": { "uv": [ 0, 5, 0.59999996423721313, 6 ], "texture": "#normal_gun_texture" },
        "south": { "uv": [ 3, 10, 3.5999999046325684, 11 ], "texture": "#normal_gun_texture" },
        "west":  { "uv": [ 8, 0, 8.1999998092651367, 1 ], "texture": "#normal_gun_texture" },
        "east":  { "uv": [ 3, 14, 3.2000000476837158, 15 ], "texture": "#normal_gun_texture" }
    }
},
{
    "from": [ 11.1, 5.3, 7.2 ],
    "to": [ 14.1, 7.3, 8.8 ],
    "faces": {
        "down":  { "uv": [ 0, 8, 2.6, 10 ], "texture": "#normal_gun_texture" },
        "up":    { "uv": [ 4, 8, 6.5999999046325684, 10 ], "texture": "#normal_gun_texture" },
        "north": { "uv": [ 5, 6, 7.5999999046325684, 9 ], "texture": "#normal_gun_texture" },
        "south": { "uv": [ 4, 8, 6.5999999046325684, 11 ], "texture": "#normal_gun_texture" },
        "west":  { "uv": [ 6, 8, 9, 11 ], "texture": "#normal_gun_texture" },
        "east":  { "uv": [ 4, 8, 6, 11 ], "texture": "#normal_gun_texture" }
    }
},
{
    "from": [ 13.9375, 6.25, 7.6875 ],
    "to": [ 14.1375, 8.25, 8.2875 ],
    "rotation": { "origin": [ 13.9375, 8.25, 7.6875 ], "axis": "z", "angle": 22.5 },
    "faces": {
        "down":  { "uv": [ 0, 0, 0.2, 0.6 ], "texture": "#normal_gun_texture" },
        "up":    { "uv": [ 0, 0, 0.19999998807907104, 0.59999996423721313 ], "texture": "#normal_gun_texture" },
        "north": { "uv": [ 0, 0, 0.19999998807907104, 2 ], "texture": "#normal_gun_texture" },
        "south": { "uv": [ 0, 0, 0.19999998807907104, 2 ], "texture": "#normal_gun_texture" },
        "west":  { "uv": [ 0, 0, 0.59999996423721313, 2 ], "texture": "#normal_gun_texture" },
        "east":  { "uv": [ 0, 0, 0.59999996423721313, 2 ], "texture": "#normal_gun_texture" }
    }
},
{
    "from": [ 14.7, 6.4, 7.7 ],
    "to": [ 16.6, 6.6, 8.3 ],
    "faces": {
        "down":  { "uv": [ 0, 0, 1.9, 0.6 ], "texture": "#normal_gun_texture" },
        "up":    { "uv": [ 0, 0, 1.9000000953674316, 0.59999996423721313 ], "texture": "#normal_gun_texture" },
        "north": { "uv": [ 0, 0, 1.9000000953674316, 0.19999997317790985 ], "texture": "#normal_gun_texture" },
        "south": { "uv": [ 0, 0, 1.9000000953674316, 0.19999997317790985 ], "texture": "#normal_gun_texture" },
        "west":  { "uv": [ 0, 0, 0.59999996423721313, 0.19999997317790985 ], "texture": "#normal_gun_texture" },
        "east":  { "uv": [ 0, 0, 0.59999996423721313, 0.19999997317790985 ], "texture": "#normal_gun_texture" }
    }
},
{
    "from": [ 19.22, 4.5075, 7.2 ],
    "to": [ 21.22, 5.9075, 8.8 ],
    "rotation": { "origin": [ 19.22, 5.9075, 7.2 ], "axis": "z", "angle": 45 },
    "faces": {
        "down":  { "uv": [ 6, 5, 12, 7 ], "texture": "#green_cover" },
        "up":    { "uv": [ 5, 8, 11, 10 ], "texture": "#green_cover" },
        "north": { "uv": [ 6, 7, 12, 9 ], "texture": "#green_cover" },
        "south": { "uv": [ 2, 3, 8, 5 ], "texture": "#green_cover" },
        "west":  { "uv": [ 2, 6, 4, 8 ], "texture": "#green_cover" },
        "east":  { "uv": [ 4, 5, 6, 7 ], "texture": "#green_cover" }
    }
},
{
    "from": [ 19.6, 5.8, 7.2 ],
    "to": [ 24, 8.6, 8.8 ],
    "faces": {
        "down":  { "uv": [ 4, 11, 11, 13 ], "texture": "#green_cover" },
        "up":    { "uv": [ 6, 2, 13, 4 ], "texture": "#green_cover" },
        "north": { "uv": [ 7, 3, 13, 6 ], "texture": "#green_cover" },
        "south": { "uv": [ 3, 7, 9, 10 ], "texture": "#green_cover" },
        "west":  { "uv": [ 7, 8, 9, 11 ], "texture": "#green_cover" },
        "east":  { "uv": [ 9, 11, 11, 14 ], "texture": "#green_cover" }
    }
},
{
    "from": [ 16.02, 4.67, 7.2 ],
    "to": [ 18.02, 7.67, 8.8 ],
    "rotation": { "origin": [ 16.02, 7.67, 7.2 ], "axis": "z", "angle": 22.5 },
    "faces": {
        "down":  { "uv": [ 5, 5, 9.5, 7 ], "texture": "#green_cover" },
        "up":    { "uv": [ 4, 6, 8.5, 8 ], "texture": "#green_cover" },
        "north": { "uv": [ 7, 8, 11.5, 10.300000190734863 ], "texture": "#green_cover" },
        "south": { "uv": [ 6, 10, 10.5, 12.300000190734863 ], "texture": "#green_cover" },
        "west":  { "uv": [ 7, 5, 9, 7.3000001907348633 ], "texture": "#green_cover" },
        "east":  { "uv": [ 14, 13, 16, 15.300000190734863 ], "texture": "#green_cover" }
    }
},
{
    "from": [ 17.2, 4.9, 7.2 ],
    "to": [ 20.2, 6.5, 8.8 ],
    "faces": {
        "down":  { "uv": [ 6, 5, 12, 7 ], "texture": "#green_cover" },
        "up":    { "uv": [ 5, 8, 11, 10 ], "texture": "#green_cover" },
        "north": { "uv": [ 6, 7, 12, 9 ], "texture": "#green_cover" },
        "south": { "uv": [ 2, 3, 8, 5 ], "texture": "#green_cover" },
        "west":  { "uv": [ 2, 6, 4, 8 ], "texture": "#green_cover" },
        "east":  { "uv": [ 4, 5, 6, 7 ], "texture": "#green_cover" }
    }
},
{
    "from": [ 10.5, 9, 7.3125 ],
    "to": [ 15, 9.5, 8.7125 ],
    "faces": {
        "down":  { "uv": [ 2, 0, 3, 2 ], "texture": "#normal_gun_texture" },
        "up":    { "uv": [ 1, 4, 2, 6 ], "texture": "#normal_gun_texture" },
        "north": { "uv": [ 5, 5, 7, 5.8000001907348633 ], "texture": "#normal_gun_texture" },
        "south": { "uv": [ 1, 5, 2, 5.8000001907348633 ], "texture": "#normal_gun_texture" },
        "west":  { "uv": [ 0, 10, 2, 10.800000190734863 ], "texture": "#normal_gun_texture" },
        "east":  { "uv": [ 1, 4, 3, 4.8000001907348633 ], "texture": "#normal_gun_texture" }
    }
},
{
    "from": [ 13.5, 9.375, 8.3125 ],
    "to": [ 14, 11.375, 8.5125 ],
    "faces": {
        "down":  { "uv": [ 10, 11, 10.6, 11.2 ], "texture": "#normal_gun_texture" },
        "up":    { "uv": [ 2, 2, 2.5999999046325684, 2.2000000476837158 ], "texture": "#normal_gun_texture" },
        "north": { "uv": [ 8, 1, 8.6000003814697266, 2 ], "texture": "#normal_gun_texture" },
        "south": { "uv": [ 4, 4, 4.5999999046325684, 5 ], "texture": "#normal_gun_texture" },
        "west":  { "uv": [ 3, 10, 3.2000000476837158, 11 ], "texture": "#normal_gun_texture" },
        "east":  { "uv": [ 6, 4, 6.1999998092651367, 5 ], "texture": "#normal_gun_texture" }
    }
},
{
    "from": [ 13.5, 9.375, 7.4375 ],
    "to": [ 14, 11.375, 7.6375 ],
    "faces": {
        "down":  { "uv": [ 13, 11, 13.6, 11.2 ], "texture": "#normal_gun_texture" },
        "up":    { "uv": [ 1, 0, 1.5999999046325684, 0.19999998807907104 ], "texture": "#normal_gun_texture" },
        "north": { "uv": [ 0, 5, 0.59999996423721313, 6 ], "texture": "#normal_gun_texture" },
        "south": { "uv": [ 3, 10, 3.5999999046325684, 11 ], "texture": "#normal_gun_texture" },
        "west":  { "uv": [ 8, 0, 8.1999998092651367, 1 ], "texture": "#normal_gun_texture" },
        "east":  { "uv": [ 3, 14, 3.2000000476837158, 15 ], "texture": "#normal_gun_texture" }
    }
},
{
    "from": [ 6.6, 9.9, 7.1 ],
    "to": [ 11, 11.7, 8.9 ],
    "faces": {
        "down":  { "uv": [ 7, 5, 15, 7.6 ], "texture": "#bright_gun_texture" },
        "up":    { "uv": [ 2, 10, 10, 12.600000381469727 ], "texture": "#bright_gun_texture" },
        "north": { "uv": [ 8, 4, 16, 7.5 ], "texture": "#bright_gun_texture" },
        "south": { "uv": [ 7, 4, 15, 7.5 ], "texture": "#bright_gun_texture" },
        "west":  { "uv": [ 6, 3, 8.6000003814697266, 6.5 ], "texture": "#normal_gun_texture" },
        "east":  { "uv": [ 4, 5, 6.5999999046325684, 8.5 ], "texture": "#bright_gun_texture" }
    }
},
{
    "from": [ 14, 10, 7.2 ],
    "to": [ 17.9, 11.6, 8.8 ],
    "faces": {
        "down":  { "uv": [ 7, 5, 15, 7.6 ], "texture": "#bright_gun_texture" },
        "up":    { "uv": [ 2, 10, 10, 12.600000381469727 ], "texture": "#bright_gun_texture" },
        "north": { "uv": [ 8, 4, 16, 7.5 ], "texture": "#bright_gun_texture" },
        "south": { "uv": [ 7, 4, 10, 8.5 ], "texture": "#bright_gun_texture" },
        "west":  { "uv": [ 6, 3, 8.6000003814697266, 6.5 ], "texture": "#bright_gun_texture" },
        "east":  { "uv": [ 4, 5, 6.5999999046325684, 8.5 ], "texture": "#normal_gun_texture" }
    }
},
{
    "from": [ 11, 10.3, 7.5 ],
    "to": [ 14.3, 11.3, 8.5 ],
    "faces": {
        "down":  { "uv": [ 7, 5, 15, 7.6 ], "texture": "#bright_gun_texture" },
        "up":    { "uv": [ 2, 10, 10, 12.600000381469727 ], "texture": "#bright_gun_texture" },
        "north": { "uv": [ 8, 4, 16, 7.5 ], "texture": "#bright_gun_texture" },
        "south": { "uv": [ 7, 4, 15, 7.5 ], "texture": "#bright_gun_texture" },
        "west":  { "uv": [ 6, 3, 8.6000003814697266, 6.5 ], "texture": "#bright_gun_texture" },
        "east":  { "uv": [ 4, 5, 6.5999999046325684, 8.5 ], "texture": "#bright_gun_texture" }
    }
},
{
    "from": [ 16.5, 7.4, 7.1 ],
    "to": [ 22.2, 8.7, 8.9 ],
    "faces": {
        "down":  { "uv": [ 7, 5, 9, 7.6 ], "texture": "#green_cover" },
        "up":    { "uv": [ 2, 10, 5, 12.600000381469727 ], "texture": "#green_cover" },
        "north": { "uv": [ 8, 10, 10, 13.5 ], "texture": "#green_cover" },
        "south": { "uv": [ 7, 4, 9, 7.5 ], "texture": "#green_cover" },
        "west":  { "uv": [ 6, 3, 8.6000003814697266, 6.5 ], "texture": "#green_cover" },
        "east":  { "uv": [ 4, 5, 6.5999999046325684, 8.5 ], "texture": "#green_cover" }
    }
},
{
    "from": [ -13.3, 8.1, 7.4 ],
    "to": [ -11.7, 9.3, 8.6 ],
    "faces": {
        "down":  { "uv": [ 4, 14, 6, 15.4 ], "texture": "#normal_gun_texture" },
        "up":    { "uv": [ 12, 7, 14, 8.3999996185302734 ], "texture": "#normal_gun_texture" },
        "north": { "uv": [ 4, 5, 6, 6.4000000953674316 ], "texture": "#normal_gun_texture" },
        "south": { "uv": [ 8, 11, 10, 12.399999618530273 ], "texture": "#normal_gun_texture" },
        "west":  { "uv": [ 9, 6, 10.399999618530273, 7.4000000953674316 ], "texture": "#normal_gun_texture" },
        "east":  { "uv": [ 3, 3, 4.4000000953674316, 4.4000000953674316 ], "texture": "#normal_gun_texture" }
    }
},
{
    "from": [ 9.7, 6.4, 6.9 ],
    "to": [ 14.3, 8.4, 9.1 ],
    "faces": {
        "down":  { "uv": [ 7, 5, 15, 7.6 ], "texture": "#green_cover" },
        "up":    { "uv": [ 2, 10, 10, 12.600000381469727 ], "texture": "#green_cover" },
        "north": { "uv": [ 8, 4, 16, 7.5 ], "texture": "#green_cover" },
        "south": { "uv": [ 7, 4, 15, 7.5 ], "texture": "#green_cover" },
        "west":  { "uv": [ 6, 3, 8.6000003814697266, 6.5 ], "texture": "#green_cover" },
        "east":  { "uv": [ 4, 5, 6.5999999046325684, 8.5 ], "texture": "#green_cover" }
    }
},
{
    "from": [ 24, 5.4, 7.2 ],
    "to": [ 24.7, 8.6, 8.8 ],
    "faces": {
        "down":  { "uv": [ 4, 11, 6, 13 ], "texture": "#normal_gun_texture" },
        "up":    { "uv": [ 6, 2, 8, 4 ], "texture": "#normal_gun_texture" },
        "north": { "uv": [ 7, 3, 9, 6 ], "texture": "#normal_gun_texture" },
        "south": { "uv": [ 3, 7, 5, 10 ], "texture": "#normal_gun_texture" },
        "west":  { "uv": [ 7, 8, 9, 11 ], "texture": "#normal_gun_texture" },
        "east":  { "uv": [ 9, 11, 11, 14 ], "texture": "#normal_gun_texture" }
    }
},
{
    "from": [ 10, 8.3125, 7.25 ],
    "to": [ 16, 9.3125, 8.75 ],
    "faces": {
        "down":  { "uv": [ 4, 14, 6, 15.4 ], "texture": "#normal_gun_texture" },
        "up":    { "uv": [ 12, 7, 14, 8.3999996185302734 ], "texture": "#normal_gun_texture" },
        "north": { "uv": [ 4, 5, 6, 6.4000000953674316 ], "texture": "#normal_gun_texture" },
        "south": { "uv": [ 8, 11, 10, 12.399999618530273 ], "texture": "#normal_gun_texture" },
        "west":  { "uv": [ 9, 6, 10.399999618530273, 7.4000000953674316 ], "texture": "#normal_gun_texture" },
        "east":  { "uv": [ 3, 3, 4.4000000953674316, 4.4000000953674316 ], "texture": "#normal_gun_texture" }
    }
},
{
    "from": [ 16, 8.25, 7.3125 ],
    "to": [ 17, 9.25, 8.6875 ],
    "faces": {
        "down":  { "uv": [ 4, 14, 6, 15.4 ], "texture": "#normal_gun_texture" },
        "up":    { "uv": [ 12, 7, 14, 8.3999996185302734 ], "texture": "#normal_gun_texture" },
        "north": { "uv": [ 4, 5, 6, 6.4000000953674316 ], "texture": "#normal_gun_texture" },
        "south": { "uv": [ 8, 11, 10, 12.399999618530273 ], "texture": "#normal_gun_texture" },
        "west":  { "uv": [ 9, 6, 10.399999618530273, 7.4000000953674316 ], "texture": "#normal_gun_texture" },
        "east":  { "uv": [ 3, 3, 4.4000000953674316, 4.4000000953674316 ], "texture": "#normal_gun_texture" }
    }
},
{
    "from": [ 14.25, 8.875, 6.75 ],
    "to": [ 14.85, 9.125, 7.5 ],
    "rotation": { "origin": [ 14.25, 9.125, 6.75 ], "axis": "x", "angle": -22.5 },
    "faces": {
        "down":  { "uv": [ 13, 11, 13.6, 11.2 ], "texture": "#normal_gun_texture" },
        "up":    { "uv": [ 1, 0, 1.5999999046325684, 0.19999998807907104 ], "texture": "#normal_gun_texture" },
        "north": { "uv": [ 0, 5, 0.59999996423721313, 6 ], "texture": "#normal_gun_texture" },
        "south": { "uv": [ 3, 10, 3.5999999046325684, 11 ], "texture": "#normal_gun_texture" },
        "west":  { "uv": [ 8, 0, 8.1999998092651367, 1 ], "texture": "#normal_gun_texture" },
        "east":  { "uv": [ 3, 14, 3.2000000476837158, 15 ], "texture": "#normal_gun_texture" }
    }
},
{
    "from": [ 14.25, 8.3425, 6.22 ],
    "to": [ 14.85, 8.5925, 6.97 ],
    "rotation": { "origin": [ 14.25, 8.5925, 6.22 ], "axis": "x", "angle": -45 },
    "faces": {
        "down":  { "uv": [ 13, 11, 13.6, 11.2 ], "texture": "#normal_gun_texture" },
        "up":    { "uv": [ 1, 0, 1.5999999046325684, 0.19999998807907104 ], "texture": "#normal_gun_texture" },
        "north": { "uv": [ 0, 5, 0.59999996423721313, 6 ], "texture": "#normal_gun_texture" },
        "south": { "uv": [ 3, 10, 3.5999999046325684, 11 ], "texture": "#normal_gun_texture" },
        "west":  { "uv": [ 8, 0, 8.1999998092651367, 1 ], "texture": "#normal_gun_texture" },
        "east":  { "uv": [ 3, 14, 3.2000000476837158, 15 ], "texture": "#normal_gun_texture" }
    }
},
{
    "from": [ 14.25, 8.25, 6 ],
    "to": [ 14.85, 8.75, 6.5 ],
    "faces": {
        "down":  { "uv": [ 13, 11, 13.6, 11.2 ], "texture": "#normal_gun_texture" },
        "up":    { "uv": [ 1, 0, 1.5999999046325684, 0.19999998807907104 ], "texture": "#normal_gun_texture" },
        "north": { "uv": [ 0, 5, 0.59999996423721313, 6 ], "texture": "#normal_gun_texture" },
        "south": { "uv": [ 3, 10, 3.5999999046325684, 11 ], "texture": "#normal_gun_texture" },
        "west":  { "uv": [ 8, 0, 8.1999998092651367, 1 ], "texture": "#normal_gun_texture" },
        "east":  { "uv": [ 3, 14, 3.2000000476837158, 15 ], "texture": "#normal_gun_texture" }
    }
},
{
    "from": [ -4.5, 6.6875, 7.0625 ],
    "to": [ 1, 7.1875, 7.5625 ],
    "faces": {
        "down":  { "uv": [ 16, 7.5625, 15, 7.0625 ], "texture": "#normal_gun_texture" },
        "up":    { "uv": [ 0, 7.0625, 1, 7.5625 ], "texture": "#normal_gun_texture" },
        "north": { "uv": [ 15, 8.8125, 16, 9.3125 ], "texture": "#normal_gun_texture" },
        "south": { "uv": [ 0, 8.8125, 1, 9.3125 ], "texture": "#normal_gun_texture" },
        "west":  { "uv": [ 7.0625, 8.8125, 7.5625, 9.3125 ], "texture": "#normal_gun_texture" },
        "east":  { "uv": [ 8.4375, 8.8125, 8.9375, 9.3125 ], "texture": "#normal_gun_texture" }
    }
},
{
    "from": [ -4.5, 6.6875, 8.4375 ],
    "to": [ 1, 7.1875, 8.9375 ],
    "faces": {
        "down":  { "uv": [ 16, 8.9375, 15, 8.4375 ], "texture": "#normal_gun_texture" },
        "up":    { "uv": [ 0, 8.4375, 1, 8.9375 ], "texture": "#normal_gun_texture" },
        "north": { "uv": [ 15, 8.8125, 16, 9.3125 ], "texture": "#normal_gun_texture" },
        "south": { "uv": [ 0, 8.8125, 1, 9.3125 ], "texture": "#normal_gun_texture" },
        "west":  { "uv": [ 8.4375, 8.8125, 8.9375, 9.3125 ], "texture": "#normal_gun_texture" },
        "east":  { "uv": [ 7.0625, 8.8125, 7.5625, 9.3125 ], "texture": "#normal_gun_texture" }
    }
},
{
    "from": [ 12.1875, 10.5, 8.1875 ],
    "to": [ 12.6875, 11, 8.6875 ],
    "faces": {
        "down":  { "uv": [ 3.8125, 8.6875, 3.3125, 8.1875 ], "texture": "#normal_gun_texture" },
        "up":    { "uv": [ 12.1875, 8.1875, 12.6875, 8.6875 ], "texture": "#normal_gun_texture" },
        "north": { "uv": [ 3.3125, 5, 3.8125, 5.5 ], "texture": "#normal_gun_texture" },
        "south": { "uv": [ 12.1875, 5, 12.6875, 5.5 ], "texture": "#normal_gun_texture" },
        "west":  { "uv": [ 8.1875, 5, 8.6875, 5.5 ], "texture": "#normal_gun_texture" },
        "east":  { "uv": [ 7.3125, 5, 7.8125, 5.5 ], "texture": "#normal_gun_texture" }
    }
},
{
    "from": [ 12.1875, 11, 7.6875 ],
    "to": [ 12.6875, 11.5, 8.1875 ],
    "faces": {
        "down":  { "uv": [ 3.8125, 8.1875, 3.3125, 7.6875 ], "texture": "#normal_gun_texture" },
        "up":    { "uv": [ 12.1875, 7.6875, 12.6875, 8.1875 ], "texture": "#normal_gun_texture" },
        "north": { "uv": [ 3.3125, 4.5, 3.8125, 5 ], "texture": "#normal_gun_texture" },
        "south": { "uv": [ 12.1875, 4.5, 12.6875, 5 ], "texture": "#normal_gun_texture" },
        "west":  { "uv": [ 7.6875, 4.5, 8.1875, 5 ], "texture": "#normal_gun_texture" },
        "east":  { "uv": [ 7.8125, 4.5, 8.3125, 5 ], "texture": "#normal_gun_texture" }
    }
},
{
    "from": [ 11.0625, 11.125, 7.625 ],
    "to": [ 11.5625, 11.375, 8.3125 ],
    "faces": {
        "down":  { "uv": [ 10, 11, 10.6, 11.2 ], "texture": "#normal_gun_texture" },
        "up":    { "uv": [ 2, 2, 2.5999999046325684, 2.2000000476837158 ], "texture": "#normal_gun_texture" },
        "north": { "uv": [ 8, 1, 8.6000003814697266, 2 ], "texture": "#normal_gun_texture" },
        "south": { "uv": [ 4, 4, 4.5999999046325684, 5 ], "texture": "#normal_gun_texture" },
        "west":  { "uv": [ 3, 10, 3.2000000476837158, 11 ], "texture": "#normal_gun_texture" },
        "east":  { "uv": [ 6, 4, 6.1999998092651367, 5 ], "texture": "#normal_gun_texture" }
    }
},
{
    "from": [ 13.5, 11.125, 7.625 ],
    "to": [ 14, 11.375, 8.3125 ],
    "faces": {
        "down":  { "uv": [ 10, 11, 10.6, 11.2 ], "texture": "#normal_gun_texture" },
        "up":    { "uv": [ 2, 2, 2.5999999046325684, 2.2000000476837158 ], "texture": "#normal_gun_texture" },
        "north": { "uv": [ 8, 1, 8.6000003814697266, 2 ], "texture": "#normal_gun_texture" },
        "south": { "uv": [ 4, 4, 4.5999999046325684, 5 ], "texture": "#normal_gun_texture" },
        "west":  { "uv": [ 3, 10, 3.2000000476837158, 11 ], "texture": "#normal_gun_texture" },
        "east":  { "uv": [ 6, 4, 6.1999998092651367, 5 ], "texture": "#normal_gun_texture" }
    }
}
],
"display": {
    "thirdperson_righthand": {
        "rotation": [ -180, -90, 130 ],
        "translation": [ 0, 4, 0 ],
        "scale": [ 0.8, 0.8, 0.65 ]
    },
    "thirdperson_lefthand": {
        "rotation": [ 0, 90, 180 ],
        "translation": [ 0, 1, 12 ],
        "scale": [ 0.8, 0.8, 0.65 ]
    },
    "head": {
        "rotation": [ 0, -90, 0 ],
        "translation": [ 0, 12, 0 ],
        "scale": [ 0.6, 0.6, 0.5 ]
    },
    "ground": {
        "rotation": [ 90, 0, 0 ],
        "translation": [ 0, 0, 0 ],
        "scale": [ 0.7, 0.7, 0.6 ]
    },
    "fixed": {
        "rotation": [ 0, 0, 0 ],
        "translation": [ 0, 0, -1 ],
        "scale": [ 1, 1, 0.85 ]
    },
    "firstperson_righthand": {
        "rotation": [ 0, -90, 0 ],
        "translation": [ 0, 3, -8 ],
        "scale": [ 1.1, 1.1, 0.9 ]
    },
    "firstperson_lefthand": {
        "rotation": [ 0, 90, 90 ],
        "translation": [ 5, 7, -5 ],
        "scale": [ 1.1, 1.1, 0.9 ]
    },
    "gui": {
        "rotation": [ -20, 40, 0 ],
        "translation": [ 0, 0, 0 ],
        "scale": [ 0.6, 0.6, 0.5 ]
    }
}
}