{
	"__comment": "© Le0, Mineland.eu 2019 | www.mineland.eu",
	"textures": {
		"scope": "guns/pusky/scope",
		"reticle": "guns/pusky/reticle_cheytac"
	},
	"elements": [
		{
			"__comment": "PlaneZ1",
			"from": [ -12, -12, -16 ],
			"to": [ 28, 28, -16 ],
			"faces": {
				"north": { "uv": [ 0, 0, 16, 16 ], "texture": "#reticle" },
				"south": { "uv": [ 0, 0, 16, 16 ], "texture": "#reticle" }
			}
		},
		{
			"__comment": "PlaneZ1",
			"from": [ -16, -5.5, 4 ],
			"to": [ 32, 21.5, 4 ],
			"faces": {
				"north": { "uv": [ 0, 0, 16, 16 ], "texture": "#scope" },
				"south": { "uv": [ 0, 0, 16, 16 ], "texture": "#scope" }
			}
		}
	],
	"display": {
		"thirdperson_righthand": {
			"rotation": [ 0, 0, 0 ],
			"translation": [ 0, -1, 2 ],
			"scale": [ 0.05, 0.05, 0.05 ]
		},
			"thirdperson_lefthand": {
			"rotation": [ 0, 0, 0 ],
			"translation": [ 0, -1, 2 ],
			"scale": [ 0.05, 0.05, 0.05 ]
		},
		"head": {
			"rotation": [ 0, 0, 0 ],
			"translation": [ 0, 8, 0 ],
			"scale": [ 0.2, 0.2, 0.2 ]
		},
		"ground": {
			"rotation": [ 0, 0, 0 ],
			"translation": [ 0, 2, 0 ],
			"scale": [ 0.2, 0.2, 0.2 ]
		},
		"fixed": {
			"rotation": [ 0, 0, 0 ],
			"translation": [ 0, 0, 0 ],
			"scale": [ 0.4, 0.4, 0.4 ]
		},
		"firstperson_righthand": {
			"translation":  [ -8.95, 8.3, -16 ],
			"scale":  [ 4, 4, 4 ]
		},
		"firstperson_lefthand": {
			"translation":  [ -8.95, 8.3, -16 ],
			"scale":  [ 4, 4, 4 ]
		},
        "gui": {
            "scale":  [0, 0, 0]
        }
	}
}