{
"__comment": "© Le0, Mineland.eu 2019 | www.mineland.eu",
"textures": {
    "bright_gun_texture": "guns/pusky/bright_gun_texture",
    "normal_gun_texture": "guns/pusky/normal_gun_texture",
    "light_gun_texture": "guns/pusky/light_gun_texture"
},
"elements": [ 
{
    "from": [ -13, 7.7, 7.4 ],
    "to": [ 4, 8.9, 8.6 ],
    "faces": {
        "down":  { "uv": [ 4, 14, 6, 15.4 ], "texture": "#bright_gun_texture" },
        "up":    { "uv": [ 12, 7, 14, 8.3999996185302734 ], "texture": "#bright_gun_texture" },
        "north": { "uv": [ 4, 5, 6, 6.4000000953674316 ], "texture": "#bright_gun_texture" },
        "south": { "uv": [ 8, 11, 10, 12.399999618530273 ], "texture": "#bright_gun_texture" },
        "west":  { "uv": [ 9, 6, 10.399999618530273, 7.4000000953674316 ], "texture": "#normal_gun_texture" },
        "east":  { "uv": [ 3, 3, 4.4000000953674316, 4.4000000953674316 ], "texture": "#bright_gun_texture" }
    }
},
{
    "from": [ -0.6, 6.9, 6.9 ],
    "to": [ 8.8, 9.3, 9.1 ],
    "faces": {
        "down":  { "uv": [ 0, 12, 7, 14.8 ], "texture": "#bright_gun_texture" },
        "up":    { "uv": [ 5, 13, 12, 15.800000190734863 ], "texture": "#bright_gun_texture" },
        "north": { "uv": [ 9, 7, 16, 9.8000001907348633 ], "texture": "#bright_gun_texture" },
        "south": { "uv": [ 5, 7, 12, 9.8000001907348633 ], "texture": "#bright_gun_texture" },
        "west":  { "uv": [ 3, 6, 5.8000001907348633, 8.8000001907348633 ], "texture": "#bright_gun_texture" },
        "east":  { "uv": [ 6, 6, 8.8000001907348633, 8.8000001907348633 ], "texture": "#bright_gun_texture" }
    }
},
{
    "from": [ 8.6875, 6.375, 6.75 ],
    "to": [ 16.6875, 9.375, 9.35 ],
    "faces": {
        "down":  { "uv": [ 7, 5, 15, 7.6 ], "texture": "#bright_gun_texture" },
        "up":    { "uv": [ 2, 10, 10, 12.600000381469727 ], "texture": "#bright_gun_texture" },
        "north": { "uv": [ 8, 4, 16, 7.5 ], "texture": "#bright_gun_texture" },
        "south": { "uv": [ 7, 4, 15, 7.5 ], "texture": "#bright_gun_texture" },
        "west":  { "uv": [ 6, 3, 8.6000003814697266, 6.5 ], "texture": "#bright_gun_texture" },
        "east":  { "uv": [ 4, 5, 6.5999999046325684, 8.5 ], "texture": "#bright_gun_texture" }
    }
},
{
    "from": [ 11.1, 9.5, 8.3 ],
    "to": [ 11.7, 10.1, 8.5 ],
    "faces": {
        "down":  { "uv": [ 10, 11, 10.6, 11.2 ], "texture": "#bright_gun_texture" },
        "up":    { "uv": [ 2, 2, 2.5999999046325684, 2.2000000476837158 ], "texture": "#bright_gun_texture" },
        "north": { "uv": [ 8, 1, 8.6000003814697266, 2 ], "texture": "#bright_gun_texture" },
        "south": { "uv": [ 4, 4, 4.5999999046325684, 5 ], "texture": "#bright_gun_texture" },
        "west":  { "uv": [ 3, 10, 3.2000000476837158, 11 ], "texture": "#bright_gun_texture" },
        "east":  { "uv": [ 6, 4, 6.1999998092651367, 5 ], "texture": "#bright_gun_texture" }
    }
},
{
    "from": [ 11.1, 9.5, 7.5 ],
    "to": [ 11.7, 10.1, 7.7 ],
    "faces": {
        "down":  { "uv": [ 13, 11, 13.6, 11.2 ], "texture": "#bright_gun_texture" },
        "up":    { "uv": [ 1, 0, 1.5999999046325684, 0.19999998807907104 ], "texture": "#bright_gun_texture" },
        "north": { "uv": [ 0, 5, 0.59999996423721313, 6 ], "texture": "#bright_gun_texture" },
        "south": { "uv": [ 3, 10, 3.5999999046325684, 11 ], "texture": "#bright_gun_texture" },
        "west":  { "uv": [ 8, 0, 8.1999998092651367, 1 ], "texture": "#bright_gun_texture" },
        "east":  { "uv": [ 3, 14, 3.2000000476837158, 15 ], "texture": "#bright_gun_texture" }
    }
},
{
    "from": [ 10.6875, 3.25, 7.3125 ],
    "to": [ 13.9875, 7.25, 8.7125 ],
    "faces": {
        "down":  { "uv": [ 0, 8, 2.5625, 10 ], "texture": "#light_gun_texture" },
        "up":    { "uv": [ 4, 8, 6.5625, 10 ], "texture": "#light_gun_texture" },
        "north": { "uv": [ 5, 6, 7.5625, 9 ], "texture": "#light_gun_texture" },
        "south": { "uv": [ 4, 8, 6.5625, 11 ], "texture": "#light_gun_texture" },
        "west":  { "uv": [ 0, 9, 2, 12 ], "texture": "#light_gun_texture" },
        "east":  { "uv": [ 0, 9, 2, 12 ], "texture": "#light_gun_texture" }
    }
},
{
    "from": [ 14.5, 5, 7.6875 ],
    "to": [ 15, 7, 8.2875 ],
    "rotation": { "origin": [ 14.5, 7, 7.6875 ], "axis": "z", "angle": 22.5 },
    "faces": {
        "down":  { "uv": [ 0, 0, 0.2, 0.6 ], "texture": "#bright_gun_texture" },
        "up":    { "uv": [ 0, 0, 0.19999998807907104, 0.59999996423721313 ], "texture": "#bright_gun_texture" },
        "north": { "uv": [ 0, 0, 0.19999998807907104, 2 ], "texture": "#bright_gun_texture" },
        "south": { "uv": [ 0, 0, 0.19999998807907104, 2 ], "texture": "#bright_gun_texture" },
        "west":  { "uv": [ 0, 0, 0.59999996423721313, 2 ], "texture": "#bright_gun_texture" },
        "east":  { "uv": [ 0, 0, 0.59999996423721313, 2 ], "texture": "#bright_gun_texture" }
    }
},
{
    "from": [ 15.3, 5.4, 7.7 ],
    "to": [ 17.2, 5.6, 8.3 ],
    "faces": {
        "down":  { "uv": [ 0, 0, 1.9, 0.6 ], "texture": "#bright_gun_texture" },
        "up":    { "uv": [ 0, 0, 1.9000000953674316, 0.59999996423721313 ], "texture": "#bright_gun_texture" },
        "north": { "uv": [ 0, 0, 1.9000000953674316, 0.19999997317790985 ], "texture": "#bright_gun_texture" },
        "south": { "uv": [ 0, 0, 1.9000000953674316, 0.19999997317790985 ], "texture": "#bright_gun_texture" },
        "west":  { "uv": [ 0, 0, 0.59999996423721313, 0.19999997317790985 ], "texture": "#bright_gun_texture" },
        "east":  { "uv": [ 0, 0, 0.59999996423721313, 0.19999997317790985 ], "texture": "#bright_gun_texture" }
    }
},
{
    "from": [ 16.375, 2.5, 7.25 ],
    "to": [ 17.975, 6.5, 8.85 ],
    "rotation": { "origin": [ 16.375, 6.5, 7.25 ], "axis": "z", "angle": 22.5 },
    "faces": {
        "down":  { "uv": [ 6, 5, 12, 7 ], "texture": "#bright_gun_texture" },
        "up":    { "uv": [ 5, 8, 11, 10 ], "texture": "#bright_gun_texture" },
        "north": { "uv": [ 6, 7, 12, 9 ], "texture": "#bright_gun_texture" },
        "south": { "uv": [ 2, 3, 8, 5 ], "texture": "#bright_gun_texture" },
        "west":  { "uv": [ 2, 6, 4, 8 ], "texture": "#bright_gun_texture" },
        "east":  { "uv": [ 4, 5, 6, 7 ], "texture": "#bright_gun_texture" }
    }
},
{
    "from": [ 22, 5.3, 7 ],
    "to": [ 24, 8.7, 9 ],
    "faces": {
        "down":  { "uv": [ 4, 11, 6, 13 ], "texture": "#bright_gun_texture" },
        "up":    { "uv": [ 6, 2, 8, 4 ], "texture": "#bright_gun_texture" },
        "north": { "uv": [ 7, 3, 9, 6 ], "texture": "#bright_gun_texture" },
        "south": { "uv": [ 3, 7, 5, 10 ], "texture": "#bright_gun_texture" },
        "west":  { "uv": [ 7, 8, 9, 11 ], "texture": "#bright_gun_texture" },
        "east":  { "uv": [ 9, 11, 11, 14 ], "texture": "#bright_gun_texture" }
    }
},
{
    "from": [ 18, 6.9, 7.5 ],
    "to": [ 24, 7.6, 8.5 ],
    "faces": {
        "down":  { "uv": [ 5, 5, 9.5, 7 ], "texture": "#bright_gun_texture" },
        "up":    { "uv": [ 4, 6, 8.5, 8 ], "texture": "#bright_gun_texture" },
        "north": { "uv": [ 7, 8, 11.5, 10.300000190734863 ], "texture": "#bright_gun_texture" },
        "south": { "uv": [ 6, 10, 10.5, 12.300000190734863 ], "texture": "#bright_gun_texture" },
        "west":  { "uv": [ 7, 5, 9, 7.3000001907348633 ], "texture": "#bright_gun_texture" },
        "east":  { "uv": [ 14, 13, 16, 15.300000190734863 ], "texture": "#bright_gun_texture" }
    }
},
{
    "from": [ 20.5, 8.6, 7.3 ],
    "to": [ 24, 9.6, 8.7 ],
    "faces": {
        "down":  { "uv": [ 6, 5, 12, 7 ], "texture": "#bright_gun_texture" },
        "up":    { "uv": [ 5, 8, 11, 10 ], "texture": "#bright_gun_texture" },
        "north": { "uv": [ 6, 7, 12, 9 ], "texture": "#bright_gun_texture" },
        "south": { "uv": [ 2, 3, 8, 5 ], "texture": "#bright_gun_texture" },
        "west":  { "uv": [ 2, 6, 4, 8 ], "texture": "#bright_gun_texture" },
        "east":  { "uv": [ 4, 5, 6, 7 ], "texture": "#bright_gun_texture" }
    }
},
{
    "from": [ 11, 9.25, 7 ],
    "to": [ 16.5, 9.5, 9 ],
    "faces": {
        "down":  { "uv": [ 2, 0, 3, 2 ], "texture": "#bright_gun_texture" },
        "up":    { "uv": [ 1, 4, 2, 6 ], "texture": "#bright_gun_texture" },
        "north": { "uv": [ 5, 5, 7, 5.8000001907348633 ], "texture": "#bright_gun_texture" },
        "south": { "uv": [ 1, 5, 2, 5.8000001907348633 ], "texture": "#bright_gun_texture" },
        "west":  { "uv": [ 0, 10, 2, 10.800000190734863 ], "texture": "#bright_gun_texture" },
        "east":  { "uv": [ 1, 4, 3, 4.8000001907348633 ], "texture": "#bright_gun_texture" }
    }
},
{
    "from": [ 15.1, 9.5, 8.3 ],
    "to": [ 15.7, 10.3, 8.5 ],
    "faces": {
        "down":  { "uv": [ 10, 11, 10.6, 11.2 ], "texture": "#bright_gun_texture" },
        "up":    { "uv": [ 2, 2, 2.5999999046325684, 2.2000000476837158 ], "texture": "#bright_gun_texture" },
        "north": { "uv": [ 8, 1, 8.6000003814697266, 2 ], "texture": "#bright_gun_texture" },
        "south": { "uv": [ 4, 4, 4.5999999046325684, 5 ], "texture": "#bright_gun_texture" },
        "west":  { "uv": [ 3, 10, 3.2000000476837158, 11 ], "texture": "#bright_gun_texture" },
        "east":  { "uv": [ 6, 4, 6.1999998092651367, 5 ], "texture": "#bright_gun_texture" }
    }
},
{
    "from": [ 15.1, 9.5, 7.5 ],
    "to": [ 15.7, 10.3, 7.7 ],
    "faces": {
        "down":  { "uv": [ 13, 11, 13.6, 11.2 ], "texture": "#bright_gun_texture" },
        "up":    { "uv": [ 1, 0, 1.5999999046325684, 0.19999998807907104 ], "texture": "#bright_gun_texture" },
        "north": { "uv": [ 0, 5, 0.59999996423721313, 6 ], "texture": "#bright_gun_texture" },
        "south": { "uv": [ 3, 10, 3.5999999046325684, 11 ], "texture": "#bright_gun_texture" },
        "west":  { "uv": [ 8, 0, 8.1999998092651367, 1 ], "texture": "#bright_gun_texture" },
        "east":  { "uv": [ 3, 14, 3.2000000476837158, 15 ], "texture": "#bright_gun_texture" }
    }
},
{
    "from": [ 7, 9.8, 6.9375 ],
    "to": [ 11, 11.8, 8.9375 ],
    "faces": {
        "down":  { "uv": [ 7, 5, 15, 7.6 ], "texture": "#light_gun_texture" },
        "up":    { "uv": [ 2, 10, 10, 12.600000381469727 ], "texture": "#light_gun_texture" },
        "north": { "uv": [ 8, 4, 16, 7.5 ], "texture": "#light_gun_texture" },
        "south": { "uv": [ 7, 4, 15, 7.5 ], "texture": "#light_gun_texture" },
        "west":  { "uv": [ 6, 3, 8.6000003814697266, 6.5 ], "texture": "#normal_gun_texture" },
        "east":  { "uv": [ 4, 5, 6.5999999046325684, 8.5 ], "texture": "#light_gun_texture" }
    }
},
{
    "from": [ 15, 10.2, 7.375 ],
    "to": [ 18.3, 11.4, 8.575 ],
    "faces": {
        "down":  { "uv": [ 7, 5, 15, 7.6 ], "texture": "#light_gun_texture" },
        "up":    { "uv": [ 2, 10, 10, 12.600000381469727 ], "texture": "#light_gun_texture" },
        "north": { "uv": [ 8, 4, 16, 7.5 ], "texture": "#light_gun_texture" },
        "south": { "uv": [ 7, 4, 15, 7.5 ], "texture": "#light_gun_texture" },
        "west":  { "uv": [ 6, 3, 8.6000003814697266, 6.5 ], "texture": "#light_gun_texture" },
        "east":  { "uv": [ 4, 5, 6.5999999046325684, 8.5 ], "texture": "#normal_gun_texture" }
    }
},
{
    "from": [ 12.6875, 10.3, 7.4375 ],
    "to": [ 15.9875, 11.3, 8.4375 ],
    "faces": {
        "down":  { "uv": [ 7, 5, 15, 7.6 ], "texture": "#light_gun_texture" },
        "up":    { "uv": [ 2, 10, 10, 12.600000381469727 ], "texture": "#light_gun_texture" },
        "north": { "uv": [ 8, 4, 16, 7.5 ], "texture": "#light_gun_texture" },
        "south": { "uv": [ 7, 4, 15, 7.5 ], "texture": "#light_gun_texture" },
        "west":  { "uv": [ 6, 3, 8.6000003814697266, 6.5 ], "texture": "#light_gun_texture" },
        "east":  { "uv": [ 4, 5, 6.5999999046325684, 8.5 ], "texture": "#normal_gun_texture" }
    }
},
{
    "from": [ 16.6875, 6.4375, 6.8125 ],
    "to": [ 18.6875, 8.4375, 9.1875 ],
    "faces": {
        "down":  { "uv": [ 7, 5, 9, 7.6 ], "texture": "#bright_gun_texture" },
        "up":    { "uv": [ 2, 10, 5, 12.600000381469727 ], "texture": "#bright_gun_texture" },
        "north": { "uv": [ 8, 10, 10, 13.5 ], "texture": "#bright_gun_texture" },
        "south": { "uv": [ 7, 4, 9, 7.5 ], "texture": "#bright_gun_texture" },
        "west":  { "uv": [ 6, 3, 8.6000003814697266, 6.5 ], "texture": "#bright_gun_texture" },
        "east":  { "uv": [ 4, 5, 6.5999999046325684, 8.5 ], "texture": "#bright_gun_texture" }
    }
},
{
    "from": [ -13.3, 7.6, 7.3 ],
    "to": [ -11, 9, 8.7 ],
    "faces": {
        "down":  { "uv": [ 4, 14, 6, 15.4 ], "texture": "#bright_gun_texture" },
        "up":    { "uv": [ 12, 7, 14, 8.3999996185302734 ], "texture": "#bright_gun_texture" },
        "north": { "uv": [ 4, 5, 6, 6.4000000953674316 ], "texture": "#bright_gun_texture" },
        "south": { "uv": [ 8, 11, 10, 12.399999618530273 ], "texture": "#bright_gun_texture" },
        "west":  { "uv": [ 9, 6, 10.399999618530273, 7.4000000953674316 ], "texture": "#normal_gun_texture" },
        "east":  { "uv": [ 3, 3, 4.4000000953674316, 4.4000000953674316 ], "texture": "#bright_gun_texture" }
    }
},
{
    "from": [ 3.7, 4.5, 7.4 ],
    "to": [ 5.3, 8.1, 8.6 ],
    "faces": {
        "down":  { "uv": [ 4, 14, 6, 15.4 ], "texture": "#bright_gun_texture" },
        "up":    { "uv": [ 12, 7, 14, 8.3999996185302734 ], "texture": "#bright_gun_texture" },
        "north": { "uv": [ 4, 5, 6, 6.4000000953674316 ], "texture": "#bright_gun_texture" },
        "south": { "uv": [ 8, 11, 10, 12.399999618530273 ], "texture": "#bright_gun_texture" },
        "west":  { "uv": [ 9, 6, 10.399999618530273, 7.4000000953674316 ], "texture": "#normal_gun_texture" },
        "east":  { "uv": [ 3, 3, 4.4000000953674316, 4.4000000953674316 ], "texture": "#bright_gun_texture" }
    }
},
{
    "from": [ 23.2, 3, 7.7 ],
    "to": [ 23.8, 6, 8.3 ],
    "faces": {
        "down":  { "uv": [ 6, 5, 12, 7 ], "texture": "#bright_gun_texture" },
        "up":    { "uv": [ 5, 8, 11, 10 ], "texture": "#bright_gun_texture" },
        "north": { "uv": [ 6, 7, 12, 9 ], "texture": "#bright_gun_texture" },
        "south": { "uv": [ 2, 3, 8, 5 ], "texture": "#bright_gun_texture" },
        "west":  { "uv": [ 2, 6, 4, 8 ], "texture": "#bright_gun_texture" },
        "east":  { "uv": [ 4, 5, 6, 7 ], "texture": "#bright_gun_texture" }
    }
},
{
    "from": [ 13.7, 5.4, 7.1 ],
    "to": [ 15.1, 6.4, 8.9 ],
    "faces": {
        "down":  { "uv": [ 6, 5, 12, 7 ], "texture": "#bright_gun_texture" },
        "up":    { "uv": [ 5, 8, 11, 10 ], "texture": "#bright_gun_texture" },
        "north": { "uv": [ 6, 7, 12, 9 ], "texture": "#bright_gun_texture" },
        "south": { "uv": [ 2, 3, 8, 5 ], "texture": "#bright_gun_texture" },
        "west":  { "uv": [ 2, 6, 4, 8 ], "texture": "#bright_gun_texture" },
        "east":  { "uv": [ 4, 5, 6, 7 ], "texture": "#bright_gun_texture" }
    }
},
{
    "from": [ 9.5, 10.1, 7.25 ],
    "to": [ 12.8, 11.5, 8.65 ],
    "faces": {
        "down":  { "uv": [ 7, 5, 15, 7.6 ], "texture": "#light_gun_texture" },
        "up":    { "uv": [ 2, 10, 10, 12.600000381469727 ], "texture": "#light_gun_texture" },
        "north": { "uv": [ 8, 4, 16, 7.5 ], "texture": "#light_gun_texture" },
        "south": { "uv": [ 7, 4, 15, 7.5 ], "texture": "#light_gun_texture" },
        "west":  { "uv": [ 6, 3, 8.6000003814697266, 6.5 ], "texture": "#light_gun_texture" },
        "east":  { "uv": [ 4, 5, 6.5999999046325684, 8.5 ], "texture": "#normal_gun_texture" }
    }
},
{
    "from": [ 9, 4.5, 7.4 ],
    "to": [ 10, 8.1, 8.6 ],
    "faces": {
        "down":  { "uv": [ 4, 14, 6, 15.4 ], "texture": "#bright_gun_texture" },
        "up":    { "uv": [ 12, 7, 14, 8.3999996185302734 ], "texture": "#bright_gun_texture" },
        "north": { "uv": [ 4, 5, 6, 6.4000000953674316 ], "texture": "#bright_gun_texture" },
        "south": { "uv": [ 8, 11, 10, 12.399999618530273 ], "texture": "#bright_gun_texture" },
        "west":  { "uv": [ 9, 6, 10.399999618530273, 7.4000000953674316 ], "texture": "#normal_gun_texture" },
        "east":  { "uv": [ 3, 3, 4.4000000953674316, 4.4000000953674316 ], "texture": "#bright_gun_texture" }
    }
},
{
    "from": [ 5, 4.5, 7.6 ],
    "to": [ 9, 5.3, 8.4 ],
    "faces": {
        "down":  { "uv": [ 4, 14, 6, 15.4 ], "texture": "#bright_gun_texture" },
        "up":    { "uv": [ 12, 7, 14, 8.3999996185302734 ], "texture": "#bright_gun_texture" },
        "north": { "uv": [ 4, 5, 6, 6.4000000953674316 ], "texture": "#bright_gun_texture" },
        "south": { "uv": [ 8, 11, 10, 12.399999618530273 ], "texture": "#bright_gun_texture" },
        "west":  { "uv": [ 9, 6, 10.399999618530273, 7.4000000953674316 ], "texture": "#normal_gun_texture" },
        "east":  { "uv": [ 3, 3, 4.4000000953674316, 4.4000000953674316 ], "texture": "#bright_gun_texture" }
    }
},
{
    "from": [ 16.625, 8.375, 7.4375 ],
    "to": [ 18.125, 9.125, 8.5625 ],
    "faces": {
        "down":  { "uv": [ 10.875, 7.4375, 12.375, 8.5625 ], "texture": "#bright_gun_texture" },
        "up":    { "uv": [ 10.875, 7.4375, 12.375, 8.5625 ], "texture": "#bright_gun_texture" },
        "north": { "uv": [ 10.875, 2.125, 12.375, 2.875 ], "texture": "#bright_gun_texture" },
        "south": { "uv": [ 10.875, 2.125, 12.375, 2.875 ], "texture": "#bright_gun_texture" },
        "west":  { "uv": [ 7.4375, 2.125, 8.5625, 2.875 ], "texture": "#bright_gun_texture" },
        "east":  { "uv": [ 7.4375, 2.125, 8.5625, 2.875 ], "texture": "#bright_gun_texture" }
    }
},
{
    "from": [ 17.25, 8.375, 6.3125 ],
    "to": [ 17.5, 8.625, 7.5625 ],
    "rotation": { "origin": [ 17.25, 8.625, 6.3125 ], "axis": "x", "angle": -22.5 },
    "faces": {
        "down":  { "uv": [ 10.875, 7.4375, 12.375, 8.5625 ], "texture": "#bright_gun_texture" },
        "up":    { "uv": [ 10.875, 7.4375, 12.375, 8.5625 ], "texture": "#bright_gun_texture" },
        "north": { "uv": [ 10.875, 2.125, 12.375, 2.875 ], "texture": "#bright_gun_texture" },
        "south": { "uv": [ 10.875, 2.125, 12.375, 2.875 ], "texture": "#bright_gun_texture" },
        "west":  { "uv": [ 7.4375, 2.125, 8.5625, 2.875 ], "texture": "#bright_gun_texture" },
        "east":  { "uv": [ 7.4375, 2.125, 8.5625, 2.875 ], "texture": "#bright_gun_texture" }
    }
},
{
    "from": [ 17.125, 7.75, 5.125 ],
    "to": [ 17.625, 8.25, 6.375 ],
    "rotation": { "origin": [ 17.125, 8.25, 5.125 ], "axis": "x", "angle": -22.5 },
    "faces": {
        "down":  { "uv": [ 10.875, 7.4375, 12.375, 8.5625 ], "texture": "#bright_gun_texture" },
        "up":    { "uv": [ 10.875, 7.4375, 12.375, 8.5625 ], "texture": "#bright_gun_texture" },
        "north": { "uv": [ 10.875, 2.125, 12.375, 2.875 ], "texture": "#bright_gun_texture" },
        "south": { "uv": [ 10.875, 2.125, 12.375, 2.875 ], "texture": "#bright_gun_texture" },
        "west":  { "uv": [ 7.4375, 2.125, 8.5625, 2.875 ], "texture": "#bright_gun_texture" },
        "east":  { "uv": [ 7.4375, 2.125, 8.5625, 2.875 ], "texture": "#bright_gun_texture" }
    }
}
],
"display": {
    "thirdperson_righthand": {
        "rotation": [ -180, -90, 130 ],
        "translation": [ 0, 4, 0 ],
        "scale": [ 0.8, 0.8, 0.65 ]
    },
    "thirdperson_lefthand": {
        "rotation": [ 0, 90, 180 ],
        "translation": [ 0, 1, 12 ],
        "scale": [ 0.8, 0.8, 0.65 ]
    },
    "head": {
        "rotation": [ 0, -90, 0 ],
        "translation": [ 0, 12, 0 ],
        "scale": [ 0.6, 0.6, 0.5 ]
    },
    "ground": {
        "rotation": [ 90, 0, 0 ],
        "translation": [ 0, 0, 0 ],
        "scale": [ 0.7, 0.7, 0.6 ]
    },
    "fixed": {
        "rotation": [ 0, 0, 0 ],
        "translation": [ 0, 0, -1 ],
        "scale": [ 1, 1, 0.85 ]
    },
    "firstperson_righthand": {
        "rotation": [ 0, -90, 0 ],
        "translation": [ 0, 3, -8 ],
        "scale": [ 1.1, 1.1, 0.9 ]
    },
    "firstperson_lefthand": {
        "rotation": [ 0, 90, 90 ],
        "translation": [ 5, 7, -5 ],
        "scale": [ 1.1, 1.1, 0.9 ]
    },
    "gui": {
        "rotation": [ -20, 40, 0 ],
        "translation": [ 0, 0, 0 ],
        "scale": [ 0.6, 0.6, 0.5 ]
    }
}
}