{
	"credit": "Made with Blockbench",
	"textures": {
		"wood": "guns/pusky/wood",
		"bright_gun_texture": "guns/pusky/bright_gun_texture"
	},
	"elements": [
		{
			"from": [-6.375, 7.75, 7.75],
			"to": [17.125, 8.25, 8.25],
			"faces": {
				"north": {"uv": [5.4375, 11.875, 16, 12.125], "texture": "#bright_gun_texture"},
				"east": {"uv": [7.875, 11.625, 8.125, 11.875], "texture": "#bright_gun_texture"},
				"south": {"uv": [0, 11.875, 10.5625, 12.125], "texture": "#bright_gun_texture"},
				"west": {"uv": [7.875, 11.625, 8.125, 11.875], "texture": "#bright_gun_texture"},
				"up": {"uv": [0, 7.875, 10.5625, 8.125], "texture": "#bright_gun_texture"},
				"down": {"uv": [16, 8.125, 5.4375, 7.875], "texture": "#bright_gun_texture"}
			}
		},
		{
			"from": [1.375, 7, 7.3125],
			"to": [17, 8, 8.6875],
			"faces": {
				"north": {"uv": [5.5, 12, 13.3125, 12.5], "texture": "#wood"},
				"east": {"uv": [7.65625, 12, 8.34375, 12.5], "texture": "#wood"},
				"south": {"uv": [2.6875, 12, 10.5, 12.5], "texture": "#wood"},
				"west": {"uv": [7.65625, 12, 8.34375, 12.5], "texture": "#wood"},
				"up": {"uv": [2.6875, 7.65625, 10.5, 8.34375], "texture": "#wood"},
				"down": {"uv": [13.3125, 8.34375, 5.5, 7.65625], "texture": "#wood"}
			}
		},
		{
			"from": [16.25, 7.375, 6.625],
			"to": [16.75, 7.75, 7.875],
			"rotation": {"angle": -22.5, "axis": "x", "origin": [16.25, 7.75, 6.625]},
			"faces": {
				"north": {"uv": [5.625, 12.125, 5.875, 12.3125], "texture": "#bright_gun_texture"},
				"east": {"uv": [8.0625, 12.125, 8.6875, 12.3125], "texture": "#bright_gun_texture"},
				"south": {"uv": [10.125, 12.125, 10.375, 12.3125], "texture": "#bright_gun_texture"},
				"west": {"uv": [7.3125, 12.125, 7.9375, 12.3125], "texture": "#bright_gun_texture"},
				"up": {"uv": [10.125, 7.3125, 10.375, 7.9375], "texture": "#bright_gun_texture"},
				"down": {"uv": [5.875, 7.9375, 5.625, 7.3125], "texture": "#bright_gun_texture"}
			}
		},
		{
			"from": [17, 7.75, 7.75],
			"to": [17.5, 8.25, 8.25],
			"faces": {
				"north": {"uv": [5.25, 11.875, 5.5, 12.125], "texture": "#bright_gun_texture"},
				"east": {"uv": [7.875, 11.875, 8.125, 12.125], "texture": "#bright_gun_texture"},
				"south": {"uv": [10.5, 11.875, 10.75, 12.125], "texture": "#bright_gun_texture"},
				"west": {"uv": [7.875, 11.875, 8.125, 12.125], "texture": "#bright_gun_texture"},
				"up": {"uv": [10.5, 7.875, 10.75, 8.125], "texture": "#bright_gun_texture"},
				"down": {"uv": [5.5, 8.125, 5.25, 7.875], "texture": "#bright_gun_texture"}
			}
		},
		{
			"from": [16.1875, 7.125, 6.125],
			"to": [16.8125, 7.75, 6.75],
			"faces": {
				"north": {"uv": [5.59375, 12.125, 5.90625, 12.4375], "texture": "#bright_gun_texture"},
				"east": {"uv": [8.625, 12.125, 8.9375, 12.4375], "texture": "#bright_gun_texture"},
				"south": {"uv": [10.0938, 12.125, 10.4063, 12.4375], "texture": "#bright_gun_texture"},
				"west": {"uv": [7.0625, 12.125, 7.375, 12.4375], "texture": "#bright_gun_texture"},
				"up": {"uv": [10.0938, 7.0625, 10.4063, 7.375], "texture": "#bright_gun_texture"},
				"down": {"uv": [5.90625, 7.375, 5.59375, 7.0625], "texture": "#bright_gun_texture"}
			}
		},
		{
			"from": [17, 6.375, 7.3125],
			"to": [17.5, 7.5, 8.6875],
			"faces": {
				"north": {"uv": [5.25, 12.25, 5.5, 12.8125], "texture": "#wood"},
				"south": {"uv": [10.5, 12.25, 10.75, 12.8125], "texture": "#wood"},
				"west": {"uv": [7.6555, 12.25, 8.343, 12.8125], "texture": "#wood"},
				"up": {"uv": [10.5, 7.6555, 10.75, 8.343], "texture": "#wood"}
			}
		},
		{
			"from": [17.5, 6.125, 7.3125],
			"to": [18, 7.875, 8.6875],
			"faces": {
				"north": {"uv": [5, 12.0625, 5.25, 12.9375], "texture": "#wood"},
				"south": {"uv": [10.75, 12.0625, 11, 12.9375], "texture": "#wood"},
				"west": {"uv": [7.655, 12.0625, 8.3425, 12.9375], "texture": "#wood"},
				"up": {"uv": [10.75, 7.655, 11, 8.3425], "texture": "#wood"},
				"down": {"uv": [5.25, 8.3425, 5, 7.655], "texture": "#wood"}
			}
		},
		{
			"from": [17, 7.5, 7.3125],
			"to": [17.5, 7.875, 8.6875],
			"faces": {
				"north": {"uv": [5.25, 12.0625, 5.5, 12.25], "texture": "#wood"},
				"south": {"uv": [10.5, 12.0625, 10.75, 12.25], "texture": "#wood"},
				"up": {"uv": [10.5, 7.6555, 10.75, 8.343], "texture": "#wood"}
			}
		},
		{
			"from": [17, 6.375, 7.3125],
			"to": [17.5, 7.25, 7.5625],
			"faces": {
				"north": {"uv": [5.25, 12.375, 5.5, 12.8125], "texture": "#wood"},
				"west": {"uv": [7.625, 12.375, 7.75, 12.8125], "texture": "#wood"},
				"up": {"uv": [10.5, 7.625, 10.75, 7.75], "texture": "#wood"}
			}
		},
		{
			"from": [11.625, 6.375, 7.4375],
			"to": [15.5, 6.5, 8.5625],
			"faces": {
				"north": {"uv": [6.25, 12.75, 8.1875, 12.8125], "texture": "#bright_gun_texture"},
				"east": {"uv": [7.71875, 12.75, 8.28125, 12.8125], "texture": "#bright_gun_texture"},
				"south": {"uv": [7.8125, 12.75, 9.75, 12.8125], "texture": "#bright_gun_texture"},
				"west": {"uv": [7.71875, 12.75, 8.28125, 12.8125], "texture": "#bright_gun_texture"},
				"down": {"uv": [8.1875, 8.28125, 6.25, 7.71875], "texture": "#bright_gun_texture"}
			}
		},
		{
			"from": [7.5, 6.625, 7.3125],
			"to": [17, 6.75, 8.6875],
			"faces": {
				"north": {"uv": [5.5, 12.625, 10.25, 12.6875], "texture": "#wood"},
				"east": {"uv": [7.6575, 12.625, 8.345, 12.6875], "texture": "#wood"},
				"south": {"uv": [5.75, 12.625, 10.5, 12.6875], "texture": "#wood"},
				"west": {"uv": [7.655, 12.625, 8.3425, 12.6875], "texture": "#wood"},
				"up": {"uv": [5.75, 7.655, 10.5, 8.3425], "texture": "#wood"},
				"down": {"uv": [10.25, 8.3425, 5.5, 7.655], "texture": "#wood"}
			}
		},
		{
			"from": [10, 6.5, 7.3125],
			"to": [18, 6.625, 8.6875],
			"faces": {
				"north": {"uv": [5, 12.6875, 9, 12.75], "texture": "#wood"},
				"east": {"uv": [7.6575, 12.6875, 8.345, 12.75], "texture": "#wood"},
				"south": {"uv": [7, 12.6875, 11, 12.75], "texture": "#wood"},
				"west": {"uv": [7.655, 12.6875, 8.3425, 12.75], "texture": "#wood"},
				"up": {"uv": [7, 7.655, 11, 8.3425], "texture": "#wood"},
				"down": {"uv": [9, 8.3425, 5, 7.655], "texture": "#wood"}
			}
		},
		{
			"from": [15.74, 6.1875, 7.5],
			"to": [15.865, 6.5625, 8.5],
			"rotation": {"angle": 22.5, "axis": "z", "origin": [15.74, 6.5625, 7.5]},
			"faces": {
				"north": {"uv": [6.0675, 12.7188, 6.13, 12.9063], "texture": "#bright_gun_texture"},
				"east": {"uv": [7.75, 12.7188, 8.25, 12.9063], "texture": "#bright_gun_texture"},
				"south": {"uv": [9.87, 12.7188, 9.9325, 12.9063], "texture": "#bright_gun_texture"},
				"west": {"uv": [7.75, 12.7188, 8.25, 12.9063], "texture": "#bright_gun_texture"},
				"down": {"uv": [6.13, 8.25, 6.0675, 7.75], "texture": "#bright_gun_texture"}
			}
		},
		{
			"from": [17.9063, 5.59375, 7.5],
			"to": [18.0313, 5.96875, 8.5],
			"rotation": {"angle": -22.5, "axis": "z", "origin": [17.9063, 5.96875, 7.5]},
			"faces": {
				"north": {"uv": [4.98438, 13.0156, 5.04688, 13.2031], "texture": "#bright_gun_texture"},
				"east": {"uv": [7.75, 13.0156, 8.25, 13.2031], "texture": "#bright_gun_texture"},
				"south": {"uv": [10.9531, 13.0156, 11.0156, 13.2031], "texture": "#bright_gun_texture"},
				"west": {"uv": [7.75, 13.0156, 8.25, 13.2031], "texture": "#bright_gun_texture"},
				"up": {"uv": [10.9531, 7.75, 11.0156, 8.25], "texture": "#bright_gun_texture"},
				"down": {"uv": [5.04688, 8.25, 4.98438, 7.75], "texture": "#bright_gun_texture"}
			}
		},
		{
			"from": [15.875, 5.1875, 7.5],
			"to": [16, 6.4375, 8.5],
			"faces": {
				"north": {"uv": [6, 12.7813, 6.0625, 13.4063], "texture": "#bright_gun_texture"},
				"east": {"uv": [7.75, 12.7813, 8.25, 13.4063], "texture": "#bright_gun_texture"},
				"south": {"uv": [9.9375, 12.7813, 10, 13.4063], "texture": "#bright_gun_texture"},
				"west": {"uv": [7.75, 12.7813, 8.25, 13.4063], "texture": "#bright_gun_texture"},
				"up": {"uv": [9.9375, 7.75, 10, 8.25], "texture": "#bright_gun_texture"}
			}
		},
		{
			"from": [17.75, 5.2, 7.5],
			"to": [17.875, 5.95, 8.5],
			"faces": {
				"north": {"uv": [5.0625, 13.025, 5.125, 13.4], "texture": "#bright_gun_texture"},
				"east": {"uv": [7.75, 13.025, 8.25, 13.4], "texture": "#bright_gun_texture"},
				"south": {"uv": [10.875, 13.025, 10.9375, 13.4], "texture": "#bright_gun_texture"},
				"west": {"uv": [7.75, 13.025, 8.25, 13.4], "texture": "#bright_gun_texture"},
				"up": {"uv": [10.875, 7.75, 10.9375, 8.25], "texture": "#bright_gun_texture"}
			}
		},
		{
			"from": [15.8125, 6.25, 7.5],
			"to": [16.1875, 6.5, 8.5],
			"rotation": {"angle": 45, "axis": "z", "origin": [15.8125, 6.5, 7.5]},
			"faces": {
				"north": {"uv": [5.90625, 12.75, 6.09375, 12.875], "texture": "#bright_gun_texture"},
				"east": {"uv": [7.75, 12.75, 8.25, 12.875], "texture": "#bright_gun_texture"},
				"south": {"uv": [9.90625, 12.75, 10.0938, 12.875], "texture": "#bright_gun_texture"},
				"up": {"uv": [9.90625, 7.75, 10.0938, 8.25], "texture": "#bright_gun_texture"},
				"down": {"uv": [6.09375, 8.25, 5.90625, 7.75], "texture": "#bright_gun_texture"}
			}
		},
		{
			"from": [17.6875, 6.0125, 7.5],
			"to": [18.0625, 6.2625, 8.5],
			"rotation": {"angle": -45, "axis": "z", "origin": [17.6875, 6.2625, 7.5]},
			"faces": {
				"north": {"uv": [4.96875, 12.8688, 5.15625, 12.9938], "texture": "#bright_gun_texture"},
				"east": {"uv": [7.75, 12.8688, 8.25, 12.9938], "texture": "#bright_gun_texture"},
				"south": {"uv": [10.8438, 12.8688, 11.0313, 12.9938], "texture": "#bright_gun_texture"},
				"west": {"uv": [7.75, 12.8688, 8.25, 12.9938], "texture": "#bright_gun_texture"},
				"up": {"uv": [10.8438, 7.75, 11.0313, 8.25], "texture": "#bright_gun_texture"},
				"down": {"uv": [5.15625, 8.25, 4.96875, 7.75], "texture": "#bright_gun_texture"}
			}
		},
		{
			"from": [15.875, 4.95, 7.5],
			"to": [16, 5.2, 8.5],
			"rotation": {"angle": 22.5, "axis": "z", "origin": [15.875, 5.2, 7.5]},
			"faces": {
				"north": {"uv": [6, 13.4, 6.0625, 13.525], "texture": "#bright_gun_texture"},
				"east": {"uv": [7.75, 13.4, 8.25, 13.525], "texture": "#bright_gun_texture"},
				"south": {"uv": [9.9375, 13.4, 10, 13.525], "texture": "#bright_gun_texture"},
				"west": {"uv": [7.75, 13.4, 8.25, 13.525], "texture": "#bright_gun_texture"},
				"down": {"uv": [6.0625, 8.25, 6, 7.75], "texture": "#bright_gun_texture"}
			}
		},
		{
			"from": [15.9688, 4.73125, 7.5],
			"to": [16.0938, 4.98125, 8.5],
			"rotation": {"angle": 45, "axis": "z", "origin": [15.9688, 4.98125, 7.5]},
			"faces": {
				"north": {"uv": [5.95313, 13.5094, 6.01563, 13.6344], "texture": "#bright_gun_texture"},
				"east": {"uv": [7.75, 13.5094, 8.25, 13.6344], "texture": "#bright_gun_texture"},
				"south": {"uv": [9.98438, 13.5094, 10.0469, 13.6344], "texture": "#bright_gun_texture"},
				"west": {"uv": [7.75, 13.5094, 8.25, 13.6344], "texture": "#bright_gun_texture"},
				"up": {"uv": [9.98438, 7.75, 10.0469, 8.25], "texture": "#bright_gun_texture"},
				"down": {"uv": [6.01563, 8.25, 5.95313, 7.75], "texture": "#bright_gun_texture"}
			}
		},
		{
			"from": [16.1875, 4.79375, 7.5],
			"to": [16.4375, 4.91875, 8.5],
			"rotation": {"angle": -22.5, "axis": "z", "origin": [16.1875, 4.91875, 7.5]},
			"faces": {
				"north": {"uv": [5.78125, 13.5406, 5.90625, 13.6031], "texture": "#bright_gun_texture"},
				"east": {"uv": [7.75, 13.5406, 8.25, 13.6031], "texture": "#bright_gun_texture"},
				"south": {"uv": [10.0938, 13.5406, 10.2188, 13.6031], "texture": "#bright_gun_texture"},
				"west": {"uv": [7.75, 13.5406, 8.25, 13.6031], "texture": "#bright_gun_texture"},
				"up": {"uv": [10.0938, 7.75, 10.2188, 8.25], "texture": "#bright_gun_texture"},
				"down": {"uv": [5.90625, 8.25, 5.78125, 7.75], "texture": "#bright_gun_texture"}
			}
		},
		{
			"from": [16.375, 4.7, 7.5],
			"to": [17.5625, 4.825, 8.5],
			"faces": {
				"north": {"uv": [5.21875, 13.5875, 5.8125, 13.65], "texture": "#bright_gun_texture"},
				"east": {"uv": [7.75, 13.5875, 8.25, 13.65], "texture": "#bright_gun_texture"},
				"south": {"uv": [10.1875, 13.5875, 10.7813, 13.65], "texture": "#bright_gun_texture"},
				"west": {"uv": [7.75, 13.5875, 8.25, 13.65], "texture": "#bright_gun_texture"},
				"up": {"uv": [10.1875, 7.75, 10.7813, 8.25], "texture": "#bright_gun_texture"},
				"down": {"uv": [5.8125, 8.25, 5.21875, 7.75], "texture": "#bright_gun_texture"}
			}
		},
		{
			"from": [17.76, 4.8975, 7.5],
			"to": [17.885, 5.2475, 8.5],
			"rotation": {"angle": -22.5, "axis": "z", "origin": [17.76, 5.2475, 7.5]},
			"faces": {
				"north": {"uv": [5.0575, 13.3763, 5.12, 13.5513], "texture": "#bright_gun_texture"},
				"east": {"uv": [7.75, 13.3763, 8.25, 13.5513], "texture": "#bright_gun_texture"},
				"south": {"uv": [10.88, 13.3763, 10.9425, 13.5513], "texture": "#bright_gun_texture"},
				"west": {"uv": [7.75, 13.3763, 8.25, 13.5513], "texture": "#bright_gun_texture"},
				"up": {"uv": [10.88, 7.75, 10.9425, 8.25], "texture": "#bright_gun_texture"},
				"down": {"uv": [5.12, 8.25, 5.0575, 7.75], "texture": "#bright_gun_texture"}
			}
		},
		{
			"from": [17.4787, 4.66875, 7.5],
			"to": [17.7287, 4.79375, 8.5],
			"rotation": {"angle": 45, "axis": "z", "origin": [17.4787, 4.79375, 7.5]},
			"faces": {
				"north": {"uv": [5.13563, 13.6031, 5.26063, 13.6656], "texture": "#bright_gun_texture"},
				"east": {"uv": [7.75, 13.6031, 8.25, 13.6656], "texture": "#bright_gun_texture"},
				"south": {"uv": [10.7394, 13.6031, 10.8644, 13.6656], "texture": "#bright_gun_texture"},
				"west": {"uv": [7.75, 13.6031, 8.25, 13.6656], "texture": "#bright_gun_texture"},
				"up": {"uv": [10.7394, 7.75, 10.8644, 8.25], "texture": "#bright_gun_texture"},
				"down": {"uv": [5.26063, 8.25, 5.13563, 7.75], "texture": "#bright_gun_texture"}
			}
		},
		{
			"from": [17.25, 5.56, 7.5],
			"to": [17.375, 6.185, 8.5],
			"faces": {
				"north": {"uv": [5.3125, 12.9075, 5.375, 13.22], "texture": "#bright_gun_texture"},
				"east": {"uv": [7.75, 12.9075, 8.25, 13.22], "texture": "#bright_gun_texture"},
				"south": {"uv": [10.625, 12.9075, 10.6875, 13.22], "texture": "#bright_gun_texture"},
				"west": {"uv": [7.75, 12.9075, 8.25, 13.22], "texture": "#bright_gun_texture"}
			}
		},
		{
			"from": [17.2575, 5.2325, 7.5],
			"to": [17.3825, 5.6075, 8.5],
			"rotation": {"angle": -22.5, "axis": "z", "origin": [17.2575, 5.6075, 7.5]},
			"faces": {
				"north": {"uv": [5.30875, 13.1962, 5.37125, 13.3837], "texture": "#bright_gun_texture"},
				"east": {"uv": [7.75, 13.1962, 8.25, 13.3837], "texture": "#bright_gun_texture"},
				"south": {"uv": [10.6288, 13.1962, 10.6913, 13.3837], "texture": "#bright_gun_texture"},
				"west": {"uv": [7.75, 13.1962, 8.25, 13.3837], "texture": "#bright_gun_texture"},
				"up": {"uv": [10.6288, 7.75, 10.6913, 8.25], "texture": "#bright_gun_texture"},
				"down": {"uv": [5.37125, 8.25, 5.30875, 7.75], "texture": "#bright_gun_texture"}
			}
		},
		{
			"from": [18, 6, 7.3125],
			"to": [20.75, 7.875, 8.6875],
			"rotation": {"angle": -22.5, "axis": "z", "origin": [18, 7.875, 7.3125]},
			"faces": {
				"north": {"uv": [3.625, 12.0625, 5, 13], "texture": "#wood"},
				"east": {"uv": [7.6575, 12.0625, 8.345, 13], "texture": "#wood"},
				"south": {"uv": [11, 12.0625, 12.375, 13], "texture": "#wood"},
				"west": {"uv": [7.655, 12.0625, 8.3425, 13], "texture": "#wood"},
				"up": {"uv": [11, 7.655, 12.375, 8.3425], "texture": "#wood"},
				"down": {"uv": [5, 8.3425, 3.625, 7.655], "texture": "#wood"}
			}
		},
		{
			"from": [19.125, 3.375, 7.3125],
			"to": [20.625, 6.125, 8.6875],
			"rotation": {"angle": 22.5, "axis": "z", "origin": [19.125, 6.125, 7.3125]},
			"faces": {
				"north": {"uv": [3.6875, 12.9375, 4.4375, 14.3125], "texture": "#wood"},
				"east": {"uv": [7.6575, 12.9375, 8.345, 14.3125], "texture": "#wood"},
				"south": {"uv": [11.5625, 12.9375, 12.3125, 14.3125], "texture": "#wood"},
				"west": {"uv": [7.655, 12.9375, 8.3425, 14.3125], "texture": "#wood"},
				"up": {"uv": [11.5625, 7.655, 12.3125, 8.3425], "texture": "#wood"},
				"down": {"uv": [4.4375, 8.3425, 3.6875, 7.655], "texture": "#wood"}
			}
		},
		{
			"from": [20.375, 5.125, 7.3125],
			"to": [21.125, 6.875, 8.6875],
			"rotation": {"angle": 22.5, "axis": "z", "origin": [20.375, 6.875, 7.3125]},
			"faces": {
				"north": {"uv": [3.4375, 12.5625, 3.8125, 13.4375], "texture": "#wood"},
				"east": {"uv": [7.6575, 12.5625, 8.345, 13.4375], "texture": "#wood"},
				"south": {"uv": [12.1875, 12.5625, 12.5625, 13.4375], "texture": "#wood"},
				"west": {"uv": [7.655, 12.5625, 8.3425, 13.4375], "texture": "#wood"},
				"up": {"uv": [12.1875, 7.655, 12.5625, 8.3425], "texture": "#wood"},
				"down": {"uv": [3.8125, 8.3425, 3.4375, 7.655], "texture": "#wood"}
			}
		},
		{
			"from": [21.0625, 5.53125, 7.3125],
			"to": [26.0625, 7.15625, 8.6875],
			"faces": {
				"north": {"uv": [0.96875, 12.4219, 3.46875, 13.2344], "texture": "#wood"},
				"south": {"uv": [12.5313, 12.4219, 15.0313, 13.2344], "texture": "#wood"},
				"west": {"uv": [7.655, 12.4219, 8.3425, 13.2344], "texture": "#wood"},
				"up": {"uv": [12.5313, 7.655, 15.0313, 8.3425], "texture": "#wood"},
				"down": {"uv": [3.46875, 8.3425, 0.96875, 7.655], "texture": "#wood"}
			}
		},
		{
			"from": [28.25, 5.125, 7.3125],
			"to": [28.5, 7.125, 8.6875],
			"faces": {
				"north": {"uv": [15.125, 12.4375, 15.25, 13.4375], "texture": "#wood"},
				"east": {"uv": [7.625, 12.4375, 8.25, 13.4375], "texture": "#wood"},
				"south": {"uv": [15.125, 12.4375, 15.25, 13.4375], "texture": "#wood"},
				"west": {"uv": [7.625, 12.4375, 8.25, 13.4375], "texture": "#wood"},
				"up": {"uv": [15.125, 7.625, 15.25, 8.25], "texture": "#wood"},
				"down": {"uv": [15.125, 7.625, 15.25, 8.25], "texture": "#wood"}
			}
		},
		{
			"from": [26.625, 4.375, 7.3125],
			"to": [28, 7.125, 8.6875],
			"faces": {
				"north": {"uv": [0, 12.4375, 0.6875, 13.8125], "texture": "#wood"},
				"east": {"uv": [7.6575, 12.4375, 8.345, 13.8125], "texture": "#wood"},
				"south": {"uv": [15.3125, 12.4375, 16, 13.8125], "texture": "#wood"},
				"west": {"uv": [7.655, 12.4375, 8.3425, 13.8125], "texture": "#wood"},
				"up": {"uv": [15.3125, 7.655, 16, 8.3425], "texture": "#wood"}
			}
		},
		{
			"from": [21, 4.5, 7.3125],
			"to": [27.5, 5.625, 8.6875],
			"faces": {
				"north": {"uv": [0.25, 13.1875, 3.5, 13.75], "texture": "#wood"},
				"east": {"uv": [7.6575, 13.1875, 8.345, 13.75], "texture": "#wood"},
				"south": {"uv": [12.5, 13.1875, 15.75, 13.75], "texture": "#wood"},
				"west": {"uv": [7.655, 13.1875, 8.3425, 13.75], "texture": "#wood"},
				"up": {"uv": [12.5, 7.655, 15.75, 8.3425], "texture": "#wood"}
			}
		},
		{
			"from": [26, 5.625, 7.3125],
			"to": [26.75, 7.125, 8.6875],
			"faces": {
				"north": {"uv": [0.625, 12.4375, 1, 13.1875], "texture": "#wood"},
				"south": {"uv": [15, 12.4375, 15.375, 13.1875], "texture": "#wood"},
				"west": {"uv": [7.655, 12.4375, 8.3425, 13.1875], "texture": "#wood"},
				"up": {"uv": [15, 7.655, 15.375, 8.3425], "texture": "#wood"}
			}
		},
		{
			"from": [20.625, 4.25, 7.3125],
			"to": [28, 4.5, 8.6875],
			"faces": {
				"north": {"uv": [0, 13.75, 3.6875, 13.875], "texture": "#wood"},
				"east": {"uv": [7.6575, 13.75, 8.345, 13.875], "texture": "#wood"},
				"south": {"uv": [12.3125, 13.75, 16, 13.875], "texture": "#wood"},
				"up": {"uv": [12.3125, 7.655, 16, 8.3425], "texture": "#wood"},
				"down": {"uv": [3.6875, 8.3425, 0, 7.655], "texture": "#wood"}
			}
		},
		{
			"from": [21.5, 4, 7.3125],
			"to": [28, 4.25, 8.6875],
			"faces": {
				"north": {"uv": [0, 13.875, 3.25, 14], "texture": "#wood"},
				"east": {"uv": [7.6575, 13.875, 8.345, 14], "texture": "#wood"},
				"south": {"uv": [12.75, 13.875, 16, 14], "texture": "#wood"},
				"west": {"uv": [7.655, 13.875, 8.3425, 14], "texture": "#wood"},
				"down": {"uv": [3.25, 8.3425, 0, 7.655], "texture": "#wood"}
			}
		},
		{
			"from": [22.5, 3.75, 7.3125],
			"to": [28, 4, 8.6875],
			"faces": {
				"north": {"uv": [0, 14, 2.75, 14.125], "texture": "#wood"},
				"east": {"uv": [7.6575, 14, 8.345, 14.125], "texture": "#wood"},
				"south": {"uv": [13.25, 14, 16, 14.125], "texture": "#wood"},
				"west": {"uv": [7.655, 14, 8.3425, 14.125], "texture": "#wood"},
				"down": {"uv": [2.75, 8.3425, 0, 7.655], "texture": "#wood"}
			}
		},
		{
			"from": [23.5, 3.5, 7.3125],
			"to": [28, 3.75, 8.6875],
			"faces": {
				"north": {"uv": [0, 14.125, 2.25, 14.25], "texture": "#wood"},
				"east": {"uv": [7.6575, 14.125, 8.345, 14.25], "texture": "#wood"},
				"south": {"uv": [13.75, 14.125, 16, 14.25], "texture": "#wood"},
				"west": {"uv": [7.655, 14.125, 8.3425, 14.25], "texture": "#wood"},
				"down": {"uv": [2.25, 8.3425, 0, 7.655], "texture": "#wood"}
			}
		},
		{
			"from": [24.5, 3.25, 7.3125],
			"to": [28, 3.5, 8.6875],
			"faces": {
				"north": {"uv": [0, 14.25, 1.75, 14.375], "texture": "#wood"},
				"east": {"uv": [7.6575, 14.25, 8.345, 14.375], "texture": "#wood"},
				"south": {"uv": [14.25, 14.25, 16, 14.375], "texture": "#wood"},
				"west": {"uv": [7.655, 14.25, 8.3425, 14.375], "texture": "#wood"},
				"down": {"uv": [1.75, 8.3425, 0, 7.655], "texture": "#wood"}
			}
		},
		{
			"from": [25.5, 3, 7.3125],
			"to": [28, 3.25, 8.6875],
			"faces": {
				"north": {"uv": [0, 14.375, 1.25, 14.5], "texture": "#wood"},
				"east": {"uv": [7.6575, 14.375, 8.345, 14.5], "texture": "#wood"},
				"south": {"uv": [14.75, 14.375, 16, 14.5], "texture": "#wood"},
				"west": {"uv": [7.655, 14.375, 8.3425, 14.5], "texture": "#wood"},
				"down": {"uv": [1.25, 8.3425, 0, 7.655], "texture": "#wood"}
			}
		},
		{
			"from": [5, 6.75, 7.3125],
			"to": [7.5, 6.875, 8.6875],
			"faces": {
				"north": {"uv": [10.25, 12.5625, 11.5, 12.625], "texture": "#wood"},
				"south": {"uv": [4.5, 12.5625, 5.75, 12.625], "texture": "#wood"},
				"west": {"uv": [7.655, 12.5625, 8.3425, 12.625], "texture": "#wood"},
				"down": {"uv": [11.5, 8.3425, 10.25, 7.655], "texture": "#wood"}
			}
		},
		{
			"from": [2.5, 6.875, 7.3125],
			"to": [7.5, 7, 8.6875],
			"faces": {
				"north": {"uv": [10.25, 12.5, 12.75, 12.5625], "texture": "#wood"},
				"south": {"uv": [3.25, 12.5, 5.75, 12.5625], "texture": "#wood"},
				"west": {"uv": [7.655, 12.5, 8.3425, 12.5625], "texture": "#wood"},
				"down": {"uv": [12.75, 8.3425, 10.25, 7.655], "texture": "#wood"}
			}
		},
		{
			"from": [7.5, 6.75, 7.3125],
			"to": [17, 7, 8.6875],
			"faces": {
				"north": {"uv": [5.5, 12.5, 10.25, 12.625], "texture": "#wood"},
				"east": {"uv": [7.6575, 12.5, 8.345, 12.625], "texture": "#wood"},
				"south": {"uv": [5.75, 12.5, 10.5, 12.625], "texture": "#wood"},
				"west": {"uv": [7.655, 12.5, 8.3425, 12.625], "texture": "#wood"}
			}
		},
		{
			"from": [22, 3.875, 7.3125],
			"to": [22.5, 4, 8.6875],
			"faces": {
				"north": {"uv": [2.75, 14, 3, 14.0625], "texture": "#wood"},
				"south": {"uv": [13, 14, 13.25, 14.0625], "texture": "#wood"},
				"west": {"uv": [7.655, 14, 8.3425, 14.0625], "texture": "#wood"},
				"down": {"uv": [3, 8.3425, 2.75, 7.655], "texture": "#wood"}
			}
		},
		{
			"from": [23, 3.625, 7.3125],
			"to": [23.5, 3.75, 8.6875],
			"faces": {
				"north": {"uv": [2.25, 14.125, 2.5, 14.1875], "texture": "#wood"},
				"south": {"uv": [13.5, 14.125, 13.75, 14.1875], "texture": "#wood"},
				"west": {"uv": [7.655, 14.125, 8.3425, 14.1875], "texture": "#wood"},
				"down": {"uv": [2.5, 8.3425, 2.25, 7.655], "texture": "#wood"}
			}
		},
		{
			"from": [24, 3.375, 7.3125],
			"to": [24.5, 3.5, 8.6875],
			"faces": {
				"north": {"uv": [1.75, 14.25, 2, 14.3125], "texture": "#wood"},
				"south": {"uv": [14, 14.25, 14.25, 14.3125], "texture": "#wood"},
				"west": {"uv": [7.655, 14.25, 8.3425, 14.3125], "texture": "#wood"},
				"down": {"uv": [2, 8.3425, 1.75, 7.655], "texture": "#wood"}
			}
		},
		{
			"from": [25, 3.125, 7.3125],
			"to": [25.5, 3.25, 8.6875],
			"faces": {
				"north": {"uv": [1.25, 14.375, 1.5, 14.4375], "texture": "#wood"},
				"south": {"uv": [14.5, 14.375, 14.75, 14.4375], "texture": "#wood"},
				"west": {"uv": [7.655, 14.375, 8.3425, 14.4375], "texture": "#wood"},
				"down": {"uv": [1.5, 8.3425, 1.25, 7.655], "texture": "#wood"}
			}
		},
		{
			"from": [26, 2.875, 7.3125],
			"to": [26.5, 3, 8.6875],
			"faces": {
				"north": {"uv": [0.75, 14.5, 1, 14.5625], "texture": "#wood"},
				"south": {"uv": [15, 14.5, 15.25, 14.5625], "texture": "#wood"},
				"west": {"uv": [7.655, 14.5, 8.3425, 14.5625], "texture": "#wood"},
				"down": {"uv": [1, 8.3425, 0.75, 7.655], "texture": "#wood"}
			}
		},
		{
			"from": [26.5, 2.75, 7.3125],
			"to": [28, 3, 8.6875],
			"faces": {
				"north": {"uv": [0, 14.5, 0.75, 14.625], "texture": "#wood"},
				"east": {"uv": [7.6575, 14.5, 8.345, 14.625], "texture": "#wood"},
				"south": {"uv": [15.25, 14.5, 16, 14.625], "texture": "#wood"},
				"west": {"uv": [7.655, 14.5, 8.3425, 14.625], "texture": "#wood"},
				"down": {"uv": [0.75, 8.3425, 0, 7.655], "texture": "#wood"}
			}
		},
		{
			"from": [27, 2.625, 7.3125],
			"to": [27.5, 2.75, 8.6875],
			"faces": {
				"north": {"uv": [0.25, 14.625, 0.5, 14.6875], "texture": "#wood"},
				"south": {"uv": [15.5, 14.625, 15.75, 14.6875], "texture": "#wood"},
				"west": {"uv": [7.655, 14.625, 8.3425, 14.6875], "texture": "#wood"},
				"down": {"uv": [0.5, 8.3425, 0.25, 7.655], "texture": "#wood"}
			}
		},
		{
			"from": [27.5, 2.5, 7.3125],
			"to": [28, 2.75, 8.6875],
			"faces": {
				"north": {"uv": [0, 14.625, 0.25, 14.75], "texture": "#wood"},
				"east": {"uv": [7.6575, 14.625, 8.345, 14.75], "texture": "#wood"},
				"south": {"uv": [15.75, 14.625, 16, 14.75], "texture": "#wood"},
				"west": {"uv": [7.655, 14.625, 8.3425, 14.75], "texture": "#wood"},
				"down": {"uv": [0.25, 8.3425, 0, 7.655], "texture": "#wood"}
			}
		},
		{
			"from": [11.125, 8.375, 7.625],
			"to": [11.875, 10, 8.375],
			"faces": {
				"north": {"uv": [8.0625, 11, 8.4375, 11.8125], "texture": "#bright_gun_texture"},
				"east": {"uv": [7.8125, 11, 8.1875, 11.8125], "texture": "#bright_gun_texture"},
				"south": {"uv": [7.5625, 11, 7.9375, 11.8125], "texture": "#bright_gun_texture"},
				"west": {"uv": [7.8125, 11, 8.1875, 11.8125], "texture": "#bright_gun_texture"},
				"up": {"uv": [7.5625, 7.8125, 7.9375, 8.1875], "texture": "#bright_gun_texture"}
			}
		},
		{
			"from": [15.5, 8.375, 7.625],
			"to": [16.25, 10, 8.375],
			"faces": {
				"north": {"uv": [5.875, 11, 6.25, 11.8125], "texture": "#bright_gun_texture"},
				"east": {"uv": [7.8125, 11, 8.1875, 11.8125], "texture": "#bright_gun_texture"},
				"south": {"uv": [9.75, 11, 10.125, 11.8125], "texture": "#bright_gun_texture"},
				"west": {"uv": [7.8125, 11, 8.1875, 11.8125], "texture": "#bright_gun_texture"},
				"up": {"uv": [9.75, 7.8125, 10.125, 8.1875], "texture": "#bright_gun_texture"}
			}
		},
		{
			"from": [11.625, 8.375, 8.125],
			"to": [15.625, 8.625, 8.375],
			"faces": {
				"north": {"uv": [6.1875, 11.6875, 8.1875, 11.8125], "texture": "#bright_gun_texture"},
				"east": {"uv": [7.8125, 11.6875, 7.9375, 11.8125], "texture": "#bright_gun_texture"},
				"south": {"uv": [7.8125, 11.6875, 9.8125, 11.8125], "texture": "#bright_gun_texture"},
				"west": {"uv": [8.0625, 11.6875, 8.1875, 11.8125], "texture": "#bright_gun_texture"},
				"up": {"uv": [7.8125, 8.0625, 9.8125, 8.1875], "texture": "#bright_gun_texture"},
				"down": {"uv": [8.1875, 8.1875, 6.1875, 8.0625], "texture": "#bright_gun_texture"}
			}
		},
		{
			"from": [17.875, 9.1875, 7.5625],
			"to": [19, 10.0625, 8.4375],
			"faces": {
				"north": {"uv": [9.125, 6, 10.25, 6.875], "texture": "#bright_gun_texture"},
				"east": {"uv": [5.75, 3.75, 6.625, 4.625], "texture": "#bright_gun_texture"},
				"south": {"uv": [9.125, 6, 10.25, 6.875], "texture": "#bright_gun_texture"},
				"west": {"uv": [9.125, 6.125, 10, 7], "texture": "#bright_gun_texture"},
				"up": {"uv": [9.125, 6.125, 10.25, 7], "texture": "#bright_gun_texture"},
				"down": {"uv": [9.125, 6.125, 10.25, 7], "texture": "#bright_gun_texture"}
			}
		},
		{
			"from": [10.375, 9.3125, 7.6875],
			"to": [17.875, 9.9375, 8.3125],
			"faces": {
				"north": {"uv": [5.0625, 11.0313, 8.8125, 11.3438], "texture": "#bright_gun_texture"},
				"east": {"uv": [7.84375, 11.0313, 8.15625, 11.3438], "texture": "#bright_gun_texture"},
				"south": {"uv": [7.1875, 11.0313, 10.9375, 11.3438], "texture": "#bright_gun_texture"},
				"west": {"uv": [7.84375, 11.0313, 8.15625, 11.3438], "texture": "#bright_gun_texture"},
				"up": {"uv": [7.1875, 7.84375, 10.9375, 8.15625], "texture": "#bright_gun_texture"},
				"down": {"uv": [8.8125, 8.15625, 5.0625, 7.84375], "texture": "#bright_gun_texture"}
			}
		},
		{
			"from": [13.625, 9.9375, 7.8125],
			"to": [14.125, 10.1875, 8.1875],
			"faces": {
				"north": {"uv": [6.9375, 10.9063, 7.1875, 11.0313], "texture": "#bright_gun_texture"},
				"east": {"uv": [7.90625, 10.9063, 8.09375, 11.0313], "texture": "#bright_gun_texture"},
				"south": {"uv": [8.8125, 10.9063, 9.0625, 11.0313], "texture": "#bright_gun_texture"},
				"west": {"uv": [7.90625, 10.9063, 8.09375, 11.0313], "texture": "#bright_gun_texture"},
				"up": {"uv": [8.8125, 7.90625, 9.0625, 8.09375], "texture": "#bright_gun_texture"},
				"down": {"uv": [7.1875, 8.09375, 6.9375, 7.90625], "texture": "#bright_gun_texture"}
			}
		},
		{
			"from": [28, 3.375, 7.3125],
			"to": [28.25, 7.125, 8.6875],
			"faces": {
				"north": {"uv": [15, 12.4375, 15.125, 14.3125], "texture": "#wood"},
				"east": {"uv": [7.625, 12.4375, 8.25, 14.3125], "texture": "#wood"},
				"south": {"uv": [15, 12.4375, 15.125, 14.3125], "texture": "#wood"},
				"west": {"uv": [7.625, 12.4375, 8.25, 14.3125], "texture": "#wood"},
				"up": {"uv": [15, 7.625, 15.125, 8.25], "texture": "#wood"}
			}
		},
		{
			"from": [1.375, 8, 7.375],
			"to": [5.375, 8.375, 8.625],
			"faces": {
				"north": {"uv": [11.3125, 11.8125, 13.3125, 12], "texture": "#wood"},
				"east": {"uv": [7.6875, 11.8125, 8.3125, 12], "texture": "#wood"},
				"south": {"uv": [2.6875, 11.8125, 4.6875, 12], "texture": "#wood"},
				"west": {"uv": [7.6875, 11.8125, 8.3125, 12], "texture": "#wood"},
				"up": {"uv": [2.6875, 7.6875, 4.6875, 8.3125], "texture": "#wood"},
				"down": {"uv": [13.3125, 8.3125, 11.3125, 7.6875], "texture": "#wood"}
			}
		},
		{
			"from": [0.875, 7, 7.375],
			"to": [1.375, 8.375, 8.625],
			"faces": {
				"north": {"uv": [13.3125, 11.8125, 13.5625, 12.5], "texture": "#bright_gun_texture"},
				"east": {"uv": [7.6875, 11.8125, 8.3125, 12.5], "texture": "#bright_gun_texture"},
				"south": {"uv": [2.4375, 11.8125, 2.6875, 12.5], "texture": "#bright_gun_texture"},
				"west": {"uv": [7.6875, 11.8125, 8.3125, 12.5], "texture": "#bright_gun_texture"},
				"up": {"uv": [2.4375, 7.6875, 2.6875, 8.3125], "texture": "#bright_gun_texture"},
				"down": {"uv": [13.5625, 8.3125, 13.3125, 7.6875], "texture": "#bright_gun_texture"}
			}
		},
		{
			"from": [-1.375, 7.625, 7.5625],
			"to": [0.875, 7.875, 8.4375],
			"faces": {
				"north": {"uv": [13.5625, 12.0625, 14.6875, 12.1875], "texture": "#wood"},
				"east": {"uv": [7.78125, 12.0625, 8.21875, 12.1875], "texture": "#wood"},
				"south": {"uv": [1.3125, 12.0625, 2.4375, 12.1875], "texture": "#wood"},
				"west": {"uv": [7.78125, 12.0625, 8.21875, 12.1875], "texture": "#wood"},
				"up": {"uv": [1.3125, 7.78125, 2.4375, 8.21875], "texture": "#wood"},
				"down": {"uv": [14.6875, 8.21875, 13.5625, 7.78125], "texture": "#wood"}
			}
		},
		{
			"from": [-1.375, 7.125, 7.5625],
			"to": [0.875, 7.375, 8.4375],
			"faces": {
				"north": {"uv": [13.5625, 12.3125, 14.6875, 12.4375], "texture": "#wood"},
				"east": {"uv": [7.78125, 12.3125, 8.21875, 12.4375], "texture": "#wood"},
				"south": {"uv": [1.3125, 12.3125, 2.4375, 12.4375], "texture": "#wood"},
				"west": {"uv": [7.78125, 12.3125, 8.21875, 12.4375], "texture": "#wood"},
				"up": {"uv": [1.3125, 7.78125, 2.4375, 8.21875], "texture": "#wood"},
				"down": {"uv": [14.6875, 8.21875, 13.5625, 7.78125], "texture": "#wood"}
			}
		},
		{
			"from": [-1.375, 7.375, 7.5625],
			"to": [0.875, 7.625, 8.4375],
			"faces": {
				"north": {"uv": [13.5625, 12.1875, 14.6875, 12.3125], "texture": "#bright_gun_texture"},
				"east": {"uv": [7.78125, 12.1875, 8.21875, 12.3125], "texture": "#bright_gun_texture"},
				"south": {"uv": [1.3125, 12.1875, 2.4375, 12.3125], "texture": "#bright_gun_texture"},
				"west": {"uv": [7.78125, 12.1875, 8.21875, 12.3125], "texture": "#bright_gun_texture"},
				"up": {"uv": [1.3125, 7.78125, 2.4375, 8.21875], "texture": "#bright_gun_texture"},
				"down": {"uv": [14.6875, 8.21875, 13.5625, 7.78125], "texture": "#bright_gun_texture"}
			}
		},
		{
			"from": [-1.875, 7.125, 7.625],
			"to": [-1.375, 8.3125, 8.375],
			"faces": {
				"north": {"uv": [14.6875, 11.8438, 14.9375, 12.4375], "texture": "#bright_gun_texture"},
				"east": {"uv": [7.8125, 11.8438, 8.1875, 12.4375], "texture": "#bright_gun_texture"},
				"south": {"uv": [1.0625, 11.8438, 1.3125, 12.4375], "texture": "#bright_gun_texture"},
				"west": {"uv": [7.8125, 11.8438, 8.1875, 12.4375], "texture": "#bright_gun_texture"},
				"up": {"uv": [1.0625, 7.8125, 1.3125, 8.1875], "texture": "#bright_gun_texture"},
				"down": {"uv": [14.9375, 8.1875, 14.6875, 7.8125], "texture": "#bright_gun_texture"}
			}
		},
		{
			"from": [-2.875, 7.125, 7.625],
			"to": [-2.375, 8.3125, 8.375],
			"faces": {
				"north": {"uv": [15.1875, 11.8438, 15.4375, 12.4375], "texture": "#bright_gun_texture"},
				"east": {"uv": [7.8125, 11.8438, 8.1875, 12.4375], "texture": "#bright_gun_texture"},
				"south": {"uv": [0.5625, 11.8438, 0.8125, 12.4375], "texture": "#bright_gun_texture"},
				"west": {"uv": [7.8125, 11.8438, 8.1875, 12.4375], "texture": "#bright_gun_texture"},
				"up": {"uv": [0.5625, 7.8125, 0.8125, 8.1875], "texture": "#bright_gun_texture"},
				"down": {"uv": [15.4375, 8.1875, 15.1875, 7.8125], "texture": "#bright_gun_texture"}
			}
		},
		{
			"from": [-2.375, 7.125, 7.625],
			"to": [-1.875, 7.75, 8.375],
			"faces": {
				"north": {"uv": [14.9375, 12.125, 15.1875, 12.4375], "texture": "#bright_gun_texture"},
				"east": {"uv": [7.8125, 12.125, 8.1875, 12.4375], "texture": "#bright_gun_texture"},
				"south": {"uv": [0.8125, 12.125, 1.0625, 12.4375], "texture": "#bright_gun_texture"},
				"west": {"uv": [7.8125, 12.125, 8.1875, 12.4375], "texture": "#bright_gun_texture"},
				"up": {"uv": [0.8125, 7.8125, 1.0625, 8.1875], "texture": "#bright_gun_texture"},
				"down": {"uv": [15.1875, 8.1875, 14.9375, 7.8125], "texture": "#bright_gun_texture"}
			}
		},
		{
			"from": [-3.75, 7.375, 7.875],
			"to": [-2.875, 7.75, 8.125],
			"faces": {
				"north": {"uv": [15.4375, 12.125, 15.875, 12.3125], "texture": "#bright_gun_texture"},
				"east": {"uv": [7.9375, 12.125, 8.0625, 12.3125], "texture": "#bright_gun_texture"},
				"south": {"uv": [0.125, 12.125, 0.5625, 12.3125], "texture": "#bright_gun_texture"},
				"west": {"uv": [7.9375, 12.125, 8.0625, 12.3125], "texture": "#bright_gun_texture"},
				"up": {"uv": [0.125, 7.9375, 0.5625, 8.0625], "texture": "#bright_gun_texture"},
				"down": {"uv": [15.875, 8.0625, 15.4375, 7.9375], "texture": "#bright_gun_texture"}
			}
		},
		{
			"from": [16.71, 6.4375, 7.3125],
			"to": [17.61, 7.0625, 8.6875],
			"rotation": {"angle": -22.5, "axis": "z", "origin": [16.71, 7.0625, 7.3125]},
			"faces": {
				"north": {"uv": [5.195, 12.4688, 5.645, 12.7813], "texture": "#wood"},
				"east": {"uv": [7.6575, 12.4688, 8.345, 12.7813], "texture": "#wood"},
				"south": {"uv": [10.355, 12.4688, 10.805, 12.7813], "texture": "#wood"},
				"west": {"uv": [7.655, 12.4688, 8.3425, 12.7813], "texture": "#wood"},
				"up": {"uv": [10.355, 7.655, 10.805, 8.3425], "texture": "#wood"},
				"down": {"uv": [5.645, 8.3425, 5.195, 7.655], "texture": "#wood"}
			}
		},
		{
			"from": [5.375, 8, 7.625],
			"to": [8.125, 8.375, 8.375],
			"faces": {
				"north": {"uv": [9.9375, 11.8125, 11.3125, 12], "texture": "#bright_gun_texture"},
				"east": {"uv": [7.8125, 11.8125, 8.1875, 12], "texture": "#bright_gun_texture"},
				"south": {"uv": [4.6875, 11.8125, 6.0625, 12], "texture": "#bright_gun_texture"},
				"west": {"uv": [7.8125, 11.8125, 8.1875, 12], "texture": "#bright_gun_texture"},
				"up": {"uv": [4.6875, 7.8125, 6.0625, 8.1875], "texture": "#bright_gun_texture"},
				"down": {"uv": [11.3125, 8.1875, 9.9375, 7.8125], "texture": "#bright_gun_texture"}
			}
		},
		{
			"from": [10.875, 8, 7.625],
			"to": [12.25, 8.375, 8.375],
			"faces": {
				"north": {"uv": [7.875, 11.8125, 8.5625, 12], "texture": "#bright_gun_texture"},
				"east": {"uv": [7.8125, 11.8125, 8.1875, 12], "texture": "#bright_gun_texture"},
				"south": {"uv": [7.4375, 11.8125, 8.125, 12], "texture": "#bright_gun_texture"},
				"west": {"uv": [7.8125, 11.8125, 8.1875, 12], "texture": "#bright_gun_texture"},
				"up": {"uv": [7.4375, 7.8125, 8.125, 8.1875], "texture": "#bright_gun_texture"},
				"down": {"uv": [8.5625, 8.1875, 7.875, 7.8125], "texture": "#bright_gun_texture"}
			}
		},
		{
			"from": [14.875, 8, 7.625],
			"to": [16.25, 8.375, 8.375],
			"faces": {
				"north": {"uv": [5.875, 11.8125, 6.5625, 12], "texture": "#bright_gun_texture"},
				"east": {"uv": [7.8125, 11.8125, 8.1875, 12], "texture": "#bright_gun_texture"},
				"south": {"uv": [9.4375, 11.8125, 10.125, 12], "texture": "#bright_gun_texture"},
				"west": {"uv": [7.8125, 11.8125, 8.1875, 12], "texture": "#bright_gun_texture"},
				"up": {"uv": [9.4375, 7.8125, 10.125, 8.1875], "texture": "#bright_gun_texture"},
				"down": {"uv": [6.5625, 8.1875, 5.875, 7.8125], "texture": "#bright_gun_texture"}
			}
		},
		{
			"from": [16.875, 7.875, 7.625],
			"to": [17.25, 8.375, 8.375],
			"faces": {
				"north": {"uv": [5.375, 11.8125, 5.5625, 12.0625], "texture": "#bright_gun_texture"},
				"east": {"uv": [7.8125, 11.8125, 8.1875, 12.0625], "texture": "#bright_gun_texture"},
				"south": {"uv": [10.4375, 11.8125, 10.625, 12.0625], "texture": "#bright_gun_texture"},
				"west": {"uv": [7.8125, 11.8125, 8.1875, 12.0625], "texture": "#bright_gun_texture"},
				"up": {"uv": [10.4375, 7.8125, 10.625, 8.1875], "texture": "#bright_gun_texture"},
				"down": {"uv": [5.5625, 8.1875, 5.375, 7.8125], "texture": "#bright_gun_texture"}
			}
		},
		{
			"from": [9.25, 9.1875, 7.5625],
			"to": [10.375, 10.0625, 8.4375],
			"faces": {
				"north": {"uv": [9.125, 6, 10.25, 6.875], "texture": "#bright_gun_texture"},
				"east": {"uv": [9.125, 6.125, 10, 7], "texture": "#bright_gun_texture"},
				"south": {"uv": [9.125, 6, 10.25, 6.875], "texture": "#bright_gun_texture"},
				"west": {"uv": [5.75, 3.75, 6.625, 4.625], "texture": "#bright_gun_texture"},
				"up": {"uv": [9.125, 6.125, 10.25, 7], "texture": "#bright_gun_texture"},
				"down": {"uv": [9.125, 6.125, 10.25, 7], "texture": "#bright_gun_texture"}
			}
		}
	],
	"display": {
		"thirdperson_righthand": {
			"rotation": [-180, -90, 130],
			"translation": [0, 6.5, -1],
			"scale": [0.7, 0.7, 0.7]
		},
		"thirdperson_lefthand": {
			"rotation": [0, 90, 180],
			"translation": [0, 1, 14],
			"scale": [0.7, 0.7, 0.7]
		},
		"firstperson_righthand": {
			"rotation": [0, -90, 0],
			"translation": [0, 3, -10],
			"scale": [1.1, 1.1, 1.1]
		},
		"firstperson_lefthand": {
			"rotation": [0, 90, 90],
			"translation": [5, 12, -5],
			"scale": [1.1, 1.1, 1.1]
		},
		"ground": {
			"rotation": [90, 0, 0],
			"scale": [0.6, 0.6, 0.6]
		},
		"gui": {
			"rotation": [-20, 40, 0],
			"translation": [-1, 0, 0],
			"scale": [0.5, 0.5, 0.5]
		},
		"head": {
			"rotation": [0, -90, 0],
			"translation": [0, 12, 0],
			"scale": [0.6, 0.6, 0.6]
		},
		"fixed": {
			"translation": [-2, 0, -1]
		}
	}
}