{
"__comment": "© Le0, Mineland.eu 2019 | www.mineland.eu",
"textures": {
    "bright_gun_texture": "guns/pusky/bright_gun_texture",
    "light_gun_texture": "guns/pusky/light_gun_texture",
    "wood": "guns/pusky/wood"
},
"elements":[
{
"from":[-8,8.1875,7.75],
"to":[-5,8.6875,8.25],
"faces":{
"down":{"uv":[8,7.75,11,8.25],"texture":"#bright_gun_texture","cullface":"west"},
"up":{"uv":[8,7.75,11,8.25],"texture":"#bright_gun_texture","cullface":"west"},
"north":{"uv":[5,7.3125,8,7.8125],"texture":"#bright_gun_texture","cullface":"west"},
"south":{"uv":[8,7.3125,11,7.8125],"texture":"#bright_gun_texture","cullface":"west"}
}
},
{
"from":[-9.25,8.775,7.7656],
"to":[-5,9.25,8.240589],
"faces":{
"down":{"uv":[6.75,7.75938,11,8.23437],"texture":"#bright_gun_texture","cullface":"west"},
"up":{"uv":[6.75,7.76563,11,8.24062],"texture":"#bright_gun_texture","cullface":"west"},
"north":{"uv":[5,6.75,9.25,7.225],"texture":"#bright_gun_texture","cullface":"west"},
"south":{"uv":[6.75,6.75,11,7.225],"texture":"#bright_gun_texture","cullface":"west"},
"west":{"uv":[7.76563,6.75,8.24062,7.225],"texture":"#bright_gun_texture","cullface":"west"}
}
},
{
"from":[-8.7031,8.156199,7.6875],
"to":[-7.99997,9.312449,8.3125],
"faces":{
"down":{"uv":[7.29687,7.6875,8,8.3125],"texture":"#bright_gun_texture","cullface":"west"},
"up":{"uv":[7.29687,7.6875,8,8.3125],"texture":"#bright_gun_texture","cullface":"west"},
"north":{"uv":[8,6.6875,8.703129,7.84375],"texture":"#bright_gun_texture","cullface":"west"},
"south":{"uv":[7.29687,6.6875,8,7.84375],"texture":"#bright_gun_texture","cullface":"west"},
"west":{"uv":[7.6875,6.6875,8.3125,7.84375],"texture":"#bright_gun_texture","cullface":"west"},
"east":{"uv":[7.6875,6.6875,8.3125,7.84375],"texture":"#bright_gun_texture","cullface":"west"}
}
},
{
"from":[-5,8,7.5],
"to":[-4.75,9.5,8.5],
"faces":{
"down":{"uv":[11,7.5,11.25,8.5],"texture":"#bright_gun_texture","cullface":"west"},
"up":{"uv":[11,7.5,11.25,8.5],"texture":"#bright_gun_texture","cullface":"west"},
"north":{"uv":[4.75,6.5,5,8],"texture":"#bright_gun_texture","cullface":"west"},
"south":{"uv":[11,6.5,11.25,8],"texture":"#bright_gun_texture","cullface":"west"},
"west":{"uv":[7.5,6.5,8.5,8],"texture":"#bright_gun_texture","cullface":"west"}
}
},
{
"from":[-4.75,7.7656,7.375],
"to":[0.5,9.593729,8.625],
"faces":{
"down":{"uv":[16,8.625,15.5,7.375],"texture":"#wood","cullface":"west"},
"up":{"uv":[0,7.375,0.5,8.625],"texture":"#wood","cullface":"west"},
"north":{"uv":[15.5,6.40625,16,8.23438],"texture":"#wood","cullface":"west"},
"south":{"uv":[0,6.40625,0.5,8.23438],"texture":"#wood","cullface":"west"},
"west":{"uv":[7.375,6.40625,8.625,8.23438],"texture":"#wood","cullface":"west"},
"east":{"uv":[7.375,6.40625,8.625,8.23438],"texture":"#wood","cullface":"west"}
}
},
{
"from":[0.5,7.75,7.375],
"to":[1,9.59375,8.625],
"faces":{
"down":{"uv":[15.5,8.625,15,7.375],"texture":"#bright_gun_texture"},
"up":{"uv":[0.5,7.375,1,8.625],"texture":"#bright_gun_texture"},
"north":{"uv":[15,6.40625,15.5,8.25],"texture":"#bright_gun_texture"},
"south":{"uv":[0.5,6.40625,1,8.25],"texture":"#bright_gun_texture"},
"west":{"uv":[7.375,6.40625,8.625,8.25],"texture":"#bright_gun_texture"},
"east":{"uv":[7.375,6.40625,8.625,8.25],"texture":"#bright_gun_texture"}
}
},
{
"from":[0.75,7.5,7.25],
"to":[1.25,8.75,8.75],
"faces":{
"down":{"uv":[15.25,8.75,14.75,7.25],"texture":"#bright_gun_texture"},
"up":{"uv":[0.75,7.25,1.25,8.75],"texture":"#bright_gun_texture"},
"north":{"uv":[14.75,7.25,15.25,8.5],"texture":"#bright_gun_texture"},
"south":{"uv":[0.75,7.25,1.25,8.5],"texture":"#bright_gun_texture"},
"west":{"uv":[7.25,7.25,8.75,8.5],"texture":"#bright_gun_texture"},
"east":{"uv":[7.25,7.25,8.75,8.5],"texture":"#bright_gun_texture"}
}
},
{
"from":[1.25,7.625,7.25],
"to":[4.625,8.75,8.75],
"faces":{
"down":{"uv":[14.75,8.75,11.375,7.25],"texture":"#wood"},
"up":{"uv":[1.25,7.25,4.625,8.75],"texture":"#wood"},
"north":{"uv":[11.375,7.25,14.75,8.375],"texture":"#wood"},
"south":{"uv":[1.25,7.25,4.625,8.375],"texture":"#wood"},
"east":{"uv":[7.25,7.25,8.75,8.375],"texture":"#wood"}
}
},
{
"from":[1,8.7969,7.375],
"to":[4.625,9.59377,8.625],
"faces":{
"down":{"uv":[15,8.625,11.375,7.375],"texture":"#wood"},
"up":{"uv":[1,7.375,4.625,8.625],"texture":"#wood"},
"north":{"uv":[11.375,6.40625,15,7.20313],"texture":"#wood"},
"south":{"uv":[1,6.40625,4.625,7.20313],"texture":"#wood"},
"west":{"uv":[7.375,6.40625,8.625,7.20313],"texture":"#wood"},
"east":{"uv":[7.375,6.40625,8.625,7.20313],"texture":"#wood"}
}
},
{
"from":[4.625,7.625,7.25],
"to":[15.2188,8.625,8.75],
"faces":{
"down":{"uv":[11.375,8.75,0.7812004,7.25],"texture":"#wood"},
"up":{"uv":[4.625,7.25,15.2188,8.75],"texture":"#wood"},
"north":{"uv":[0.7812,7.375,11.375,8.375],"texture":"#wood"},
"south":{"uv":[4.625,7.375,15.2188,8.375],"texture":"#wood"},
"east":{"uv":[7.25,7.375,8.75,8.375],"texture":"#wood"}
}
},
{
"from":[4.625,9.125,7.375],
"to":[7.5,9.59375,8.625],
"faces":{
"down":{"uv":[11.375,8.625,8.5,7.375],"texture":"#wood"},
"up":{"uv":[4.625,7.375,7.5,8.625],"texture":"#wood"},
"north":{"uv":[8.5,6.40625,11.375,6.875],"texture":"#wood"},
"south":{"uv":[4.625,6.40625,7.5,6.875],"texture":"#wood"},
"west":{"uv":[7.375,6.40625,8.625,6.875],"texture":"#wood"},
"east":{"uv":[7.375,6.40625,8.625,6.875],"texture":"#wood"}
}
},
{
"from":[1,8.625,7.875],
"to":[4.625,9,8.125],
"faces":{
"down":{"uv":[15,8.125,11.375,7.875],"texture":"#bright_gun_texture"},
"up":{"uv":[1,7.875,4.625,8.125],"texture":"#bright_gun_texture"},
"north":{"uv":[11.375,7,15,7.375],"texture":"#bright_gun_texture"},
"south":{"uv":[1,7,4.625,7.375],"texture":"#bright_gun_texture"}
}
},
{
"from":[4.625,8.625,7.5],
"to":[8.625,9.125,8.25],
"faces":{
"up":{"uv":[4.625,7.5,8.625,8.25],"texture":"#bright_gun_texture"},
"north":{"uv":[7.375,6.875,11.375,7.375],"texture":"#bright_gun_texture"},
"south":{"uv":[4.625,6.875,8.625,7.375],"texture":"#bright_gun_texture"},
"west":{"uv":[7.5,6.875,8.25,7.375],"texture":"#bright_gun_texture"}
}
},
{
"from":[7.875,9.125,7.375],
"to":[8.625,9.59375,8.625],
"faces":{
"down":{"uv":[8.125,8.625,7.375,7.375],"texture":"#wood"},
"up":{"uv":[7.875,7.375,8.625,8.625],"texture":"#wood"},
"north":{"uv":[7.375,6.40625,8.125,6.875],"texture":"#wood"},
"south":{"uv":[7.875,6.40625,8.625,6.875],"texture":"#wood"},
"west":{"uv":[7.375,6.40625,8.625,6.875],"texture":"#wood"},
"east":{"uv":[7.375,6.40625,8.625,6.875],"texture":"#wood"}
}
},
{
"from":[7.5,9.125,7.375],
"to":[7.875,9.59375,8.625],
"faces":{
"down":{"uv":[8.5,8.625,8.125,7.375],"texture":"#bright_gun_texture"},
"up":{"uv":[7.5,7.375,7.875,8.625],"texture":"#bright_gun_texture"},
"north":{"uv":[8.125,6.40625,8.5,6.875],"texture":"#bright_gun_texture"},
"south":{"uv":[7.5,6.40625,7.875,6.875],"texture":"#bright_gun_texture"},
"west":{"uv":[7.375,6.40625,8.625,6.875],"texture":"#bright_gun_texture"},
"east":{"uv":[7.375,6.40625,8.625,6.875],"texture":"#bright_gun_texture"}
}
},
{
"from":[9.625,7,7.25],
"to":[10.125,7.375,8.75],
"faces":{
"down":{"uv":[6.375,8.75,5.875,7.25],"texture":"#wood"},
"north":{"uv":[5.875,8.625,6.375,9],"texture":"#wood"},
"south":{"uv":[9.625,8.625,10.125,9],"texture":"#wood"},
"west":{"uv":[7.25,8.625,8.75,9],"texture":"#wood"},
"east":{"uv":[7.25,8.625,8.75,9],"texture":"#wood"}
}
},
{
"from":[8.75,7.125,7.25],
"to":[9.625,7.375,8.75],
"faces":{
"down":{"uv":[7.25,8.75,6.375,7.25],"texture":"#wood"},
"north":{"uv":[6.375,8.625,7.25,8.875],"texture":"#wood"},
"south":{"uv":[8.75,8.625,9.625,8.875],"texture":"#wood"},
"west":{"uv":[7.25,8.625,8.75,8.875],"texture":"#wood"}
}
},
{
"from":[10.125,7.125,7.3125],
"to":[12.625,7.375,8.6875],
"faces":{
"down":{"uv":[5.875,8.6875,3.375,7.3125],"texture":"#bright_gun_texture"},
"north":{"uv":[3.375,8.625,5.875,8.875],"texture":"#bright_gun_texture"},
"south":{"uv":[10.125,8.625,12.625,8.875],"texture":"#bright_gun_texture"}
}
},
{
"from":[12.625,7,7.25],
"to":[15.5,7.375,8.75],
"faces":{
"down":{"uv":[3.375,8.75,0.5,7.25],"texture":"#wood"},
"north":{"uv":[0.5,8.625,3.375,9],"texture":"#wood"},
"south":{"uv":[12.625,8.625,15.5,9],"texture":"#wood"},
"west":{"uv":[7.25,8.625,8.75,9],"texture":"#wood"},
"east":{"uv":[7.25,8.625,8.75,9],"texture":"#wood"}
}
},
{
"from":[4.625,8.6875,8.25],
"to":[8.625,9.125,8.625],
"faces":{
"down":{"uv":[11.375,8.625,7.375,8.25],"texture":"#wood"},
"up":{"uv":[4.625,8.25,8.625,8.625],"texture":"#wood"},
"south":{"uv":[4.625,6.875,8.625,7.3125],"texture":"#wood"},
"west":{"uv":[8.25,6.875,8.625,7.3125],"texture":"#wood"}
}
},
{
"from":[5.75,7.375,7.25],
"to":[15.5,7.625,8.75],
"faces":{
"down":{"uv":[10.25,8.75,0.5,7.25],"texture":"#wood"},
"up":{"uv":[5.75,7.25,15.5,8.75],"texture":"#wood"},
"north":{"uv":[0.5,8.375,10.25,8.625],"texture":"#wood"},
"south":{"uv":[5.75,8.375,15.5,8.625],"texture":"#wood"},
"west":{"uv":[7.25,8.375,8.75,8.625],"texture":"#wood"},
"east":{"uv":[7.25,8.375,8.75,8.625],"texture":"#wood"}
}
},
{
"from":[4.3125,7.5,7.25],
"to":[5.75,7.625,8.75],
"faces":{
"down":{"uv":[11.6875,8.75,10.25,7.25],"texture":"#wood"},
"up":{"uv":[4.3125,7.25,5.75,8.75],"texture":"#wood"},
"north":{"uv":[10.25,8.375,11.6875,8.5],"texture":"#wood"},
"south":{"uv":[4.3125,8.375,5.75,8.5],"texture":"#wood"},
"west":{"uv":[7.25,8.375,8.75,8.5],"texture":"#wood"}
}
},
{
"from":[7.375,7.25,7.25],
"to":[8.75,7.375,8.75],
"faces":{
"down":{"uv":[8.625,8.75,7.25,7.25],"texture":"#wood"},
"north":{"uv":[7.25,8.625,8.625,8.75],"texture":"#wood"},
"south":{"uv":[7.375,8.625,8.75,8.75],"texture":"#wood"},
"west":{"uv":[7.25,8.625,8.75,8.75],"texture":"#wood"}
}
},
{
"from":[8.625,8.5625,7.375],
"to":[13.8438,9.125,8.625],
"faces":{
"down":{"uv":[7.375,8.625,2.15625,7.375],"texture":"#light_gun_texture"},
"up":{"uv":[8.625,7.375,13.8438,8.625],"texture":"#light_gun_texture"},
"north":{"uv":[2.15625,6.875,7.375,7.4375],"texture":"#light_gun_texture"},
"south":{"uv":[8.625,6.875,13.8438,7.4375],"texture":"#light_gun_texture"},
"west":{"uv":[7.375,6.875,8.625,7.4375],"texture":"#light_gun_texture"},
"east":{"uv":[7.375,6.875,8.625,7.4375],"texture":"#light_gun_texture"}
}
},
{
"from":[15.2188,7.4375,7.25],
"to":[17.6563,8.625,8.75],
"rotation":{"origin":[15.2188,8.625,7.25],"axis":"z","angle":-22.5},
"faces":{
"down":{"uv":[5.1875,7.25,7.625,8.75],"texture":"#wood","cullface":"east"},
"up":{"uv":[5.1875,7.25,7.625,8.75],"texture":"#wood","cullface":"east"},
"north":{"uv":[5.1875,7.375,7.625,8.5625],"texture":"#wood","cullface":"east"},
"south":{"uv":[5.1875,7.375,7.625,8.5625],"texture":"#wood","cullface":"east"},
"west":{"uv":[7.25,7.375,8.75,8.5625],"texture":"#wood","cullface":"east"},
"east":{"uv":[7.25,7.375,8.75,8.5625],"texture":"#wood","cullface":"east"}
}
},
{
"from":[15.375,5.0625,7.25],
"to":[16.625,7.25,8.75],
"rotation":{"origin":[15.375,7.25,7.25],"axis":"z","angle":22.5},
"faces":{
"down":{"uv":[5.375,7.25,6.625,8.75],"texture":"#wood","cullface":"east"},
"up":{"uv":[5.375,7.25,6.625,8.75],"texture":"#wood","cullface":"east"},
"north":{"uv":[5.375,8.75,6.625,10.9375],"texture":"#wood","cullface":"east"},
"south":{"uv":[5.375,8.75,6.625,10.9375],"texture":"#wood","cullface":"east"},
"west":{"uv":[7.25,8.75,8.75,10.9375],"texture":"#wood","cullface":"east"},
"east":{"uv":[7.25,8.75,8.75,10.9375],"texture":"#wood","cullface":"east"}
}
},
{
"from":[16.2188,5.2188,7.25],
"to":[17.3438,5.7188,8.75],
"faces":{
"down":{"uv":[6.1875,7.25,7.3125,8.75],"texture":"#wood","cullface":"east"},
"up":{"uv":[6.1875,7.25,7.3125,8.75],"texture":"#wood","cullface":"east"},
"north":{"uv":[6.1875,10.25,7.3125,10.75],"texture":"#wood","cullface":"east"},
"south":{"uv":[6.1875,10.25,7.3125,10.75],"texture":"#wood","cullface":"east"},
"west":{"uv":[7.25,10.25,8.75,10.75],"texture":"#wood","cullface":"east"},
"east":{"uv":[7.25,10.25,8.75,10.75],"texture":"#wood","cullface":"east"}
}
},
{
"from":[16.8125,5.25,7.25],
"to":[24.125,7.6875,8.75],
"faces":{
"down":{"uv":[6.8125,7.25,14.125,8.75],"texture":"#wood","cullface":"east"},
"up":{"uv":[6.8125,7.25,14.125,8.75],"texture":"#wood","cullface":"east"},
"north":{"uv":[7.0625,0,11.1875,1.25],"texture":"#wood","cullface":"east"},
"south":{"uv":[11.1875,0,7.0625,1.25],"texture":"#wood","cullface":"east"},
"west":{"uv":[7.25,8.3125,8.75,10.75],"texture":"#wood","cullface":"east"},
"east":{"uv":[7.25,8.3125,8.75,10.75],"texture":"#wood","cullface":"east"}
}
},
{
"from":[17.3438,5.125,7.25],
"to":[18.5,5.25,8.75],
"faces":{
"down":{"uv":[7.3125,7.25,8.4375,8.75],"texture":"#wood","cullface":"east"},
"north":{"uv":[7.3125,10.75,8.4375,10.875],"texture":"#wood","cullface":"east"},
"south":{"uv":[7.3125,10.75,8.4375,10.875],"texture":"#wood","cullface":"east"},
"west":{"uv":[7.25,10.75,8.75,10.875],"texture":"#wood","cullface":"east"}
}
},
{
"from":[18,5,7.25],
"to":[18.5,5.125,8.75],
"faces":{
"down":{"uv":[8,7.25,8.5,8.75],"texture":"#wood","cullface":"east"},
"north":{"uv":[8,10.875,8.5,11],"texture":"#wood","cullface":"east"},
"south":{"uv":[8,10.875,8.5,11],"texture":"#wood","cullface":"east"},
"west":{"uv":[7.25,10.875,8.75,11],"texture":"#wood","cullface":"east"}
}
},
{
"from":[18.5,4.875,7.25],
"to":[19.5,5,8.75],
"faces":{
"down":{"uv":[8.5,7.25,9.5,8.75],"texture":"#wood","cullface":"east"},
"north":{"uv":[8.5,11,9.5,11.125],"texture":"#wood","cullface":"east"},
"south":{"uv":[8.5,11,9.5,11.125],"texture":"#wood","cullface":"east"},
"west":{"uv":[7.25,11,8.75,11.125],"texture":"#wood","cullface":"east"}
}
},
{
"from":[19,4.75,7.25],
"to":[19.5,4.875,8.75],
"faces":{
"down":{"uv":[9,7.25,9.5,8.75],"texture":"#wood","cullface":"east"},
"north":{"uv":[9,11.125,9.5,11.25],"texture":"#wood","cullface":"east"},
"south":{"uv":[9,11.125,9.5,11.25],"texture":"#wood","cullface":"east"},
"west":{"uv":[7.25,11.125,8.75,11.25],"texture":"#wood","cullface":"east"}
}
},
{
"from":[19.5,4.625,7.25],
"to":[20.5,4.75,8.75],
"faces":{
"down":{"uv":[9.5,7.25,10.5,8.75],"texture":"#wood","cullface":"east"},
"north":{"uv":[9.5,11.25,10.5,11.375],"texture":"#wood","cullface":"east"},
"south":{"uv":[9.5,11.25,10.5,11.375],"texture":"#wood","cullface":"east"},
"west":{"uv":[7.25,11.25,8.75,11.375],"texture":"#wood","cullface":"east"}
}
},
{
"from":[20,4.5,7.25],
"to":[20.5,4.625,8.75],
"faces":{
"down":{"uv":[10,7.25,10.5,8.75],"texture":"#wood","cullface":"east"},
"north":{"uv":[10,11.375,10.5,11.5],"texture":"#wood","cullface":"east"},
"south":{"uv":[10,11.375,10.5,11.5],"texture":"#wood","cullface":"east"},
"west":{"uv":[7.25,11.375,8.75,11.5],"texture":"#wood","cullface":"east"}
}
},
{
"from":[20.5,4.375,7.25],
"to":[21.5,4.5,8.75],
"faces":{
"down":{"uv":[10.5,7.25,11.5,8.75],"texture":"#wood","cullface":"east"},
"north":{"uv":[10.5,11.5,11.5,11.625],"texture":"#wood","cullface":"east"},
"south":{"uv":[10.5,11.5,11.5,11.625],"texture":"#wood","cullface":"east"},
"west":{"uv":[7.25,11.5,8.75,11.625],"texture":"#wood","cullface":"east"}
}
},
{
"from":[21,4.25,7.25],
"to":[21.5,4.375,8.75],
"faces":{
"down":{"uv":[11,7.25,11.5,8.75],"texture":"#wood","cullface":"east"},
"north":{"uv":[11,11.625,11.5,11.75],"texture":"#wood","cullface":"east"},
"south":{"uv":[11,11.625,11.5,11.75],"texture":"#wood","cullface":"east"},
"west":{"uv":[7.25,11.625,8.75,11.75],"texture":"#wood","cullface":"east"}
}
},
{
"from":[21.5,4.125,7.25],
"to":[22.5,4.25,8.75],
"faces":{
"down":{"uv":[11.5,7.25,12.5,8.75],"texture":"#wood","cullface":"east"},
"north":{"uv":[11.5,11.75,12.5,11.875],"texture":"#wood","cullface":"east"},
"south":{"uv":[11.5,11.75,12.5,11.875],"texture":"#wood","cullface":"east"},
"west":{"uv":[7.25,11.75,8.75,11.875],"texture":"#wood","cullface":"east"}
}
},
{
"from":[18.5,5,7.25],
"to":[19.5,5.25,8.75],
"faces":{
"north":{"uv":[8.5,10.75,9.5,11],"texture":"#wood","cullface":"east"},
"south":{"uv":[8.5,10.75,9.5,11],"texture":"#wood","cullface":"east"},
"west":{"uv":[7.25,10.75,8.75,11],"texture":"#wood","cullface":"east"}
}
},
{
"from":[20.5,4.75,7.25],
"to":[24.125,5.25,8.75],
"faces":{
"down":{"uv":[10.5,7.25,14.125,8.75],"texture":"#wood","cullface":"east"},
"north":{"uv":[9.8125,0,15.5,0.8125],"texture":"#wood","cullface":"east"},
"south":{"uv":[9.8125,0,15.5,0.8125],"texture":"#wood","cullface":"east"},
"east":{"uv":[7.25,10.75,8.75,11.25],"texture":"#wood","cullface":"east"}
}
},
{
"from":[20.5,4.5,7.25],
"to":[21.5,4.75,8.75],
"faces":{
"north":{"uv":[10.5,11.25,11.5,11.5],"texture":"#wood","cullface":"east"},
"south":{"uv":[10.5,11.25,11.5,11.5],"texture":"#wood","cullface":"east"},
"west":{"uv":[7.25,11.25,8.75,11.5],"texture":"#wood","cullface":"east"}
}
},
{
"from":[23.5,3.75,7.25],
"to":[24,4,8.75],
"faces":{
"north":{"uv":[13.5,12,14,12.25],"texture":"#wood","cullface":"east"},
"south":{"uv":[13.5,12,14,12.25],"texture":"#wood","cullface":"east"},
"west":{"uv":[7.25,12,8.75,12.25],"texture":"#wood","cullface":"east"},
"east":{"uv":[7.25,12,8.75,12.25],"texture":"#wood","cullface":"east"}
}
},
{
"from":[22,4,7.25],
"to":[22.5,4.125,8.75],
"faces":{
"down":{"uv":[12,7.25,12.5,8.75],"texture":"#wood","cullface":"east"},
"north":{"uv":[12,11.875,12.5,12],"texture":"#wood","cullface":"east"},
"south":{"uv":[12,11.875,12.5,12],"texture":"#wood","cullface":"east"},
"west":{"uv":[7.25,11.875,8.75,12],"texture":"#wood","cullface":"east"}
}
},
{
"from":[22.5,3.875,7.25],
"to":[23.5,4,8.75],
"faces":{
"down":{"uv":[12.5,7.25,13.5,8.75],"texture":"#wood","cullface":"east"},
"north":{"uv":[12.5,12,13.5,12.125],"texture":"#wood","cullface":"east"},
"south":{"uv":[12.5,12,13.5,12.125],"texture":"#wood","cullface":"east"},
"west":{"uv":[7.25,12,8.75,12.125],"texture":"#wood","cullface":"east"}
}
},
{
"from":[23,3.75,7.25],
"to":[23.5,3.875,8.75],
"faces":{
"down":{"uv":[13,7.25,13.5,8.75],"texture":"#wood","cullface":"east"},
"north":{"uv":[13,12.125,13.5,12.25],"texture":"#wood","cullface":"east"},
"south":{"uv":[13,12.125,13.5,12.25],"texture":"#wood","cullface":"east"},
"west":{"uv":[7.25,12.125,8.75,12.25],"texture":"#wood","cullface":"east"}
}
},
{
"from":[23.5,3.625,7.25],
"to":[24,3.75,8.75],
"faces":{
"down":{"uv":[13.5,7.25,14,8.75],"texture":"#wood","cullface":"east"},
"north":{"uv":[13.5,12.25,14,12.375],"texture":"#wood","cullface":"east"},
"south":{"uv":[13.5,12.25,14,12.375],"texture":"#wood","cullface":"east"},
"west":{"uv":[7.25,12.25,8.75,12.375],"texture":"#wood","cullface":"east"},
"east":{"uv":[7.25,12.25,8.75,12.375],"texture":"#wood","cullface":"east"}
}
},
{
"from":[19.5,4.75,7.25],
"to":[20.5,5.25,8.75],
"faces":{
"north":{"uv":[9.5,10.75,10.5,11.25],"texture":"#wood","cullface":"east"},
"south":{"uv":[9.5,10.75,10.5,11.25],"texture":"#wood","cullface":"east"},
"west":{"uv":[8.25,0,9.75,0.5],"texture":"#wood","cullface":"east"}
}
},
{
"from":[21.5,4.25,7.25],
"to":[22.5,4.75,8.75],
"faces":{
"north":{"uv":[11.5,11.25,12.5,11.75],"texture":"#wood","cullface":"east"},
"south":{"uv":[11.5,11.25,12.5,11.75],"texture":"#wood","cullface":"east"},
"west":{"uv":[7.25,11.25,8.75,11.75],"texture":"#wood","cullface":"east"}
}
},
{
"from":[22.5,4,7.25],
"to":[24,4.75,8.75],
"faces":{
"down":{"uv":[12.5,7.25,14,8.75],"texture":"#wood","cullface":"east"},
"north":{"uv":[12.5,11.25,14,12],"texture":"#wood","cullface":"east"},
"south":{"uv":[12.5,11.25,14,12],"texture":"#wood","cullface":"east"},
"west":{"uv":[7.25,11.25,8.75,12],"texture":"#wood","cullface":"east"},
"east":{"uv":[7.25,11.25,8.75,12],"texture":"#wood","cullface":"east"}
}
},
{
"from":[24.125,5.9375,7.25],
"to":[24.25,7.6875,8.75],
"faces":{
"down":{"uv":[0,10.5,0,7.5],"texture":"#wood","cullface":"east"},
"up":{"uv":[16,7.5,16,10.5],"texture":"#wood","cullface":"east"},
"north":{"uv":[0,0,0,3],"texture":"#wood","cullface":"east"},
"south":{"uv":[16,0,16,3],"texture":"#wood","cullface":"east"},
"east":{"uv":[5.5,0,8.5,3],"texture":"#wood","cullface":"east"}
}
},
{
"from":[17.89,7.1975,7.25],
"to":[18.515,7.6975,8.75],
"rotation":{"origin":[17.89,7.6975,7.25],"axis":"z","angle":22.5},
"faces":{
"down":{"uv":[7.875,7.25,8.5,8.75],"texture":"#wood","cullface":"east"},
"up":{"uv":[7.875,7.25,8.5,8.75],"texture":"#wood","cullface":"east"},
"north":{"uv":[7.875,8.25,8.5,8.75],"texture":"#wood","cullface":"east"},
"south":{"uv":[7.875,8.25,8.5,8.75],"texture":"#wood","cullface":"east"},
"west":{"uv":[7.25,8.25,8.75,8.75],"texture":"#wood","cullface":"east"},
"east":{"uv":[7.25,8.25,8.75,8.75],"texture":"#wood","cullface":"east"}
}
},
{
"from":[18.4688,7.625,7.25],
"to":[24.25,7.9375,8.75],
"faces":{
"down":{"uv":[8.4375,7.25,14.1875,8.75],"texture":"#wood","cullface":"east"},
"up":{"uv":[8.4375,7.25,14.1875,8.75],"texture":"#wood","cullface":"east"},
"north":{"uv":[8.4375,8.0625,14.1875,8.375],"texture":"#wood","cullface":"east"},
"south":{"uv":[8.4375,8.0625,14.1875,8.375],"texture":"#wood","cullface":"east"},
"west":{"uv":[7.25,8.0625,8.75,8.375],"texture":"#wood","cullface":"east"},
"east":{"uv":[7.25,8.0625,8.75,8.375],"texture":"#wood","cullface":"east"}
}
},
{
"from":[14.75,7,7.25],
"to":[16,7.625,8.75],
"rotation":{"origin":[14.75,7.625,7.25],"axis":"z","angle":-22.5},
"faces":{
"down":{"uv":[14.75,7.25,16,8.75],"texture":"#wood"},
"up":{"uv":[14.75,7.25,16,8.75],"texture":"#wood"},
"north":{"uv":[14.75,8.375,16,9],"texture":"#wood"},
"south":{"uv":[14.75,8.375,16,9],"texture":"#wood"},
"west":{"uv":[7.25,8.375,8.75,9],"texture":"#wood"},
"east":{"uv":[7.25,8.375,8.75,9],"texture":"#wood","cullface":"east"}
}
},
{
"from":[13,6.75,7.75],
"to":[13.125,7.25,8.25],
"rotation":{"origin":[13,7.25,7.75],"axis":"z","angle":22.5},
"faces":{
"down":{"uv":[13.19134,7.75,13.31634,8.25],"texture":"#light_gun_texture"},
"up":{"uv":[13.19134,7.75,13.31634,8.25],"texture":"#light_gun_texture"},
"north":{"uv":[2.683659,8.71194,2.808659,9.21194],"texture":"#light_gun_texture"},
"south":{"uv":[13.19134,8.71194,13.31634,9.21194],"texture":"#light_gun_texture"},
"west":{"uv":[7.75,8.71194,8.25,9.21194],"texture":"#light_gun_texture"},
"east":{"uv":[7.75,8.71194,8.25,9.21194],"texture":"#light_gun_texture"}
}
},
{
"from":[14.4375,6.625,7.75],
"to":[14.5625,7.125,8.25],
"faces":{
"up":{"uv":[14.4375,7.75,14.5625,8.25],"texture":"#light_gun_texture"},
"north":{"uv":[1.4375,8.875,1.5625,9.375],"texture":"#light_gun_texture"},
"south":{"uv":[14.4375,8.875,14.5625,9.375],"texture":"#light_gun_texture"},
"west":{"uv":[7.75,8.875,8.25,9.375],"texture":"#light_gun_texture"},
"east":{"uv":[7.75,8.875,8.25,9.375],"texture":"#light_gun_texture"}
}
},
{
"from":[14.4475,6.3025,7.75],
"to":[14.5725,6.6775,8.25],
"rotation":{"origin":[14.4475,6.6775,7.75],"axis":"z","angle":-22.5},
"faces":{
"down":{"uv":[14.30399,7.75,14.42899,8.25],"texture":"#light_gun_texture"},
"up":{"uv":[14.30399,7.75,14.42899,8.25],"texture":"#light_gun_texture"},
"north":{"uv":[1.571006,9.293955,1.696006,9.668955],"texture":"#light_gun_texture"},
"south":{"uv":[14.30399,9.293955,14.42899,9.668955],"texture":"#light_gun_texture"},
"west":{"uv":[7.75,9.293955,8.25,9.668955],"texture":"#light_gun_texture"},
"east":{"uv":[7.75,9.293955,8.25,9.668955],"texture":"#light_gun_texture"}
}
},
{
"from":[13.1825,6.47,7.75],
"to":[13.3075,6.845,8.25],
"faces":{
"down":{"uv":[13.1825,7.75,13.3075,8.25],"texture":"#light_gun_texture"},
"up":{"uv":[13.1825,7.75,13.3075,8.25],"texture":"#light_gun_texture"},
"north":{"uv":[2.6925,9.155001,2.8175,9.530001],"texture":"#light_gun_texture"},
"south":{"uv":[13.1825,9.155001,13.3075,9.530001],"texture":"#light_gun_texture"},
"west":{"uv":[7.75,9.155001,8.25,9.530001],"texture":"#light_gun_texture"},
"east":{"uv":[7.75,9.155001,8.25,9.530001],"texture":"#light_gun_texture"}
}
},
{
"from":[13.1825,6.2225,7.75],
"to":[13.3075,6.4725,8.25],
"rotation":{"origin":[13.1825,6.4725,7.75],"axis":"z","angle":22.5},
"faces":{
"down":{"uv":[13.27817,7.75,13.40317,8.25],"texture":"#light_gun_texture"},
"up":{"uv":[13.27817,7.75,13.40317,8.25],"texture":"#light_gun_texture"},
"north":{"uv":[2.596829,9.508471,2.721829,9.758471],"texture":"#light_gun_texture"},
"south":{"uv":[13.27817,9.508471,13.40317,9.758471],"texture":"#light_gun_texture"},
"west":{"uv":[7.75,9.508471,8.25,9.758471],"texture":"#light_gun_texture"},
"east":{"uv":[7.75,9.508471,8.25,9.758471],"texture":"#light_gun_texture"}
}
},
{
"from":[13.2763,5.995,7.75],
"to":[13.4013,6.245,8.25],
"rotation":{"origin":[13.2763,6.245,7.75],"axis":"z","angle":45},
"faces":{
"down":{"uv":[13.45308,7.75,13.57808,8.25],"texture":"#light_gun_texture"},
"up":{"uv":[13.45308,7.75,13.57808,8.25],"texture":"#light_gun_texture"},
"north":{"uv":[2.421923,9.681777,2.546923,9.931777],"texture":"#light_gun_texture"},
"south":{"uv":[13.45308,9.681777,13.57808,9.931777],"texture":"#light_gun_texture"},
"west":{"uv":[7.75,9.681777,8.25,9.931777],"texture":"#light_gun_texture"},
"east":{"uv":[7.75,9.681777,8.25,9.931777],"texture":"#light_gun_texture"}
}
},
{
"from":[13.495,6.0625,7.75],
"to":[13.745,6.1875,8.25],
"rotation":{"origin":[13.495,6.1875,7.75],"axis":"z","angle":-22.5},
"faces":{
"down":{"uv":[13.44716,7.75,13.69716,8.25],"texture":"#light_gun_texture"},
"up":{"uv":[13.44716,7.75,13.69716,8.25],"texture":"#light_gun_texture"},
"north":{"uv":[2.302835,9.802984,2.552835,9.927984],"texture":"#light_gun_texture"},
"south":{"uv":[13.44716,9.802984,13.69716,9.927984],"texture":"#light_gun_texture"},
"west":{"uv":[7.75,9.802984,8.25,9.927984],"texture":"#light_gun_texture"},
"east":{"uv":[7.75,9.802984,8.25,9.927984],"texture":"#light_gun_texture"}
}
},
{
"from":[14.3325,6,7.75],
"to":[14.4575,6.375,8.25],
"rotation":{"origin":[14.3325,6.375,7.75],"axis":"z","angle":-45},
"faces":{
"down":{"uv":[14.06734,7.75,14.19234,8.25],"texture":"#light_gun_texture"},
"up":{"uv":[14.06734,7.75,14.19234,8.25],"texture":"#light_gun_texture"},
"north":{"uv":[1.807665,9.515165,1.932665,9.890165],"texture":"#light_gun_texture"},
"south":{"uv":[14.06734,9.515165,14.19234,9.890165],"texture":"#light_gun_texture"},
"west":{"uv":[7.75,9.515165,8.25,9.890165],"texture":"#light_gun_texture"},
"east":{"uv":[7.75,9.515165,8.25,9.890165],"texture":"#light_gun_texture"}
}
},
{
"from":[13.995,5.9663,7.75],
"to":[14.12,6.0913,8.25],
"rotation":{"origin":[13.995,6.09125,7.75],"axis":"z","angle":22.5},
"faces":{
"down":{"uv":[14.04284,7.75,14.16784,8.25],"texture":"#light_gun_texture"},
"up":{"uv":[14.04284,7.75,14.16784,8.25],"texture":"#light_gun_texture"},
"north":{"uv":[1.832165,9.899235,1.957165,10.02423],"texture":"#light_gun_texture"},
"south":{"uv":[14.04284,9.899235,14.16784,10.02423],"texture":"#light_gun_texture"},
"west":{"uv":[7.75,9.899235,8.25,10.02423],"texture":"#light_gun_texture"},
"east":{"uv":[7.75,9.899235,8.25,10.02423],"texture":"#light_gun_texture"}
}
},
{
"from":[13.6775,5.9738,7.75],
"to":[14.04,6.0988,8.25],
"faces":{
"down":{"uv":[13.6775,7.75,14.04,8.25],"texture":"#light_gun_texture"},
"up":{"uv":[13.6775,7.75,14.04,8.25],"texture":"#light_gun_texture"},
"north":{"uv":[1.96,9.90125,2.3225,10.02625],"texture":"#light_gun_texture"},
"south":{"uv":[13.6775,9.90125,14.04,10.02625],"texture":"#light_gun_texture"},
"west":{"uv":[7.75,9.90125,8.25,10.02625],"texture":"#light_gun_texture"},
"east":{"uv":[7.75,9.90125,8.25,10.02625],"texture":"#light_gun_texture"}
}
},
{
"from":[13.875,6.6875,7.875],
"to":[14,7.1875,8.125],
"rotation":{"origin":[13.875,7.1875,7.875],"axis":"z","angle":22.5},
"faces":{
"down":{"uv":[4,9.5,3.75,8.5],"texture":"#light_gun_texture"},
"up":{"uv":[12,8.5,12.25,9.5],"texture":"#light_gun_texture"},
"north":{"uv":[3.75,1.75,4,2.75],"texture":"#light_gun_texture"},
"south":{"uv":[12,1.75,12.25,2.75],"texture":"#light_gun_texture"},
"west":{"uv":[8.5,1.75,9.5,2.75],"texture":"#light_gun_texture"},
"east":{"uv":[6.5,1.75,7.5,2.75],"texture":"#light_gun_texture"}
}
},
{
"from":[14.055,6.49,7.875],
"to":[14.18,6.77125,8.125],
"faces":{
"down":{"uv":[4,9.5,3.75,8.5],"texture":"#light_gun_texture"},
"up":{"uv":[12,8.5,12.25,9.5],"texture":"#light_gun_texture"},
"north":{"uv":[3.75,1.75,4,2.75],"texture":"#light_gun_texture"},
"south":{"uv":[12,1.75,12.25,2.75],"texture":"#light_gun_texture"},
"west":{"uv":[8.5,1.75,9.5,2.75],"texture":"#light_gun_texture"},
"east":{"uv":[6.5,1.75,7.5,2.75],"texture":"#light_gun_texture"}
}
},
{
"from":[14.0625,6.2612,7.875],
"to":[14.1875,6.54245,8.125],
"rotation":{"origin":[14.0625,6.5425,7.875],"axis":"z","angle":-22.5},
"faces":{
"down":{"uv":[4,9.5,3.75,8.5],"texture":"#light_gun_texture"},
"up":{"uv":[12,8.5,12.25,9.5],"texture":"#light_gun_texture"},
"north":{"uv":[3.75,1.75,4,2.75],"texture":"#light_gun_texture"},
"south":{"uv":[12,1.75,12.25,2.75],"texture":"#light_gun_texture"},
"west":{"uv":[8.5,1.75,9.5,2.75],"texture":"#light_gun_texture"},
"east":{"uv":[6.5,1.75,7.5,2.75],"texture":"#light_gun_texture"}
}
},
{
"from":[12.875,6.7188,7.875],
"to":[12.9688,7.0313,8.125],
"faces":{
"down":{"uv":[4,9.5,3.75,8.5],"texture":"#light_gun_texture"},
"up":{"uv":[12,8.5,12.25,9.5],"texture":"#light_gun_texture"},
"north":{"uv":[3.75,1.75,4,2.75],"texture":"#light_gun_texture"},
"south":{"uv":[12,1.75,12.25,2.75],"texture":"#light_gun_texture"},
"west":{"uv":[8.5,1.75,9.5,2.75],"texture":"#light_gun_texture"},
"east":{"uv":[6.5,1.75,7.5,2.75],"texture":"#light_gun_texture"}
}
},
{
"from":[12.875,6.5938,7.875],
"to":[12.9688,6.7188,8.125],
"rotation":{"origin":[12.875,6.71875,7.875],"axis":"z","angle":22.5},
"faces":{
"down":{"uv":[4,9.5,3.75,8.5],"texture":"#light_gun_texture"},
"up":{"uv":[12,8.5,12.25,9.5],"texture":"#light_gun_texture"},
"north":{"uv":[3.75,1.75,4,2.75],"texture":"#light_gun_texture"},
"south":{"uv":[12,1.75,12.25,2.75],"texture":"#light_gun_texture"},
"west":{"uv":[8.5,1.75,9.5,2.75],"texture":"#light_gun_texture"},
"east":{"uv":[6.5,1.75,7.5,2.75],"texture":"#light_gun_texture"}
}
},
{
"from":[12.9063,6.5,7.875],
"to":[13,6.625,8.125],
"rotation":{"origin":[12.9063,6.625,7.875],"axis":"z","angle":45},
"faces":{
"down":{"uv":[4,9.5,3.75,8.5],"texture":"#light_gun_texture"},
"up":{"uv":[12,8.5,12.25,9.5],"texture":"#light_gun_texture"},
"north":{"uv":[3.75,1.75,4,2.75],"texture":"#light_gun_texture"},
"south":{"uv":[12,1.75,12.25,2.75],"texture":"#light_gun_texture"},
"west":{"uv":[8.5,1.75,9.5,2.75],"texture":"#light_gun_texture"}
}
},
{
"from":[13.0313,6.5312,7.875],
"to":[13.1563,6.62495,8.125],
"rotation":{"origin":[13.0313,6.625,7.875],"axis":"z","angle":-22.5},
"faces":{
"down":{"uv":[4,9.5,3.75,8.5],"texture":"#light_gun_texture"},
"up":{"uv":[12,8.5,12.25,9.5],"texture":"#light_gun_texture"},
"north":{"uv":[3.75,1.75,4,2.75],"texture":"#light_gun_texture"},
"south":{"uv":[12,1.75,12.25,2.75],"texture":"#light_gun_texture"},
"west":{"uv":[8.5,1.75,9.5,2.75],"texture":"#light_gun_texture"},
"east":{"uv":[6.5,1.75,7.5,2.75],"texture":"#light_gun_texture"}
}
},
{
"from":[13.0938,6.5,7.875],
"to":[13.2188,6.59375,8.125],
"faces":{
"down":{"uv":[4,9.5,3.75,8.5],"texture":"#light_gun_texture"},
"up":{"uv":[12,8.5,12.25,9.5],"texture":"#light_gun_texture"},
"north":{"uv":[3.75,1.75,4,2.75],"texture":"#light_gun_texture"},
"south":{"uv":[12,1.75,12.25,2.75],"texture":"#light_gun_texture"},
"west":{"uv":[8.5,1.75,9.5,2.75],"texture":"#light_gun_texture"},
"east":{"uv":[6.5,1.75,7.5,2.75],"texture":"#light_gun_texture"}
}
},
{
"from":[12.9375,6.9062,7.875],
"to":[13.1563,6.99995,8.125],
"faces":{
"down":{"uv":[4,9.5,3.75,8.5],"texture":"#light_gun_texture"},
"north":{"uv":[3.75,1.75,4,2.75],"texture":"#light_gun_texture"},
"south":{"uv":[12,1.75,12.25,2.75],"texture":"#light_gun_texture"},
"east":{"uv":[6.5,1.75,7.5,2.75],"texture":"#light_gun_texture"}
}
},
{
"from":[13.8438,8.625,7.6562],
"to":[14.75,8.9375,8.3437],
"faces":{
"up":{"uv":[13.8438,7.65625,14.75,8.34375],"texture":"#light_gun_texture"},
"north":{"uv":[1.25,7.0625,2.15625,7.375],"texture":"#light_gun_texture"},
"south":{"uv":[13.8438,7.0625,14.75,7.375],"texture":"#light_gun_texture"},
"west":{"uv":[7.65625,7.0625,8.34375,7.375],"texture":"#light_gun_texture"},
"east":{"uv":[7.65625,7.0625,8.34375,7.375],"texture":"#light_gun_texture"}
}
},
{
"from":[8.625,8.9531,7.4062],
"to":[8.85938,9.53122,8.56245],
"faces":{
"down":{"uv":[7.375,8.5625,7.14063,7.40625],"texture":"#light_gun_texture"},
"up":{"uv":[8.625,7.40625,8.85938,8.5625],"texture":"#light_gun_texture"},
"north":{"uv":[7.14063,6.46875,7.375,7.04688],"texture":"#light_gun_texture"},
"south":{"uv":[8.625,6.46875,8.85938,7.04688],"texture":"#light_gun_texture"},
"west":{"uv":[7.40625,6.46875,8.5625,7.04688],"texture":"#light_gun_texture"},
"east":{"uv":[7.4375,6.46875,8.59375,7.04688],"texture":"#light_gun_texture"}
}
},
{
"from":[8.656199,8.8594,7.1562],
"to":[9.468699,9.1094,7.43745],
"faces":{
"down":{"uv":[7.34375,7.4375,6.53125,7.15625],"texture":"#light_gun_texture"},
"up":{"uv":[8.65625,7.15625,9.46875,7.4375],"texture":"#light_gun_texture"},
"north":{"uv":[6.53125,6.89063,7.34375,7.14063],"texture":"#light_gun_texture"},
"south":{"uv":[8.65625,6.89063,9.46875,7.14063],"texture":"#light_gun_texture"},
"west":{"uv":[7.15625,6.89063,7.4375,7.14063],"texture":"#light_gun_texture"},
"east":{"uv":[8.5625,6.89063,8.84375,7.14063],"texture":"#light_gun_texture"}
}
},
{
"from":[8.656199,9.1094,7.1562],
"to":[8.999949,9.32815,7.4062],
"faces":{
"down":{"uv":[7.34375,7.40625,7,7.15625],"texture":"#light_gun_texture"},
"up":{"uv":[8.65625,7.15625,9,7.40625],"texture":"#light_gun_texture"},
"north":{"uv":[7,6.67188,7.34375,6.89063],"texture":"#light_gun_texture"},
"south":{"uv":[8.65625,6.67188,9,6.89063],"texture":"#light_gun_texture"},
"west":{"uv":[7.15625,6.67188,7.40625,6.89063],"texture":"#light_gun_texture"},
"east":{"uv":[8.59375,6.67188,8.84375,6.89063],"texture":"#light_gun_texture"}
}
},
{
"from":[9.375,8.875,6.7812],
"to":[9.46875,9.125,7.1562],
"faces":{
"down":{"uv":[6.625,7.15625,6.53125,6.78125],"texture":"#light_gun_texture"},
"up":{"uv":[9.375,6.78125,9.46875,7.15625],"texture":"#light_gun_texture"},
"north":{"uv":[6.53125,6.875,6.625,7.125],"texture":"#light_gun_texture"},
"south":{"uv":[9.375,6.875,9.46875,7.125],"texture":"#light_gun_texture"},
"west":{"uv":[6.78125,6.875,7.15625,7.125],"texture":"#light_gun_texture"},
"east":{"uv":[8.84375,6.875,9.21875,7.125],"texture":"#light_gun_texture"}
}
},
{
"from":[8.625,9.1094,8.4375],
"to":[12.875,9.39065,8.59375],
"faces":{
"down":{"uv":[7.375,8.59375,3.125,8.4375],"texture":"#light_gun_texture"},
"up":{"uv":[8.625,8.4375,12.875,8.59375],"texture":"#light_gun_texture"},
"north":{"uv":[3.125,6.60938,7.375,6.89063],"texture":"#light_gun_texture"},
"south":{"uv":[8.625,6.60938,12.875,6.89063],"texture":"#light_gun_texture"},
"west":{"uv":[8.4375,6.60938,8.59375,6.89063],"texture":"#light_gun_texture"}
}
},
{
"from":[13.3325,8.9388,7.375],
"to":[13.645,9.4388,8.625],
"rotation":{"origin":[13.3325,9.43875,7.375],"axis":"z","angle":22.5},
"faces":{
"down":{"uv":[13.52384,7.375,13.83634,8.625],"texture":"#light_gun_texture"},
"up":{"uv":[13.52384,7.375,13.83634,8.625],"texture":"#light_gun_texture"},
"north":{"uv":[2.163658,6.52319,2.476158,7.02319],"texture":"#light_gun_texture"},
"south":{"uv":[13.52384,6.52319,13.83634,7.02319],"texture":"#light_gun_texture"},
"west":{"uv":[7.375,6.52319,8.625,7.02319],"texture":"#light_gun_texture"},
"east":{"uv":[7.375,6.52319,8.625,7.02319],"texture":"#light_gun_texture"}
}
},
{
"from":[12.9063,8.974999,7.375],
"to":[13.2188,9.474999,8.625],
"rotation":{"origin":[12.9063,9.475,7.375],"axis":"z","angle":-22.5},
"faces":{
"down":{"uv":[12.71496,7.375,13.02746,8.625],"texture":"#light_gun_texture"},
"up":{"uv":[12.71496,7.375,13.02746,8.625],"texture":"#light_gun_texture"},
"north":{"uv":[2.972542,6.486939,3.285042,6.986939],"texture":"#light_gun_texture"},
"south":{"uv":[12.71496,6.486939,13.02746,6.986939],"texture":"#light_gun_texture"},
"west":{"uv":[7.375,6.486939,8.625,6.986939],"texture":"#light_gun_texture"},
"east":{"uv":[7.375,6.486939,8.625,6.986939],"texture":"#light_gun_texture"}
}
},
{
"from":[12.0313,9.1938,7.455],
"to":[12.9063,9.47505,8.455],
"faces":{
"down":{"uv":[12.0313,7.545,12.9063,8.545],"texture":"#light_gun_texture"},
"up":{"uv":[12.0313,7.455,12.9063,8.455],"texture":"#light_gun_texture"},
"north":{"uv":[3.0937,6.525,3.9687,6.80625],"texture":"#light_gun_texture"},
"south":{"uv":[12.0313,6.525,12.9063,6.80625],"texture":"#light_gun_texture"},
"west":{"uv":[7.455,6.525,8.455,6.80625],"texture":"#light_gun_texture"},
"east":{"uv":[7.545,6.525,8.545,6.80625],"texture":"#light_gun_texture"}
}
},
{
"from":[12.0313,9.2562,7.455],
"to":[12.1875,9.47495,8.455],
"rotation":{"origin":[12.0313,9.475,7.455],"axis":"z","angle":-45},
"faces":{
"down":{"uv":[11.87662,7.545,12.03282,8.545],"texture":"#light_gun_texture"},
"up":{"uv":[11.87662,7.455,12.03282,8.455],"texture":"#light_gun_texture"},
"north":{"uv":[3.967179,6.460929,4.12338,6.679679],"texture":"#light_gun_texture"},
"south":{"uv":[11.87662,6.460929,12.03282,6.679679],"texture":"#light_gun_texture"},
"west":{"uv":[7.455,6.460929,8.455,6.679679],"texture":"#light_gun_texture"},
"east":{"uv":[7.545,6.460929,8.545,6.679679],"texture":"#light_gun_texture"}
}
},
{
"from":[11.88,9.2612,7.455],
"to":[12.07,9.3237,8.455],
"rotation":{"origin":[11.88,9.32375,7.455],"axis":"z","angle":-22.5},
"faces":{
"down":{"uv":[11.85608,7.545,12.04608,8.545],"texture":"#light_gun_texture"},
"up":{"uv":[11.85608,7.455,12.04608,8.455],"texture":"#light_gun_texture"},
"north":{"uv":[3.953918,6.671493,4.143918,6.733993],"texture":"#light_gun_texture"},
"south":{"uv":[11.85608,6.671493,12.04608,6.733993],"texture":"#light_gun_texture"},
"west":{"uv":[7.455,6.671493,8.455,6.733993],"texture":"#light_gun_texture"},
"east":{"uv":[7.545,6.671493,8.545,6.733993],"texture":"#light_gun_texture"}
}
},
{
"from":[13.0625,9.099999,7.375],
"to":[13.4688,9.412499,8.625],
"faces":{
"down":{"uv":[13.0625,7.375,13.4688,8.625],"texture":"#light_gun_texture"},
"up":{"uv":[13.0625,7.375,13.4688,8.625],"texture":"#light_gun_texture"},
"north":{"uv":[2.5312,6.5875,2.9375,6.9],"texture":"#light_gun_texture"},
"south":{"uv":[13.0625,6.5875,13.4688,6.9],"texture":"#light_gun_texture"},
"west":{"uv":[7.375,6.5875,8.625,6.9],"texture":"#light_gun_texture"},
"east":{"uv":[7.375,6.5875,8.625,6.9],"texture":"#light_gun_texture"}
}
},
{
"from":[13.3125,9.4,7.375],
"to":[13.625,9.55625,8.625],
"faces":{
"down":{"uv":[13.3125,7.375,13.625,8.625],"texture":"#light_gun_texture"},
"up":{"uv":[13.3125,7.375,13.625,8.625],"texture":"#light_gun_texture"},
"north":{"uv":[2.375,6.44375,2.6875,6.6],"texture":"#light_gun_texture"},
"south":{"uv":[13.3125,6.44375,13.625,6.6],"texture":"#light_gun_texture"},
"west":{"uv":[7.375,6.44375,8.625,6.6],"texture":"#light_gun_texture"},
"east":{"uv":[7.375,6.44375,8.625,6.6],"texture":"#light_gun_texture"}
}
},
{
"from":[13.125,9.412499,7.375],
"to":[13.3125,9.537499,8.625],
"faces":{
"down":{"uv":[13.125,7.375,13.3125,8.625],"texture":"#light_gun_texture"},
"up":{"uv":[13.125,7.375,13.3125,8.625],"texture":"#light_gun_texture"},
"north":{"uv":[2.6875,6.4625,2.875,6.5875],"texture":"#light_gun_texture"},
"south":{"uv":[13.125,6.4625,13.3125,6.5875],"texture":"#light_gun_texture"},
"west":{"uv":[7.375,6.4625,8.625,6.5875],"texture":"#light_gun_texture"},
"east":{"uv":[7.375,6.4625,8.625,6.5875],"texture":"#light_gun_texture"}
}
},
{
"from":[12.9063,9.3812,7.375],
"to":[13.125,9.5062,8.625],
"faces":{
"down":{"uv":[12.9063,7.375,13.125,8.625],"texture":"#light_gun_texture"},
"up":{"uv":[12.9063,7.375,13.125,8.625],"texture":"#light_gun_texture"},
"north":{"uv":[2.875,6.49375,3.0937,6.61875],"texture":"#light_gun_texture"},
"south":{"uv":[12.9063,6.49375,13.125,6.61875],"texture":"#light_gun_texture"},
"west":{"uv":[7.375,6.49375,8.625,6.61875],"texture":"#light_gun_texture"},
"east":{"uv":[7.375,6.49375,8.625,6.61875],"texture":"#light_gun_texture"}
}
},
{
"from":[13.36,9.179999,7.26],
"to":[13.54,9.539999,8.709999],
"faces":{
"down":{"uv":[13.36,7.29,13.54,8.74],"texture":"#light_gun_texture"},
"up":{"uv":[13.36,7.26,13.54,8.71],"texture":"#light_gun_texture"},
"north":{"uv":[2.46,6.46,2.64,6.82],"texture":"#light_gun_texture"},
"south":{"uv":[13.36,6.46,13.54,6.82],"texture":"#light_gun_texture"},
"west":{"uv":[7.26,6.46,8.71,6.82],"texture":"#light_gun_texture"},
"east":{"uv":[7.29,6.46,8.74,6.82],"texture":"#light_gun_texture"}
}
},
{
"from":[13.27,9.27,7.26],
"to":[13.63,9.449999,8.709999],
"faces":{
"down":{"uv":[13.27,7.29,13.63,8.74],"texture":"#light_gun_texture"},
"up":{"uv":[13.27,7.26,13.63,8.71],"texture":"#light_gun_texture"},
"north":{"uv":[2.37,6.55,2.73,6.73],"texture":"#light_gun_texture"},
"south":{"uv":[13.27,6.55,13.63,6.73],"texture":"#light_gun_texture"},
"west":{"uv":[7.26,6.55,8.71,6.73],"texture":"#light_gun_texture"},
"east":{"uv":[7.29,6.55,8.74,6.73],"texture":"#light_gun_texture"}
}
},
{
"from":[13.54,9.4325,7.26],
"to":[13.6025,9.495,8.709999],
"faces":{
"down":{"uv":[13.54,7.29,13.6025,8.74],"texture":"#light_gun_texture"},
"up":{"uv":[13.54,7.26,13.6025,8.71],"texture":"#light_gun_texture"},
"north":{"uv":[2.3975,6.505,2.46,6.5675],"texture":"#light_gun_texture"},
"south":{"uv":[13.54,6.505,13.6025,6.5675],"texture":"#light_gun_texture"},
"west":{"uv":[7.26,6.505,8.71,6.5675],"texture":"#light_gun_texture"},
"east":{"uv":[7.29,6.505,8.74,6.5675],"texture":"#light_gun_texture"}
}
},
{
"from":[13.315,9.4325,7.26],
"to":[13.3775,9.495,8.709999],
"faces":{
"down":{"uv":[13.315,7.29,13.3775,8.74],"texture":"#light_gun_texture"},
"up":{"uv":[13.315,7.26,13.3775,8.71],"texture":"#light_gun_texture"},
"north":{"uv":[2.6225,6.505,2.685,6.5675],"texture":"#light_gun_texture"},
"south":{"uv":[13.315,6.505,13.3775,6.5675],"texture":"#light_gun_texture"},
"west":{"uv":[7.26,6.505,8.71,6.5675],"texture":"#light_gun_texture"},
"east":{"uv":[7.29,6.505,8.74,6.5675],"texture":"#light_gun_texture"}
}
},
{
"from":[13.315,9.2075,7.26],
"to":[13.3775,9.27,8.709999],
"faces":{
"down":{"uv":[13.315,7.29,13.3775,8.74],"texture":"#light_gun_texture"},
"up":{"uv":[13.315,7.26,13.3775,8.71],"texture":"#light_gun_texture"},
"north":{"uv":[2.6225,6.73,2.685,6.7925],"texture":"#light_gun_texture"},
"south":{"uv":[13.315,6.73,13.3775,6.7925],"texture":"#light_gun_texture"},
"west":{"uv":[7.26,6.73,8.71,6.7925],"texture":"#light_gun_texture"},
"east":{"uv":[7.29,6.73,8.74,6.7925],"texture":"#light_gun_texture"}
}
},
{
"from":[13.54,9.2075,7.26],
"to":[13.6025,9.27,8.709999],
"faces":{
"down":{"uv":[13.54,7.29,13.6025,8.74],"texture":"#light_gun_texture"},
"up":{"uv":[13.54,7.26,13.6025,8.71],"texture":"#light_gun_texture"},
"north":{"uv":[2.3975,6.73,2.46,6.7925],"texture":"#light_gun_texture"},
"south":{"uv":[13.54,6.73,13.6025,6.7925],"texture":"#light_gun_texture"},
"west":{"uv":[7.26,6.73,8.71,6.7925],"texture":"#light_gun_texture"},
"east":{"uv":[7.29,6.73,8.74,6.7925],"texture":"#light_gun_texture"}
}
},
{
"from":[13.375,9.349999,7.4062],
"to":[13.6875,9.724999,7.56245],
"faces":{
"down":{"uv":[13.375,8.4375,13.6875,8.59375],"texture":"#light_gun_texture"},
"up":{"uv":[13.375,7.40625,13.6875,7.5625],"texture":"#light_gun_texture"},
"north":{"uv":[2.3125,6.275,2.625,6.65],"texture":"#light_gun_texture"},
"south":{"uv":[13.375,6.275,13.6875,6.65],"texture":"#light_gun_texture"},
"west":{"uv":[7.40625,6.275,7.5625,6.65],"texture":"#light_gun_texture"},
"east":{"uv":[8.4375,6.275,8.59375,6.65],"texture":"#light_gun_texture"}
}
},
{
"from":[13.375,9.349999,8.4375],
"to":[13.6875,9.724999,8.59375],
"faces":{
"down":{"uv":[13.375,7.40625,13.6875,7.5625],"texture":"#light_gun_texture"},
"up":{"uv":[13.375,8.4375,13.6875,8.59375],"texture":"#light_gun_texture"},
"north":{"uv":[2.3125,6.275,2.625,6.65],"texture":"#light_gun_texture"},
"south":{"uv":[13.375,6.275,13.6875,6.65],"texture":"#light_gun_texture"},
"west":{"uv":[8.4375,6.275,8.59375,6.65],"texture":"#light_gun_texture"},
"east":{"uv":[7.40625,6.275,7.5625,6.65],"texture":"#light_gun_texture"}
}
},
{
"from":[13.4063,9.6938,7.4062],
"to":[13.6563,9.7563,7.56245],
"faces":{
"down":{"uv":[13.4063,8.4375,13.6563,8.59375],"texture":"#light_gun_texture"},
"up":{"uv":[13.4063,7.40625,13.6563,7.5625],"texture":"#light_gun_texture"},
"north":{"uv":[2.3437,6.24375,2.5937,6.30625],"texture":"#light_gun_texture"},
"south":{"uv":[13.4063,6.24375,13.6563,6.30625],"texture":"#light_gun_texture"},
"west":{"uv":[7.40625,6.24375,7.5625,6.30625],"texture":"#light_gun_texture"},
"east":{"uv":[8.4375,6.24375,8.59375,6.30625],"texture":"#light_gun_texture"}
}
},
{
"from":[13.4063,9.6938,8.4375],
"to":[13.6563,9.7563,8.59375],
"faces":{
"down":{"uv":[13.4063,7.40625,13.6563,7.5625],"texture":"#light_gun_texture"},
"up":{"uv":[13.4063,8.4375,13.6563,8.59375],"texture":"#light_gun_texture"},
"north":{"uv":[2.3437,6.24375,2.5937,6.30625],"texture":"#light_gun_texture"},
"south":{"uv":[13.4063,6.24375,13.6563,6.30625],"texture":"#light_gun_texture"},
"west":{"uv":[8.4375,6.24375,8.59375,6.30625],"texture":"#light_gun_texture"},
"east":{"uv":[7.40625,6.24375,7.5625,6.30625],"texture":"#light_gun_texture"}
}
},
{
"from":[13.375,9.537499,7.5625],
"to":[13.5938,9.599999,8.4375],
"faces":{
"down":{"uv":[13.375,7.5625,13.5938,8.4375],"texture":"#light_gun_texture"},
"up":{"uv":[13.375,7.5625,13.5938,8.4375],"texture":"#light_gun_texture"},
"west":{"uv":[7.5625,6.4,8.4375,6.4625],"texture":"#light_gun_texture"},
"east":{"uv":[7.5625,6.4,8.4375,6.4625],"texture":"#light_gun_texture"}
}
},
{
"from":[13.4063,9.5938,7.5625],
"to":[13.5625,9.6563,7.90625],
"faces":{
"down":{"uv":[13.4063,8.09375,13.5625,8.4375],"texture":"#light_gun_texture"},
"up":{"uv":[13.4063,7.5625,13.5625,7.90625],"texture":"#light_gun_texture"},
"south":{"uv":[13.4063,6.34375,13.5625,6.40625],"texture":"#light_gun_texture"},
"west":{"uv":[7.5625,6.34375,7.90625,6.40625],"texture":"#light_gun_texture"},
"east":{"uv":[8.09375,6.34375,8.4375,6.40625],"texture":"#light_gun_texture"}
}
},
{
"from":[13.4375,9.6094,7.875],
"to":[13.5313,9.76565,7.9375],
"faces":{
"down":{"uv":[13.4375,8.0625,13.5313,8.125],"texture":"#light_gun_texture"},
"up":{"uv":[13.4375,7.875,13.5313,7.9375],"texture":"#light_gun_texture"},
"north":{"uv":[2.4687,6.23437,2.5625,6.39062],"texture":"#light_gun_texture"},
"south":{"uv":[13.4375,6.23437,13.5313,6.39062],"texture":"#light_gun_texture"},
"west":{"uv":[7.875,6.23437,7.9375,6.39062],"texture":"#light_gun_texture"},
"east":{"uv":[8.0625,6.23437,8.125,6.39062],"texture":"#light_gun_texture"}
}
},
{
"from":[13.4063,9.5938,8.125],
"to":[13.5625,9.6563,8.46875],
"faces":{
"down":{"uv":[13.4063,7.53125,13.5625,7.875],"texture":"#light_gun_texture"},
"up":{"uv":[13.4063,8.125,13.5625,8.46875],"texture":"#light_gun_texture"},
"north":{"uv":[2.4375,6.34375,2.5937,6.40625],"texture":"#light_gun_texture"},
"south":{"uv":[13.4063,6.34375,13.5625,6.40625],"texture":"#light_gun_texture"},
"west":{"uv":[8.125,6.34375,8.46875,6.40625],"texture":"#light_gun_texture"},
"east":{"uv":[7.53125,6.34375,7.875,6.40625],"texture":"#light_gun_texture"}
}
},
{
"from":[13.4375,9.5938,8.1094],
"to":[13.5313,9.765679,8.1719],
"faces":{
"down":{"uv":[13.4375,7.82812,13.5313,7.89062],"texture":"#light_gun_texture"},
"up":{"uv":[13.4375,8.10938,13.5313,8.17188],"texture":"#light_gun_texture"},
"north":{"uv":[2.4687,6.23437,2.5625,6.40625],"texture":"#light_gun_texture"},
"south":{"uv":[13.4375,6.23437,13.5313,6.40625],"texture":"#light_gun_texture"},
"west":{"uv":[8.10938,6.23437,8.17188,6.40625],"texture":"#light_gun_texture"},
"east":{"uv":[7.82812,6.23437,7.89062,6.40625],"texture":"#light_gun_texture"}
}
},
{
"from":[13.4375,9.75,7.9219],
"to":[13.5313,9.8125,8.1094],
"faces":{
"down":{"uv":[13.4375,7.89062,13.5313,8.07812],"texture":"#light_gun_texture"},
"up":{"uv":[13.4375,7.92188,13.5313,8.10938],"texture":"#light_gun_texture"},
"north":{"uv":[2.4687,6.1875,2.5625,6.25],"texture":"#light_gun_texture"},
"south":{"uv":[13.4375,6.1875,13.5313,6.25],"texture":"#light_gun_texture"},
"west":{"uv":[7.92188,6.1875,8.10938,6.25],"texture":"#light_gun_texture"},
"east":{"uv":[7.89062,6.1875,8.07812,6.25],"texture":"#light_gun_texture"}
}
},
{
"from":[13.4375,9.7344,8.094399],
"to":[13.5313,9.7969,8.156899],
"faces":{
"down":{"uv":[13.4375,7.84313,13.5313,7.90563],"texture":"#light_gun_texture"},
"up":{"uv":[13.4375,8.09437,13.5313,8.15687],"texture":"#light_gun_texture"},
"north":{"uv":[2.4687,6.20312,2.5625,6.26562],"texture":"#light_gun_texture"},
"south":{"uv":[13.4375,6.20312,13.5313,6.26562],"texture":"#light_gun_texture"},
"west":{"uv":[8.09437,6.20312,8.15687,6.26562],"texture":"#light_gun_texture"},
"east":{"uv":[7.84313,6.20312,7.90563,6.26562],"texture":"#light_gun_texture"}
}
},
{
"from":[13.4375,9.7344,7.8906],
"to":[13.5313,9.7969,7.9531],
"faces":{
"down":{"uv":[13.4375,8.04687,13.5313,8.10937],"texture":"#light_gun_texture"},
"up":{"uv":[13.4375,7.89063,13.5313,7.95313],"texture":"#light_gun_texture"},
"north":{"uv":[2.4687,6.20312,2.5625,6.26562],"texture":"#light_gun_texture"},
"south":{"uv":[13.4375,6.20312,13.5313,6.26562],"texture":"#light_gun_texture"},
"west":{"uv":[7.89063,6.20312,7.95313,6.26562],"texture":"#light_gun_texture"},
"east":{"uv":[8.04687,6.20312,8.10937,6.26562],"texture":"#light_gun_texture"}
}
},
{
"from":[8.625,9.3906,8.406199],
"to":[11.0313,9.49997,8.562449],
"faces":{
"down":{"uv":[7.375,8.5625,4.96875,8.40625],"texture":"#light_gun_texture"},
"up":{"uv":[8.625,8.40625,11.0313,8.5625],"texture":"#light_gun_texture"},
"north":{"uv":[4.96875,6.5,7.375,6.60938],"texture":"#light_gun_texture"},
"south":{"uv":[8.625,6.5,11.0313,6.60938],"texture":"#light_gun_texture"},
"east":{"uv":[7.4375,6.5,7.59375,6.60938],"texture":"#light_gun_texture"}
}
},
{
"from":[8.8281,9.125,7.4688],
"to":[11.85937,9.20313,8.43755],
"faces":{
"up":{"uv":[8.82813,7.46875,11.8594,8.4375],"texture":"#light_gun_texture"},
"north":{"uv":[4.14063,6.79688,7.17188,6.875],"texture":"#light_gun_texture"},
"west":{"uv":[7.46875,6.79688,8.4375,6.875],"texture":"#light_gun_texture"},
"east":{"uv":[7.5625,6.79688,8.53125,6.875],"texture":"#light_gun_texture"}
}
},
{
"from":[8.8281,9.2031,7.5156],
"to":[9.31247,9.28122,8.4531],
"faces":{
"down":{"uv":[7.17188,8.45313,6.6875,7.51563],"texture":"#light_gun_texture"},
"up":{"uv":[8.82813,7.51563,9.3125,8.45313],"texture":"#light_gun_texture"},
"north":{"uv":[6.6875,6.71875,7.17188,6.79688],"texture":"#light_gun_texture"},
"south":{"uv":[8.82813,6.71875,9.3125,6.79688],"texture":"#light_gun_texture"},
"west":{"uv":[7.51563,6.71875,8.45313,6.79688],"texture":"#light_gun_texture"},
"east":{"uv":[7.54688,6.71875,8.48438,6.79688],"texture":"#light_gun_texture"}
}
},
{
"from":[-8.656199,9.3125,7.7188],
"to":[-8.046829,10.0938,7.828179],
"faces":{
"up":{"uv":[7.34375,7.71875,7.95312,7.82813],"texture":"#bright_gun_texture","cullface":"west"},
"north":{"uv":[8.046879,5.9062,8.65625,6.6875],"texture":"#bright_gun_texture","cullface":"west"},
"south":{"uv":[7.34375,5.9062,7.95312,6.6875],"texture":"#bright_gun_texture","cullface":"west"},
"west":{"uv":[7.71875,5.9062,7.82813,6.6875],"texture":"#bright_gun_texture","cullface":"west"},
"east":{"uv":[8.17187,5.9062,8.28125,6.6875],"texture":"#bright_gun_texture","cullface":"west"}
}
},
{
"from":[-8.656199,9.3125,8.1719],
"to":[-8.046829,10.0938,8.28127],
"faces":{
"up":{"uv":[7.34375,8.17188,7.95312,8.28125],"texture":"#bright_gun_texture","cullface":"west"},
"north":{"uv":[8.046879,5.9062,8.65625,6.6875],"texture":"#bright_gun_texture","cullface":"west"},
"south":{"uv":[7.34375,5.9062,7.95312,6.6875],"texture":"#bright_gun_texture","cullface":"west"},
"west":{"uv":[8.17188,5.9062,8.28125,6.6875],"texture":"#bright_gun_texture","cullface":"west"},
"east":{"uv":[7.71875,5.9062,7.82812,6.6875],"texture":"#bright_gun_texture","cullface":"west"}
}
},
{
"from":[-8.656199,9.3125,7.8281],
"to":[-8.046829,9.79688,8.17185],
"faces":{
"up":{"uv":[7.34375,7.82813,7.95312,8.17188],"texture":"#bright_gun_texture","cullface":"west"},
"north":{"uv":[8.046879,6.20312,8.65625,6.6875],"texture":"#bright_gun_texture","cullface":"west"},
"south":{"uv":[7.34375,6.20312,7.95312,6.6875],"texture":"#bright_gun_texture","cullface":"west"},
"west":{"uv":[7.82813,6.20312,8.17188,6.6875],"texture":"#bright_gun_texture","cullface":"west"},
"east":{"uv":[7.82812,6.20312,8.17187,6.6875],"texture":"#bright_gun_texture","cullface":"west"}
}
}
],
"display": {
    "thirdperson_righthand": {
        "rotation": [ -180, -90, 130 ],
        "translation": [ 0, 4, 0 ],
        "scale": [ 0.8, 0.8, 0.8 ]
    },
    "thirdperson_lefthand": {
        "rotation": [ 0, 90, 180 ],
        "translation": [ 0, 1, 13 ],
        "scale": [ 0.8, 0.8, 0.8 ]
    },
    "head": {
        "rotation": [ 0, -90, 0 ],
        "translation": [ 0, 12, 0 ],
        "scale": [ 0.6, 0.6, 0.6 ]
    },
    "ground": {
        "rotation": [ 90, 0, 0 ],
        "translation": [ 0, 0, 0 ],
        "scale": [ 0.7, 0.7, 0.7 ]
    },
    "fixed": {
        "rotation": [ 0, 0, 0 ],
        "translation": [ 0, 0, -1 ],
        "scale": [ 1, 1, 1 ]
    },
    "firstperson_righthand": {
        "rotation": [ 0, -90, 0 ],
        "translation": [ 0, 3, -8 ],
        "scale": [ 1.1, 1.1, 1.1 ]
    },
    "firstperson_lefthand": {
        "rotation": [ 0, 90, 90 ],
        "translation": [ 5, 10, -5 ],
        "scale": [ 1.1, 1.1, 1.1 ]
    },
    "gui": {
        "rotation": [ -20, 40, 0 ],
        "translation": [ 0, 0, 0 ],
        "scale": [ 0.6, 0.6, 0.6 ]
    }
}
}