{
"__comment": "© Le0, Mineland.eu 2019 | www.mineland.eu",
"textures": {
    "light_gun_texture": "guns/pusky/light_gun_texture",
    "bright_gun_texture": "guns/pusky/bright_gun_texture",
    "ntw20_sight": "guns/pusky/ntw20_sight"
},
"elements": [ 
{
    "from": [ -9.5625, 9, 7.0625 ],
    "to": [ 9.5, 10, 7.8125 ],
    "faces": {
        "down":  { "uv": [ 6.25, 10.375, 6.875, 10.75 ], "texture": "#light_gun_texture" },
        "up":    { "uv": [ 6.25, 10.375, 6.875, 10.75 ], "texture": "#light_gun_texture" },
        "north": { "uv": [ 6.125, 10.25, 6.75, 10.75 ], "texture": "#light_gun_texture" },
        "south": { "uv": [ 6.125, 10.25, 6.75, 10.75 ], "texture": "#light_gun_texture" },
        "west":  { "uv": [ 6.25, 10.375, 6.75, 10.875 ], "texture": "#light_gun_texture" },
        "east":  { "uv": [ 6.25, 10.375, 6.75, 10.875 ], "texture": "#light_gun_texture" }
    }
},
{
    "from": [ -9.5625, 9.125, 6.9375 ],
    "to": [ 9.5, 9.875, 7.9375 ],
    "faces": {
        "down":  { "uv": [ 6.25, 10.375, 6.875, 10.75 ], "texture": "#light_gun_texture" },
        "up":    { "uv": [ 6.25, 10.375, 6.875, 10.75 ], "texture": "#light_gun_texture" },
        "north": { "uv": [ 6.125, 10.25, 6.75, 10.75 ], "texture": "#light_gun_texture" },
        "south": { "uv": [ 6.125, 10.25, 6.75, 10.75 ], "texture": "#light_gun_texture" },
        "west":  { "uv": [ 6.25, 10.375, 6.75, 10.875 ], "texture": "#light_gun_texture" },
        "east":  { "uv": [ 6.25, 10.375, 6.75, 10.875 ], "texture": "#light_gun_texture" }
    }
},
{
    "from": [ 0.4375, 8.375, 6.75 ],
    "to": [ 9.5, 9.375, 8.125 ],
    "faces": {
        "down":  { "uv": [ 6.25, 10.375, 6.875, 10.75 ], "texture": "#light_gun_texture" },
        "up":    { "uv": [ 6.25, 10.375, 6.875, 10.75 ], "texture": "#light_gun_texture" },
        "north": { "uv": [ 6.125, 10.25, 6.75, 10.75 ], "texture": "#light_gun_texture" },
        "south": { "uv": [ 6.125, 10.25, 6.75, 10.75 ], "texture": "#light_gun_texture" },
        "west":  { "uv": [ 6.25, 10.375, 6.75, 10.875 ], "texture": "#light_gun_texture" },
        "east":  { "uv": [ 6.25, 10.375, 6.75, 10.875 ], "texture": "#light_gun_texture" }
    }
},
{
    "from": [ 0.5, 8.125, 6.8125 ],
    "to": [ 9.5, 8.375, 8.0625 ],
    "faces": {
        "down":  { "uv": [ 6.25, 10.375, 6.875, 10.75 ], "texture": "#light_gun_texture" },
        "north": { "uv": [ 6.125, 10.25, 6.75, 10.75 ], "texture": "#light_gun_texture" },
        "south": { "uv": [ 6.125, 10.25, 6.75, 10.75 ], "texture": "#light_gun_texture" },
        "west":  { "uv": [ 6.25, 10.375, 6.75, 10.875 ], "texture": "#light_gun_texture" },
        "east":  { "uv": [ 6.25, 10.375, 6.75, 10.875 ], "texture": "#light_gun_texture" }
    }
},
{
    "from": [ 0.4375, 9.375, 6.8125 ],
    "to": [ 9.5, 9.625, 8.0625 ],
    "faces": {
        "up":    { "uv": [ 6.25, 10.375, 6.875, 10.75 ], "texture": "#light_gun_texture" },
        "north": { "uv": [ 6.125, 10.25, 6.75, 10.75 ], "texture": "#light_gun_texture" },
        "south": { "uv": [ 6.125, 10.25, 6.75, 10.75 ], "texture": "#light_gun_texture" },
        "west":  { "uv": [ 6.25, 10.375, 6.75, 10.875 ], "texture": "#light_gun_texture" },
        "east":  { "uv": [ 6.25, 10.375, 6.75, 10.875 ], "texture": "#light_gun_texture" }
    }
},
{
    "from": [ 9.5, 8.125, 6.875 ],
    "to": [ 15.5, 9.375, 8 ],
    "faces": {
        "down":  { "uv": [ 6.25, 10.375, 6.875, 10.75 ], "texture": "#light_gun_texture" },
        "up":    { "uv": [ 6.25, 10.375, 6.875, 10.75 ], "texture": "#light_gun_texture" },
        "north": { "uv": [ 6.125, 10.25, 6.75, 10.75 ], "texture": "#light_gun_texture" },
        "south": { "uv": [ 6.125, 10.25, 6.75, 10.75 ], "texture": "#light_gun_texture" },
        "west":  { "uv": [ 6.25, 10.375, 6.75, 10.875 ], "texture": "#light_gun_texture" },
        "east":  { "uv": [ 6.25, 10.375, 6.75, 10.875 ], "texture": "#light_gun_texture" }
    }
},
{
    "from": [ 9.5, 9.375, 6.875 ],
    "to": [ 10.8125, 9.75, 7.125 ],
    "faces": {
        "up":    { "uv": [ 6.25, 10.375, 6.875, 10.75 ], "texture": "#light_gun_texture" },
        "north": { "uv": [ 6.125, 10.25, 6.75, 10.75 ], "texture": "#light_gun_texture" },
        "south": { "uv": [ 6.125, 10.25, 6.75, 10.75 ], "texture": "#light_gun_texture" },
        "west":  { "uv": [ 6.25, 10.375, 6.75, 10.875 ], "texture": "#light_gun_texture" },
        "east":  { "uv": [ 6.25, 10.375, 6.75, 10.875 ], "texture": "#light_gun_texture" }
    }
},
{
    "from": [ 10.8125, 9.375, 7.75 ],
    "to": [ 14.1875, 9.875, 7.9375 ],
    "faces": {
        "up":    { "uv": [ 6.25, 10.375, 6.875, 10.75 ], "texture": "#light_gun_texture" },
        "north": { "uv": [ 6.125, 10.25, 6.75, 10.75 ], "texture": "#light_gun_texture" },
        "south": { "uv": [ 6.125, 10.25, 6.75, 10.75 ], "texture": "#light_gun_texture" },
        "west":  { "uv": [ 6.25, 10.375, 6.75, 10.875 ], "texture": "#light_gun_texture" },
        "east":  { "uv": [ 6.25, 10.375, 6.75, 10.875 ], "texture": "#light_gun_texture" }
    }
},
{
    "from": [ 10.8125, 9.875, 7.6875 ],
    "to": [ 14.1875, 10, 7.875 ],
    "faces": {
        "down":  { "uv": [ 6.25, 10.375, 6.875, 10.75 ], "texture": "#light_gun_texture" },
        "up":    { "uv": [ 6.25, 10.375, 6.875, 10.75 ], "texture": "#light_gun_texture" },
        "north": { "uv": [ 6.125, 10.25, 6.75, 10.75 ], "texture": "#light_gun_texture" },
        "south": { "uv": [ 6.125, 10.25, 6.75, 10.75 ], "texture": "#light_gun_texture" },
        "west":  { "uv": [ 6.25, 10.375, 6.75, 10.875 ], "texture": "#light_gun_texture" },
        "east":  { "uv": [ 6.25, 10.375, 6.75, 10.875 ], "texture": "#light_gun_texture" }
    }
},
{
    "from": [ 9.5, 9.1875, 7.1875 ],
    "to": [ 16, 9.9375, 7.6875 ],
    "faces": {
        "down":  { "uv": [ 6.125, 2.375, 6.625, 2.875 ], "texture": "#ntw20_sight" },
        "up":    { "uv": [ 6.125, 2.375, 6.625, 2.875 ], "texture": "#ntw20_sight" },
        "north": { "uv": [ 6.25, 2.25, 6.625, 2.75 ], "texture": "#ntw20_sight" },
        "south": { "uv": [ 6.25, 2.25, 6.625, 2.75 ], "texture": "#ntw20_sight" },
        "east":  { "uv": [ 6.125, 2.25, 6.625, 2.75 ], "texture": "#ntw20_sight" }
    }
},
{
    "from": [ 9.5, 9.3125, 7.0625 ],
    "to": [ 16, 9.8125, 7.8125 ],
    "faces": {
        "down":  { "uv": [ 6.125, 2.375, 6.625, 2.875 ], "texture": "#ntw20_sight" },
        "up":    { "uv": [ 6.125, 2.375, 6.625, 2.875 ], "texture": "#ntw20_sight" },
        "north": { "uv": [ 6.25, 2.25, 6.625, 2.75 ], "texture": "#ntw20_sight" },
        "south": { "uv": [ 6.25, 2.25, 6.625, 2.75 ], "texture": "#ntw20_sight" },
        "east":  { "uv": [ 6.125, 2.25, 6.625, 2.75 ], "texture": "#ntw20_sight" }
    }
},
{
    "from": [ 14.1875, 9.375, 6.875 ],
    "to": [ 15.5, 9.75, 7.125 ],
    "faces": {
        "up":    { "uv": [ 6.25, 10.375, 6.875, 10.75 ], "texture": "#light_gun_texture" },
        "north": { "uv": [ 6.125, 10.25, 6.75, 10.75 ], "texture": "#light_gun_texture" },
        "south": { "uv": [ 6.125, 10.25, 6.75, 10.75 ], "texture": "#light_gun_texture" },
        "west":  { "uv": [ 6.25, 10.375, 6.75, 10.875 ], "texture": "#light_gun_texture" },
        "east":  { "uv": [ 6.25, 10.375, 6.75, 10.875 ], "texture": "#light_gun_texture" }
    }
},
{
    "from": [ 10.8125, 9.375, 7 ],
    "to": [ 14.1875, 9.5, 7.125 ],
    "faces": {
        "up":    { "uv": [ 6.25, 10.375, 6.875, 10.75 ], "texture": "#light_gun_texture" },
        "north": { "uv": [ 6.125, 10.25, 6.75, 10.75 ], "texture": "#light_gun_texture" },
        "south": { "uv": [ 6.125, 10.25, 6.75, 10.75 ], "texture": "#light_gun_texture" }
    }
},
{
    "from": [ 9.5, 9.75, 6.9375 ],
    "to": [ 10.8125, 9.9375, 7.125 ],
    "faces": {
        "up":    { "uv": [ 6.25, 10.375, 6.875, 10.75 ], "texture": "#light_gun_texture" },
        "north": { "uv": [ 6.125, 10.25, 6.75, 10.75 ], "texture": "#light_gun_texture" },
        "south": { "uv": [ 6.125, 10.25, 6.75, 10.75 ], "texture": "#light_gun_texture" },
        "west":  { "uv": [ 6.25, 10.375, 6.75, 10.875 ], "texture": "#light_gun_texture" },
        "east":  { "uv": [ 6.25, 10.375, 6.75, 10.875 ], "texture": "#light_gun_texture" }
    }
},
{
    "from": [ 9.5, 9.8125, 7 ],
    "to": [ 10.8125, 10, 7.1875 ],
    "faces": {
        "down":  { "uv": [ 6.25, 10.375, 6.875, 10.75 ], "texture": "#light_gun_texture" },
        "up":    { "uv": [ 6.25, 10.375, 6.875, 10.75 ], "texture": "#light_gun_texture" },
        "north": { "uv": [ 6.125, 10.25, 6.75, 10.75 ], "texture": "#light_gun_texture" },
        "south": { "uv": [ 6.125, 10.25, 6.75, 10.75 ], "texture": "#light_gun_texture" },
        "west":  { "uv": [ 6.25, 10.375, 6.75, 10.875 ], "texture": "#light_gun_texture" },
        "east":  { "uv": [ 6.25, 10.375, 6.75, 10.875 ], "texture": "#light_gun_texture" }
    }
},
{
    "from": [ 9.5, 9.875, 7.125 ],
    "to": [ 10.8125, 10.0625, 7.75 ],
    "faces": {
        "down":  { "uv": [ 6.25, 10.375, 6.875, 10.75 ], "texture": "#light_gun_texture" },
        "up":    { "uv": [ 6.25, 10.375, 6.875, 10.75 ], "texture": "#light_gun_texture" },
        "north": { "uv": [ 6.125, 10.25, 6.75, 10.75 ], "texture": "#light_gun_texture" },
        "south": { "uv": [ 6.125, 10.25, 6.75, 10.75 ], "texture": "#light_gun_texture" },
        "west":  { "uv": [ 6.25, 10.375, 6.75, 10.875 ], "texture": "#light_gun_texture" },
        "east":  { "uv": [ 6.25, 10.375, 6.75, 10.875 ], "texture": "#light_gun_texture" }
    }
},
{
    "from": [ 14.1875, 9.75, 6.9375 ],
    "to": [ 15.5, 9.9375, 7.125 ],
    "faces": {
        "up":    { "uv": [ 6.25, 10.375, 6.875, 10.75 ], "texture": "#light_gun_texture" },
        "north": { "uv": [ 6.125, 10.25, 6.75, 10.75 ], "texture": "#light_gun_texture" },
        "south": { "uv": [ 6.125, 10.25, 6.75, 10.75 ], "texture": "#light_gun_texture" },
        "west":  { "uv": [ 6.25, 10.375, 6.75, 10.875 ], "texture": "#light_gun_texture" },
        "east":  { "uv": [ 6.25, 10.375, 6.75, 10.875 ], "texture": "#light_gun_texture" }
    }
},
{
    "from": [ 14.1875, 9.8125, 7 ],
    "to": [ 15.5, 10, 7.1875 ],
    "faces": {
        "down":  { "uv": [ 6.25, 10.375, 6.875, 10.75 ], "texture": "#light_gun_texture" },
        "up":    { "uv": [ 6.25, 10.375, 6.875, 10.75 ], "texture": "#light_gun_texture" },
        "north": { "uv": [ 6.125, 10.25, 6.75, 10.75 ], "texture": "#light_gun_texture" },
        "south": { "uv": [ 6.125, 10.25, 6.75, 10.75 ], "texture": "#light_gun_texture" },
        "west":  { "uv": [ 6.25, 10.375, 6.75, 10.875 ], "texture": "#light_gun_texture" },
        "east":  { "uv": [ 6.25, 10.375, 6.75, 10.875 ], "texture": "#light_gun_texture" }
    }
},
{
    "from": [ 14.1875, 9.875, 7.125 ],
    "to": [ 15.5, 10.0625, 7.75 ],
    "faces": {
        "down":  { "uv": [ 6.25, 10.375, 6.875, 10.75 ], "texture": "#light_gun_texture" },
        "up":    { "uv": [ 6.25, 10.375, 6.875, 10.75 ], "texture": "#light_gun_texture" },
        "north": { "uv": [ 6.125, 10.25, 6.75, 10.75 ], "texture": "#light_gun_texture" },
        "south": { "uv": [ 6.125, 10.25, 6.75, 10.75 ], "texture": "#light_gun_texture" },
        "west":  { "uv": [ 6.25, 10.375, 6.75, 10.875 ], "texture": "#light_gun_texture" },
        "east":  { "uv": [ 6.25, 10.375, 6.75, 10.875 ], "texture": "#light_gun_texture" }
    }
},
{
    "from": [ 9.5, 9.375, 7.9375 ],
    "to": [ 10.8125, 9.75, 8 ],
    "faces": {
        "up":    { "uv": [ 6.25, 10.375, 6.875, 10.75 ], "texture": "#light_gun_texture" },
        "north": { "uv": [ 6.125, 10.25, 6.75, 10.75 ], "texture": "#light_gun_texture" },
        "south": { "uv": [ 6.125, 10.25, 6.75, 10.75 ], "texture": "#light_gun_texture" },
        "west":  { "uv": [ 6.25, 10.375, 6.75, 10.875 ], "texture": "#light_gun_texture" },
        "east":  { "uv": [ 6.25, 10.375, 6.75, 10.875 ], "texture": "#light_gun_texture" }
    }
},
{
    "from": [ 9.5, 9.8125, 7.75 ],
    "to": [ 10.8125, 10, 7.875 ],
    "faces": {
        "down":  { "uv": [ 6.25, 10.375, 6.875, 10.75 ], "texture": "#light_gun_texture" },
        "up":    { "uv": [ 6.25, 10.375, 6.875, 10.75 ], "texture": "#light_gun_texture" },
        "north": { "uv": [ 6.125, 10.25, 6.75, 10.75 ], "texture": "#light_gun_texture" },
        "south": { "uv": [ 6.125, 10.25, 6.75, 10.75 ], "texture": "#light_gun_texture" },
        "west":  { "uv": [ 6.25, 10.375, 6.75, 10.875 ], "texture": "#light_gun_texture" },
        "east":  { "uv": [ 6.25, 10.375, 6.75, 10.875 ], "texture": "#light_gun_texture" }
    }
},
{
    "from": [ 14.1875, 9.375, 7.8125 ],
    "to": [ 15.5, 9.75, 8 ],
    "faces": {
        "up":    { "uv": [ 6.25, 10.375, 6.875, 10.75 ], "texture": "#light_gun_texture" },
        "south": { "uv": [ 6.125, 10.25, 6.75, 10.75 ], "texture": "#light_gun_texture" },
        "west":  { "uv": [ 6.25, 10.375, 6.75, 10.875 ], "texture": "#light_gun_texture" },
        "east":  { "uv": [ 6.25, 10.375, 6.75, 10.875 ], "texture": "#light_gun_texture" }
    }
},
{
    "from": [ 14.1875, 9.75, 7.75 ],
    "to": [ 15.5, 9.9375, 7.9375 ],
    "faces": {
        "down":  { "uv": [ 6.25, 10.375, 6.875, 10.75 ], "texture": "#light_gun_texture" },
        "up":    { "uv": [ 6.25, 10.375, 6.875, 10.75 ], "texture": "#light_gun_texture" },
        "north": { "uv": [ 6.125, 10.25, 6.75, 10.75 ], "texture": "#light_gun_texture" },
        "south": { "uv": [ 6.125, 10.25, 6.75, 10.75 ], "texture": "#light_gun_texture" },
        "west":  { "uv": [ 6.25, 10.375, 6.75, 10.875 ], "texture": "#light_gun_texture" },
        "east":  { "uv": [ 6.25, 10.375, 6.75, 10.875 ], "texture": "#light_gun_texture" }
    }
},
{
    "from": [ 14.1875, 9.8125, 7.75 ],
    "to": [ 15.5, 10, 7.875 ],
    "faces": {
        "down":  { "uv": [ 6.25, 10.375, 6.875, 10.75 ], "texture": "#light_gun_texture" },
        "up":    { "uv": [ 6.25, 10.375, 6.875, 10.75 ], "texture": "#light_gun_texture" },
        "north": { "uv": [ 6.125, 10.25, 6.75, 10.75 ], "texture": "#light_gun_texture" },
        "south": { "uv": [ 6.125, 10.25, 6.75, 10.75 ], "texture": "#light_gun_texture" },
        "west":  { "uv": [ 6.25, 10.375, 6.75, 10.875 ], "texture": "#light_gun_texture" },
        "east":  { "uv": [ 6.25, 10.375, 6.75, 10.875 ], "texture": "#light_gun_texture" }
    }
},
{
    "from": [ 9.5, 9.75, 7.75 ],
    "to": [ 10.8125, 9.9375, 7.9375 ],
    "faces": {
        "down":  { "uv": [ 6.25, 10.375, 6.875, 10.75 ], "texture": "#light_gun_texture" },
        "up":    { "uv": [ 6.25, 10.375, 6.875, 10.75 ], "texture": "#light_gun_texture" },
        "north": { "uv": [ 6.125, 10.25, 6.75, 10.75 ], "texture": "#light_gun_texture" },
        "south": { "uv": [ 6.125, 10.25, 6.75, 10.75 ], "texture": "#light_gun_texture" },
        "west":  { "uv": [ 6.25, 10.375, 6.75, 10.875 ], "texture": "#light_gun_texture" },
        "east":  { "uv": [ 6.25, 10.375, 6.75, 10.875 ], "texture": "#light_gun_texture" }
    }
},
{
    "from": [ 11, 8.0625, 6.875 ],
    "to": [ 17, 8.125, 8 ],
    "faces": {
        "down":  { "uv": [ 6.25, 10.375, 6.875, 10.75 ], "texture": "#light_gun_texture" },
        "up":    { "uv": [ 6.25, 10.375, 6.875, 10.75 ], "texture": "#light_gun_texture" },
        "north": { "uv": [ 6.125, 10.25, 6.75, 10.75 ], "texture": "#light_gun_texture" },
        "south": { "uv": [ 6.125, 10.25, 6.75, 10.75 ], "texture": "#light_gun_texture" },
        "west":  { "uv": [ 6.25, 10.375, 6.75, 10.875 ], "texture": "#light_gun_texture" },
        "east":  { "uv": [ 6.25, 10.375, 6.75, 10.875 ], "texture": "#light_gun_texture" }
    }
},
{
    "from": [ 12.5, 8, 6.875 ],
    "to": [ 17, 8.0625, 8 ],
    "faces": {
        "down":  { "uv": [ 6.25, 10.375, 6.875, 10.75 ], "texture": "#light_gun_texture" },
        "north": { "uv": [ 6.125, 10.25, 6.75, 10.75 ], "texture": "#light_gun_texture" },
        "south": { "uv": [ 6.125, 10.25, 6.75, 10.75 ], "texture": "#light_gun_texture" },
        "west":  { "uv": [ 6.25, 10.375, 6.75, 10.875 ], "texture": "#light_gun_texture" },
        "east":  { "uv": [ 6.25, 10.375, 6.75, 10.875 ], "texture": "#light_gun_texture" }
    }
},
{
    "from": [ 14, 7.9375, 6.875 ],
    "to": [ 17, 8, 8 ],
    "faces": {
        "down":  { "uv": [ 6.25, 10.375, 6.875, 10.75 ], "texture": "#light_gun_texture" },
        "north": { "uv": [ 6.125, 10.25, 6.75, 10.75 ], "texture": "#light_gun_texture" },
        "south": { "uv": [ 6.125, 10.25, 6.75, 10.75 ], "texture": "#light_gun_texture" },
        "west":  { "uv": [ 6.25, 10.375, 6.75, 10.875 ], "texture": "#light_gun_texture" },
        "east":  { "uv": [ 6.25, 10.375, 6.75, 10.875 ], "texture": "#light_gun_texture" }
    }
},
{
    "from": [ 15.5, 7.875, 6.875 ],
    "to": [ 17, 7.9375, 8 ],
    "faces": {
        "down":  { "uv": [ 6.25, 10.375, 6.875, 10.75 ], "texture": "#light_gun_texture" },
        "north": { "uv": [ 6.125, 10.25, 6.75, 10.75 ], "texture": "#light_gun_texture" },
        "south": { "uv": [ 6.125, 10.25, 6.75, 10.75 ], "texture": "#light_gun_texture" },
        "west":  { "uv": [ 6.25, 10.375, 6.75, 10.875 ], "texture": "#light_gun_texture" },
        "east":  { "uv": [ 6.25, 10.375, 6.75, 10.875 ], "texture": "#light_gun_texture" }
    }
},
{
    "from": [ 15.5, 8.75, 7.25 ],
    "to": [ 16.25, 9.3125, 8 ],
    "faces": {
        "up":    { "uv": [ 6.25, 10.375, 6.875, 10.75 ], "texture": "#light_gun_texture" },
        "north": { "uv": [ 6.125, 10.25, 6.75, 10.75 ], "texture": "#light_gun_texture" },
        "south": { "uv": [ 6.125, 10.25, 6.75, 10.75 ], "texture": "#light_gun_texture" },
        "east":  { "uv": [ 6.25, 10.375, 6.75, 10.875 ], "texture": "#light_gun_texture" }
    }
},
{
    "from": [ 17.135, 5.685, 6.875 ],
    "to": [ 18.1975, 8.085, 8 ],
    "rotation": { "origin": [ 17.135, 8.085, 6.875 ], "axis": "z", "angle": 22.5 },
    "faces": {
        "down":  { "uv": [ 6.25, 10.375, 6.875, 10.75 ], "texture": "#light_gun_texture" },
        "up":    { "uv": [ 6.25, 10.375, 6.875, 10.75 ], "texture": "#light_gun_texture" },
        "north": { "uv": [ 6.125, 10.25, 6.75, 10.75 ], "texture": "#light_gun_texture" },
        "south": { "uv": [ 6.125, 10.25, 6.75, 10.75 ], "texture": "#light_gun_texture" },
        "west":  { "uv": [ 6.25, 10.375, 6.75, 10.875 ], "texture": "#light_gun_texture" },
        "east":  { "uv": [ 6.25, 10.375, 6.75, 10.875 ], "texture": "#light_gun_texture" }
    }
},
{
    "from": [ 15.5, 8.125, 6.875 ],
    "to": [ 17, 8.75, 8 ],
    "faces": {
        "up":    { "uv": [ 6.25, 10.375, 6.875, 10.75 ], "texture": "#light_gun_texture" },
        "north": { "uv": [ 6.125, 10.25, 6.75, 10.75 ], "texture": "#light_gun_texture" },
        "south": { "uv": [ 6.125, 10.25, 6.75, 10.75 ], "texture": "#light_gun_texture" },
        "east":  { "uv": [ 6.25, 10.375, 6.75, 10.875 ], "texture": "#light_gun_texture" }
    }
},
{
    "from": [ 16.8125, 6.9375, 6.875 ],
    "to": [ 17.3125, 7.9375, 8 ],
    "rotation": { "origin": [ 16.8125, 7.9375, 6.875 ], "axis": "z", "angle": 45 },
    "faces": {
        "down":  { "uv": [ 6.25, 10.375, 6.875, 10.75 ], "texture": "#light_gun_texture" },
        "up":    { "uv": [ 6.25, 10.375, 6.875, 10.75 ], "texture": "#light_gun_texture" },
        "north": { "uv": [ 6.125, 10.25, 6.75, 10.75 ], "texture": "#light_gun_texture" },
        "south": { "uv": [ 6.125, 10.25, 6.75, 10.75 ], "texture": "#light_gun_texture" },
        "west":  { "uv": [ 6.25, 10.375, 6.75, 10.875 ], "texture": "#light_gun_texture" },
        "east":  { "uv": [ 6.25, 10.375, 6.75, 10.875 ], "texture": "#light_gun_texture" }
    }
},
{
    "from": [ 16.25, 8.9375, 6.90625 ],
    "to": [ 16.5, 9.25, 7.96875 ],
    "faces": {
        "up":    { "uv": [ 6.25, 10.375, 6.875, 10.75 ], "texture": "#light_gun_texture" },
        "north": { "uv": [ 6.125, 10.25, 6.75, 10.75 ], "texture": "#light_gun_texture" },
        "south": { "uv": [ 6.125, 10.25, 6.75, 10.75 ], "texture": "#light_gun_texture" },
        "west":  { "uv": [ 6.25, 10.375, 6.75, 10.875 ], "texture": "#light_gun_texture" },
        "east":  { "uv": [ 6.25, 10.375, 6.75, 10.875 ], "texture": "#light_gun_texture" }
    }
},
{
    "from": [ 16.5, 8.8125, 6.90625 ],
    "to": [ 16.6875, 9.1875, 7.96875 ],
    "faces": {
        "up":    { "uv": [ 6.25, 10.375, 6.875, 10.75 ], "texture": "#light_gun_texture" },
        "north": { "uv": [ 6.125, 10.25, 6.75, 10.75 ], "texture": "#light_gun_texture" },
        "south": { "uv": [ 6.125, 10.25, 6.75, 10.75 ], "texture": "#light_gun_texture" },
        "west":  { "uv": [ 6.25, 10.375, 6.75, 10.875 ], "texture": "#light_gun_texture" },
        "east":  { "uv": [ 6.25, 10.375, 6.75, 10.875 ], "texture": "#light_gun_texture" }
    }
},
{
    "from": [ 18.125, 7.9375, 6.875 ],
    "to": [ 23, 8.5, 8 ],
    "faces": {
        "down":  { "uv": [ 6.25, 10.375, 6.875, 10.75 ], "texture": "#light_gun_texture" },
        "up":    { "uv": [ 6.25, 10.375, 6.875, 10.75 ], "texture": "#light_gun_texture" },
        "north": { "uv": [ 6.125, 10.25, 6.75, 10.75 ], "texture": "#light_gun_texture" },
        "south": { "uv": [ 6.125, 10.25, 6.75, 10.75 ], "texture": "#light_gun_texture" },
        "west":  { "uv": [ 6.25, 10.375, 6.75, 10.875 ], "texture": "#light_gun_texture" },
        "east":  { "uv": [ 6.25, 10.375, 6.75, 10.875 ], "texture": "#light_gun_texture" }
    }
},
{
    "from": [ 18.3125, 7.4375, 6.875 ],
    "to": [ 22.9375, 7.9375, 8 ],
    "faces": {
        "down":  { "uv": [ 6.25, 10.375, 6.875, 10.75 ], "texture": "#light_gun_texture" },
        "north": { "uv": [ 6.125, 10.25, 6.75, 10.75 ], "texture": "#light_gun_texture" },
        "south": { "uv": [ 6.125, 10.25, 6.75, 10.75 ], "texture": "#light_gun_texture" },
        "west":  { "uv": [ 6.25, 10.375, 6.75, 10.875 ], "texture": "#light_gun_texture" },
        "east":  { "uv": [ 6.25, 10.375, 6.75, 10.875 ], "texture": "#light_gun_texture" }
    }
},
{
    "from": [ 18.5, 6.9375, 6.875 ],
    "to": [ 22.875, 7.4375, 8 ],
    "faces": {
        "down":  { "uv": [ 6.25, 10.375, 6.875, 10.75 ], "texture": "#light_gun_texture" },
        "north": { "uv": [ 6.125, 10.25, 6.75, 10.75 ], "texture": "#light_gun_texture" },
        "south": { "uv": [ 6.125, 10.25, 6.75, 10.75 ], "texture": "#light_gun_texture" },
        "west":  { "uv": [ 6.25, 10.375, 6.75, 10.875 ], "texture": "#light_gun_texture" },
        "east":  { "uv": [ 6.25, 10.375, 6.75, 10.875 ], "texture": "#light_gun_texture" }
    }
},
{
    "from": [ 18.75, 6.4375, 6.90625 ],
    "to": [ 22.8125, 6.9375, 7.96875 ],
    "faces": {
        "down":  { "uv": [ 6.25, 10.375, 6.875, 10.75 ], "texture": "#light_gun_texture" },
        "north": { "uv": [ 6.125, 10.25, 6.75, 10.75 ], "texture": "#light_gun_texture" },
        "south": { "uv": [ 6.125, 10.25, 6.75, 10.75 ], "texture": "#light_gun_texture" },
        "west":  { "uv": [ 6.25, 10.375, 6.75, 10.875 ], "texture": "#light_gun_texture" },
        "east":  { "uv": [ 6.25, 10.375, 6.75, 10.875 ], "texture": "#light_gun_texture" }
    }
},
{
    "from": [ 19.5, 6.375, 6.9375 ],
    "to": [ 22.75, 6.4375, 7.9375 ],
    "faces": {
        "down":  { "uv": [ 6.25, 10.375, 6.875, 10.75 ], "texture": "#light_gun_texture" },
        "north": { "uv": [ 6.125, 10.25, 6.75, 10.75 ], "texture": "#light_gun_texture" },
        "south": { "uv": [ 6.125, 10.25, 6.75, 10.75 ], "texture": "#light_gun_texture" },
        "west":  { "uv": [ 6.25, 10.375, 6.75, 10.875 ], "texture": "#light_gun_texture" },
        "east":  { "uv": [ 6.25, 10.375, 6.75, 10.875 ], "texture": "#light_gun_texture" }
    }
},
{
    "from": [ 20, 6.3125, 6.9375 ],
    "to": [ 22.75, 6.375, 7.9375 ],
    "faces": {
        "down":  { "uv": [ 6.25, 10.375, 6.875, 10.75 ], "texture": "#light_gun_texture" },
        "north": { "uv": [ 6.125, 10.25, 6.75, 10.75 ], "texture": "#light_gun_texture" },
        "south": { "uv": [ 6.125, 10.25, 6.75, 10.75 ], "texture": "#light_gun_texture" },
        "west":  { "uv": [ 6.25, 10.375, 6.75, 10.875 ], "texture": "#light_gun_texture" },
        "east":  { "uv": [ 6.25, 10.375, 6.75, 10.875 ], "texture": "#light_gun_texture" }
    }
},
{
    "from": [ 20.5, 6.25, 6.9375 ],
    "to": [ 22.75, 6.3125, 7.9375 ],
    "faces": {
        "down":  { "uv": [ 6.25, 10.375, 6.875, 10.75 ], "texture": "#light_gun_texture" },
        "north": { "uv": [ 6.125, 10.25, 6.75, 10.75 ], "texture": "#light_gun_texture" },
        "south": { "uv": [ 6.125, 10.25, 6.75, 10.75 ], "texture": "#light_gun_texture" },
        "west":  { "uv": [ 6.25, 10.375, 6.75, 10.875 ], "texture": "#light_gun_texture" },
        "east":  { "uv": [ 6.25, 10.375, 6.75, 10.875 ], "texture": "#light_gun_texture" }
    }
},
{
    "from": [ 21, 6.1875, 6.9375 ],
    "to": [ 22.75, 6.25, 7.9375 ],
    "faces": {
        "down":  { "uv": [ 6.25, 10.375, 6.875, 10.75 ], "texture": "#light_gun_texture" },
        "north": { "uv": [ 6.125, 10.25, 6.75, 10.75 ], "texture": "#light_gun_texture" },
        "south": { "uv": [ 6.125, 10.25, 6.75, 10.75 ], "texture": "#light_gun_texture" },
        "west":  { "uv": [ 6.25, 10.375, 6.75, 10.875 ], "texture": "#light_gun_texture" },
        "east":  { "uv": [ 6.25, 10.375, 6.75, 10.875 ], "texture": "#light_gun_texture" }
    }
},
{
    "from": [ 21.5, 6.125, 6.9375 ],
    "to": [ 22.75, 6.1875, 7.9375 ],
    "faces": {
        "down":  { "uv": [ 6.25, 10.375, 6.875, 10.75 ], "texture": "#light_gun_texture" },
        "north": { "uv": [ 6.125, 10.25, 6.75, 10.75 ], "texture": "#light_gun_texture" },
        "south": { "uv": [ 6.125, 10.25, 6.75, 10.75 ], "texture": "#light_gun_texture" },
        "west":  { "uv": [ 6.25, 10.375, 6.75, 10.875 ], "texture": "#light_gun_texture" },
        "east":  { "uv": [ 6.25, 10.375, 6.75, 10.875 ], "texture": "#light_gun_texture" }
    }
},
{
    "from": [ 22, 6.0625, 6.9375 ],
    "to": [ 22.75, 6.125, 7.9375 ],
    "faces": {
        "down":  { "uv": [ 6.25, 10.375, 6.875, 10.75 ], "texture": "#light_gun_texture" },
        "north": { "uv": [ 6.125, 10.25, 6.75, 10.75 ], "texture": "#light_gun_texture" },
        "south": { "uv": [ 6.125, 10.25, 6.75, 10.75 ], "texture": "#light_gun_texture" },
        "west":  { "uv": [ 6.25, 10.375, 6.75, 10.875 ], "texture": "#light_gun_texture" },
        "east":  { "uv": [ 6.25, 10.375, 6.75, 10.875 ], "texture": "#light_gun_texture" }
    }
},
{
    "from": [ 22.5, 6, 6.9375 ],
    "to": [ 22.75, 6.0625, 7.9375 ],
    "faces": {
        "down":  { "uv": [ 6.25, 10.375, 6.875, 10.75 ], "texture": "#light_gun_texture" },
        "north": { "uv": [ 6.125, 10.25, 6.75, 10.75 ], "texture": "#light_gun_texture" },
        "south": { "uv": [ 6.125, 10.25, 6.75, 10.75 ], "texture": "#light_gun_texture" },
        "west":  { "uv": [ 6.25, 10.375, 6.75, 10.875 ], "texture": "#light_gun_texture" },
        "east":  { "uv": [ 6.25, 10.375, 6.75, 10.875 ], "texture": "#light_gun_texture" }
    }
},
{
    "from": [ 19, 8.5, 6.90625 ],
    "to": [ 23.0625, 8.875, 7.96875 ],
    "faces": {
        "down":  { "uv": [ 6.25, 10.375, 6.875, 10.75 ], "texture": "#light_gun_texture" },
        "up":    { "uv": [ 6.25, 10.375, 6.875, 10.75 ], "texture": "#light_gun_texture" },
        "north": { "uv": [ 6.125, 10.25, 6.75, 10.75 ], "texture": "#light_gun_texture" },
        "south": { "uv": [ 6.125, 10.25, 6.75, 10.75 ], "texture": "#light_gun_texture" },
        "west":  { "uv": [ 6.25, 10.375, 6.75, 10.875 ], "texture": "#light_gun_texture" },
        "east":  { "uv": [ 6.25, 10.375, 6.75, 10.875 ], "texture": "#light_gun_texture" }
    }
},
{
    "from": [ 18.6988, 6.4475, 6.90625 ],
    "to": [ 19.1988, 6.76, 7.96875 ],
    "rotation": { "origin": [ 18.6988, 6.76, 6.90625 ], "axis": "z", "angle": -22.5 },
    "faces": {
        "down":  { "uv": [ 6.25, 10.375, 6.875, 10.75 ], "texture": "#light_gun_texture" },
        "up":    { "uv": [ 6.25, 10.375, 6.875, 10.75 ], "texture": "#light_gun_texture" },
        "north": { "uv": [ 6.125, 10.25, 6.75, 10.75 ], "texture": "#light_gun_texture" },
        "south": { "uv": [ 6.125, 10.25, 6.75, 10.75 ], "texture": "#light_gun_texture" },
        "west":  { "uv": [ 6.25, 10.375, 6.75, 10.875 ], "texture": "#light_gun_texture" },
        "east":  { "uv": [ 6.25, 10.375, 6.75, 10.875 ], "texture": "#light_gun_texture" }
    }
},
{
    "from": [ 16.6875, 8.8125, 6.90625 ],
    "to": [ 16.9375, 9.125, 7.96875 ],
    "faces": {
        "up":    { "uv": [ 6.25, 10.375, 6.875, 10.75 ], "texture": "#light_gun_texture" },
        "north": { "uv": [ 6.125, 10.25, 6.75, 10.75 ], "texture": "#light_gun_texture" },
        "south": { "uv": [ 6.125, 10.25, 6.75, 10.75 ], "texture": "#light_gun_texture" },
        "west":  { "uv": [ 6.25, 10.375, 6.75, 10.875 ], "texture": "#light_gun_texture" },
        "east":  { "uv": [ 6.25, 10.375, 6.75, 10.875 ], "texture": "#light_gun_texture" }
    }
},
{
    "from": [ 16.9375, 8.75, 6.90625 ],
    "to": [ 17.1875, 9.0625, 7.96875 ],
    "faces": {
        "down":  { "uv": [ 6.25, 10.375, 6.875, 10.75 ], "texture": "#light_gun_texture" },
        "up":    { "uv": [ 6.25, 10.375, 6.875, 10.75 ], "texture": "#light_gun_texture" },
        "north": { "uv": [ 6.125, 10.25, 6.75, 10.75 ], "texture": "#light_gun_texture" },
        "south": { "uv": [ 6.125, 10.25, 6.75, 10.75 ], "texture": "#light_gun_texture" },
        "west":  { "uv": [ 6.25, 10.375, 6.75, 10.875 ], "texture": "#light_gun_texture" },
        "east":  { "uv": [ 6.25, 10.375, 6.75, 10.875 ], "texture": "#light_gun_texture" }
    }
},
{
    "from": [ 17.1875, 8.6875, 6.90625 ],
    "to": [ 17.5, 9, 7.96875 ],
    "faces": {
        "up":    { "uv": [ 6.25, 10.375, 6.875, 10.75 ], "texture": "#light_gun_texture" },
        "north": { "uv": [ 6.125, 10.25, 6.75, 10.75 ], "texture": "#light_gun_texture" },
        "south": { "uv": [ 6.125, 10.25, 6.75, 10.75 ], "texture": "#light_gun_texture" },
        "west":  { "uv": [ 6.25, 10.375, 6.75, 10.875 ], "texture": "#light_gun_texture" },
        "east":  { "uv": [ 6.25, 10.375, 6.75, 10.875 ], "texture": "#light_gun_texture" }
    }
},
{
    "from": [ 17.5, 8.625, 6.90625 ],
    "to": [ 17.75, 8.9375, 7.96875 ],
    "faces": {
        "up":    { "uv": [ 6.25, 10.375, 6.875, 10.75 ], "texture": "#light_gun_texture" },
        "north": { "uv": [ 6.125, 10.25, 6.75, 10.75 ], "texture": "#light_gun_texture" },
        "south": { "uv": [ 6.125, 10.25, 6.75, 10.75 ], "texture": "#light_gun_texture" },
        "west":  { "uv": [ 6.25, 10.375, 6.75, 10.875 ], "texture": "#light_gun_texture" },
        "east":  { "uv": [ 6.25, 10.375, 6.75, 10.875 ], "texture": "#light_gun_texture" }
    }
},
{
    "from": [ 17.75, 8.625, 6.90625 ],
    "to": [ 18, 8.875, 7.96875 ],
    "faces": {
        "up":    { "uv": [ 6.25, 10.375, 6.875, 10.75 ], "texture": "#light_gun_texture" },
        "north": { "uv": [ 6.125, 10.25, 6.75, 10.75 ], "texture": "#light_gun_texture" },
        "south": { "uv": [ 6.125, 10.25, 6.75, 10.75 ], "texture": "#light_gun_texture" },
        "west":  { "uv": [ 6.25, 10.375, 6.75, 10.875 ], "texture": "#light_gun_texture" },
        "east":  { "uv": [ 6.25, 10.375, 6.75, 10.875 ], "texture": "#light_gun_texture" }
    }
},
{
    "from": [ 18, 8.5625, 6.90625 ],
    "to": [ 18.25, 8.8125, 7.96875 ],
    "faces": {
        "up":    { "uv": [ 6.25, 10.375, 6.875, 10.75 ], "texture": "#light_gun_texture" },
        "north": { "uv": [ 6.125, 10.25, 6.75, 10.75 ], "texture": "#light_gun_texture" },
        "south": { "uv": [ 6.125, 10.25, 6.75, 10.75 ], "texture": "#light_gun_texture" },
        "west":  { "uv": [ 6.25, 10.375, 6.75, 10.875 ], "texture": "#light_gun_texture" },
        "east":  { "uv": [ 6.25, 10.375, 6.75, 10.875 ], "texture": "#light_gun_texture" }
    }
},
{
    "from": [ 17, 8.125, 6.875 ],
    "to": [ 18.125, 8.5, 8 ],
    "faces": {
        "down":  { "uv": [ 6.25, 10.375, 6.875, 10.75 ], "texture": "#light_gun_texture" },
        "north": { "uv": [ 6.125, 10.25, 6.75, 10.75 ], "texture": "#light_gun_texture" },
        "south": { "uv": [ 6.125, 10.25, 6.75, 10.75 ], "texture": "#light_gun_texture" }
    }
},
{
    "from": [ 17, 8.5625, 6.875 ],
    "to": [ 18, 8.625, 8 ],
    "faces": {
        "up":    { "uv": [ 6.25, 10.375, 6.875, 10.75 ], "texture": "#light_gun_texture" },
        "north": { "uv": [ 6.125, 10.25, 6.75, 10.75 ], "texture": "#light_gun_texture" },
        "south": { "uv": [ 6.125, 10.25, 6.75, 10.75 ], "texture": "#light_gun_texture" },
        "east":  { "uv": [ 6.25, 10.375, 6.75, 10.875 ], "texture": "#light_gun_texture" }
    }
},
{
    "from": [ 17, 8.625, 6.875 ],
    "to": [ 17.5, 8.6875, 8 ],
    "faces": {
        "up":    { "uv": [ 6.25, 10.375, 6.875, 10.75 ], "texture": "#light_gun_texture" },
        "north": { "uv": [ 6.125, 10.25, 6.75, 10.75 ], "texture": "#light_gun_texture" },
        "south": { "uv": [ 6.125, 10.25, 6.75, 10.75 ], "texture": "#light_gun_texture" },
        "east":  { "uv": [ 6.25, 10.375, 6.75, 10.875 ], "texture": "#light_gun_texture" }
    }
},
{
    "from": [ 17, 8.6875, 6.875 ],
    "to": [ 17.1875, 8.75, 8 ],
    "faces": {
        "up":    { "uv": [ 6.25, 10.375, 6.875, 10.75 ], "texture": "#light_gun_texture" },
        "north": { "uv": [ 6.125, 10.25, 6.75, 10.75 ], "texture": "#light_gun_texture" },
        "south": { "uv": [ 6.125, 10.25, 6.75, 10.75 ], "texture": "#light_gun_texture" },
        "east":  { "uv": [ 6.25, 10.375, 6.75, 10.875 ], "texture": "#light_gun_texture" }
    }
},
{
    "from": [ 18.25, 8.5, 6.9375 ],
    "to": [ 18.625, 8.75, 7.9375 ],
    "faces": {
        "up":    { "uv": [ 6.25, 10.375, 6.875, 10.75 ], "texture": "#light_gun_texture" },
        "north": { "uv": [ 6.125, 10.25, 6.75, 10.75 ], "texture": "#light_gun_texture" },
        "south": { "uv": [ 6.125, 10.25, 6.75, 10.75 ], "texture": "#light_gun_texture" },
        "west":  { "uv": [ 6.25, 10.375, 6.75, 10.875 ], "texture": "#light_gun_texture" },
        "east":  { "uv": [ 6.25, 10.375, 6.75, 10.875 ], "texture": "#light_gun_texture" }
    }
},
{
    "from": [ 18.625, 8.5, 6.9175 ],
    "to": [ 19, 8.6875, 7.955 ],
    "faces": {
        "up":    { "uv": [ 6.25, 10.375, 6.875, 10.75 ], "texture": "#light_gun_texture" },
        "north": { "uv": [ 6.125, 10.25, 6.75, 10.75 ], "texture": "#light_gun_texture" },
        "south": { "uv": [ 6.125, 10.25, 6.75, 10.75 ], "texture": "#light_gun_texture" },
        "west":  { "uv": [ 6.25, 10.375, 6.75, 10.875 ], "texture": "#light_gun_texture" },
        "east":  { "uv": [ 6.25, 10.375, 6.75, 10.875 ], "texture": "#light_gun_texture" }
    }
},
{
    "from": [ 18.625, 8.6875, 6.90625 ],
    "to": [ 19, 8.875, 7.96875 ],
    "faces": {
        "down":  { "uv": [ 6.25, 10.375, 6.875, 10.75 ], "texture": "#light_gun_texture" },
        "up":    { "uv": [ 6.25, 10.375, 6.875, 10.75 ], "texture": "#light_gun_texture" },
        "north": { "uv": [ 6.125, 10.25, 6.75, 10.75 ], "texture": "#light_gun_texture" },
        "south": { "uv": [ 6.125, 10.25, 6.75, 10.75 ], "texture": "#light_gun_texture" },
        "west":  { "uv": [ 6.25, 10.375, 6.75, 10.875 ], "texture": "#light_gun_texture" },
        "east":  { "uv": [ 6.25, 10.375, 6.75, 10.875 ], "texture": "#light_gun_texture" }
    }
},
{
    "from": [ 18.4375, 8.75, 6.90625 ],
    "to": [ 18.625, 8.875, 7.96875 ],
    "faces": {
        "down":  { "uv": [ 6.25, 10.375, 6.875, 10.75 ], "texture": "#light_gun_texture" },
        "up":    { "uv": [ 6.25, 10.375, 6.875, 10.75 ], "texture": "#light_gun_texture" },
        "north": { "uv": [ 6.125, 10.25, 6.75, 10.75 ], "texture": "#light_gun_texture" },
        "south": { "uv": [ 6.125, 10.25, 6.75, 10.75 ], "texture": "#light_gun_texture" },
        "west":  { "uv": [ 6.25, 10.375, 6.75, 10.875 ], "texture": "#light_gun_texture" },
        "east":  { "uv": [ 6.25, 10.375, 6.75, 10.875 ], "texture": "#light_gun_texture" }
    }
},
{
    "from": [ 23.25, 6, 6.9375 ],
    "to": [ 23.8125, 6.4375, 7.9375 ],
    "faces": {
        "down":  { "uv": [ 6.25, 10.375, 6.875, 10.75 ], "texture": "#light_gun_texture" },
        "up":    { "uv": [ 6.25, 10.375, 6.875, 10.75 ], "texture": "#light_gun_texture" },
        "north": { "uv": [ 6.125, 10.25, 6.75, 10.75 ], "texture": "#light_gun_texture" },
        "south": { "uv": [ 6.125, 10.25, 6.75, 10.75 ], "texture": "#light_gun_texture" },
        "west":  { "uv": [ 6.25, 10.375, 6.75, 10.875 ], "texture": "#light_gun_texture" },
        "east":  { "uv": [ 6.25, 10.375, 6.75, 10.875 ], "texture": "#light_gun_texture" }
    }
},
{
    "from": [ 23.3125, 6.4375, 6.90625 ],
    "to": [ 23.875, 6.9375, 7.96875 ],
    "faces": {
        "down":  { "uv": [ 6.25, 10.375, 6.875, 10.75 ], "texture": "#light_gun_texture" },
        "up":    { "uv": [ 6.25, 10.375, 6.875, 10.75 ], "texture": "#light_gun_texture" },
        "north": { "uv": [ 6.125, 10.25, 6.75, 10.75 ], "texture": "#light_gun_texture" },
        "south": { "uv": [ 6.125, 10.25, 6.75, 10.75 ], "texture": "#light_gun_texture" },
        "west":  { "uv": [ 6.25, 10.375, 6.75, 10.875 ], "texture": "#light_gun_texture" },
        "east":  { "uv": [ 6.25, 10.375, 6.75, 10.875 ], "texture": "#light_gun_texture" }
    }
},
{
    "from": [ 23.375, 6.9375, 6.875 ],
    "to": [ 23.9375, 7.4375, 8 ],
    "faces": {
        "down":  { "uv": [ 6.25, 10.375, 6.875, 10.75 ], "texture": "#light_gun_texture" },
        "up":    { "uv": [ 6.25, 10.375, 6.875, 10.75 ], "texture": "#light_gun_texture" },
        "north": { "uv": [ 6.125, 10.25, 6.75, 10.75 ], "texture": "#light_gun_texture" },
        "south": { "uv": [ 6.125, 10.25, 6.75, 10.75 ], "texture": "#light_gun_texture" },
        "west":  { "uv": [ 6.25, 10.375, 6.75, 10.875 ], "texture": "#light_gun_texture" },
        "east":  { "uv": [ 6.25, 10.375, 6.75, 10.875 ], "texture": "#light_gun_texture" }
    }
},
{
    "from": [ 23.4375, 7.4375, 6.875 ],
    "to": [ 24, 7.9375, 8 ],
    "faces": {
        "down":  { "uv": [ 6.25, 10.375, 6.875, 10.75 ], "texture": "#light_gun_texture" },
        "up":    { "uv": [ 6.25, 10.375, 6.875, 10.75 ], "texture": "#light_gun_texture" },
        "north": { "uv": [ 6.125, 10.25, 6.75, 10.75 ], "texture": "#light_gun_texture" },
        "south": { "uv": [ 6.125, 10.25, 6.75, 10.75 ], "texture": "#light_gun_texture" },
        "west":  { "uv": [ 6.25, 10.375, 6.75, 10.875 ], "texture": "#light_gun_texture" },
        "east":  { "uv": [ 6.25, 10.375, 6.75, 10.875 ], "texture": "#light_gun_texture" }
    }
},
{
    "from": [ 23.5, 7.9375, 6.875 ],
    "to": [ 24.0625, 8.4375, 8 ],
    "faces": {
        "down":  { "uv": [ 6.25, 10.375, 6.875, 10.75 ], "texture": "#light_gun_texture" },
        "up":    { "uv": [ 6.25, 10.375, 6.875, 10.75 ], "texture": "#light_gun_texture" },
        "north": { "uv": [ 6.125, 10.25, 6.75, 10.75 ], "texture": "#light_gun_texture" },
        "south": { "uv": [ 6.125, 10.25, 6.75, 10.75 ], "texture": "#light_gun_texture" },
        "west":  { "uv": [ 6.25, 10.375, 6.75, 10.875 ], "texture": "#light_gun_texture" },
        "east":  { "uv": [ 6.25, 10.375, 6.75, 10.875 ], "texture": "#light_gun_texture" }
    }
},
{
    "from": [ 23.5625, 8.4375, 6.90625 ],
    "to": [ 24.125, 8.8125, 7.96875 ],
    "faces": {
        "down":  { "uv": [ 6.25, 10.375, 6.875, 10.75 ], "texture": "#light_gun_texture" },
        "up":    { "uv": [ 6.25, 10.375, 6.875, 10.75 ], "texture": "#light_gun_texture" },
        "north": { "uv": [ 6.125, 10.25, 6.75, 10.75 ], "texture": "#light_gun_texture" },
        "south": { "uv": [ 6.125, 10.25, 6.75, 10.75 ], "texture": "#light_gun_texture" },
        "west":  { "uv": [ 6.25, 10.375, 6.75, 10.875 ], "texture": "#light_gun_texture" },
        "east":  { "uv": [ 6.25, 10.375, 6.75, 10.875 ], "texture": "#light_gun_texture" }
    }
},
{
    "from": [ 23, 8.25, 7.3125 ],
    "to": [ 23.5625, 8.5, 7.5625 ],
    "faces": {
        "down":  { "uv": [ 6.25, 10.375, 6.875, 10.75 ], "texture": "#light_gun_texture" },
        "up":    { "uv": [ 6.25, 10.375, 6.875, 10.75 ], "texture": "#light_gun_texture" },
        "north": { "uv": [ 6.125, 10.25, 6.75, 10.75 ], "texture": "#light_gun_texture" },
        "south": { "uv": [ 6.125, 10.25, 6.75, 10.75 ], "texture": "#light_gun_texture" },
        "east":  { "uv": [ 6.25, 10.375, 6.75, 10.875 ], "texture": "#light_gun_texture" }
    }
},
{
    "from": [ 22.8125, 6.6875, 7.3125 ],
    "to": [ 23.375, 6.9375, 7.5625 ],
    "faces": {
        "down":  { "uv": [ 6.25, 10.375, 6.875, 10.75 ], "texture": "#light_gun_texture" },
        "up":    { "uv": [ 6.25, 10.375, 6.875, 10.75 ], "texture": "#light_gun_texture" },
        "north": { "uv": [ 6.125, 10.25, 6.75, 10.75 ], "texture": "#light_gun_texture" },
        "south": { "uv": [ 6.125, 10.25, 6.75, 10.75 ], "texture": "#light_gun_texture" },
        "east":  { "uv": [ 6.25, 10.375, 6.75, 10.875 ], "texture": "#light_gun_texture" }
    }
},
{
    "from": [ 22.875, 7.1875, 6.90625 ],
    "to": [ 23.4375, 7.9375, 7.96875 ],
    "faces": {
        "down":  { "uv": [ 6.25, 10.375, 6.875, 10.75 ], "texture": "#light_gun_texture" },
        "up":    { "uv": [ 6.25, 10.375, 6.875, 10.75 ], "texture": "#light_gun_texture" },
        "north": { "uv": [ 6.125, 10.25, 6.75, 10.75 ], "texture": "#light_gun_texture" },
        "south": { "uv": [ 6.125, 10.25, 6.75, 10.75 ], "texture": "#light_gun_texture" },
        "west":  { "uv": [ 6.25, 10.375, 6.75, 10.875 ], "texture": "#light_gun_texture" },
        "east":  { "uv": [ 6.25, 10.375, 6.75, 10.875 ], "texture": "#light_gun_texture" }
    }
},
{
    "from": [ 22.875, 7.03125, 7.0625 ],
    "to": [ 23.5, 8.09375, 7.8125 ],
    "faces": {
        "down":  { "uv": [ 6.25, 10.375, 6.875, 10.75 ], "texture": "#light_gun_texture" },
        "up":    { "uv": [ 6.25, 10.375, 6.875, 10.75 ], "texture": "#light_gun_texture" },
        "north": { "uv": [ 6.125, 10.25, 6.75, 10.75 ], "texture": "#light_gun_texture" },
        "south": { "uv": [ 6.125, 10.25, 6.75, 10.75 ], "texture": "#light_gun_texture" },
        "west":  { "uv": [ 6.25, 10.375, 6.75, 10.875 ], "texture": "#light_gun_texture" },
        "east":  { "uv": [ 6.25, 10.375, 6.75, 10.875 ], "texture": "#light_gun_texture" }
    }
},
{
    "from": [ 16, 9.40625, 7.1875 ],
    "to": [ 16.5, 9.71875, 7.6875 ],
    "faces": {
        "down":  { "uv": [ 6.125, 2.375, 6.625, 2.875 ], "texture": "#ntw20_sight" },
        "up":    { "uv": [ 6.125, 2.375, 6.625, 2.875 ], "texture": "#ntw20_sight" },
        "north": { "uv": [ 6.25, 2.25, 6.625, 2.75 ], "texture": "#ntw20_sight" },
        "south": { "uv": [ 6.25, 2.25, 6.625, 2.75 ], "texture": "#ntw20_sight" },
        "east":  { "uv": [ 6.125, 2.25, 6.625, 2.75 ], "texture": "#ntw20_sight" }
    }
},
{
    "from": [ 16, 9.3125, 7.28125 ],
    "to": [ 16.5, 9.8125, 7.59375 ],
    "faces": {
        "down":  { "uv": [ 6.125, 2.375, 6.625, 2.875 ], "texture": "#ntw20_sight" },
        "up":    { "uv": [ 6.125, 2.375, 6.625, 2.875 ], "texture": "#ntw20_sight" },
        "north": { "uv": [ 6.25, 2.25, 6.625, 2.75 ], "texture": "#ntw20_sight" },
        "south": { "uv": [ 6.25, 2.25, 6.625, 2.75 ], "texture": "#ntw20_sight" },
        "east":  { "uv": [ 6.125, 2.25, 6.625, 2.75 ], "texture": "#ntw20_sight" }
    }
},
{
    "from": [ 17, 8.5, 6.875 ],
    "to": [ 18.25, 8.5625, 8 ],
    "faces": {
        "down":  { "uv": [ 6.25, 10.375, 6.875, 10.75 ], "texture": "#light_gun_texture" },
        "up":    { "uv": [ 6.25, 10.375, 6.875, 10.75 ], "texture": "#light_gun_texture" },
        "north": { "uv": [ 6.125, 10.25, 6.75, 10.75 ], "texture": "#light_gun_texture" },
        "south": { "uv": [ 6.125, 10.25, 6.75, 10.75 ], "texture": "#light_gun_texture" },
        "east":  { "uv": [ 6.25, 10.375, 6.75, 10.875 ], "texture": "#light_gun_texture" }
    }
},
{
    "from": [ 16.25, 8.75, 6.875 ],
    "to": [ 16.5, 8.9375, 8 ],
    "faces": {
        "up":    { "uv": [ 6.25, 10.375, 6.875, 10.75 ], "texture": "#light_gun_texture" },
        "north": { "uv": [ 6.125, 10.25, 6.75, 10.75 ], "texture": "#light_gun_texture" },
        "south": { "uv": [ 6.125, 10.25, 6.75, 10.75 ], "texture": "#light_gun_texture" },
        "west":  { "uv": [ 6.25, 10.375, 6.75, 10.875 ], "texture": "#light_gun_texture" },
        "east":  { "uv": [ 6.25, 10.375, 6.75, 10.875 ], "texture": "#light_gun_texture" }
    }
},
{
    "from": [ 16.5, 8.75, 6.875 ],
    "to": [ 16.9375, 8.8125, 8 ],
    "faces": {
        "up":    { "uv": [ 6.25, 10.375, 6.875, 10.75 ], "texture": "#light_gun_texture" },
        "north": { "uv": [ 6.125, 10.25, 6.75, 10.75 ], "texture": "#light_gun_texture" },
        "south": { "uv": [ 6.125, 10.25, 6.75, 10.75 ], "texture": "#light_gun_texture" },
        "east":  { "uv": [ 6.25, 10.375, 6.75, 10.875 ], "texture": "#light_gun_texture" }
    }
},
{
    "from": [ 15.5, 8.75, 6.875 ],
    "to": [ 15.5625, 9.3125, 7.25 ],
    "faces": {
        "up":    { "uv": [ 6.25, 10.375, 6.875, 10.75 ], "texture": "#light_gun_texture" },
        "north": { "uv": [ 6.125, 10.25, 6.75, 10.75 ], "texture": "#light_gun_texture" },
        "east":  { "uv": [ 6.25, 10.375, 6.75, 10.875 ], "texture": "#light_gun_texture" }
    }
},
{
    "from": [ 15.875, 8.6875, 6.875 ],
    "to": [ 16.25, 9.3125, 7.25 ],
    "faces": {
        "down":  { "uv": [ 6.25, 10.375, 6.875, 10.75 ], "texture": "#light_gun_texture" },
        "up":    { "uv": [ 6.25, 10.375, 6.875, 10.75 ], "texture": "#light_gun_texture" },
        "north": { "uv": [ 6.125, 10.25, 6.75, 10.75 ], "texture": "#light_gun_texture" },
        "south": { "uv": [ 6.125, 10.25, 6.75, 10.75 ], "texture": "#light_gun_texture" },
        "west":  { "uv": [ 6.25, 10.375, 6.75, 10.875 ], "texture": "#light_gun_texture" },
        "east":  { "uv": [ 6.25, 10.375, 6.75, 10.875 ], "texture": "#light_gun_texture" }
    }
},
{
    "from": [ 15.5625, 8.90625, 6.5625 ],
    "to": [ 15.8125, 9.09375, 7.3125 ],
    "rotation": { "origin": [ 15.5625, 9.09375, 6.5625 ], "axis": "x", "angle": -45 },
    "faces": {
        "down":  { "uv": [ 8.25, 9.375, 8.875, 9.75 ], "texture": "#bright_gun_texture" },
        "up":    { "uv": [ 8.25, 9.375, 8.875, 9.75 ], "texture": "#bright_gun_texture" },
        "north": { "uv": [ 8.25, 9.375, 8.875, 9.875 ], "texture": "#bright_gun_texture" },
        "south": { "uv": [ 8.25, 9.375, 8.875, 9.875 ], "texture": "#bright_gun_texture" },
        "west":  { "uv": [ 8.25, 9.375, 8.75, 9.875 ], "texture": "#bright_gun_texture" },
        "east":  { "uv": [ 8.25, 9.375, 8.75, 9.875 ], "texture": "#bright_gun_texture" }
    }
},
{
    "from": [ 15.5625, 8.755, 6.16125 ],
    "to": [ 15.8125, 8.9425, 6.66125 ],
    "rotation": { "origin": [ 15.5625, 8.9425, 6.16125 ], "axis": "x", "angle": -22.5 },
    "faces": {
        "down":  { "uv": [ 8.25, 9.375, 8.875, 9.75 ], "texture": "#bright_gun_texture" },
        "up":    { "uv": [ 8.25, 9.375, 8.875, 9.75 ], "texture": "#bright_gun_texture" },
        "north": { "uv": [ 8.25, 9.375, 8.875, 9.875 ], "texture": "#bright_gun_texture" },
        "south": { "uv": [ 8.25, 9.375, 8.875, 9.875 ], "texture": "#bright_gun_texture" },
        "west":  { "uv": [ 8.25, 9.375, 8.75, 9.875 ], "texture": "#bright_gun_texture" },
        "east":  { "uv": [ 8.25, 9.375, 8.75, 9.875 ], "texture": "#bright_gun_texture" }
    }
},
{
    "from": [ 15.5, 8.76625, 5.875 ],
    "to": [ 15.875, 8.95375, 6.25 ],
    "faces": {
        "down":  { "uv": [ 8.25, 9.375, 8.875, 9.75 ], "texture": "#bright_gun_texture" },
        "up":    { "uv": [ 8.25, 9.375, 8.875, 9.75 ], "texture": "#bright_gun_texture" },
        "north": { "uv": [ 8.25, 9.375, 8.875, 9.875 ], "texture": "#bright_gun_texture" },
        "south": { "uv": [ 8.25, 9.375, 8.875, 9.875 ], "texture": "#bright_gun_texture" },
        "west":  { "uv": [ 8.25, 9.375, 8.75, 9.875 ], "texture": "#bright_gun_texture" },
        "east":  { "uv": [ 8.25, 9.375, 8.75, 9.875 ], "texture": "#bright_gun_texture" }
    }
},
{
    "from": [ 1.5625, 7.4375, 6.875 ],
    "to": [ 2.125, 8.125, 6.9375 ],
    "faces": {
        "down":  { "uv": [ 6.25, 10.375, 6.875, 10.75 ], "texture": "#light_gun_texture" },
        "north": { "uv": [ 6.125, 10.25, 6.75, 10.75 ], "texture": "#light_gun_texture" },
        "south": { "uv": [ 6.125, 10.25, 6.75, 10.75 ], "texture": "#light_gun_texture" },
        "west":  { "uv": [ 6.25, 10.375, 6.75, 10.875 ], "texture": "#light_gun_texture" },
        "east":  { "uv": [ 6.25, 10.375, 6.75, 10.875 ], "texture": "#light_gun_texture" }
    }
},
{
    "from": [ 1.375, 7.625, 6.875 ],
    "to": [ 1.5625, 8.125, 6.9375 ],
    "faces": {
        "down":  { "uv": [ 6.25, 10.375, 6.875, 10.75 ], "texture": "#light_gun_texture" },
        "north": { "uv": [ 6.125, 10.25, 6.75, 10.75 ], "texture": "#light_gun_texture" },
        "south": { "uv": [ 6.125, 10.25, 6.75, 10.75 ], "texture": "#light_gun_texture" },
        "west":  { "uv": [ 6.25, 10.375, 6.75, 10.875 ], "texture": "#light_gun_texture" }
    }
},
{
    "from": [ 2.125, 7.5625, 6.875 ],
    "to": [ 2.4375, 8.125, 6.9375 ],
    "faces": {
        "down":  { "uv": [ 6.25, 10.375, 6.875, 10.75 ], "texture": "#light_gun_texture" },
        "north": { "uv": [ 6.125, 10.25, 6.75, 10.75 ], "texture": "#light_gun_texture" },
        "south": { "uv": [ 6.125, 10.25, 6.75, 10.75 ], "texture": "#light_gun_texture" },
        "east":  { "uv": [ 6.25, 10.375, 6.75, 10.875 ], "texture": "#light_gun_texture" }
    }
},
{
    "from": [ 2.4375, 7.8125, 6.875 ],
    "to": [ 2.625, 8.125, 6.9375 ],
    "faces": {
        "down":  { "uv": [ 6.25, 10.375, 6.875, 10.75 ], "texture": "#light_gun_texture" },
        "north": { "uv": [ 6.125, 10.25, 6.75, 10.75 ], "texture": "#light_gun_texture" },
        "south": { "uv": [ 6.125, 10.25, 6.75, 10.75 ], "texture": "#light_gun_texture" },
        "east":  { "uv": [ 6.25, 10.375, 6.75, 10.875 ], "texture": "#light_gun_texture" }
    }
},
{
    "from": [ 1.375, 7.625, 7.9375 ],
    "to": [ 1.5625, 8.125, 8 ],
    "faces": {
        "down":  { "uv": [ 6.25, 10.375, 6.875, 10.75 ], "texture": "#light_gun_texture" },
        "north": { "uv": [ 6.125, 10.25, 6.75, 10.75 ], "texture": "#light_gun_texture" },
        "south": { "uv": [ 6.125, 10.25, 6.75, 10.75 ], "texture": "#light_gun_texture" },
        "west":  { "uv": [ 6.25, 10.375, 6.75, 10.875 ], "texture": "#light_gun_texture" }
    }
},
{
    "from": [ 1.5625, 7.4375, 7.9375 ],
    "to": [ 2.125, 8.125, 8 ],
    "faces": {
        "down":  { "uv": [ 6.25, 10.375, 6.875, 10.75 ], "texture": "#light_gun_texture" },
        "north": { "uv": [ 6.125, 10.25, 6.75, 10.75 ], "texture": "#light_gun_texture" },
        "south": { "uv": [ 6.125, 10.25, 6.75, 10.75 ], "texture": "#light_gun_texture" },
        "west":  { "uv": [ 6.25, 10.375, 6.75, 10.875 ], "texture": "#light_gun_texture" },
        "east":  { "uv": [ 6.25, 10.375, 6.75, 10.875 ], "texture": "#light_gun_texture" }
    }
},
{
    "from": [ 2.125, 7.5625, 7.9375 ],
    "to": [ 2.4375, 8.125, 8 ],
    "faces": {
        "down":  { "uv": [ 6.25, 10.375, 6.875, 10.75 ], "texture": "#light_gun_texture" },
        "north": { "uv": [ 6.125, 10.25, 6.75, 10.75 ], "texture": "#light_gun_texture" },
        "south": { "uv": [ 6.125, 10.25, 6.75, 10.75 ], "texture": "#light_gun_texture" },
        "east":  { "uv": [ 6.25, 10.375, 6.75, 10.875 ], "texture": "#light_gun_texture" }
    }
},
{
    "from": [ 2.4375, 7.8125, 7.9375 ],
    "to": [ 2.625, 8.125, 8 ],
    "faces": {
        "down":  { "uv": [ 6.25, 10.375, 6.875, 10.75 ], "texture": "#light_gun_texture" },
        "north": { "uv": [ 6.125, 10.25, 6.75, 10.75 ], "texture": "#light_gun_texture" },
        "south": { "uv": [ 6.125, 10.25, 6.75, 10.75 ], "texture": "#light_gun_texture" },
        "east":  { "uv": [ 6.25, 10.375, 6.75, 10.875 ], "texture": "#light_gun_texture" }
    }
},
{
    "from": [ -3.9375, 7.5625, 7.5625 ],
    "to": [ 2, 7.9375, 7.9375 ],
    "faces": {
        "down":  { "uv": [ 6.25, 10.375, 6.875, 10.75 ], "texture": "#light_gun_texture" },
        "up":    { "uv": [ 6.25, 10.375, 6.875, 10.75 ], "texture": "#light_gun_texture" },
        "north": { "uv": [ 6.125, 10.25, 6.75, 10.75 ], "texture": "#light_gun_texture" },
        "south": { "uv": [ 6.125, 10.25, 6.75, 10.75 ], "texture": "#light_gun_texture" },
        "west":  { "uv": [ 6.25, 10.375, 6.75, 10.875 ], "texture": "#light_gun_texture" },
        "east":  { "uv": [ 6.25, 10.375, 6.75, 10.875 ], "texture": "#light_gun_texture" }
    }
},
{
    "from": [ -3.9375, 7.5625, 6.9375 ],
    "to": [ 2, 7.9375, 7.3125 ],
    "faces": {
        "down":  { "uv": [ 6.25, 10.375, 6.875, 10.75 ], "texture": "#light_gun_texture" },
        "up":    { "uv": [ 6.25, 10.375, 6.875, 10.75 ], "texture": "#light_gun_texture" },
        "north": { "uv": [ 6.125, 10.25, 6.75, 10.75 ], "texture": "#light_gun_texture" },
        "south": { "uv": [ 6.125, 10.25, 6.75, 10.75 ], "texture": "#light_gun_texture" },
        "west":  { "uv": [ 6.25, 10.375, 6.75, 10.875 ], "texture": "#light_gun_texture" },
        "east":  { "uv": [ 6.25, 10.375, 6.75, 10.875 ], "texture": "#light_gun_texture" }
    }
},
{
    "from": [ -3.9375, 7.53125, 7.53125 ],
    "to": [ -3.5625, 7.96875, 7.96875 ],
    "faces": {
        "down":  { "uv": [ 6.25, 10.375, 6.875, 10.75 ], "texture": "#light_gun_texture" },
        "up":    { "uv": [ 6.25, 10.375, 6.875, 10.75 ], "texture": "#light_gun_texture" },
        "north": { "uv": [ 6.125, 10.25, 6.75, 10.75 ], "texture": "#light_gun_texture" },
        "south": { "uv": [ 6.125, 10.25, 6.75, 10.75 ], "texture": "#light_gun_texture" },
        "west":  { "uv": [ 6.25, 10.375, 6.75, 10.875 ], "texture": "#light_gun_texture" },
        "east":  { "uv": [ 6.25, 10.375, 6.75, 10.875 ], "texture": "#light_gun_texture" }
    }
},
{
    "from": [ -3.9375, 7.53125, 6.90625 ],
    "to": [ -3.5625, 7.96875, 7.34375 ],
    "faces": {
        "down":  { "uv": [ 6.25, 10.375, 6.875, 10.75 ], "texture": "#light_gun_texture" },
        "up":    { "uv": [ 6.25, 10.375, 6.875, 10.75 ], "texture": "#light_gun_texture" },
        "north": { "uv": [ 6.125, 10.25, 6.75, 10.75 ], "texture": "#light_gun_texture" },
        "south": { "uv": [ 6.125, 10.25, 6.75, 10.75 ], "texture": "#light_gun_texture" },
        "west":  { "uv": [ 6.25, 10.375, 6.75, 10.875 ], "texture": "#light_gun_texture" },
        "east":  { "uv": [ 6.25, 10.375, 6.75, 10.875 ], "texture": "#light_gun_texture" }
    }
},
{
    "from": [ -4.125, 7.59375, 7.75 ],
    "to": [ -3.9375, 8.15625, 8.3125 ],
    "rotation": { "origin": [ -4.125, 8.15625, 7.75 ], "axis": "x", "angle": 45 },
    "faces": {
        "down":  { "uv": [ 6.25, 10.375, 6.875, 10.75 ], "texture": "#light_gun_texture" },
        "up":    { "uv": [ 6.25, 10.375, 6.875, 10.75 ], "texture": "#light_gun_texture" },
        "north": { "uv": [ 6.125, 10.25, 6.75, 10.75 ], "texture": "#light_gun_texture" },
        "south": { "uv": [ 6.125, 10.25, 6.75, 10.75 ], "texture": "#light_gun_texture" },
        "west":  { "uv": [ 6.25, 10.375, 6.75, 10.875 ], "texture": "#light_gun_texture" },
        "east":  { "uv": [ 6.25, 10.375, 6.75, 10.875 ], "texture": "#light_gun_texture" }
    }
},
{
    "from": [ -4.125, 7.59375, 7.125 ],
    "to": [ -3.9375, 8.15625, 7.6875 ],
    "rotation": { "origin": [ -4.125, 8.15625, 7.125 ], "axis": "x", "angle": 45 },
    "faces": {
        "down":  { "uv": [ 6.25, 10.375, 6.875, 10.75 ], "texture": "#light_gun_texture" },
        "up":    { "uv": [ 6.25, 10.375, 6.875, 10.75 ], "texture": "#light_gun_texture" },
        "north": { "uv": [ 6.125, 10.25, 6.75, 10.75 ], "texture": "#light_gun_texture" },
        "south": { "uv": [ 6.125, 10.25, 6.75, 10.75 ], "texture": "#light_gun_texture" },
        "west":  { "uv": [ 6.25, 10.375, 6.75, 10.875 ], "texture": "#light_gun_texture" },
        "east":  { "uv": [ 6.25, 10.375, 6.75, 10.875 ], "texture": "#light_gun_texture" }
    }
},
{
    "from": [ -2.4375, 8, 6.8125 ],
    "to": [ 2.1875, 8.125, 6.9375 ],
    "faces": {
        "down":  { "uv": [ 6.25, 10.375, 6.875, 10.75 ], "texture": "#light_gun_texture" },
        "up":    { "uv": [ 6.25, 10.375, 6.875, 10.75 ], "texture": "#light_gun_texture" },
        "north": { "uv": [ 6.125, 10.25, 6.75, 10.75 ], "texture": "#light_gun_texture" },
        "south": { "uv": [ 6.125, 10.25, 6.75, 10.75 ], "texture": "#light_gun_texture" },
        "east":  { "uv": [ 6.25, 10.375, 6.75, 10.875 ], "texture": "#light_gun_texture" }
    }
},
{
    "from": [ -2.5625, 8, 6.8125 ],
    "to": [ -2.4375, 8.125, 7.0625 ],
    "faces": {
        "down":  { "uv": [ 6.25, 10.375, 6.875, 10.75 ], "texture": "#light_gun_texture" },
        "up":    { "uv": [ 6.25, 10.375, 6.875, 10.75 ], "texture": "#light_gun_texture" },
        "north": { "uv": [ 6.125, 10.25, 6.75, 10.75 ], "texture": "#light_gun_texture" },
        "south": { "uv": [ 6.125, 10.25, 6.75, 10.75 ], "texture": "#light_gun_texture" },
        "west":  { "uv": [ 6.25, 10.375, 6.75, 10.875 ], "texture": "#light_gun_texture" },
        "east":  { "uv": [ 6.25, 10.375, 6.75, 10.875 ], "texture": "#light_gun_texture" }
    }
},
{
    "from": [ -2.6875, 7.9375, 6.9375 ],
    "to": [ -2.5625, 8.0625, 7.1875 ],
    "faces": {
        "up":    { "uv": [ 6.25, 10.375, 6.875, 10.75 ], "texture": "#light_gun_texture" },
        "north": { "uv": [ 6.125, 10.25, 6.75, 10.75 ], "texture": "#light_gun_texture" },
        "south": { "uv": [ 6.125, 10.25, 6.75, 10.75 ], "texture": "#light_gun_texture" },
        "west":  { "uv": [ 6.25, 10.375, 6.75, 10.875 ], "texture": "#light_gun_texture" },
        "east":  { "uv": [ 6.25, 10.375, 6.75, 10.875 ], "texture": "#light_gun_texture" }
    }
},
{
    "from": [ -8.625, 10, 7.1875 ],
    "to": [ -7.5625, 10.3125, 7.6875 ],
    "faces": {
        "up":    { "uv": [ 6.25, 10.375, 6.875, 10.75 ], "texture": "#light_gun_texture" },
        "north": { "uv": [ 6.125, 10.25, 6.75, 10.75 ], "texture": "#light_gun_texture" },
        "south": { "uv": [ 6.125, 10.25, 6.75, 10.75 ], "texture": "#light_gun_texture" },
        "west":  { "uv": [ 6.25, 10.375, 6.75, 10.875 ], "texture": "#light_gun_texture" },
        "east":  { "uv": [ 6.25, 10.375, 6.75, 10.875 ], "texture": "#light_gun_texture" }
    }
},
{
    "from": [ 10.8125, 7.875, 7 ],
    "to": [ 14.8125, 8.125, 7.875 ],
    "faces": {
        "down":  { "uv": [ 7.125, 8.375, 7.75, 8.75 ], "texture": "#light_gun_texture" },
        "north": { "uv": [ 7.25, 8.375, 7.875, 8.875 ], "texture": "#light_gun_texture" },
        "south": { "uv": [ 7.25, 8.375, 7.875, 8.875 ], "texture": "#light_gun_texture" },
        "west":  { "uv": [ 7.25, 8.375, 7.75, 8.875 ], "texture": "#light_gun_texture" },
        "east":  { "uv": [ 7.25, 8.375, 7.75, 8.875 ], "texture": "#light_gun_texture" }
    }
},
{
    "from": [ 11, 7.8125, 7 ],
    "to": [ 14.8125, 7.875, 7.875 ],
    "faces": {
        "down":  { "uv": [ 7.125, 8.375, 7.75, 8.75 ], "texture": "#light_gun_texture" },
        "north": { "uv": [ 7.25, 8.375, 7.875, 8.875 ], "texture": "#light_gun_texture" },
        "south": { "uv": [ 7.25, 8.375, 7.875, 8.875 ], "texture": "#light_gun_texture" },
        "west":  { "uv": [ 7.25, 8.375, 7.75, 8.875 ], "texture": "#light_gun_texture" },
        "east":  { "uv": [ 7.25, 8.375, 7.75, 8.875 ], "texture": "#light_gun_texture" }
    }
},
{
    "from": [ 12.5, 7.75, 7 ],
    "to": [ 14.8125, 7.8125, 7.875 ],
    "faces": {
        "down":  { "uv": [ 7.125, 8.375, 7.75, 8.75 ], "texture": "#light_gun_texture" },
        "north": { "uv": [ 7.25, 8.375, 7.875, 8.875 ], "texture": "#light_gun_texture" },
        "south": { "uv": [ 7.25, 8.375, 7.875, 8.875 ], "texture": "#light_gun_texture" },
        "west":  { "uv": [ 7.25, 8.375, 7.75, 8.875 ], "texture": "#light_gun_texture" },
        "east":  { "uv": [ 7.25, 8.375, 7.75, 8.875 ], "texture": "#light_gun_texture" }
    }
},
{
    "from": [ 14, 7.6875, 7 ],
    "to": [ 14.8125, 7.75, 7.875 ],
    "faces": {
        "down":  { "uv": [ 7.125, 8.375, 7.75, 8.75 ], "texture": "#light_gun_texture" },
        "north": { "uv": [ 7.25, 8.375, 7.875, 8.875 ], "texture": "#light_gun_texture" },
        "south": { "uv": [ 7.25, 8.375, 7.875, 8.875 ], "texture": "#light_gun_texture" },
        "west":  { "uv": [ 7.25, 8.375, 7.75, 8.875 ], "texture": "#light_gun_texture" },
        "east":  { "uv": [ 7.25, 8.375, 7.75, 8.875 ], "texture": "#light_gun_texture" }
    }
},
{
    "from": [ 14.87, 7.745, 7.1875 ],
    "to": [ 15.0575, 8.12, 7.6875 ],
    "faces": {
        "down":  { "uv": [ 7.125, 8.375, 7.75, 8.75 ], "texture": "#light_gun_texture" },
        "up":    { "uv": [ 7.125, 8.375, 7.75, 8.75 ], "texture": "#light_gun_texture" },
        "north": { "uv": [ 7.25, 8.375, 7.875, 8.875 ], "texture": "#light_gun_texture" },
        "south": { "uv": [ 7.25, 8.375, 7.875, 8.875 ], "texture": "#light_gun_texture" },
        "west":  { "uv": [ 7.25, 8.375, 7.75, 8.875 ], "texture": "#light_gun_texture" },
        "east":  { "uv": [ 7.25, 8.375, 7.75, 8.875 ], "texture": "#light_gun_texture" }
    }
},
{
    "from": [ 16.3575, 7.355, 7.1875 ],
    "to": [ 16.545, 7.9175, 7.6875 ],
    "faces": {
        "down":  { "uv": [ 7.125, 8.375, 7.75, 8.75 ], "texture": "#light_gun_texture" },
        "up":    { "uv": [ 7.125, 8.375, 7.75, 8.75 ], "texture": "#light_gun_texture" },
        "north": { "uv": [ 7.25, 8.375, 7.875, 8.875 ], "texture": "#light_gun_texture" },
        "south": { "uv": [ 7.25, 8.375, 7.875, 8.875 ], "texture": "#light_gun_texture" },
        "west":  { "uv": [ 7.25, 8.375, 7.75, 8.875 ], "texture": "#light_gun_texture" },
        "east":  { "uv": [ 7.25, 8.375, 7.75, 8.875 ], "texture": "#light_gun_texture" }
    }
},
{
    "from": [ 14.87, 7.245, 7.1875 ],
    "to": [ 15.0575, 7.745, 7.6875 ],
    "rotation": { "origin": [ 14.87, 7.745, 7.1875 ], "axis": "z", "angle": 22.5 },
    "faces": {
        "down":  { "uv": [ 7.125, 8.375, 7.75, 8.75 ], "texture": "#light_gun_texture" },
        "up":    { "uv": [ 7.125, 8.375, 7.75, 8.75 ], "texture": "#light_gun_texture" },
        "north": { "uv": [ 7.25, 8.375, 7.875, 8.875 ], "texture": "#light_gun_texture" },
        "south": { "uv": [ 7.25, 8.375, 7.875, 8.875 ], "texture": "#light_gun_texture" },
        "west":  { "uv": [ 7.25, 8.375, 7.75, 8.875 ], "texture": "#light_gun_texture" },
        "east":  { "uv": [ 7.25, 8.375, 7.75, 8.875 ], "texture": "#light_gun_texture" }
    }
},
{
    "from": [ 15.0625, 6.96875, 7.1875 ],
    "to": [ 15.25, 7.28125, 7.6875 ],
    "rotation": { "origin": [ 15.0625, 7.28125, 7.1875 ], "axis": "z", "angle": 45 },
    "faces": {
        "down":  { "uv": [ 7.125, 8.375, 7.75, 8.75 ], "texture": "#light_gun_texture" },
        "up":    { "uv": [ 7.125, 8.375, 7.75, 8.75 ], "texture": "#light_gun_texture" },
        "north": { "uv": [ 7.25, 8.375, 7.875, 8.875 ], "texture": "#light_gun_texture" },
        "south": { "uv": [ 7.25, 8.375, 7.875, 8.875 ], "texture": "#light_gun_texture" },
        "west":  { "uv": [ 7.25, 8.375, 7.75, 8.875 ], "texture": "#light_gun_texture" },
        "east":  { "uv": [ 7.25, 8.375, 7.75, 8.875 ], "texture": "#light_gun_texture" }
    }
},
{
    "from": [ 16.3725, 7.17875, 7.1875 ],
    "to": [ 16.56, 7.42875, 7.6875 ],
    "rotation": { "origin": [ 16.3725, 7.42875, 7.1875 ], "axis": "z", "angle": -22.5 },
    "faces": {
        "down":  { "uv": [ 7.125, 8.375, 7.75, 8.75 ], "texture": "#light_gun_texture" },
        "up":    { "uv": [ 7.125, 8.375, 7.75, 8.75 ], "texture": "#light_gun_texture" },
        "north": { "uv": [ 7.25, 8.375, 7.875, 8.875 ], "texture": "#light_gun_texture" },
        "south": { "uv": [ 7.25, 8.375, 7.875, 8.875 ], "texture": "#light_gun_texture" },
        "west":  { "uv": [ 7.25, 8.375, 7.75, 8.875 ], "texture": "#light_gun_texture" },
        "east":  { "uv": [ 7.25, 8.375, 7.75, 8.875 ], "texture": "#light_gun_texture" }
    }
},
{
    "from": [ 15.3438, 7.0525, 7.1875 ],
    "to": [ 15.5938, 7.24, 7.6875 ],
    "rotation": { "origin": [ 15.3438, 7.24, 7.1875 ], "axis": "z", "angle": -22.5 },
    "faces": {
        "down":  { "uv": [ 7.125, 8.375, 7.75, 8.75 ], "texture": "#light_gun_texture" },
        "up":    { "uv": [ 7.125, 8.375, 7.75, 8.75 ], "texture": "#light_gun_texture" },
        "north": { "uv": [ 7.25, 8.375, 7.875, 8.875 ], "texture": "#light_gun_texture" },
        "south": { "uv": [ 7.25, 8.375, 7.875, 8.875 ], "texture": "#light_gun_texture" },
        "west":  { "uv": [ 7.25, 8.375, 7.75, 8.875 ], "texture": "#light_gun_texture" },
        "east":  { "uv": [ 7.25, 8.375, 7.75, 8.875 ], "texture": "#light_gun_texture" }
    }
},
{
    "from": [ 15.5, 6.96875, 7.1875 ],
    "to": [ 16.1875, 7.15625, 7.6875 ],
    "faces": {
        "down":  { "uv": [ 7.125, 8.375, 7.75, 8.75 ], "texture": "#light_gun_texture" },
        "up":    { "uv": [ 7.125, 8.375, 7.75, 8.75 ], "texture": "#light_gun_texture" },
        "north": { "uv": [ 7.25, 8.375, 7.875, 8.875 ], "texture": "#light_gun_texture" },
        "south": { "uv": [ 7.25, 8.375, 7.875, 8.875 ], "texture": "#light_gun_texture" },
        "west":  { "uv": [ 7.25, 8.375, 7.75, 8.875 ], "texture": "#light_gun_texture" },
        "east":  { "uv": [ 7.25, 8.375, 7.75, 8.875 ], "texture": "#light_gun_texture" }
    }
},
{
    "from": [ 16.115, 6.95375, 7.1875 ],
    "to": [ 16.3025, 7.14125, 7.6875 ],
    "rotation": { "origin": [ 16.115, 7.14125, 7.1875 ], "axis": "z", "angle": 22.5 },
    "faces": {
        "down":  { "uv": [ 7.125, 8.375, 7.75, 8.75 ], "texture": "#light_gun_texture" },
        "up":    { "uv": [ 7.125, 8.375, 7.75, 8.75 ], "texture": "#light_gun_texture" },
        "north": { "uv": [ 7.25, 8.375, 7.875, 8.875 ], "texture": "#light_gun_texture" },
        "south": { "uv": [ 7.25, 8.375, 7.875, 8.875 ], "texture": "#light_gun_texture" },
        "west":  { "uv": [ 7.25, 8.375, 7.75, 8.875 ], "texture": "#light_gun_texture" },
        "east":  { "uv": [ 7.25, 8.375, 7.75, 8.875 ], "texture": "#light_gun_texture" }
    }
},
{
    "from": [ 16.22, 6.98, 7.1875 ],
    "to": [ 16.345, 7.18, 7.6875 ],
    "rotation": { "origin": [ 16.22, 7.18, 7.1875 ], "axis": "z", "angle": 45 },
    "faces": {
        "down":  { "uv": [ 7.125, 8.375, 7.75, 8.75 ], "texture": "#light_gun_texture" },
        "up":    { "uv": [ 7.125, 8.375, 7.75, 8.75 ], "texture": "#light_gun_texture" },
        "north": { "uv": [ 7.25, 8.375, 7.875, 8.875 ], "texture": "#light_gun_texture" },
        "south": { "uv": [ 7.25, 8.375, 7.875, 8.875 ], "texture": "#light_gun_texture" },
        "west":  { "uv": [ 7.25, 8.375, 7.75, 8.875 ], "texture": "#light_gun_texture" },
        "east":  { "uv": [ 7.25, 8.375, 7.75, 8.875 ], "texture": "#light_gun_texture" }
    }
},
{
    "from": [ 15.9375, 7.625, 7.3125 ],
    "to": [ 16.0625, 8.0625, 7.5625 ],
    "rotation": { "origin": [ 15.9375, 8.0625, 7.3125 ], "axis": "z", "angle": 22.5 },
    "faces": {
        "down":  { "uv": [ 7.125, 8.375, 7.75, 8.75 ], "texture": "#light_gun_texture" },
        "north": { "uv": [ 7.25, 8.375, 7.875, 8.875 ], "texture": "#light_gun_texture" },
        "south": { "uv": [ 7.25, 8.375, 7.875, 8.875 ], "texture": "#light_gun_texture" },
        "west":  { "uv": [ 7.25, 8.375, 7.75, 8.875 ], "texture": "#light_gun_texture" },
        "east":  { "uv": [ 7.25, 8.375, 7.75, 8.875 ], "texture": "#light_gun_texture" }
    }
},
{
    "from": [ 16.0938, 7.53125, 7.3125 ],
    "to": [ 16.2188, 7.71875, 7.5625 ],
    "faces": {
        "down":  { "uv": [ 7.125, 8.375, 7.75, 8.75 ], "texture": "#light_gun_texture" },
        "up":    { "uv": [ 7.125, 8.375, 7.75, 8.75 ], "texture": "#light_gun_texture" },
        "north": { "uv": [ 7.25, 8.375, 7.875, 8.875 ], "texture": "#light_gun_texture" },
        "south": { "uv": [ 7.25, 8.375, 7.875, 8.875 ], "texture": "#light_gun_texture" },
        "west":  { "uv": [ 7.25, 8.375, 7.75, 8.875 ], "texture": "#light_gun_texture" },
        "east":  { "uv": [ 7.25, 8.375, 7.75, 8.875 ], "texture": "#light_gun_texture" }
    }
},
{
    "from": [ 16.1037, 7.27125, 7.3125 ],
    "to": [ 16.2287, 7.58375, 7.5625 ],
    "rotation": { "origin": [ 16.1037, 7.58375, 7.3125 ], "axis": "z", "angle": -22.5 },
    "faces": {
        "down":  { "uv": [ 7.125, 8.375, 7.75, 8.75 ], "texture": "#light_gun_texture" },
        "up":    { "uv": [ 7.125, 8.375, 7.75, 8.75 ], "texture": "#light_gun_texture" },
        "north": { "uv": [ 7.25, 8.375, 7.875, 8.875 ], "texture": "#light_gun_texture" },
        "south": { "uv": [ 7.25, 8.375, 7.875, 8.875 ], "texture": "#light_gun_texture" },
        "west":  { "uv": [ 7.25, 8.375, 7.75, 8.875 ], "texture": "#light_gun_texture" },
        "east":  { "uv": [ 7.25, 8.375, 7.75, 8.875 ], "texture": "#light_gun_texture" }
    }
},
{
    "from": [ 15.4375, 7.1875, 7.3125 ],
    "to": [ 15.5625, 7.25, 7.5625 ],
    "rotation": { "origin": [ 15.4375, 7.25, 7.3125 ], "axis": "z", "angle": -22.5 },
    "faces": {
        "up":    { "uv": [ 7.125, 8.375, 7.75, 8.75 ], "texture": "#light_gun_texture" },
        "north": { "uv": [ 7.25, 8.375, 7.875, 8.875 ], "texture": "#light_gun_texture" },
        "south": { "uv": [ 7.25, 8.375, 7.875, 8.875 ], "texture": "#light_gun_texture" },
        "west":  { "uv": [ 7.25, 8.375, 7.75, 8.875 ], "texture": "#light_gun_texture" },
        "east":  { "uv": [ 7.25, 8.375, 7.75, 8.875 ], "texture": "#light_gun_texture" }
    }
},
{
    "from": [ 18.375, 8.75, 6.9375 ],
    "to": [ 18.4375, 8.8125, 7.9375 ],
    "faces": {
        "up":    { "uv": [ 6.25, 10.375, 6.875, 10.75 ], "texture": "#light_gun_texture" },
        "north": { "uv": [ 6.125, 10.25, 6.75, 10.75 ], "texture": "#light_gun_texture" },
        "south": { "uv": [ 6.125, 10.25, 6.75, 10.75 ], "texture": "#light_gun_texture" },
        "west":  { "uv": [ 6.25, 10.375, 6.75, 10.875 ], "texture": "#light_gun_texture" }
    }
},
{
    "from": [ 9.5, 10.0625, 7.125 ],
    "to": [ 9.75, 10.1875, 7.75 ],
    "faces": {
        "up":    { "uv": [ 6.25, 10.375, 6.875, 10.75 ], "texture": "#light_gun_texture" },
        "north": { "uv": [ 6.125, 10.25, 6.75, 10.75 ], "texture": "#light_gun_texture" },
        "south": { "uv": [ 6.125, 10.25, 6.75, 10.75 ], "texture": "#light_gun_texture" },
        "west":  { "uv": [ 6.25, 10.375, 6.75, 10.875 ], "texture": "#light_gun_texture" },
        "east":  { "uv": [ 6.25, 10.375, 6.75, 10.875 ], "texture": "#light_gun_texture" }
    }
},
{
    "from": [ 10.5625, 10.0625, 7.125 ],
    "to": [ 10.8125, 10.1875, 7.75 ],
    "faces": {
        "up":    { "uv": [ 6.25, 10.375, 6.875, 10.75 ], "texture": "#light_gun_texture" },
        "north": { "uv": [ 6.125, 10.25, 6.75, 10.75 ], "texture": "#light_gun_texture" },
        "south": { "uv": [ 6.125, 10.25, 6.75, 10.75 ], "texture": "#light_gun_texture" },
        "west":  { "uv": [ 6.25, 10.375, 6.75, 10.875 ], "texture": "#light_gun_texture" },
        "east":  { "uv": [ 6.25, 10.375, 6.75, 10.875 ], "texture": "#light_gun_texture" }
    }
},
{
    "from": [ 10.0313, 10.0625, 7.125 ],
    "to": [ 10.2813, 10.1875, 7.75 ],
    "faces": {
        "up":    { "uv": [ 6.25, 10.375, 6.875, 10.75 ], "texture": "#light_gun_texture" },
        "north": { "uv": [ 6.125, 10.25, 6.75, 10.75 ], "texture": "#light_gun_texture" },
        "south": { "uv": [ 6.125, 10.25, 6.75, 10.75 ], "texture": "#light_gun_texture" },
        "west":  { "uv": [ 6.25, 10.375, 6.75, 10.875 ], "texture": "#light_gun_texture" },
        "east":  { "uv": [ 6.25, 10.375, 6.75, 10.875 ], "texture": "#light_gun_texture" }
    }
},
{
    "from": [ 14.1875, 10.0625, 7.125 ],
    "to": [ 14.4375, 10.1875, 7.75 ],
    "faces": {
        "up":    { "uv": [ 6.25, 10.375, 6.875, 10.75 ], "texture": "#light_gun_texture" },
        "north": { "uv": [ 6.125, 10.25, 6.75, 10.75 ], "texture": "#light_gun_texture" },
        "south": { "uv": [ 6.125, 10.25, 6.75, 10.75 ], "texture": "#light_gun_texture" },
        "west":  { "uv": [ 6.25, 10.375, 6.75, 10.875 ], "texture": "#light_gun_texture" },
        "east":  { "uv": [ 6.25, 10.375, 6.75, 10.875 ], "texture": "#light_gun_texture" }
    }
},
{
    "from": [ 15.25, 10.0625, 7.125 ],
    "to": [ 15.5, 10.1875, 7.75 ],
    "faces": {
        "up":    { "uv": [ 6.25, 10.375, 6.875, 10.75 ], "texture": "#light_gun_texture" },
        "north": { "uv": [ 6.125, 10.25, 6.75, 10.75 ], "texture": "#light_gun_texture" },
        "south": { "uv": [ 6.125, 10.25, 6.75, 10.75 ], "texture": "#light_gun_texture" },
        "west":  { "uv": [ 6.25, 10.375, 6.75, 10.875 ], "texture": "#light_gun_texture" },
        "east":  { "uv": [ 6.25, 10.375, 6.75, 10.875 ], "texture": "#light_gun_texture" }
    }
},
{
    "from": [ 14.7188, 10.0625, 7.125 ],
    "to": [ 14.9688, 10.1875, 7.75 ],
    "faces": {
        "up":    { "uv": [ 6.25, 10.375, 6.875, 10.75 ], "texture": "#light_gun_texture" },
        "north": { "uv": [ 6.125, 10.25, 6.75, 10.75 ], "texture": "#light_gun_texture" },
        "south": { "uv": [ 6.125, 10.25, 6.75, 10.75 ], "texture": "#light_gun_texture" },
        "west":  { "uv": [ 6.25, 10.375, 6.75, 10.875 ], "texture": "#light_gun_texture" },
        "east":  { "uv": [ 6.25, 10.375, 6.75, 10.875 ], "texture": "#light_gun_texture" }
    }
},
{
    "from": [ 9.6875, 10.0625, 7 ],
    "to": [ 10.0625, 10.5625, 7.875 ],
    "faces": {
        "down":  { "uv": [ 7.125, 8.375, 7.75, 8.75 ], "texture": "#light_gun_texture" },
        "north": { "uv": [ 7.25, 8.375, 7.875, 8.875 ], "texture": "#light_gun_texture" },
        "south": { "uv": [ 7.25, 8.375, 7.875, 8.875 ], "texture": "#light_gun_texture" },
        "west":  { "uv": [ 7.25, 8.375, 7.75, 8.875 ], "texture": "#light_gun_texture" },
        "east":  { "uv": [ 7.25, 8.375, 7.75, 8.875 ], "texture": "#light_gun_texture" }
    }
},
{
    "from": [ 14.375, 10.0625, 7 ],
    "to": [ 14.75, 10.5625, 7.875 ],
    "faces": {
        "down":  { "uv": [ 7.125, 8.375, 7.75, 8.75 ], "texture": "#light_gun_texture" },
        "north": { "uv": [ 7.25, 8.375, 7.875, 8.875 ], "texture": "#light_gun_texture" },
        "south": { "uv": [ 7.25, 8.375, 7.875, 8.875 ], "texture": "#light_gun_texture" },
        "west":  { "uv": [ 7.25, 8.375, 7.75, 8.875 ], "texture": "#light_gun_texture" },
        "east":  { "uv": [ 7.25, 8.375, 7.75, 8.875 ], "texture": "#light_gun_texture" }
    }
},
{
    "from": [ 9.6875, 10.5625, 7 ],
    "to": [ 10.0625, 11.125, 7.875 ],
    "faces": {
        "up":    { "uv": [ 7.125, 8.375, 7.75, 8.75 ], "texture": "#light_gun_texture" },
        "north": { "uv": [ 7.25, 8.375, 7.875, 8.875 ], "texture": "#light_gun_texture" },
        "south": { "uv": [ 7.25, 8.375, 7.875, 8.875 ], "texture": "#light_gun_texture" },
        "west":  { "uv": [ 7.25, 8.375, 7.75, 8.875 ], "texture": "#light_gun_texture" },
        "east":  { "uv": [ 7.25, 8.375, 7.75, 8.875 ], "texture": "#light_gun_texture" }
    }
},
{
    "from": [ 9.6875, 11.125, 7.03125 ],
    "to": [ 10.0625, 11.1875, 7.84375 ],
    "faces": {
        "up":    { "uv": [ 7.125, 8.375, 7.75, 8.75 ], "texture": "#light_gun_texture" },
        "north": { "uv": [ 7.25, 8.375, 7.875, 8.875 ], "texture": "#light_gun_texture" },
        "south": { "uv": [ 7.25, 8.375, 7.875, 8.875 ], "texture": "#light_gun_texture" },
        "west":  { "uv": [ 7.25, 8.375, 7.75, 8.875 ], "texture": "#light_gun_texture" },
        "east":  { "uv": [ 7.25, 8.375, 7.75, 8.875 ], "texture": "#light_gun_texture" }
    }
},
{
    "from": [ 14.375, 10.5625, 7 ],
    "to": [ 14.75, 11.125, 7.875 ],
    "faces": {
        "up":    { "uv": [ 7.125, 8.375, 7.75, 8.75 ], "texture": "#light_gun_texture" },
        "north": { "uv": [ 7.25, 8.375, 7.875, 8.875 ], "texture": "#light_gun_texture" },
        "south": { "uv": [ 7.25, 8.375, 7.875, 8.875 ], "texture": "#light_gun_texture" },
        "west":  { "uv": [ 7.25, 8.375, 7.75, 8.875 ], "texture": "#light_gun_texture" },
        "east":  { "uv": [ 7.25, 8.375, 7.75, 8.875 ], "texture": "#light_gun_texture" }
    }
},
{
    "from": [ 6, 11.5625, 7.25 ],
    "to": [ 6.125, 11.6875, 7.625 ],
    "faces": {
        "up":    { "uv": [ 8.25, 9.375, 8.875, 9.75 ], "texture": "#bright_gun_texture" },
        "north": { "uv": [ 8.25, 9.25, 8.875, 9.75 ], "texture": "#bright_gun_texture" },
        "south": { "uv": [ 8.25, 9.25, 8.875, 9.75 ], "texture": "#bright_gun_texture" },
        "west":  { "uv": [ 8.375, 9.5, 8.875, 10 ], "texture": "#bright_gun_texture" },
        "east":  { "uv": [ 8.375, 9.5, 8.875, 10 ], "texture": "#bright_gun_texture" }
    }
},
{
    "from": [ 9.625, 10.5, 7.1875 ],
    "to": [ 15.5, 11.25, 7.6875 ],
    "faces": {
        "down":  { "uv": [ 8.25, 9.375, 8.875, 9.75 ], "texture": "#bright_gun_texture" },
        "up":    { "uv": [ 8.25, 9.375, 8.875, 9.75 ], "texture": "#bright_gun_texture" },
        "north": { "uv": [ 8.25, 9.25, 8.875, 9.75 ], "texture": "#bright_gun_texture" },
        "south": { "uv": [ 8.25, 9.25, 8.875, 9.75 ], "texture": "#bright_gun_texture" }
    }
},
{
    "from": [ 9.625, 10.625, 7.0625 ],
    "to": [ 15.5, 11.125, 7.8125 ],
    "faces": {
        "down":  { "uv": [ 8.25, 9.375, 8.875, 9.75 ], "texture": "#bright_gun_texture" },
        "up":    { "uv": [ 8.25, 9.375, 8.875, 9.75 ], "texture": "#bright_gun_texture" },
        "north": { "uv": [ 8.25, 9.25, 8.875, 9.75 ], "texture": "#bright_gun_texture" },
        "south": { "uv": [ 8.25, 9.25, 8.875, 9.75 ], "texture": "#bright_gun_texture" }
    }
},
{
    "from": [ 12, 10.4375, 7 ],
    "to": [ 12.875, 11.3125, 7.875 ],
    "faces": {
        "down":  { "uv": [ 8.25, 9.375, 8.875, 9.75 ], "texture": "#bright_gun_texture" },
        "up":    { "uv": [ 8.25, 9.375, 8.875, 9.75 ], "texture": "#bright_gun_texture" },
        "north": { "uv": [ 8.25, 9.25, 8.875, 9.75 ], "texture": "#bright_gun_texture" },
        "south": { "uv": [ 8.25, 9.25, 8.875, 9.75 ], "texture": "#bright_gun_texture" },
        "west":  { "uv": [ 8.375, 9.5, 8.875, 10 ], "texture": "#bright_gun_texture" },
        "east":  { "uv": [ 8.375, 9.5, 8.875, 10 ], "texture": "#bright_gun_texture" }
    }
},
{
    "from": [ 12.1875, 11.3125, 7.1875 ],
    "to": [ 12.6875, 11.5625, 7.6875 ],
    "faces": {
        "up":    { "uv": [ 8.25, 9.375, 8.875, 9.75 ], "texture": "#bright_gun_texture" },
        "north": { "uv": [ 8.25, 9.25, 8.875, 9.75 ], "texture": "#bright_gun_texture" },
        "south": { "uv": [ 8.25, 9.25, 8.875, 9.75 ], "texture": "#bright_gun_texture" },
        "west":  { "uv": [ 8.375, 9.5, 8.875, 10 ], "texture": "#bright_gun_texture" },
        "east":  { "uv": [ 8.375, 9.5, 8.875, 10 ], "texture": "#bright_gun_texture" }
    }
},
{
    "from": [ 12.1875, 10.625, 6.75 ],
    "to": [ 12.6875, 11.125, 7 ],
    "faces": {
        "down":  { "uv": [ 8.25, 9.375, 8.875, 9.75 ], "texture": "#bright_gun_texture" },
        "up":    { "uv": [ 8.25, 9.375, 8.875, 9.75 ], "texture": "#bright_gun_texture" },
        "north": { "uv": [ 8.25, 9.25, 8.875, 9.75 ], "texture": "#bright_gun_texture" },
        "west":  { "uv": [ 8.375, 9.5, 8.875, 10 ], "texture": "#bright_gun_texture" },
        "east":  { "uv": [ 8.375, 9.5, 8.875, 10 ], "texture": "#bright_gun_texture" }
    }
},
{
    "from": [ 12.1875, 10.625, 7.875 ],
    "to": [ 12.6875, 11.125, 8.125 ],
    "faces": {
        "down":  { "uv": [ 8.25, 9.375, 8.875, 9.75 ], "texture": "#bright_gun_texture" },
        "up":    { "uv": [ 8.25, 9.375, 8.875, 9.75 ], "texture": "#bright_gun_texture" },
        "south": { "uv": [ 8.25, 9.25, 8.875, 9.75 ], "texture": "#bright_gun_texture" },
        "west":  { "uv": [ 8.375, 9.5, 8.875, 10 ], "texture": "#bright_gun_texture" },
        "east":  { "uv": [ 8.375, 9.5, 8.875, 10 ], "texture": "#bright_gun_texture" }
    }
},
{
    "from": [ 17.375, 11.4375, 7.25 ],
    "to": [ 17.5, 11.5625, 7.625 ],
    "faces": {
        "up":    { "uv": [ 8.25, 9.375, 8.875, 9.75 ], "texture": "#bright_gun_texture" },
        "north": { "uv": [ 8.25, 9.25, 8.875, 9.75 ], "texture": "#bright_gun_texture" },
        "south": { "uv": [ 8.25, 9.25, 8.875, 9.75 ], "texture": "#bright_gun_texture" },
        "west":  { "uv": [ 8.375, 9.5, 8.875, 10 ], "texture": "#bright_gun_texture" },
        "east":  { "uv": [ 8.375, 9.5, 8.875, 10 ], "texture": "#bright_gun_texture" }
    }
},
{
    "from": [ 9.6875, 11.1875, 7.09375 ],
    "to": [ 10.0625, 11.25, 7.78125 ],
    "faces": {
        "up":    { "uv": [ 7.125, 8.375, 7.75, 8.75 ], "texture": "#light_gun_texture" },
        "north": { "uv": [ 7.25, 8.375, 7.875, 8.875 ], "texture": "#light_gun_texture" },
        "south": { "uv": [ 7.25, 8.375, 7.875, 8.875 ], "texture": "#light_gun_texture" },
        "west":  { "uv": [ 7.25, 8.375, 7.75, 8.875 ], "texture": "#light_gun_texture" },
        "east":  { "uv": [ 7.25, 8.375, 7.75, 8.875 ], "texture": "#light_gun_texture" }
    }
},
{
    "from": [ 9.6875, 11.25, 7.1875 ],
    "to": [ 10.0625, 11.3125, 7.6875 ],
    "faces": {
        "up":    { "uv": [ 7.125, 8.375, 7.75, 8.75 ], "texture": "#light_gun_texture" },
        "north": { "uv": [ 7.25, 8.375, 7.875, 8.875 ], "texture": "#light_gun_texture" },
        "south": { "uv": [ 7.25, 8.375, 7.875, 8.875 ], "texture": "#light_gun_texture" },
        "west":  { "uv": [ 7.25, 8.375, 7.75, 8.875 ], "texture": "#light_gun_texture" },
        "east":  { "uv": [ 7.25, 8.375, 7.75, 8.875 ], "texture": "#light_gun_texture" }
    }
},
{
    "from": [ 14.375, 11.125, 7.03125 ],
    "to": [ 14.75, 11.1875, 7.84375 ],
    "faces": {
        "up":    { "uv": [ 7.125, 8.375, 7.75, 8.75 ], "texture": "#light_gun_texture" },
        "north": { "uv": [ 7.25, 8.375, 7.875, 8.875 ], "texture": "#light_gun_texture" },
        "south": { "uv": [ 7.25, 8.375, 7.875, 8.875 ], "texture": "#light_gun_texture" },
        "west":  { "uv": [ 7.25, 8.375, 7.75, 8.875 ], "texture": "#light_gun_texture" },
        "east":  { "uv": [ 7.25, 8.375, 7.75, 8.875 ], "texture": "#light_gun_texture" }
    }
},
{
    "from": [ 14.375, 11.1875, 7.09375 ],
    "to": [ 14.75, 11.25, 7.78125 ],
    "faces": {
        "up":    { "uv": [ 7.125, 8.375, 7.75, 8.75 ], "texture": "#light_gun_texture" },
        "north": { "uv": [ 7.25, 8.375, 7.875, 8.875 ], "texture": "#light_gun_texture" },
        "south": { "uv": [ 7.25, 8.375, 7.875, 8.875 ], "texture": "#light_gun_texture" },
        "west":  { "uv": [ 7.25, 8.375, 7.75, 8.875 ], "texture": "#light_gun_texture" },
        "east":  { "uv": [ 7.25, 8.375, 7.75, 8.875 ], "texture": "#light_gun_texture" }
    }
},
{
    "from": [ 14.375, 11.25, 7.1875 ],
    "to": [ 14.75, 11.3125, 7.6875 ],
    "faces": {
        "up":    { "uv": [ 7.125, 8.375, 7.75, 8.75 ], "texture": "#light_gun_texture" },
        "north": { "uv": [ 7.25, 8.375, 7.875, 8.875 ], "texture": "#light_gun_texture" },
        "south": { "uv": [ 7.25, 8.375, 7.875, 8.875 ], "texture": "#light_gun_texture" },
        "west":  { "uv": [ 7.25, 8.375, 7.75, 8.875 ], "texture": "#light_gun_texture" },
        "east":  { "uv": [ 7.25, 8.375, 7.75, 8.875 ], "texture": "#light_gun_texture" }
    }
},
{
    "from": [ 17, 10.4375, 6.875 ],
    "to": [ 17.5, 11.3125, 8 ],
    "faces": {
        "down":  { "uv": [ 8.25, 9.375, 8.875, 9.75 ], "texture": "#bright_gun_texture" },
        "up":    { "uv": [ 8.25, 9.375, 8.875, 9.75 ], "texture": "#bright_gun_texture" },
        "north": { "uv": [ 8.25, 9.25, 8.875, 9.75 ], "texture": "#bright_gun_texture" },
        "south": { "uv": [ 8.25, 9.25, 8.875, 9.75 ], "texture": "#bright_gun_texture" },
        "west":  { "uv": [ 8.375, 9.5, 8.875, 10 ], "texture": "#bright_gun_texture" },
        "east":  { "uv": [ 8.375, 9.5, 8.875, 10 ], "texture": "#bright_gun_texture" }
    }
},
{
    "from": [ 17, 10.3125, 7 ],
    "to": [ 17.5, 11.4375, 7.875 ],
    "faces": {
        "down":  { "uv": [ 8.25, 9.375, 8.875, 9.75 ], "texture": "#bright_gun_texture" },
        "up":    { "uv": [ 8.25, 9.375, 8.875, 9.75 ], "texture": "#bright_gun_texture" },
        "north": { "uv": [ 8.25, 9.25, 8.875, 9.75 ], "texture": "#bright_gun_texture" },
        "south": { "uv": [ 8.25, 9.25, 8.875, 9.75 ], "texture": "#bright_gun_texture" },
        "west":  { "uv": [ 8.375, 9.5, 8.875, 10 ], "texture": "#bright_gun_texture" },
        "east":  { "uv": [ 8.375, 9.5, 8.875, 10 ], "texture": "#bright_gun_texture" }
    }
},
{
    "from": [ 15.5, 10.375, 7.0625 ],
    "to": [ 15.625, 11.375, 7.8125 ],
    "faces": {
        "down":  { "uv": [ 8.25, 9.375, 8.875, 9.75 ], "texture": "#bright_gun_texture" },
        "up":    { "uv": [ 8.25, 9.375, 8.875, 9.75 ], "texture": "#bright_gun_texture" },
        "north": { "uv": [ 8.25, 9.25, 8.875, 9.75 ], "texture": "#bright_gun_texture" },
        "south": { "uv": [ 8.25, 9.25, 8.875, 9.75 ], "texture": "#bright_gun_texture" },
        "west":  { "uv": [ 8.375, 9.5, 8.875, 10 ], "texture": "#bright_gun_texture" },
        "east":  { "uv": [ 8.375, 9.5, 8.875, 10 ], "texture": "#bright_gun_texture" }
    }
},
{
    "from": [ 15.5, 10.5, 6.9375 ],
    "to": [ 15.625, 11.25, 7.9375 ],
    "faces": {
        "down":  { "uv": [ 8.25, 9.375, 8.875, 9.75 ], "texture": "#bright_gun_texture" },
        "up":    { "uv": [ 8.25, 9.375, 8.875, 9.75 ], "texture": "#bright_gun_texture" },
        "north": { "uv": [ 8.25, 9.25, 8.875, 9.75 ], "texture": "#bright_gun_texture" },
        "south": { "uv": [ 8.25, 9.25, 8.875, 9.75 ], "texture": "#bright_gun_texture" },
        "west":  { "uv": [ 8.375, 9.5, 8.875, 10 ], "texture": "#bright_gun_texture" },
        "east":  { "uv": [ 8.375, 9.5, 8.875, 10 ], "texture": "#bright_gun_texture" }
    }
},
{
    "from": [ 16.25, 10.375, 7.0625 ],
    "to": [ 17, 11.375, 7.8125 ],
    "faces": {
        "down":  { "uv": [ 8.25, 9.375, 8.875, 9.75 ], "texture": "#bright_gun_texture" },
        "up":    { "uv": [ 8.25, 9.375, 8.875, 9.75 ], "texture": "#bright_gun_texture" },
        "north": { "uv": [ 8.25, 9.25, 8.875, 9.75 ], "texture": "#bright_gun_texture" },
        "south": { "uv": [ 8.25, 9.25, 8.875, 9.75 ], "texture": "#bright_gun_texture" },
        "west":  { "uv": [ 8.375, 9.5, 8.875, 10 ], "texture": "#bright_gun_texture" }
    }
},
{
    "from": [ 15.625, 10.4375, 7.125 ],
    "to": [ 16.25, 11.3125, 7.75 ],
    "faces": {
        "down":  { "uv": [ 8.25, 9.375, 8.875, 9.75 ], "texture": "#bright_gun_texture" },
        "up":    { "uv": [ 8.25, 9.375, 8.875, 9.75 ], "texture": "#bright_gun_texture" },
        "north": { "uv": [ 8.25, 9.25, 8.875, 9.75 ], "texture": "#bright_gun_texture" },
        "south": { "uv": [ 8.25, 9.25, 8.875, 9.75 ], "texture": "#bright_gun_texture" }
    }
},
{
    "from": [ 16.25, 10.5, 6.9375 ],
    "to": [ 17, 11.25, 7.9375 ],
    "faces": {
        "down":  { "uv": [ 8.25, 9.375, 8.875, 9.75 ], "texture": "#bright_gun_texture" },
        "up":    { "uv": [ 8.25, 9.375, 8.875, 9.75 ], "texture": "#bright_gun_texture" },
        "north": { "uv": [ 8.25, 9.25, 8.875, 9.75 ], "texture": "#bright_gun_texture" },
        "south": { "uv": [ 8.25, 9.25, 8.875, 9.75 ], "texture": "#bright_gun_texture" },
        "west":  { "uv": [ 8.375, 9.5, 8.875, 10 ], "texture": "#bright_gun_texture" }
    }
},
{
    "from": [ 15.625, 10.5625, 7 ],
    "to": [ 16.25, 11.1875, 7.875 ],
    "faces": {
        "down":  { "uv": [ 8.25, 9.375, 8.875, 9.75 ], "texture": "#bright_gun_texture" },
        "up":    { "uv": [ 8.25, 9.375, 8.875, 9.75 ], "texture": "#bright_gun_texture" },
        "north": { "uv": [ 8.25, 9.25, 8.875, 9.75 ], "texture": "#bright_gun_texture" },
        "south": { "uv": [ 8.25, 9.25, 8.875, 9.75 ], "texture": "#bright_gun_texture" }
    }
},
{
    "from": [ 6, 10.1875, 6.875 ],
    "to": [ 7.0625, 11.5625, 8 ],
    "faces": {
        "down":  { "uv": [ 8.25, 9.375, 8.875, 9.75 ], "texture": "#bright_gun_texture" },
        "up":    { "uv": [ 8.25, 9.375, 8.875, 9.75 ], "texture": "#bright_gun_texture" },
        "north": { "uv": [ 8.25, 9.25, 8.875, 9.75 ], "texture": "#bright_gun_texture" },
        "south": { "uv": [ 8.25, 9.25, 8.875, 9.75 ], "texture": "#bright_gun_texture" },
        "west":  { "uv": [ 8.375, 9.5, 8.875, 10 ], "texture": "#bright_gun_texture" },
        "east":  { "uv": [ 8.375, 9.5, 8.875, 10 ], "texture": "#bright_gun_texture" }
    }
},
{
    "from": [ 6, 10.3125, 6.75 ],
    "to": [ 7.0625, 11.4375, 8.125 ],
    "faces": {
        "down":  { "uv": [ 8.25, 9.375, 8.875, 9.75 ], "texture": "#bright_gun_texture" },
        "up":    { "uv": [ 8.25, 9.375, 8.875, 9.75 ], "texture": "#bright_gun_texture" },
        "north": { "uv": [ 8.25, 9.25, 8.875, 9.75 ], "texture": "#bright_gun_texture" },
        "south": { "uv": [ 8.25, 9.25, 8.875, 9.75 ], "texture": "#bright_gun_texture" },
        "west":  { "uv": [ 8.375, 9.5, 8.875, 10 ], "texture": "#bright_gun_texture" },
        "east":  { "uv": [ 8.375, 9.5, 8.875, 10 ], "texture": "#bright_gun_texture" }
    }
},
{
    "from": [ 7.0625, 10.25, 6.9375 ],
    "to": [ 7.8125, 11.5, 7.9375 ],
    "faces": {
        "down":  { "uv": [ 8.25, 9.375, 8.875, 9.75 ], "texture": "#bright_gun_texture" },
        "up":    { "uv": [ 8.25, 9.375, 8.875, 9.75 ], "texture": "#bright_gun_texture" },
        "north": { "uv": [ 8.25, 9.25, 8.875, 9.75 ], "texture": "#bright_gun_texture" },
        "south": { "uv": [ 8.25, 9.25, 8.875, 9.75 ], "texture": "#bright_gun_texture" },
        "east":  { "uv": [ 8.375, 9.5, 8.875, 10 ], "texture": "#bright_gun_texture" }
    }
},
{
    "from": [ 7.0625, 10.375, 6.8125 ],
    "to": [ 7.8125, 11.375, 8.0625 ],
    "faces": {
        "down":  { "uv": [ 8.25, 9.375, 8.875, 9.75 ], "texture": "#bright_gun_texture" },
        "up":    { "uv": [ 8.25, 9.375, 8.875, 9.75 ], "texture": "#bright_gun_texture" },
        "north": { "uv": [ 8.25, 9.25, 8.875, 9.75 ], "texture": "#bright_gun_texture" },
        "south": { "uv": [ 8.25, 9.25, 8.875, 9.75 ], "texture": "#bright_gun_texture" },
        "east":  { "uv": [ 8.375, 9.5, 8.875, 10 ], "texture": "#bright_gun_texture" }
    }
},
{
    "from": [ 7.8125, 10.3125, 7 ],
    "to": [ 8.4375, 11.4375, 7.875 ],
    "faces": {
        "down":  { "uv": [ 8.25, 9.375, 8.875, 9.75 ], "texture": "#bright_gun_texture" },
        "up":    { "uv": [ 8.25, 9.375, 8.875, 9.75 ], "texture": "#bright_gun_texture" },
        "north": { "uv": [ 8.25, 9.25, 8.875, 9.75 ], "texture": "#bright_gun_texture" },
        "south": { "uv": [ 8.25, 9.25, 8.875, 9.75 ], "texture": "#bright_gun_texture" },
        "east":  { "uv": [ 8.375, 9.5, 8.875, 10 ], "texture": "#bright_gun_texture" }
    }
},
{
    "from": [ 8.4375, 10.375, 7.0625 ],
    "to": [ 9.0625, 11.375, 7.8125 ],
    "faces": {
        "down":  { "uv": [ 8.25, 9.375, 8.875, 9.75 ], "texture": "#bright_gun_texture" },
        "up":    { "uv": [ 8.25, 9.375, 8.875, 9.75 ], "texture": "#bright_gun_texture" },
        "north": { "uv": [ 8.25, 9.25, 8.875, 9.75 ], "texture": "#bright_gun_texture" },
        "south": { "uv": [ 8.25, 9.25, 8.875, 9.75 ], "texture": "#bright_gun_texture" },
        "east":  { "uv": [ 8.375, 9.5, 8.875, 10 ], "texture": "#bright_gun_texture" }
    }
},
{
    "from": [ 9.0625, 10.4375, 7.125 ],
    "to": [ 9.625, 11.3125, 7.75 ],
    "faces": {
        "down":  { "uv": [ 8.25, 9.375, 8.875, 9.75 ], "texture": "#bright_gun_texture" },
        "up":    { "uv": [ 8.25, 9.375, 8.875, 9.75 ], "texture": "#bright_gun_texture" },
        "north": { "uv": [ 8.25, 9.25, 8.875, 9.75 ], "texture": "#bright_gun_texture" },
        "south": { "uv": [ 8.25, 9.25, 8.875, 9.75 ], "texture": "#bright_gun_texture" },
        "east":  { "uv": [ 8.375, 9.5, 8.875, 10 ], "texture": "#bright_gun_texture" }
    }
},
{
    "from": [ 7.8125, 10.4375, 6.875 ],
    "to": [ 8.4375, 11.3125, 8 ],
    "faces": {
        "down":  { "uv": [ 8.25, 9.375, 8.875, 9.75 ], "texture": "#bright_gun_texture" },
        "up":    { "uv": [ 8.25, 9.375, 8.875, 9.75 ], "texture": "#bright_gun_texture" },
        "north": { "uv": [ 8.25, 9.25, 8.875, 9.75 ], "texture": "#bright_gun_texture" },
        "south": { "uv": [ 8.25, 9.25, 8.875, 9.75 ], "texture": "#bright_gun_texture" },
        "east":  { "uv": [ 8.375, 9.5, 8.875, 10 ], "texture": "#bright_gun_texture" }
    }
},
{
    "from": [ 8.4375, 10.5, 6.9375 ],
    "to": [ 9.0625, 11.25, 7.9375 ],
    "faces": {
        "down":  { "uv": [ 8.25, 9.375, 8.875, 9.75 ], "texture": "#bright_gun_texture" },
        "up":    { "uv": [ 8.25, 9.375, 8.875, 9.75 ], "texture": "#bright_gun_texture" },
        "north": { "uv": [ 8.25, 9.25, 8.875, 9.75 ], "texture": "#bright_gun_texture" },
        "south": { "uv": [ 8.25, 9.25, 8.875, 9.75 ], "texture": "#bright_gun_texture" },
        "east":  { "uv": [ 8.375, 9.5, 8.875, 10 ], "texture": "#bright_gun_texture" }
    }
},
{
    "from": [ 9.0625, 10.5, 7 ],
    "to": [ 9.625, 11.25, 7.875 ],
    "faces": {
        "down":  { "uv": [ 8.25, 9.375, 8.875, 9.75 ], "texture": "#bright_gun_texture" },
        "up":    { "uv": [ 8.25, 9.375, 8.875, 9.75 ], "texture": "#bright_gun_texture" },
        "north": { "uv": [ 8.25, 9.25, 8.875, 9.75 ], "texture": "#bright_gun_texture" },
        "south": { "uv": [ 8.25, 9.25, 8.875, 9.75 ], "texture": "#bright_gun_texture" },
        "east":  { "uv": [ 8.375, 9.5, 8.875, 10 ], "texture": "#bright_gun_texture" }
    }
},
{
    "from": [ 16.955, 11.4288, 7 ],
    "to": [ 17.08, 12.5538, 7.875 ],
    "rotation": { "origin": [ 16.955, 12.5538, 7 ], "axis": "z", "angle": 22.5 },
    "faces": {
        "down":  { "uv": [ 8.25, 9.375, 8.875, 9.75 ], "texture": "#bright_gun_texture" },
        "up":    { "uv": [ 8.25, 9.375, 8.875, 9.75 ], "texture": "#bright_gun_texture" },
        "north": { "uv": [ 8.25, 9.25, 8.875, 9.75 ], "texture": "#bright_gun_texture" },
        "south": { "uv": [ 8.25, 9.25, 8.875, 9.75 ], "texture": "#bright_gun_texture" },
        "west":  { "uv": [ 8.375, 9.5, 8.875, 10 ], "texture": "#bright_gun_texture" },
        "east":  { "uv": [ 8.375, 9.5, 8.875, 10 ], "texture": "#bright_gun_texture" }
    }
},
{
    "from": [ 17.0075, 11.5538, 6.875 ],
    "to": [ 17.1325, 12.4288, 8 ],
    "rotation": { "origin": [ 17.0075, 12.4288, 6.875 ], "axis": "z", "angle": 22.5 },
    "faces": {
        "down":  { "uv": [ 8.25, 9.375, 8.875, 9.75 ], "texture": "#bright_gun_texture" },
        "up":    { "uv": [ 8.25, 9.375, 8.875, 9.75 ], "texture": "#bright_gun_texture" },
        "north": { "uv": [ 8.25, 9.25, 8.875, 9.75 ], "texture": "#bright_gun_texture" },
        "south": { "uv": [ 8.25, 9.25, 8.875, 9.75 ], "texture": "#bright_gun_texture" },
        "west":  { "uv": [ 8.375, 9.5, 8.875, 10 ], "texture": "#bright_gun_texture" },
        "east":  { "uv": [ 8.375, 9.5, 8.875, 10 ], "texture": "#bright_gun_texture" }
    }
},
{
    "from": [ 6.5225, 11.5775, 6.875 ],
    "to": [ 6.6475, 12.9525, 8 ],
    "rotation": { "origin": [ 6.5225, 12.9525, 6.875 ], "axis": "z", "angle": -22.5 },
    "faces": {
        "down":  { "uv": [ 8.25, 9.375, 8.875, 9.75 ], "texture": "#bright_gun_texture" },
        "up":    { "uv": [ 8.25, 9.375, 8.875, 9.75 ], "texture": "#bright_gun_texture" },
        "north": { "uv": [ 8.25, 9.25, 8.875, 9.75 ], "texture": "#bright_gun_texture" },
        "south": { "uv": [ 8.25, 9.25, 8.875, 9.75 ], "texture": "#bright_gun_texture" },
        "west":  { "uv": [ 8.375, 9.5, 8.875, 10 ], "texture": "#bright_gun_texture" },
        "east":  { "uv": [ 8.375, 9.5, 8.875, 10 ], "texture": "#bright_gun_texture" }
    }
},
{
    "from": [ 6.47, 11.7025, 6.75 ],
    "to": [ 6.595, 12.8275, 8.125 ],
    "rotation": { "origin": [ 6.47, 12.8275, 6.75 ], "axis": "z", "angle": -22.5 },
    "faces": {
        "down":  { "uv": [ 8.25, 9.375, 8.875, 9.75 ], "texture": "#bright_gun_texture" },
        "up":    { "uv": [ 8.25, 9.375, 8.875, 9.75 ], "texture": "#bright_gun_texture" },
        "north": { "uv": [ 8.25, 9.25, 8.875, 9.75 ], "texture": "#bright_gun_texture" },
        "south": { "uv": [ 8.25, 9.25, 8.875, 9.75 ], "texture": "#bright_gun_texture" },
        "west":  { "uv": [ 8.375, 9.5, 8.875, 10 ], "texture": "#bright_gun_texture" },
        "east":  { "uv": [ 8.375, 9.5, 8.875, 10 ], "texture": "#bright_gun_texture" }
    }
}
],
"display": {
    "thirdperson_righthand": {
        "rotation": [ -180, -90, 130 ],
        "translation": [ 0, 4, 0 ],
        "scale": [ 0.8, 0.8, 0.65 ]
    },
    "thirdperson_lefthand": {
        "rotation": [ 0, 90, 180 ],
        "translation": [ 0, 1, 12 ],
        "scale": [ 0.8, 0.8, 0.65 ]
    },
    "head": {
        "rotation": [ 0, -90, 0 ],
        "translation": [ 0, 12, 0 ],
        "scale": [ 0.6, 0.6, 0.5 ]
    },
    "ground": {
        "rotation": [ 90, 0, 0 ],
        "translation": [ 0, 0, 0 ],
        "scale": [ 0.7, 0.7, 0.6 ]
    },
    "fixed": {
        "rotation": [ 0, 0, 0 ],
        "translation": [ 0, 0, -1 ],
        "scale": [ 1, 1, 0.85 ]
    },
    "firstperson_righthand": {
        "rotation": [ 0, -90, 0 ],
        "translation": [ 0, 3, -8 ],
        "scale": [ 1.1, 1.1, 0.9 ]
    },
    "firstperson_lefthand": {
        "rotation": [ 0, 90, 90 ],
        "translation": [ 5, 7, -5 ],
        "scale": [ 1.1, 1.1, 0.9 ]
    },
    "gui": {
        "rotation": [ -20, 40, 0 ],
        "translation": [ 0, 0, 0 ],
        "scale": [ 0.6, 0.6, 0.5 ]
    }
}
}