{
"__comment": "© Le0, Mineland.eu 2019 | www.mineland.eu",
"textures": {
    "normal_gun_texture": "guns/pusky/normal_gun_texture",
    "light_gun_texture": "guns/pusky/light_gun_texture",
    "bright_gun_texture": "guns/pusky/bright_gun_texture",
    "dark_gun_texture": "guns/pusky/dark_gun_texture"
},
"elements": [ 
{
    "from": [ -9, 8, 7.6 ],
    "to": [ 7, 8.8, 8.4 ],
    "faces": {
        "down":  { "uv": [ 4, 14, 6, 15.4 ], "texture": "#normal_gun_texture" },
        "up":    { "uv": [ 12, 7, 14, 8.3999996185302734 ], "texture": "#normal_gun_texture" },
        "north": { "uv": [ 4, 5, 6, 6.4000000953674316 ], "texture": "#normal_gun_texture" },
        "south": { "uv": [ 8, 11, 10, 12.399999618530273 ], "texture": "#normal_gun_texture" },
        "west":  { "uv": [ 9, 6, 10.399999618530273, 7.4000000953674316 ], "texture": "#normal_gun_texture" },
        "east":  { "uv": [ 3, 3, 4.4000000953674316, 4.4000000953674316 ], "texture": "#normal_gun_texture" }
    }
},
{
    "from": [ 0, 6.9, 7.3 ],
    "to": [ 9, 8.5, 8.7 ],
    "faces": {
        "down":  { "uv": [ 0, 12, 7, 14.8 ], "texture": "#light_gun_texture" },
        "up":    { "uv": [ 5, 13, 12, 15.800000190734863 ], "texture": "#light_gun_texture" },
        "north": { "uv": [ 9, 7, 16, 9.8000001907348633 ], "texture": "#light_gun_texture" },
        "south": { "uv": [ 5, 7, 12, 9.8000001907348633 ], "texture": "#light_gun_texture" },
        "west":  { "uv": [ 3, 6, 5.8000001907348633, 8.8000001907348633 ], "texture": "#light_gun_texture" },
        "east":  { "uv": [ 6, 6, 8.8000001907348633, 8.8000001907348633 ], "texture": "#light_gun_texture" }
    }
},
{
    "from": [ 7, 6.6875, 7.2 ],
    "to": [ 14.125, 8.6875, 8.8 ],
    "faces": {
        "down":  { "uv": [ 7, 5, 15, 7.6 ], "texture": "#light_gun_texture" },
        "up":    { "uv": [ 2, 10, 10, 12.600000381469727 ], "texture": "#light_gun_texture" },
        "north": { "uv": [ 8, 4, 16, 7.5 ], "texture": "#light_gun_texture" },
        "south": { "uv": [ 7, 4, 15, 7.5 ], "texture": "#light_gun_texture" },
        "west":  { "uv": [ 6, 3, 8.6000003814697266, 6.5 ], "texture": "#light_gun_texture" },
        "east":  { "uv": [ 4, 5, 6.5999999046325684, 8.5 ], "texture": "#light_gun_texture" }
    }
},
{
    "from": [ 8.2, 5.7, 7.2 ],
    "to": [ 13.2, 6.7, 8.8 ],
    "faces": {
        "down":  { "uv": [ 0, 8, 2.6, 10 ], "texture": "#light_gun_texture" },
        "up":    { "uv": [ 4, 8, 6.5999999046325684, 10 ], "texture": "#light_gun_texture" },
        "north": { "uv": [ 5, 6, 7.5999999046325684, 9 ], "texture": "#light_gun_texture" },
        "south": { "uv": [ 4, 8, 6.5999999046325684, 11 ], "texture": "#light_gun_texture" },
        "west":  { "uv": [ 0, 8, 3, 11 ], "texture": "#light_gun_texture" },
        "east":  { "uv": [ 0, 9, 2, 12 ], "texture": "#light_gun_texture" }
    }
},
{
    "from": [ 12.8125, 5.375, 7.75 ],
    "to": [ 13.0125, 7.375, 8.35 ],
    "rotation": { "origin": [ 12.8125, 7.375, 7.75 ], "axis": "z", "angle": 22.5 },
    "faces": {
        "down":  { "uv": [ 0, 0, 0.2, 0.6 ], "texture": "#bright_gun_texture" },
        "up":    { "uv": [ 0, 0, 0.19999998807907104, 0.59999996423721313 ], "texture": "#bright_gun_texture" },
        "north": { "uv": [ 0, 0, 0.19999998807907104, 2 ], "texture": "#bright_gun_texture" },
        "south": { "uv": [ 0, 0, 0.19999998807907104, 2 ], "texture": "#bright_gun_texture" },
        "west":  { "uv": [ 0, 0, 0.59999996423721313, 2 ], "texture": "#bright_gun_texture" },
        "east":  { "uv": [ 0, 0, 0.59999996423721313, 2 ], "texture": "#bright_gun_texture" }
    }
},
{
    "from": [ 13.6, 5.5, 7.7 ],
    "to": [ 15, 5.7, 8.3 ],
    "faces": {
        "down":  { "uv": [ 0, 0, 1.9, 0.6 ], "texture": "#bright_gun_texture" },
        "up":    { "uv": [ 0, 0, 1.9000000953674316, 0.59999996423721313 ], "texture": "#bright_gun_texture" },
        "north": { "uv": [ 0, 0, 1.9000000953674316, 0.19999997317790985 ], "texture": "#bright_gun_texture" },
        "south": { "uv": [ 0, 0, 1.9000000953674316, 0.19999997317790985 ], "texture": "#bright_gun_texture" },
        "west":  { "uv": [ 0, 0, 0.59999996423721313, 0.19999997317790985 ], "texture": "#bright_gun_texture" },
        "east":  { "uv": [ 0, 0, 0.59999996423721313, 0.19999997317790985 ], "texture": "#bright_gun_texture" }
    }
},
{
    "from": [ 20.5, 5.1, 7.2 ],
    "to": [ 21.9, 8.4, 8.8 ],
    "faces": {
        "down":  { "uv": [ 5, 10, 7, 12 ], "texture": "#light_gun_texture" },
        "up":    { "uv": [ 6, 4, 8, 6 ], "texture": "#light_gun_texture" },
        "north": { "uv": [ 5, 8, 7, 11 ], "texture": "#light_gun_texture" },
        "south": { "uv": [ 7, 2, 9, 5 ], "texture": "#light_gun_texture" },
        "west":  { "uv": [ 9, 7, 11, 10 ], "texture": "#light_gun_texture" },
        "east":  { "uv": [ 12, 5, 14, 8 ], "texture": "#light_gun_texture" }
    }
},
{
    "from": [ 14.125, 7.725, 7.3125 ],
    "to": [ 17.025, 8.625, 8.7125 ],
    "rotation": { "origin": [ 14.125, 8.625, 7.3125 ], "axis": "z", "angle": -22.5 },
    "faces": {
        "down":  { "uv": [ 5, 5, 9.5, 7 ], "texture": "#light_gun_texture" },
        "up":    { "uv": [ 4, 6, 8.5, 8 ], "texture": "#light_gun_texture" },
        "north": { "uv": [ 7, 8, 11.5, 10.300000190734863 ], "texture": "#light_gun_texture" },
        "south": { "uv": [ 6, 10, 10.5, 12.300000190734863 ], "texture": "#light_gun_texture" },
        "west":  { "uv": [ 7, 5, 9, 7.3000001907348633 ], "texture": "#light_gun_texture" },
        "east":  { "uv": [ 14, 13, 16, 15.300000190734863 ], "texture": "#light_gun_texture" }
    }
},
{
    "from": [ 17.5, 6.1, 7.2 ],
    "to": [ 20.5, 7.7, 8.8 ],
    "faces": {
        "down":  { "uv": [ 6, 5, 12, 7 ], "texture": "#light_gun_texture" },
        "up":    { "uv": [ 5, 8, 11, 10 ], "texture": "#light_gun_texture" },
        "north": { "uv": [ 6, 7, 12, 9 ], "texture": "#light_gun_texture" },
        "south": { "uv": [ 2, 3, 8, 5 ], "texture": "#light_gun_texture" },
        "west":  { "uv": [ 2, 6, 4, 8 ], "texture": "#light_gun_texture" },
        "east":  { "uv": [ 4, 5, 6, 7 ], "texture": "#light_gun_texture" }
    }
},
{
    "from": [ 5, 9.5, 7.2 ],
    "to": [ 8, 11, 8.8 ],
    "faces": {
        "down":  { "uv": [ 7, 5, 15, 7.6 ], "texture": "#normal_gun_texture" },
        "up":    { "uv": [ 2, 10, 10, 12.600000381469727 ], "texture": "#normal_gun_texture" },
        "north": { "uv": [ 8, 4, 16, 7.5 ], "texture": "#normal_gun_texture" },
        "south": { "uv": [ 7, 4, 15, 7.5 ], "texture": "#normal_gun_texture" },
        "west":  { "uv": [ 6, 3, 8.6000003814697266, 6.5 ], "texture": "#dark_gun_texture" },
        "east":  { "uv": [ 4, 5, 6.5999999046325684, 8.5 ], "texture": "#normal_gun_texture" }
    }
},
{
    "from": [ 12, 9.6, 7.375 ],
    "to": [ 15.3, 10.8, 8.575 ],
    "faces": {
        "down":  { "uv": [ 7, 5, 15, 7.6 ], "texture": "#normal_gun_texture" },
        "up":    { "uv": [ 2, 10, 10, 12.600000381469727 ], "texture": "#normal_gun_texture" },
        "north": { "uv": [ 8, 4, 16, 7.5 ], "texture": "#normal_gun_texture" },
        "south": { "uv": [ 7, 4, 15, 7.5 ], "texture": "#normal_gun_texture" },
        "west":  { "uv": [ 6, 3, 8.6000003814697266, 6.5 ], "texture": "#normal_gun_texture" },
        "east":  { "uv": [ 4, 5, 6.5999999046325684, 8.5 ], "texture": "#dark_gun_texture" }
    }
},
{
    "from": [ 8, 9.7, 7.5 ],
    "to": [ 12.3, 10.7, 8.5 ],
    "faces": {
        "down":  { "uv": [ 7, 5, 15, 7.6 ], "texture": "#normal_gun_texture" },
        "up":    { "uv": [ 2, 10, 10, 12.600000381469727 ], "texture": "#normal_gun_texture" },
        "north": { "uv": [ 8, 4, 16, 7.5 ], "texture": "#normal_gun_texture" },
        "south": { "uv": [ 7, 4, 15, 7.5 ], "texture": "#normal_gun_texture" },
        "west":  { "uv": [ 6, 3, 8.6000003814697266, 6.5 ], "texture": "#normal_gun_texture" },
        "east":  { "uv": [ 4, 5, 6.5999999046325684, 8.5 ], "texture": "#normal_gun_texture" }
    }
},
{
    "from": [ 7, 8.2, 7.5 ],
    "to": [ 14, 9.2, 8.5 ],
    "faces": {
        "down":  { "uv": [ 4, 14, 6, 15.4 ], "texture": "#normal_gun_texture" },
        "up":    { "uv": [ 12, 7, 14, 8.3999996185302734 ], "texture": "#normal_gun_texture" },
        "north": { "uv": [ 4, 5, 6, 6.4000000953674316 ], "texture": "#normal_gun_texture" },
        "south": { "uv": [ 8, 11, 10, 12.399999618530273 ], "texture": "#normal_gun_texture" },
        "west":  { "uv": [ 9, 6, 10.399999618530273, 7.4000000953674316 ], "texture": "#normal_gun_texture" },
        "east":  { "uv": [ 3, 3, 4.4000000953674316, 4.4000000953674316 ], "texture": "#normal_gun_texture" }
    }
},
{
    "from": [ 8.0425, 6.365, 7.3125 ],
    "to": [ 9.4175, 7.49, 8.7125 ],
    "rotation": { "origin": [ 8.0425, 7.49, 7.3125 ], "axis": "z", "angle": -45 },
    "faces": {
        "down":  { "uv": [ 5, 5, 9.5, 7 ], "texture": "#light_gun_texture" },
        "up":    { "uv": [ 4, 6, 8.5, 8 ], "texture": "#light_gun_texture" },
        "north": { "uv": [ 7, 8, 11.5, 10.300000190734863 ], "texture": "#light_gun_texture" },
        "south": { "uv": [ 6, 10, 10.5, 12.300000190734863 ], "texture": "#light_gun_texture" },
        "west":  { "uv": [ 7, 5, 9, 7.3000001907348633 ], "texture": "#light_gun_texture" },
        "east":  { "uv": [ 14, 13, 16, 15.300000190734863 ], "texture": "#light_gun_texture" }
    }
},
{
    "from": [ 14, 6.7, 7.2 ],
    "to": [ 17.5, 7.7, 8.8 ],
    "faces": {
        "down":  { "uv": [ 7, 5, 13, 6.6 ], "texture": "#light_gun_texture" },
        "up":    { "uv": [ 2, 10, 8, 11.600000381469727 ], "texture": "#light_gun_texture" },
        "north": { "uv": [ 8, 4, 12, 5.5 ], "texture": "#light_gun_texture" },
        "south": { "uv": [ 7, 4, 11, 5.5 ], "texture": "#light_gun_texture" },
        "west":  { "uv": [ 6, 3, 8.6000003814697266, 4.5 ], "texture": "#light_gun_texture" },
        "east":  { "uv": [ 4, 5, 6.5999999046325684, 6.5 ], "texture": "#light_gun_texture" }
    }
},
{
    "from": [ 14.5, 3.6875, 7.2 ],
    "to": [ 15.9, 6.6875, 8.8 ],
    "rotation": { "origin": [ 14.5, 6.6875, 7.2 ], "axis": "z", "angle": 22.5 },
    "faces": {
        "down":  { "uv": [ 6, 5, 8, 7 ], "texture": "#light_gun_texture" },
        "up":    { "uv": [ 5, 8, 7, 10 ], "texture": "#light_gun_texture" },
        "north": { "uv": [ 6, 7, 8, 10 ], "texture": "#light_gun_texture" },
        "south": { "uv": [ 2, 3, 4, 7 ], "texture": "#light_gun_texture" },
        "west":  { "uv": [ 2, 6, 4, 8 ], "texture": "#light_gun_texture" },
        "east":  { "uv": [ 4, 5, 6, 7 ], "texture": "#light_gun_texture" }
    }
},
{
    "from": [ 21.9, 5.1, 7.2 ],
    "to": [ 23.3, 8.4, 8.8 ],
    "faces": {
        "down":  { "uv": [ 5, 10, 7, 12 ], "texture": "#normal_gun_texture" },
        "up":    { "uv": [ 6, 4, 8, 6 ], "texture": "#normal_gun_texture" },
        "north": { "uv": [ 5, 8, 7, 11 ], "texture": "#normal_gun_texture" },
        "south": { "uv": [ 7, 2, 9, 5 ], "texture": "#normal_gun_texture" },
        "west":  { "uv": [ 9, 7, 11, 10 ], "texture": "#normal_gun_texture" },
        "east":  { "uv": [ 12, 5, 14, 8 ], "texture": "#normal_gun_texture" }
    }
},
{
    "from": [ 17, 7.9, 7.5 ],
    "to": [ 19.8, 8.9, 8.5 ],
    "faces": {
        "down":  { "uv": [ 6, 5, 12, 7 ], "texture": "#normal_gun_texture" },
        "up":    { "uv": [ 5, 8, 11, 10 ], "texture": "#normal_gun_texture" },
        "north": { "uv": [ 6, 7, 12, 9 ], "texture": "#normal_gun_texture" },
        "south": { "uv": [ 2, 3, 8, 5 ], "texture": "#normal_gun_texture" },
        "west":  { "uv": [ 2, 6, 4, 8 ], "texture": "#normal_gun_texture" },
        "east":  { "uv": [ 4, 5, 6, 7 ], "texture": "#normal_gun_texture" }
    }
},
{
    "from": [ 19.25, 6.25, 7.75 ],
    "to": [ 19.75, 8.25, 8.35 ],
    "rotation": { "origin": [ 19.25, 8.25, 7.75 ], "axis": "z", "angle": 22.5 },
    "faces": {
        "down":  { "uv": [ 0, 0, 0.2, 0.6 ], "texture": "#bright_gun_texture" },
        "up":    { "uv": [ 0, 0, 0.19999998807907104, 0.59999996423721313 ], "texture": "#bright_gun_texture" },
        "north": { "uv": [ 0, 0, 0.19999998807907104, 2 ], "texture": "#bright_gun_texture" },
        "south": { "uv": [ 0, 0, 0.19999998807907104, 2 ], "texture": "#bright_gun_texture" },
        "west":  { "uv": [ 0, 0, 0.59999996423721313, 2 ], "texture": "#bright_gun_texture" },
        "east":  { "uv": [ 0, 0, 0.59999996423721313, 2 ], "texture": "#bright_gun_texture" }
    }
},
{
    "from": [ -1.1, 6.3, 7.7 ],
    "to": [ -0.3, 7.6, 8.3 ],
    "faces": {
        "down":  { "uv": [ 6, 5, 12, 7 ], "texture": "#normal_gun_texture" },
        "up":    { "uv": [ 5, 8, 11, 10 ], "texture": "#normal_gun_texture" },
        "north": { "uv": [ 6, 7, 12, 9 ], "texture": "#normal_gun_texture" },
        "south": { "uv": [ 2, 3, 8, 5 ], "texture": "#normal_gun_texture" },
        "west":  { "uv": [ 2, 6, 4, 8 ], "texture": "#normal_gun_texture" },
        "east":  { "uv": [ 4, 5, 6, 7 ], "texture": "#normal_gun_texture" }
    }
},
{
    "from": [ -0.7, 7, 7.8 ],
    "to": [ 0.1, 7.5, 8.2 ],
    "faces": {
        "down":  { "uv": [ 6, 5, 12, 7 ], "texture": "#normal_gun_texture" },
        "up":    { "uv": [ 5, 8, 11, 10 ], "texture": "#normal_gun_texture" },
        "north": { "uv": [ 6, 7, 12, 9 ], "texture": "#normal_gun_texture" },
        "south": { "uv": [ 2, 3, 8, 5 ], "texture": "#normal_gun_texture" },
        "west":  { "uv": [ 2, 6, 4, 8 ], "texture": "#normal_gun_texture" },
        "east":  { "uv": [ 4, 5, 6, 7 ], "texture": "#normal_gun_texture" }
    }
},
{
    "from": [ -1.7, 6.2, 7 ],
    "to": [ -0.9, 6.8, 9 ],
    "faces": {
        "down":  { "uv": [ 6, 5, 12, 7 ], "texture": "#bright_gun_texture" },
        "up":    { "uv": [ 5, 8, 11, 10 ], "texture": "#bright_gun_texture" },
        "north": { "uv": [ 6, 7, 12, 9 ], "texture": "#bright_gun_texture" },
        "south": { "uv": [ 2, 3, 8, 5 ], "texture": "#bright_gun_texture" },
        "west":  { "uv": [ 2, 6, 4, 8 ], "texture": "#bright_gun_texture" },
        "east":  { "uv": [ 4, 5, 6, 7 ], "texture": "#bright_gun_texture" }
    }
},
{
    "from": [ -4.6, 6.3, 7.2 ],
    "to": [ -1.7, 6.7, 7.6 ],
    "faces": {
        "down":  { "uv": [ 6, 5, 12, 7 ], "texture": "#light_gun_texture" },
        "up":    { "uv": [ 5, 8, 11, 10 ], "texture": "#light_gun_texture" },
        "north": { "uv": [ 6, 7, 12, 9 ], "texture": "#light_gun_texture" },
        "south": { "uv": [ 2, 3, 8, 5 ], "texture": "#light_gun_texture" },
        "west":  { "uv": [ 2, 6, 4, 8 ], "texture": "#light_gun_texture" },
        "east":  { "uv": [ 4, 5, 6, 7 ], "texture": "#light_gun_texture" }
    }
},
{
    "from": [ -4.6, 6.3, 8.4 ],
    "to": [ -1.7, 6.7, 8.8 ],
    "faces": {
        "down":  { "uv": [ 6, 5, 12, 7 ], "texture": "#light_gun_texture" },
        "up":    { "uv": [ 5, 8, 11, 10 ], "texture": "#light_gun_texture" },
        "north": { "uv": [ 6, 7, 12, 9 ], "texture": "#light_gun_texture" },
        "south": { "uv": [ 2, 3, 8, 5 ], "texture": "#light_gun_texture" },
        "west":  { "uv": [ 2, 6, 4, 8 ], "texture": "#light_gun_texture" },
        "east":  { "uv": [ 4, 5, 6, 7 ], "texture": "#light_gun_texture" }
    }
},
{
    "from": [ 21.3, 4, 7.8 ],
    "to": [ 21.7, 5.5, 8.2 ],
    "faces": {
        "down":  { "uv": [ 6, 5, 12, 7 ], "texture": "#normal_gun_texture" },
        "up":    { "uv": [ 5, 8, 11, 10 ], "texture": "#normal_gun_texture" },
        "north": { "uv": [ 6, 7, 12, 9 ], "texture": "#normal_gun_texture" },
        "south": { "uv": [ 2, 3, 8, 5 ], "texture": "#normal_gun_texture" },
        "west":  { "uv": [ 2, 6, 4, 8 ], "texture": "#normal_gun_texture" },
        "east":  { "uv": [ 4, 5, 6, 7 ], "texture": "#normal_gun_texture" }
    }
},
{
    "from": [ 8.5, 9.2, 7.5 ],
    "to": [ 11.7, 9.5, 8.5 ],
    "faces": {
        "down":  { "uv": [ 4, 14, 6, 15.4 ], "texture": "#normal_gun_texture" },
        "up":    { "uv": [ 12, 7, 14, 8.3999996185302734 ], "texture": "#normal_gun_texture" },
        "north": { "uv": [ 4, 5, 6, 6.4000000953674316 ], "texture": "#normal_gun_texture" },
        "south": { "uv": [ 8, 11, 10, 12.399999618530273 ], "texture": "#normal_gun_texture" },
        "west":  { "uv": [ 9, 6, 10.399999618530273, 7.4000000953674316 ], "texture": "#normal_gun_texture" },
        "east":  { "uv": [ 3, 3, 4.4000000953674316, 4.4000000953674316 ], "texture": "#normal_gun_texture" }
    }
},
{
    "from": [ 8.5, 9.2, 7.4 ],
    "to": [ 9, 10.5, 8.6 ],
    "faces": {
        "down":  { "uv": [ 4, 14, 6, 15.4 ], "texture": "#normal_gun_texture" },
        "up":    { "uv": [ 12, 7, 14, 8.3999996185302734 ], "texture": "#normal_gun_texture" },
        "north": { "uv": [ 4, 5, 6, 6.4000000953674316 ], "texture": "#normal_gun_texture" },
        "south": { "uv": [ 8, 11, 10, 12.399999618530273 ], "texture": "#normal_gun_texture" },
        "west":  { "uv": [ 9, 6, 10.399999618530273, 7.4000000953674316 ], "texture": "#normal_gun_texture" },
        "east":  { "uv": [ 3, 3, 4.4000000953674316, 4.4000000953674316 ], "texture": "#normal_gun_texture" }
    }
},
{
    "from": [ 11.2, 9.2, 7.4 ],
    "to": [ 11.7, 10.5, 8.6 ],
    "faces": {
        "down":  { "uv": [ 4, 14, 6, 15.4 ], "texture": "#normal_gun_texture" },
        "up":    { "uv": [ 12, 7, 14, 8.3999996185302734 ], "texture": "#normal_gun_texture" },
        "north": { "uv": [ 4, 5, 6, 6.4000000953674316 ], "texture": "#normal_gun_texture" },
        "south": { "uv": [ 8, 11, 10, 12.399999618530273 ], "texture": "#normal_gun_texture" },
        "west":  { "uv": [ 9, 6, 10.399999618530273, 7.4000000953674316 ], "texture": "#normal_gun_texture" },
        "east":  { "uv": [ 3, 3, 4.4000000953674316, 4.4000000953674316 ], "texture": "#normal_gun_texture" }
    }
},
{
    "from": [ 9.6, 9.8, 8.4 ],
    "to": [ 10.4, 10.6, 8.9 ],
    "faces": {
        "down":  { "uv": [ 4, 14, 6, 15.4 ], "texture": "#normal_gun_texture" },
        "up":    { "uv": [ 12, 7, 14, 8.3999996185302734 ], "texture": "#normal_gun_texture" },
        "north": { "uv": [ 4, 5, 6, 6.4000000953674316 ], "texture": "#normal_gun_texture" },
        "south": { "uv": [ 8, 11, 10, 12.399999618530273 ], "texture": "#normal_gun_texture" },
        "west":  { "uv": [ 9, 6, 10.399999618530273, 7.4000000953674316 ], "texture": "#normal_gun_texture" },
        "east":  { "uv": [ 3, 3, 4.4000000953674316, 4.4000000953674316 ], "texture": "#normal_gun_texture" }
    }
},
{
    "from": [ 9.6, 10.7, 7.5 ],
    "to": [ 10.4, 11.2, 8.3 ],
    "faces": {
        "down":  { "uv": [ 4, 14, 6, 15.4 ], "texture": "#normal_gun_texture" },
        "up":    { "uv": [ 12, 7, 14, 8.3999996185302734 ], "texture": "#normal_gun_texture" },
        "north": { "uv": [ 4, 5, 6, 6.4000000953674316 ], "texture": "#normal_gun_texture" },
        "south": { "uv": [ 8, 11, 10, 12.399999618530273 ], "texture": "#normal_gun_texture" },
        "west":  { "uv": [ 9, 6, 10.399999618530273, 7.4000000953674316 ], "texture": "#normal_gun_texture" },
        "east":  { "uv": [ 3, 3, 4.4000000953674316, 4.4000000953674316 ], "texture": "#normal_gun_texture" }
    }
},
{
    "from": [ 13, 8.1875, 6.125 ],
    "to": [ 13.375, 8.5625, 7.625 ],
    "rotation": { "origin": [ 13, 8.5625, 6.125 ], "axis": "x", "angle": -22.5 },
    "faces": {
        "down":  { "uv": [ 3.25, 6.625, 2.875, 5.5 ], "texture": "#normal_gun_texture" },
        "up":    { "uv": [ 12.75, 5.5, 13.125, 6.625 ], "texture": "#normal_gun_texture" },
        "north": { "uv": [ 2.875, 7.25, 3.25, 7.625 ], "texture": "#normal_gun_texture" },
        "south": { "uv": [ 12.75, 7.25, 13.125, 7.625 ], "texture": "#normal_gun_texture" },
        "west":  { "uv": [ 5.5, 7.25, 6.625, 7.625 ], "texture": "#normal_gun_texture" },
        "east":  { "uv": [ 9.375, 7.25, 10.5, 7.625 ], "texture": "#normal_gun_texture" }
    }
},
{
    "from": [ 12.9375, 8.1875, 5.8125 ],
    "to": [ 13.4375, 8.6875, 6.3125 ],
    "faces": {
        "down":  { "uv": [ 3.25, 6.625, 2.875, 5.5 ], "texture": "#normal_gun_texture" },
        "up":    { "uv": [ 12.75, 5.5, 13.125, 6.625 ], "texture": "#normal_gun_texture" },
        "north": { "uv": [ 2.875, 7.25, 3.25, 7.625 ], "texture": "#normal_gun_texture" },
        "south": { "uv": [ 12.75, 7.25, 13.125, 7.625 ], "texture": "#normal_gun_texture" },
        "west":  { "uv": [ 5.5, 7.25, 6.625, 7.625 ], "texture": "#normal_gun_texture" },
        "east":  { "uv": [ 9.375, 7.25, 10.5, 7.625 ], "texture": "#normal_gun_texture" }
    }
}
],
"display": {
    "thirdperson_righthand": {
        "rotation": [ -180, -90, 130 ],
        "translation": [ 0, 4, 0 ],
        "scale": [ 0.8, 0.8, 0.65 ]
    },
    "thirdperson_lefthand": {
        "rotation": [ 0, 90, 180 ],
        "translation": [ 0, 1, 12 ],
        "scale": [ 0.8, 0.8, 0.65 ]
    },
    "head": {
        "rotation": [ 0, -90, 0 ],
        "translation": [ 0, 12, 0 ],
        "scale": [ 0.6, 0.6, 0.5 ]
    },
    "ground": {
        "rotation": [ 90, 0, 0 ],
        "translation": [ 0, 0, 0 ],
        "scale": [ 0.7, 0.7, 0.6 ]
    },
    "fixed": {
        "rotation": [ 0, 0, 0 ],
        "translation": [ 0, 0, -1 ],
        "scale": [ 1, 1, 0.85 ]
    },
    "firstperson_righthand": {
        "rotation": [ 0, -90, 0 ],
        "translation": [ 0, 3, -8 ],
        "scale": [ 1.1, 1.1, 0.9 ]
    },
    "firstperson_lefthand": {
        "rotation": [ 0, 90, 90 ],
        "translation": [ 5, 7, -5 ],
        "scale": [ 1.1, 1.1, 0.9 ]
    },
    "gui": {
        "rotation": [ -20, 40, 0 ],
        "translation": [ 0, 0, 0 ],
        "scale": [ 0.6, 0.6, 0.5 ]
    }
}
}