{
"__comment": "© Le0, Mineland.eu 2019 | www.mineland.eu",
"textures": {
    "bright_gun_texture": "guns/pistole/bright_gun_texture",
    "normal_gun_texture": "guns/pistole/normal_gun_texture",
    "dark_wood": "guns/pistole/dark_wood",
    "light_gun_texture": "guns/pistole/light_gun_texture"
},
"elements": [ 
{
    "from": [ -13, 7.4, 7.6 ],
    "to": [ 4, 8.2, 8.4 ],
    "faces": {
        "down":  { "uv": [ 4, 14, 6, 15.4 ], "texture": "#bright_gun_texture" },
        "up":    { "uv": [ 12, 7, 14, 8.3999996185302734 ], "texture": "#bright_gun_texture" },
        "north": { "uv": [ 4, 5, 6, 6.4000000953674316 ], "texture": "#bright_gun_texture" },
        "south": { "uv": [ 8, 11, 10, 12.399999618530273 ], "texture": "#bright_gun_texture" },
        "west":  { "uv": [ 9, 6, 10.399999618530273, 7.4000000953674316 ], "texture": "#normal_gun_texture" },
        "east":  { "uv": [ 3, 3, 4.4000000953674316, 4.4000000953674316 ], "texture": "#bright_gun_texture" }
    }
},
{
    "from": [ 1, 7.2, 7.2 ],
    "to": [ 9, 9.6, 8.8 ],
    "faces": {
        "down":  { "uv": [ 0, 12, 7, 14.8 ], "texture": "#dark_wood" },
        "up":    { "uv": [ 5, 13, 12, 15.800000190734863 ], "texture": "#dark_wood" },
        "north": { "uv": [ 9, 7, 16, 9.8000001907348633 ], "texture": "#dark_wood" },
        "south": { "uv": [ 5, 7, 12, 9.8000001907348633 ], "texture": "#dark_wood" },
        "west":  { "uv": [ 3, 6, 5.8000001907348633, 8.8000001907348633 ], "texture": "#dark_wood" },
        "east":  { "uv": [ 6, 6, 8.8000001907348633, 8.8000001907348633 ], "texture": "#dark_wood" }
    }
},
{
    "from": [ 9, 7.1, 7.3 ],
    "to": [ 17.4, 9.3, 8.7 ],
    "faces": {
        "down":  { "uv": [ 7, 5, 15, 7.6 ], "texture": "#bright_gun_texture" },
        "up":    { "uv": [ 2, 10, 10, 12.600000381469727 ], "texture": "#bright_gun_texture" },
        "north": { "uv": [ 8, 4, 16, 7.5 ], "texture": "#bright_gun_texture" },
        "south": { "uv": [ 7, 4, 15, 7.5 ], "texture": "#bright_gun_texture" },
        "west":  { "uv": [ 6, 3, 8.6000003814697266, 6.5 ], "texture": "#bright_gun_texture" },
        "east":  { "uv": [ 4, 5, 6.5999999046325684, 8.5 ], "texture": "#bright_gun_texture" }
    }
},
{
    "from": [ 11.7, 7.7, 9.1 ],
    "to": [ 12.6, 9.3, 9.3 ],
    "faces": {
        "down":  { "uv": [ 10, 11, 10.6, 11.2 ], "texture": "#bright_gun_texture" },
        "up":    { "uv": [ 2, 2, 2.5999999046325684, 2.2000000476837158 ], "texture": "#bright_gun_texture" },
        "north": { "uv": [ 8, 1, 9.6000003814697266, 4 ], "texture": "#bright_gun_texture" },
        "south": { "uv": [ 4, 4, 3.5999999046325684, 8 ], "texture": "#bright_gun_texture" },
        "west":  { "uv": [ 3, 10, 4.1999998092651367, 15 ], "texture": "#bright_gun_texture" },
        "east":  { "uv": [ 6, 4, 7.1999998092651367, 8 ], "texture": "#bright_gun_texture" }
    }
},
{
    "from": [ 11.7, 9.2, 7.5 ],
    "to": [ 12.4, 9.9, 9.3 ],
    "faces": {
        "down":  { "uv": [ 13, 11, 13.6, 11.2 ], "texture": "#bright_gun_texture" },
        "up":    { "uv": [ 1, 0, 1.5999999046325684, 0.19999998807907104 ], "texture": "#bright_gun_texture" },
        "north": { "uv": [ 0, 5, 0.59999996423721313, 6 ], "texture": "#bright_gun_texture" },
        "south": { "uv": [ 3, 10, 3.5999999046325684, 11 ], "texture": "#bright_gun_texture" },
        "west":  { "uv": [ 8, 0, 8.1999998092651367, 1 ], "texture": "#bright_gun_texture" },
        "east":  { "uv": [ 3, 14, 3.2000000476837158, 15 ], "texture": "#bright_gun_texture" }
    }
},
{
    "from": [ 10, 4.6, 7.5 ],
    "to": [ 13, 8.6, 8.5 ],
    "faces": {
        "down":  { "uv": [ 0, 8, 2.6, 10 ], "texture": "#light_gun_texture" },
        "up":    { "uv": [ 4, 8, 6.5999999046325684, 10 ], "texture": "#light_gun_texture" },
        "north": { "uv": [ 5, 6, 7.5999999046325684, 9 ], "texture": "#light_gun_texture" },
        "south": { "uv": [ 4, 8, 6.5999999046325684, 11 ], "texture": "#light_gun_texture" },
        "west":  { "uv": [ 0, 8, 2, 11 ], "texture": "#light_gun_texture" },
        "east":  { "uv": [ 0, 9, 2, 12 ], "texture": "#light_gun_texture" }
    }
},
{
    "from": [ 13.75, 5.875, 7.75 ],
    "to": [ 13.95, 7.875, 8.35 ],
    "rotation": { "origin": [ 13.75, 7.875, 7.75 ], "axis": "z", "angle": 22.5 },
    "faces": {
        "down":  { "uv": [ 0, 0, 0.2, 0.6 ], "texture": "#bright_gun_texture" },
        "up":    { "uv": [ 0, 0, 0.19999998807907104, 0.59999996423721313 ], "texture": "#bright_gun_texture" },
        "north": { "uv": [ 0, 0, 0.19999998807907104, 2 ], "texture": "#bright_gun_texture" },
        "south": { "uv": [ 0, 0, 0.19999998807907104, 2 ], "texture": "#bright_gun_texture" },
        "west":  { "uv": [ 0, 0, 0.59999996423721313, 2 ], "texture": "#bright_gun_texture" },
        "east":  { "uv": [ 0, 0, 0.59999996423721313, 2 ], "texture": "#bright_gun_texture" }
    }
},
{
    "from": [ 14.5, 6, 7.7 ],
    "to": [ 16.4, 6.2, 8.3 ],
    "faces": {
        "down":  { "uv": [ 0, 0, 1.9, 0.6 ], "texture": "#bright_gun_texture" },
        "up":    { "uv": [ 0, 0, 1.9000000953674316, 0.59999996423721313 ], "texture": "#bright_gun_texture" },
        "north": { "uv": [ 0, 0, 1.9000000953674316, 0.19999997317790985 ], "texture": "#bright_gun_texture" },
        "south": { "uv": [ 0, 0, 1.9000000953674316, 0.19999997317790985 ], "texture": "#bright_gun_texture" },
        "west":  { "uv": [ 0, 0, 0.59999996423721313, 0.19999997317790985 ], "texture": "#bright_gun_texture" },
        "east":  { "uv": [ 0, 0, 0.59999996423721313, 0.19999997317790985 ], "texture": "#bright_gun_texture" }
    }
},
{
    "from": [ 17, 7.8, 7.4 ],
    "to": [ 21.6, 8.5, 8.6 ],
    "faces": {
        "down":  { "uv": [ 6, 5, 12, 7 ], "texture": "#dark_wood" },
        "up":    { "uv": [ 5, 8, 11, 10 ], "texture": "#dark_wood" },
        "north": { "uv": [ 6, 7, 12, 9 ], "texture": "#dark_wood" },
        "south": { "uv": [ 2, 3, 8, 5 ], "texture": "#dark_wood" },
        "west":  { "uv": [ 2, 6, 4, 8 ], "texture": "#dark_wood" },
        "east":  { "uv": [ 4, 5, 6, 7 ], "texture": "#dark_wood" }
    }
},
{
    "from": [ 21.6, 5, 7.3 ],
    "to": [ 24, 8.5, 8.7 ],
    "faces": {
        "down":  { "uv": [ 4, 11, 6, 13 ], "texture": "#dark_wood" },
        "up":    { "uv": [ 6, 2, 8, 4 ], "texture": "#dark_wood" },
        "north": { "uv": [ 7, 3, 9, 6 ], "texture": "#dark_wood" },
        "south": { "uv": [ 3, 7, 5, 10 ], "texture": "#dark_wood" },
        "west":  { "uv": [ 7, 8, 9, 11 ], "texture": "#dark_wood" },
        "east":  { "uv": [ 9, 11, 11, 14 ], "texture": "#dark_wood" }
    }
},
{
    "from": [ 15.75, 4, 7.5 ],
    "to": [ 17.45, 7, 8.5 ],
    "rotation": { "origin": [ 15.75, 7, 7.5 ], "axis": "z", "angle": 22.5 },
    "faces": {
        "down":  { "uv": [ 5, 5, 9.5, 7 ], "texture": "#dark_wood" },
        "up":    { "uv": [ 4, 6, 8.5, 8 ], "texture": "#dark_wood" },
        "north": { "uv": [ 7, 8, 11.5, 10.300000190734863 ], "texture": "#dark_wood" },
        "south": { "uv": [ 6, 10, 10.5, 12.300000190734863 ], "texture": "#dark_wood" },
        "west":  { "uv": [ 7, 5, 9, 7.3000001907348633 ], "texture": "#dark_wood" },
        "east":  { "uv": [ 14, 13, 16, 15.300000190734863 ], "texture": "#dark_wood" }
    }
},
{
    "from": [ 18, 5.1, 7.4 ],
    "to": [ 21.6, 5.7, 8.6 ],
    "faces": {
        "down":  { "uv": [ 6, 5, 12, 7 ], "texture": "#dark_wood" },
        "up":    { "uv": [ 5, 8, 11, 10 ], "texture": "#dark_wood" },
        "north": { "uv": [ 6, 7, 12, 9 ], "texture": "#dark_wood" },
        "south": { "uv": [ 2, 3, 8, 5 ], "texture": "#dark_wood" },
        "west":  { "uv": [ 2, 6, 4, 8 ], "texture": "#dark_wood" },
        "east":  { "uv": [ 4, 5, 6, 7 ], "texture": "#dark_wood" }
    }
},
{
    "from": [ 9, 9.2, 7.4 ],
    "to": [ 17, 9.5, 8.6 ],
    "faces": {
        "down":  { "uv": [ 2, 0, 3, 2 ], "texture": "#bright_gun_texture" },
        "up":    { "uv": [ 1, 4, 2, 6 ], "texture": "#bright_gun_texture" },
        "north": { "uv": [ 5, 5, 7, 5.8000001907348633 ], "texture": "#bright_gun_texture" },
        "south": { "uv": [ 1, 5, 2, 5.8000001907348633 ], "texture": "#bright_gun_texture" },
        "west":  { "uv": [ 0, 10, 2, 10.800000190734863 ], "texture": "#bright_gun_texture" },
        "east":  { "uv": [ 1, 4, 3, 4.8000001907348633 ], "texture": "#bright_gun_texture" }
    }
},
{
    "from": [ 13.9, 8.5, 9.1 ],
    "to": [ 14.3, 10.1, 9.3 ],
    "faces": {
        "down":  { "uv": [ 10, 11, 10.6, 11.2 ], "texture": "#bright_gun_texture" },
        "up":    { "uv": [ 2, 2, 2.5999999046325684, 2.2000000476837158 ], "texture": "#bright_gun_texture" },
        "north": { "uv": [ 8, 1, 8.6000003814697266, 4 ], "texture": "#bright_gun_texture" },
        "south": { "uv": [ 4, 4, 4.5999999046325684, 7 ], "texture": "#bright_gun_texture" },
        "west":  { "uv": [ 3, 10, 3.2000000476837158, 12 ], "texture": "#bright_gun_texture" },
        "east":  { "uv": [ 6, 4, 6.1999998092651367, 7 ], "texture": "#bright_gun_texture" }
    }
},
{
    "from": [ 13.4, 9.5, 7.4 ],
    "to": [ 14, 10.1, 9.3 ],
    "faces": {
        "down":  { "uv": [ 13, 11, 13.6, 11.2 ], "texture": "#bright_gun_texture" },
        "up":    { "uv": [ 1, 0, 1.5999999046325684, 0.19999998807907104 ], "texture": "#bright_gun_texture" },
        "north": { "uv": [ 0, 5, 0.59999996423721313, 6 ], "texture": "#bright_gun_texture" },
        "south": { "uv": [ 3, 10, 3.5999999046325684, 11 ], "texture": "#bright_gun_texture" },
        "west":  { "uv": [ 8, 0, 8.1999998092651367, 1 ], "texture": "#bright_gun_texture" },
        "east":  { "uv": [ 3, 14, 3.2000000476837158, 15 ], "texture": "#bright_gun_texture" }
    }
},
{
    "from": [ 7.4, 9.7, 7.1 ],
    "to": [ 11.4, 11.5, 8.9 ],
    "faces": {
        "down":  { "uv": [ 7, 5, 15, 7.6 ], "texture": "#bright_gun_texture" },
        "up":    { "uv": [ 2, 10, 10, 12.600000381469727 ], "texture": "#bright_gun_texture" },
        "north": { "uv": [ 8, 4, 16, 7.5 ], "texture": "#bright_gun_texture" },
        "south": { "uv": [ 7, 4, 15, 7.5 ], "texture": "#bright_gun_texture" },
        "west":  { "uv": [ 6, 3, 8.6000003814697266, 6.5 ], "texture": "#normal_gun_texture" },
        "east":  { "uv": [ 4, 5, 6.5999999046325684, 8.5 ], "texture": "#bright_gun_texture" }
    }
},
{
    "from": [ 15.8, 9.8, 7.2 ],
    "to": [ 19.1, 11.4, 8.8 ],
    "faces": {
        "down":  { "uv": [ 7, 5, 15, 7.6 ], "texture": "#bright_gun_texture" },
        "up":    { "uv": [ 2, 10, 10, 12.600000381469727 ], "texture": "#bright_gun_texture" },
        "north": { "uv": [ 8, 4, 16, 7.5 ], "texture": "#bright_gun_texture" },
        "south": { "uv": [ 7, 4, 15, 7.5 ], "texture": "#bright_gun_texture" },
        "west":  { "uv": [ 6, 3, 8.6000003814697266, 6.5 ], "texture": "#bright_gun_texture" },
        "east":  { "uv": [ 4, 5, 6.5999999046325684, 8.5 ], "texture": "#normal_gun_texture" }
    }
},
{
    "from": [ 13, 10.2, 7.6 ],
    "to": [ 16.3, 11, 8.4 ],
    "faces": {
        "down":  { "uv": [ 7, 5, 15, 7.6 ], "texture": "#bright_gun_texture" },
        "up":    { "uv": [ 2, 10, 10, 12.600000381469727 ], "texture": "#bright_gun_texture" },
        "north": { "uv": [ 8, 4, 16, 7.5 ], "texture": "#bright_gun_texture" },
        "south": { "uv": [ 7, 4, 15, 7.5 ], "texture": "#bright_gun_texture" },
        "west":  { "uv": [ 6, 3, 8.6000003814697266, 6.5 ], "texture": "#bright_gun_texture" },
        "east":  { "uv": [ 4, 5, 6.5999999046325684, 8.5 ], "texture": "#bright_gun_texture" }
    }
},
{
    "from": [ 19.1, 8.2, 6.7 ],
    "to": [ 21.8, 9.2, 9.3 ],
    "faces": {
        "down":  { "uv": [ 7, 5, 9, 7.6 ], "texture": "#bright_gun_texture" },
        "up":    { "uv": [ 2, 10, 5, 12.600000381469727 ], "texture": "#bright_gun_texture" },
        "north": { "uv": [ 8, 10, 10, 13.5 ], "texture": "#bright_gun_texture" },
        "south": { "uv": [ 7, 4, 9, 7.5 ], "texture": "#bright_gun_texture" },
        "west":  { "uv": [ 6, 3, 8.6000003814697266, 6.5 ], "texture": "#bright_gun_texture" },
        "east":  { "uv": [ 4, 5, 6.5999999046325684, 8.5 ], "texture": "#bright_gun_texture" }
    }
},
{
    "from": [ -13.3, 7.3, 7.5 ],
    "to": [ -10.9, 8.3, 8.5 ],
    "faces": {
        "down":  { "uv": [ 4, 14, 6, 15.4 ], "texture": "#bright_gun_texture" },
        "up":    { "uv": [ 12, 7, 14, 8.3999996185302734 ], "texture": "#bright_gun_texture" },
        "north": { "uv": [ 4, 5, 6, 6.4000000953674316 ], "texture": "#bright_gun_texture" },
        "south": { "uv": [ 8, 11, 10, 12.399999618530273 ], "texture": "#bright_gun_texture" },
        "west":  { "uv": [ 9, 6, 10.399999618530273, 7.4000000953674316 ], "texture": "#normal_gun_texture" },
        "east":  { "uv": [ 3, 3, 4.4000000953674316, 4.4000000953674316 ], "texture": "#bright_gun_texture" }
    }
},
{
    "from": [ -2, 8.4, 7.6 ],
    "to": [ 1, 9.2, 8.4 ],
    "faces": {
        "down":  { "uv": [ 4, 14, 6, 15.4 ], "texture": "#bright_gun_texture" },
        "up":    { "uv": [ 12, 7, 14, 8.3999996185302734 ], "texture": "#bright_gun_texture" },
        "north": { "uv": [ 4, 5, 6, 6.4000000953674316 ], "texture": "#bright_gun_texture" },
        "south": { "uv": [ 8, 11, 10, 12.399999618530273 ], "texture": "#bright_gun_texture" },
        "west":  { "uv": [ 9, 6, 10.399999618530273, 7.4000000953674316 ], "texture": "#normal_gun_texture" },
        "east":  { "uv": [ 3, 3, 4.4000000953674316, 4.4000000953674316 ], "texture": "#bright_gun_texture" }
    }
},
{
    "from": [ -2, 7.9875, 7.625 ],
    "to": [ -1.2, 9.1875, 8.425 ],
    "rotation": { "origin": [ -2, 9.1875, 7.625 ], "axis": "z", "angle": -22.5 },
    "faces": {
        "down":  { "uv": [ 4, 14, 6, 15.4 ], "texture": "#bright_gun_texture" },
        "up":    { "uv": [ 12, 7, 14, 8.3999996185302734 ], "texture": "#bright_gun_texture" },
        "north": { "uv": [ 4, 5, 6, 6.4000000953674316 ], "texture": "#bright_gun_texture" },
        "south": { "uv": [ 8, 11, 10, 12.399999618530273 ], "texture": "#bright_gun_texture" },
        "west":  { "uv": [ 9, 6, 10.399999618530273, 7.4000000953674316 ], "texture": "#normal_gun_texture" },
        "east":  { "uv": [ 3, 3, 4.4000000953674316, 4.4000000953674316 ], "texture": "#bright_gun_texture" }
    }
},
{
    "from": [ 12.6, 7.7, 9.1 ],
    "to": [ 14.2, 8.6, 9.3 ],
    "faces": {
        "down":  { "uv": [ 10, 11, 10.6, 11.2 ], "texture": "#bright_gun_texture" },
        "up":    { "uv": [ 2, 2, 2.5999999046325684, 2.2000000476837158 ], "texture": "#bright_gun_texture" },
        "north": { "uv": [ 7, 4, 10.600000381469727, 6 ], "texture": "#bright_gun_texture" },
        "south": { "uv": [ 1, 4, 3.5999999046325684, 5 ], "texture": "#bright_gun_texture" },
        "west":  { "uv": [ 4, 8, 7.1999998092651367, 9 ], "texture": "#bright_gun_texture" },
        "east":  { "uv": [ 6, 7, 9.1999998092651367, 8 ], "texture": "#bright_gun_texture" }
    }
},
{
    "from": [ 11, 9.9, 7.3 ],
    "to": [ 14.8, 11.3, 8.7 ],
    "faces": {
        "down":  { "uv": [ 7, 5, 15, 7.6 ], "texture": "#bright_gun_texture" },
        "up":    { "uv": [ 2, 10, 10, 12.600000381469727 ], "texture": "#bright_gun_texture" },
        "north": { "uv": [ 8, 4, 16, 7.5 ], "texture": "#bright_gun_texture" },
        "south": { "uv": [ 7, 4, 15, 7.5 ], "texture": "#bright_gun_texture" },
        "west":  { "uv": [ 6, 3, 8.6000003814697266, 6.5 ], "texture": "#bright_gun_texture" },
        "east":  { "uv": [ 4, 5, 6.5999999046325684, 8.5 ], "texture": "#bright_gun_texture" }
    }
},
{
    "from": [ -10.4, 8.2, 7.7 ],
    "to": [ -9.6, 10, 8.3 ],
    "faces": {
        "down":  { "uv": [ 4, 14, 6, 15.4 ], "texture": "#bright_gun_texture" },
        "up":    { "uv": [ 12, 7, 14, 8.3999996185302734 ], "texture": "#bright_gun_texture" },
        "north": { "uv": [ 10, 5, 11, 7.4000000953674316 ], "texture": "#bright_gun_texture" },
        "south": { "uv": [ 8, 8, 9, 10.399999618530273 ], "texture": "#bright_gun_texture" },
        "west":  { "uv": [ 9, 6, 10.399999618530273, 7.4000000953674316 ], "texture": "#normal_gun_texture" },
        "east":  { "uv": [ 3, 3, 4.4000000953674316, 4.4000000953674316 ], "texture": "#bright_gun_texture" }
    }
},
{
    "from": [ 9.75, 8.625, 6.5 ],
    "to": [ 10, 8.875, 7.5 ],
    "faces": {
        "down":  { "uv": [ 6.25, 7.5, 6, 6.5 ], "texture": "#bright_gun_texture" },
        "up":    { "uv": [ 9.75, 6.5, 10, 7.5 ], "texture": "#bright_gun_texture" },
        "north": { "uv": [ 6, 7.125, 6.25, 7.375 ], "texture": "#bright_gun_texture" },
        "south": { "uv": [ 9.75, 7.125, 10, 7.375 ], "texture": "#bright_gun_texture" },
        "west":  { "uv": [ 6.5, 7.125, 7.5, 7.375 ], "texture": "#bright_gun_texture" },
        "east":  { "uv": [ 8.5, 7.125, 9.5, 7.375 ], "texture": "#bright_gun_texture" }
    }
}
],
"display": {
    "thirdperson_righthand": {
        "rotation": [ -180, -90, 130 ],
        "translation": [ 0, 4, 0 ],
        "scale": [ 0.8, 0.8, 0.65 ]
    },
    "thirdperson_lefthand": {
        "rotation": [ 0, 90, 180 ],
        "translation": [ 0, 1, 12 ],
        "scale": [ 0.8, 0.8, 0.65 ]
    },
    "head": {
        "rotation": [ 0, -90, 0 ],
        "translation": [ 0, 12, 0 ],
        "scale": [ 0.6, 0.6, 0.5 ]
    },
    "ground": {
        "rotation": [ 90, 0, 0 ],
        "translation": [ 0, 0, 0 ],
        "scale": [ 0.7, 0.7, 0.6 ]
    },
    "fixed": {
        "rotation": [ 0, 0, 0 ],
        "translation": [ 0, 0, -1 ],
        "scale": [ 1, 1, 0.85 ]
    },
    "firstperson_righthand": {
        "rotation": [ 0, -90, 0 ],
        "translation": [ 0, 3, -8 ],
        "scale": [ 1.1, 1.1, 0.9 ]
    },
    "firstperson_lefthand": {
        "rotation": [ 0, 90, 90 ],
        "translation": [ 5, 7, -5 ],
        "scale": [ 1.1, 1.1, 0.9 ]
    },
    "gui": {
        "rotation": [ -20, 40, 0 ],
        "translation": [ 0, 0, 0 ],
        "scale": [ 0.6, 0.6, 0.5 ]
    }
}
}