{
  "__comment": "© Le0, Mineland.eu 2019 | www.mineland.eu",
  "textures": {
    "playermodel": "skins/alex"
  },
  "elements": [
		{
			"name": "alex_right_leg",
			"from": [4, -0.5, 6],
			"to": [8, 11.5, 10],
			"color": 5,
			"faces": {
				"north": {"uv": [3.01, 5.01, 3.99, 7.99], "texture": "#playermodel"},
				"east": {"uv": [2.01, 5.01, 2.99, 7.99], "texture": "#playermodel"},
				"south": {"uv": [1.01, 5.01, 1.99, 7.99], "texture": "#playermodel"},
				"west": {"uv": [0.01, 5.01, 0.99, 7.99], "texture": "#playermodel"},
				"up": {"uv": [1.01, 4.01, 1.99, 4.99], "texture": "#playermodel"},
				"down": {"uv": [2.01, 4.99, 2.99, 4.01], "texture": "#playermodel"}
			}
		},
		{
			"name": "alex_left_leg",
			"from": [8, -0.5, 6],
			"to": [12, 11.5, 10],
			"color": 3,
			"faces": {
				"north": {"uv": [8.01, 13.01, 6.99, 15.99], "texture": "#playermodel"},
				"east": {"uv": [6.01, 13.01, 6.99, 15.99], "texture": "#playermodel"},
				"south": {"uv": [5.01, 13.01, 5.99, 15.99], "texture": "#playermodel"},
				"west": {"uv": [4.01, 13.01, 4.99, 15.99], "texture": "#playermodel"},
				"up": {"uv": [5.01, 12.01, 5.99, 12.99], "texture": "#playermodel"},
				"down": {"uv": [6.01, 12.99, 6.99, 12.01], "texture": "#playermodel"}
			}
		},
		{
			"name": "alex_body",
			"from": [4, 11.5, 6],
			"to": [12, 23.5, 10],
			"color": 6,
			"faces": {
				"north": {"uv": [8, 5, 9.98, 7.98], "texture": "#playermodel"},
				"east": {"uv": [7.01, 5.01, 7.99, 7.99], "texture": "#playermodel"},
				"south": {"uv": [5.01, 5.01, 6.99, 7.99], "texture": "#playermodel"},
				"west": {"uv": [4.01, 5.01, 4.99, 7.99], "texture": "#playermodel"},
				"up": {"uv": [5.25, 4, 6.98, 4.98], "texture": "#playermodel"},
				"down": {"uv": [7.01, 4.99, 8.99, 4.01], "texture": "#playermodel"}
			}
		},
		{
			"name": "alex_head",
			"from": [4, 23.5, 4],
			"to": [12, 31.5, 12],
			"color": 5,
			"faces": {
				"north": {"uv": [6.00938, 2.00938, 7.98906, 3.98906], "texture": "#playermodel"},
				"east": {"uv": [4.01, 2.01, 5.99, 3.99], "texture": "#playermodel"},
				"south": {"uv": [2.01, 2.01, 3.99, 3.99], "texture": "#playermodel"},
				"west": {"uv": [0.01, 2.01, 1.99, 3.99], "texture": "#playermodel"},
				"up": {"uv": [2.01, 0.01, 3.99, 1.99], "texture": "#playermodel"},
				"down": {"uv": [4.01, 1.99, 5.99, 0.01], "texture": "#playermodel"}
			}
		},
		{
			"name": "alex_right_arm",
			"from": [1, 11.5, 6],
			"to": [4, 23.5, 10],
			"color": 7,
			"faces": {
				"north": {"uv": [12.5, 5, 13.48, 7.98], "texture": "#playermodel"},
				"east": {"uv": [11.75, 5, 12.73, 7.98], "texture": "#playermodel"},
				"south": {"uv": [11.01, 5.01, 11.74, 7.99], "texture": "#playermodel"},
				"west": {"uv": [10.01, 5.01, 10.99, 7.99], "texture": "#playermodel"},
				"up": {"uv": [11.01, 4.01, 11.74, 4.99], "texture": "#playermodel"},
				"down": {"uv": [11.76, 4.99, 12.49, 4.01], "texture": "#playermodel"}
			}
		},
		{
			"name": "alex_left_arm",
			"from": [12, 11.5, 6],
			"to": [15, 23.5, 10],
			"color": 0,
			"faces": {
				"north": {"uv": [10.75, 13, 11.48, 15.98], "texture": "#playermodel"},
				"east": {"uv": [9.75, 13, 10.73, 15.98], "texture": "#playermodel"},
				"south": {"uv": [9.01, 13.01, 9.74, 15.99], "texture": "#playermodel"},
				"west": {"uv": [8.01, 13.01, 8.99, 15.99], "texture": "#playermodel"},
				"up": {"uv": [9.01, 12.01, 9.74, 12.99], "texture": "#playermodel"},
				"down": {"uv": [9.76, 12.99, 10.49, 12.01], "texture": "#playermodel"}
			}
		},
		{
			"name": "alex_head_2nd_layer",
			"from": [3.5, 23, 3.5],
			"to": [12.5, 32, 12.5],
			"color": 4,
			"faces": {
				"north": {"uv": [14.01, 2.01, 15.99, 3.99], "texture": "#playermodel"},
				"east": {"uv": [12.01, 2.01, 13.99, 3.99], "texture": "#playermodel"},
				"south": {"uv": [10.01, 2.01, 11.99, 3.99], "texture": "#playermodel"},
				"west": {"uv": [8.01, 2.01, 9.99, 3.99], "texture": "#playermodel"},
				"up": {"uv": [10.01, 0.01, 11.99, 1.99], "texture": "#playermodel"},
				"down": {"uv": [12.01, 1.99, 13.99, 0.01], "texture": "#playermodel"}
			}
		},
		{
			"name": "alex_body_2nd_layer",
			"from": [4, 11.02, 5.51],
			"to": [12, 24.03, 10.51],
			"color": 2,
			"faces": {
				"north": {"uv": [8.01, 9.01, 9.99, 11.99], "texture": "#playermodel"},
				"east": {"uv": [7.01, 9.01, 7.99, 11.99], "texture": "#playermodel"},
				"south": {"uv": [5.01, 9.01, 6.99, 11.99], "texture": "#playermodel"},
				"west": {"uv": [4.01, 9.01, 4.99, 11.99], "texture": "#playermodel"},
				"up": {"uv": [5.01, 8.01, 6.99, 8.99], "texture": "#playermodel"},
				"down": {"uv": [7.01, 8.99, 8.99, 8.01], "texture": "#playermodel"}
			}
		},
		{
			"name": "alex_right_arm_2nd_layer",
			"from": [0.5, 11, 5.5],
			"to": [4.49, 24, 10.5],
			"color": 3,
			"faces": {
				"north": {"uv": [12.75, 9, 13.48, 11.98], "texture": "#playermodel"},
				"east": {"uv": [11.75, 9, 12.73, 11.98], "texture": "#playermodel"},
				"south": {"uv": [11.01, 9.01, 11.74, 11.99], "texture": "#playermodel"},
				"west": {"uv": [10, 9, 10.98, 11.98], "texture": "#playermodel"},
				"up": {"uv": [11.01, 8.01, 11.74, 8.99], "texture": "#playermodel"},
				"down": {"uv": [11.75, 8.98, 12.48, 8], "texture": "#playermodel"}
			}
		},
		{
			"name": "alex_left_arm_2nd_layer",
			"from": [11.5, 11, 5.5],
			"to": [15.5, 24, 10.5],
			"color": 0,
			"faces": {
				"north": {"uv": [14.75, 13, 15.48, 15.98], "texture": "#playermodel"},
				"east": {"uv": [13.75, 13, 14.73, 15.98], "texture": "#playermodel"},
				"south": {"uv": [13.01, 13.01, 13.74, 15.99], "texture": "#playermodel"},
				"west": {"uv": [12.01, 13.01, 12.98969, 15.98969], "texture": "#playermodel"},
				"up": {"uv": [13.01, 12.01, 13.74, 12.99], "texture": "#playermodel"},
				"down": {"uv": [13.76, 12.99, 14.49, 12.01], "texture": "#playermodel"}
			}
		},
		{
			"name": "alex_right_leg_2nd_layer",
			"from": [3.5, -1, 5.5],
			"to": [8.5, 12, 10.5],
			"color": 4,
			"faces": {
				"north": {"uv": [3.01, 9.01, 3.99, 11.99], "texture": "#playermodel"},
				"east": {"uv": [2.01, 9.01, 2.99, 11.99], "texture": "#playermodel"},
				"south": {"uv": [1.01, 9.01, 1.99, 11.99], "texture": "#playermodel"},
				"west": {"uv": [0.01, 9.01, 0.99, 11.99], "texture": "#playermodel"},
				"up": {"uv": [1.01, 7.99, 1.99, 9.01], "texture": "#playermodel"},
				"down": {"uv": [2.01, 9.01, 2.99, 7.99], "texture": "#playermodel"}
			}
		},
		{
			"name": "alex_left_leg_2nd_layer",
			"from": [7.5, -1, 5.5],
			"to": [12.5, 12, 10.5],
			"color": 2,
			"faces": {
				"north": {"uv": [3.01, 13.01, 3.99, 15.99], "texture": "#playermodel"},
				"east": {"uv": [2.01, 13.01, 2.99, 15.99], "texture": "#playermodel"},
				"south": {"uv": [1.01, 13.01, 1.99, 15.99], "texture": "#playermodel"},
				"west": {"uv": [0.01, 13.01, 0.99, 15.99], "texture": "#playermodel"},
				"up": {"uv": [1.01, 11.99, 1.99, 13.01], "texture": "#playermodel"},
				"down": {"uv": [2.01, 13.01, 2.99, 11.99], "texture": "#playermodel"}
			}
		}
	],
"display": {
    "thirdperson_righthand": {
        "rotation": [ 0, -45, 0 ],
        "translation": [ 0, 0, 0 ],
        "scale": [ 0.3, 0.3, 0.3 ]
    },
    "thirdperson_lefthand": {
        "rotation": [ 0, -45, 0 ],
        "translation": [ 0, 0, 0 ],
        "scale": [ 0.3, 0.3, 0.3 ]
    },
    "head": {
        "rotation": [ 0, 180, 0 ],
        "translation": [ 0, -30, 0 ],
        "scale": [ 1.5, 1.5, 1.5 ]
    },
    "ground": {
        "rotation": [ 0, 0, 0 ],
        "translation": [ 1, 0, 0 ],
        "scale": [ 0.3, 0.3, 0.3 ]
    },
    "fixed": {
        "rotation": [ 0, 180, 0 ],
        "translation": [ 0, -3.5, -1 ],
        "scale": [ 0.5, 0.5, 0.5 ]
    },
    "firstperson_righthand": {
        "rotation": [ 0, -45, 0 ],
        "translation": [ 0, 0, 0 ],
        "scale": [ 0.3, 0.3, 0.3 ]
    },
    "firstperson_lefthand": {
        "rotation": [ 0, -45, 0 ],
        "translation": [ 0, 0, 0 ],
        "scale": [ 0.3, 0.3, 0.3 ]
    },
    "gui": {
        "rotation": [ 22.5, 45, 0 ],
        "translation": [ 0, -3, 0 ],
        "scale": [ 0.4, 0.4, 0.4 ]
    }
  }
}