{
  "__comment": "© Le0, Mineland.eu 2019 | www.mineland.eu",
  "textures": {
    "particle": "guns/rucni/yellow2",
    "gray5": "guns/rucni/gray5"
  },
  "elements": [
    {
      "from": [
        7,
        18.5,
        7.75
      ],
      "to": [
        9.25,
        20,
        8.5
      ],
      "faces": {
        "down": {
          "uv": [
            7,
            7.5,
            9.25,
            8.25
          ],
          "texture": "#gray5"
        },
        "up": {
          "uv": [
            7,
            7.75,
            9.25,
            8.5
          ],
          "texture": "#gray5"
        },
        "north": {
          "uv": [
            6.75,
            12,
            9,
            13.5
          ],
          "texture": "#gray5"
        },
        "south": {
          "uv": [
            7,
            12,
            9.25,
            13.5
          ],
          "texture": "#gray5"
        },
        "west": {
          "uv": [
            7.75,
            12,
            8.5,
            13.5
          ],
          "texture": "#gray5"
        },
        "east": {
          "uv": [
            7.5,
            12,
            8.25,
            13.5
          ],
          "texture": "#gray5"
        }
      }
    },
    {
      "from": [
        7,
        18.75,
        7.5
      ],
      "to": [
        9.25,
        19.75,
        7.75
      ],
      "faces": {
        "down": {
          "uv": [
            7,
            8.25,
            9.25,
            8.5
          ],
          "texture": "#gray5"
        },
        "up": {
          "uv": [
            7,
            7.5,
            9.25,
            7.75
          ],
          "texture": "#gray5"
        },
        "north": {
          "uv": [
            6.75,
            12.25,
            9,
            13.25
          ],
          "texture": "#gray5"
        },
        "west": {
          "uv": [
            7.5,
            12.25,
            7.75,
            13.25
          ],
          "texture": "#gray5"
        },
        "east": {
          "uv": [
            8.25,
            12.25,
            8.5,
            13.25
          ],
          "texture": "#gray5"
        }
      }
    },
    {
      "from": [
        7,
        18.75,
        8.5
      ],
      "to": [
        9.25,
        19.75,
        8.75
      ],
      "faces": {
        "down": {
          "uv": [
            7,
            7.25,
            9.25,
            7.5
          ],
          "texture": "#gray5"
        },
        "up": {
          "uv": [
            7,
            8.5,
            9.25,
            8.75
          ],
          "texture": "#gray5"
        },
        "south": {
          "uv": [
            7,
            12.25,
            9.25,
            13.25
          ],
          "texture": "#gray5"
        },
        "west": {
          "uv": [
            8.5,
            12.25,
            8.75,
            13.25
          ],
          "texture": "#gray5"
        },
        "east": {
          "uv": [
            7.25,
            12.25,
            7.5,
            13.25
          ],
          "texture": "#gray5"
        }
      }
    },
    {
      "from": [
        7,
        19,
        7.25
      ],
      "to": [
        9.25,
        19.5,
        7.5
      ],
      "faces": {
        "down": {
          "uv": [
            7,
            8.5,
            9.25,
            8.75
          ],
          "texture": "#gray5"
        },
        "up": {
          "uv": [
            7,
            7.25,
            9.25,
            7.5
          ],
          "texture": "#gray5"
        },
        "north": {
          "uv": [
            6.75,
            12.5,
            9,
            13
          ],
          "texture": "#gray5"
        },
        "west": {
          "uv": [
            7.25,
            12.5,
            7.5,
            13
          ],
          "texture": "#gray5"
        },
        "east": {
          "uv": [
            8.5,
            12.5,
            8.75,
            13
          ],
          "texture": "#gray5"
        }
      }
    },
    {
      "from": [
        7,
        19,
        8.75
      ],
      "to": [
        9.25,
        19.5,
        9
      ],
      "faces": {
        "down": {
          "uv": [
            7,
            7,
            9.25,
            7.25
          ],
          "texture": "#gray5"
        },
        "up": {
          "uv": [
            7,
            8.75,
            9.25,
            9
          ],
          "texture": "#gray5"
        },
        "south": {
          "uv": [
            7,
            12.5,
            9.25,
            13
          ],
          "texture": "#gray5"
        },
        "west": {
          "uv": [
            8.75,
            12.5,
            9,
            13
          ],
          "texture": "#gray5"
        },
        "east": {
          "uv": [
            7,
            12.5,
            7.25,
            13
          ],
          "texture": "#gray5"
        }
      }
    },
    {
      "from": [
        7.25,
        -2,
        7.5
      ],
      "to": [
        9,
        -1.25,
        8.75
      ],
      "faces": {
        "down": {
          "uv": [
            7.25,
            7.25,
            9,
            8.5
          ],
          "texture": "#particle"
        },
        "up": {
          "uv": [
            7.25,
            7.5,
            9,
            8.75
          ],
          "texture": "#particle"
        },
        "north": {
          "uv": [
            7,
            1.25,
            8.75,
            2
          ],
          "texture": "#particle"
        },
        "south": {
          "uv": [
            7.25,
            1.25,
            9,
            2
          ],
          "texture": "#particle"
        },
        "west": {
          "uv": [
            7.5,
            1.25,
            8.75,
            2
          ],
          "texture": "#particle"
        },
        "east": {
          "uv": [
            7.25,
            1.25,
            8.5,
            2
          ],
          "texture": "#particle"
        }
      }
    },
    {
      "from": [
        7.25,
        -1.25,
        7.75
      ],
      "to": [
        9,
        -0.5,
        8.5
      ],
      "faces": {
        "up": {
          "uv": [
            7.25,
            7.75,
            9,
            8.5
          ],
          "texture": "#particle"
        },
        "north": {
          "uv": [
            7,
            0.5,
            8.75,
            1.25
          ],
          "texture": "#particle"
        },
        "south": {
          "uv": [
            7.25,
            0.5,
            9,
            1.25
          ],
          "texture": "#particle"
        },
        "west": {
          "uv": [
            7.75,
            0.5,
            8.5,
            1.25
          ],
          "texture": "#particle"
        },
        "east": {
          "uv": [
            7.5,
            0.5,
            8.25,
            1.25
          ],
          "texture": "#particle"
        }
      }
    },
    {
      "from": [
        7.25,
        18.5,
        7.25
      ],
      "to": [
        9,
        19,
        7.5
      ],
      "faces": {
        "down": {
          "uv": [
            7.25,
            8.5,
            9,
            8.75
          ],
          "texture": "#gray5"
        },
        "north": {
          "uv": [
            7,
            13,
            8.75,
            13.5
          ],
          "texture": "#gray5"
        },
        "south": {
          "uv": [
            7.25,
            13,
            9,
            13.5
          ],
          "texture": "#gray5"
        },
        "west": {
          "uv": [
            7.25,
            13,
            7.5,
            13.5
          ],
          "texture": "#gray5"
        },
        "east": {
          "uv": [
            8.5,
            13,
            8.75,
            13.5
          ],
          "texture": "#gray5"
        }
      }
    },
    {
      "from": [
        7.25,
        18.5,
        7.5
      ],
      "to": [
        9,
        18.75,
        7.75
      ],
      "faces": {
        "down": {
          "uv": [
            7.25,
            8.25,
            9,
            8.5
          ],
          "texture": "#gray5"
        },
        "west": {
          "uv": [
            7.5,
            13.25,
            7.75,
            13.5
          ],
          "texture": "#gray5"
        },
        "east": {
          "uv": [
            8.25,
            13.25,
            8.5,
            13.5
          ],
          "texture": "#gray5"
        }
      }
    },
    {
      "from": [
        7.25,
        18.5,
        8.5
      ],
      "to": [
        9,
        18.75,
        9.25
      ],
      "faces": {
        "down": {
          "uv": [
            7.25,
            6.75,
            9,
            7.5
          ],
          "texture": "#gray5"
        },
        "up": {
          "uv": [
            7.25,
            8.5,
            9,
            9.25
          ],
          "texture": "#gray5"
        },
        "south": {
          "uv": [
            7.25,
            13.25,
            9,
            13.5
          ],
          "texture": "#gray5"
        },
        "west": {
          "uv": [
            8.5,
            13.25,
            9.25,
            13.5
          ],
          "texture": "#gray5"
        },
        "east": {
          "uv": [
            6.75,
            13.25,
            7.5,
            13.5
          ],
          "texture": "#gray5"
        }
      }
    },
    {
      "from": [
        7.25,
        18.75,
        5.75
      ],
      "to": [
        9,
        20,
        7.25
      ],
      "faces": {
        "down": {
          "uv": [
            7.25,
            8.75,
            9,
            10.25
          ],
          "texture": "#gray5"
        },
        "up": {
          "uv": [
            7.25,
            5.75,
            9,
            7.25
          ],
          "texture": "#gray5"
        },
        "north": {
          "uv": [
            7,
            12,
            8.75,
            13.25
          ],
          "texture": "#gray5"
        },
        "south": {
          "uv": [
            7.25,
            12,
            9,
            13.25
          ],
          "texture": "#gray5"
        },
        "west": {
          "uv": [
            5.75,
            12,
            7.25,
            13.25
          ],
          "texture": "#gray5"
        },
        "east": {
          "uv": [
            8.75,
            12,
            10.25,
            13.25
          ],
          "texture": "#gray5"
        }
      }
    },
    {
      "from": [
        7.25,
        18.75,
        8.75
      ],
      "to": [
        9,
        19,
        10.75
      ],
      "faces": {
        "down": {
          "uv": [
            7.25,
            5.25,
            9,
            7.25
          ],
          "texture": "#gray5"
        },
        "up": {
          "uv": [
            7.25,
            8.75,
            9,
            10.75
          ],
          "texture": "#gray5"
        },
        "south": {
          "uv": [
            7.25,
            13,
            9,
            13.25
          ],
          "texture": "#gray5"
        },
        "west": {
          "uv": [
            8.75,
            13,
            10.75,
            13.25
          ],
          "texture": "#gray5"
        },
        "east": {
          "uv": [
            5.25,
            13,
            7.25,
            13.25
          ],
          "texture": "#gray5"
        }
      }
    },
    {
      "from": [
        7.25,
        19,
        9
      ],
      "to": [
        9,
        20.25,
        9.25
      ],
      "faces": {
        "up": {
          "uv": [
            7.25,
            9,
            9,
            9.25
          ],
          "texture": "#gray5"
        },
        "north": {
          "uv": [
            7,
            11.75,
            8.75,
            13
          ],
          "texture": "#gray5"
        },
        "south": {
          "uv": [
            7.25,
            11.75,
            9,
            13
          ],
          "texture": "#gray5"
        },
        "west": {
          "uv": [
            9,
            11.75,
            9.25,
            13
          ],
          "texture": "#gray5"
        },
        "east": {
          "uv": [
            6.75,
            11.75,
            7,
            13
          ],
          "texture": "#gray5"
        }
      }
    },
    {
      "from": [
        7.25,
        19,
        9.25
      ],
      "to": [
        9,
        20,
        10.75
      ],
      "faces": {
        "up": {
          "uv": [
            7.25,
            9.25,
            9,
            10.75
          ],
          "texture": "#gray5"
        },
        "south": {
          "uv": [
            7.25,
            12,
            9,
            13
          ],
          "texture": "#gray5"
        },
        "west": {
          "uv": [
            9.25,
            12,
            10.75,
            13
          ],
          "texture": "#gray5"
        },
        "east": {
          "uv": [
            5.25,
            12,
            6.75,
            13
          ],
          "texture": "#gray5"
        }
      }
    },
    {
      "from": [
        7.25,
        19.5,
        7.25
      ],
      "to": [
        9,
        20.25,
        7.5
      ],
      "faces": {
        "up": {
          "uv": [
            7.25,
            7.25,
            9,
            7.5
          ],
          "texture": "#gray5"
        },
        "north": {
          "uv": [
            7,
            11.75,
            8.75,
            12.5
          ],
          "texture": "#gray5"
        },
        "south": {
          "uv": [
            7.25,
            11.75,
            9,
            12.5
          ],
          "texture": "#gray5"
        },
        "west": {
          "uv": [
            7.25,
            11.75,
            7.5,
            12.5
          ],
          "texture": "#gray5"
        },
        "east": {
          "uv": [
            8.5,
            11.75,
            8.75,
            12.5
          ],
          "texture": "#gray5"
        }
      }
    },
    {
      "from": [
        7.25,
        19.5,
        8.75
      ],
      "to": [
        9,
        20.25,
        9
      ],
      "faces": {
        "up": {
          "uv": [
            7.25,
            8.75,
            9,
            9
          ],
          "texture": "#gray5"
        },
        "north": {
          "uv": [
            7,
            11.75,
            8.75,
            12.5
          ],
          "texture": "#gray5"
        },
        "west": {
          "uv": [
            8.75,
            11.75,
            9,
            12.5
          ],
          "texture": "#gray5"
        },
        "east": {
          "uv": [
            7,
            11.75,
            7.25,
            12.5
          ],
          "texture": "#gray5"
        }
      }
    },
    {
      "from": [
        7.25,
        19.75,
        7.5
      ],
      "to": [
        9,
        20.25,
        7.75
      ],
      "faces": {
        "up": {
          "uv": [
            7.25,
            7.5,
            9,
            7.75
          ],
          "texture": "#gray5"
        },
        "south": {
          "uv": [
            7.25,
            11.75,
            9,
            12.25
          ],
          "texture": "#gray5"
        },
        "west": {
          "uv": [
            7.5,
            11.75,
            7.75,
            12.25
          ],
          "texture": "#gray5"
        },
        "east": {
          "uv": [
            8.25,
            11.75,
            8.5,
            12.25
          ],
          "texture": "#gray5"
        }
      }
    },
    {
      "from": [
        7.25,
        19.75,
        8.5
      ],
      "to": [
        9,
        20.25,
        8.75
      ],
      "faces": {
        "up": {
          "uv": [
            7.25,
            8.5,
            9,
            8.75
          ],
          "texture": "#gray5"
        },
        "north": {
          "uv": [
            7,
            11.75,
            8.75,
            12.25
          ],
          "texture": "#gray5"
        },
        "west": {
          "uv": [
            8.5,
            11.75,
            8.75,
            12.25
          ],
          "texture": "#gray5"
        },
        "east": {
          "uv": [
            7.25,
            11.75,
            7.5,
            12.25
          ],
          "texture": "#gray5"
        }
      }
    },
    {
      "from": [
        7.25,
        20,
        7.75
      ],
      "to": [
        9,
        20.25,
        8.5
      ],
      "faces": {
        "up": {
          "uv": [
            7.25,
            7.75,
            9,
            8.5
          ],
          "texture": "#gray5"
        },
        "west": {
          "uv": [
            7.75,
            11.75,
            8.5,
            12
          ],
          "texture": "#gray5"
        },
        "east": {
          "uv": [
            7.5,
            11.75,
            8.25,
            12
          ],
          "texture": "#gray5"
        }
      }
    },
    {
      "from": [
        7.5,
        -2,
        7.25
      ],
      "to": [
        8.75,
        -1.25,
        7.5
      ],
      "faces": {
        "down": {
          "uv": [
            7.5,
            8.5,
            8.75,
            8.75
          ],
          "texture": "#particle"
        },
        "up": {
          "uv": [
            7.5,
            7.25,
            8.75,
            7.5
          ],
          "texture": "#particle"
        },
        "north": {
          "uv": [
            7.25,
            1.25,
            8.5,
            2
          ],
          "texture": "#particle"
        },
        "west": {
          "uv": [
            7.25,
            1.25,
            7.5,
            2
          ],
          "texture": "#particle"
        },
        "east": {
          "uv": [
            8.5,
            1.25,
            8.75,
            2
          ],
          "texture": "#particle"
        }
      }
    },
    {
      "from": [
        7.5,
        -2,
        8.75
      ],
      "to": [
        8.75,
        -1.25,
        9
      ],
      "faces": {
        "down": {
          "uv": [
            7.5,
            7,
            8.75,
            7.25
          ],
          "texture": "#particle"
        },
        "up": {
          "uv": [
            7.5,
            8.75,
            8.75,
            9
          ],
          "texture": "#particle"
        },
        "south": {
          "uv": [
            7.5,
            1.25,
            8.75,
            2
          ],
          "texture": "#particle"
        },
        "west": {
          "uv": [
            8.75,
            1.25,
            9,
            2
          ],
          "texture": "#particle"
        },
        "east": {
          "uv": [
            7,
            1.25,
            7.25,
            2
          ],
          "texture": "#particle"
        }
      }
    },
    {
      "from": [
        7.5,
        -1.25,
        7.5
      ],
      "to": [
        8.75,
        0.25,
        7.75
      ],
      "faces": {
        "up": {
          "uv": [
            7.5,
            7.5,
            8.75,
            7.75
          ],
          "texture": "#particle"
        },
        "north": {
          "uv": [
            7.25,
            15.75,
            8.5,
            16
          ],
          "texture": "#particle"
        },
        "south": {
          "uv": [
            7.5,
            15.75,
            8.75,
            16
          ],
          "texture": "#particle"
        },
        "west": {
          "uv": [
            7.5,
            15.75,
            7.75,
            16
          ],
          "texture": "#particle"
        },
        "east": {
          "uv": [
            8.25,
            15.75,
            8.5,
            16
          ],
          "texture": "#particle"
        }
      }
    },
    {
      "from": [
        7.5,
        -1.25,
        8.5
      ],
      "to": [
        8.75,
        0.25,
        8.75
      ],
      "faces": {
        "up": {
          "uv": [
            7.5,
            8.5,
            8.75,
            8.75
          ],
          "texture": "#particle"
        },
        "north": {
          "uv": [
            7.25,
            15.75,
            8.5,
            16
          ],
          "texture": "#particle"
        },
        "south": {
          "uv": [
            7.5,
            15.75,
            8.75,
            16
          ],
          "texture": "#particle"
        },
        "west": {
          "uv": [
            8.5,
            15.75,
            8.75,
            16
          ],
          "texture": "#particle"
        },
        "east": {
          "uv": [
            7.25,
            15.75,
            7.5,
            16
          ],
          "texture": "#particle"
        }
      }
    },
    {
      "from": [
        7.5,
        -0.5,
        7.75
      ],
      "to": [
        8.75,
        18.5,
        8.5
      ],
      "faces": {
        "north": {
          "uv": [
            7.25,
            0,
            8.5,
            16
          ],
          "texture": "#particle"
        },
        "south": {
          "uv": [
            7.5,
            0,
            8.75,
            16
          ],
          "texture": "#particle"
        },
        "west": {
          "uv": [
            7.75,
            0,
            8.5,
            16
          ],
          "texture": "#particle"
        },
        "east": {
          "uv": [
            7.5,
            0,
            8.25,
            16
          ],
          "texture": "#particle"
        }
      }
    },
    {
      "from": [
        7.5,
        18.5,
        5.75
      ],
      "to": [
        8.75,
        18.75,
        7.25
      ],
      "faces": {
        "down": {
          "uv": [
            7.5,
            8.75,
            8.75,
            10.25
          ],
          "texture": "#gray5"
        },
        "north": {
          "uv": [
            7.25,
            13.25,
            8.5,
            13.5
          ],
          "texture": "#gray5"
        },
        "west": {
          "uv": [
            5.75,
            13.25,
            7.25,
            13.5
          ],
          "texture": "#gray5"
        },
        "east": {
          "uv": [
            8.75,
            13.25,
            10.25,
            13.5
          ],
          "texture": "#gray5"
        }
      }
    },
    {
      "from": [
        7.5,
        18.5,
        9.25
      ],
      "to": [
        8.75,
        18.75,
        10.75
      ],
      "faces": {
        "down": {
          "uv": [
            7.5,
            5.25,
            8.75,
            6.75
          ],
          "texture": "#gray5"
        },
        "south": {
          "uv": [
            7.5,
            13.25,
            8.75,
            13.5
          ],
          "texture": "#gray5"
        },
        "west": {
          "uv": [
            9.25,
            13.25,
            10.75,
            13.5
          ],
          "texture": "#gray5"
        },
        "east": {
          "uv": [
            5.25,
            13.25,
            6.75,
            13.5
          ],
          "texture": "#gray5"
        }
      }
    },
    {
      "from": [
        7.5,
        19,
        5.5
      ],
      "to": [
        8.75,
        19.75,
        5.75
      ],
      "faces": {
        "down": {
          "uv": [
            7.5,
            10.25,
            8.75,
            10.5
          ],
          "texture": "#gray5"
        },
        "up": {
          "uv": [
            7.5,
            5.5,
            8.75,
            5.75
          ],
          "texture": "#gray5"
        },
        "north": {
          "uv": [
            7.25,
            12.25,
            8.5,
            13
          ],
          "texture": "#gray5"
        },
        "west": {
          "uv": [
            5.5,
            12.25,
            5.75,
            13
          ],
          "texture": "#gray5"
        },
        "east": {
          "uv": [
            10.25,
            12.25,
            10.5,
            13
          ],
          "texture": "#gray5"
        }
      }
    },
    {
      "from": [
        7.5,
        19,
        10.75
      ],
      "to": [
        8.75,
        19.75,
        11
      ],
      "faces": {
        "down": {
          "uv": [
            7.5,
            5,
            8.75,
            5.25
          ],
          "texture": "#gray5"
        },
        "up": {
          "uv": [
            7.5,
            10.75,
            8.75,
            11
          ],
          "texture": "#gray5"
        },
        "south": {
          "uv": [
            7.5,
            12.25,
            8.75,
            13
          ],
          "texture": "#gray5"
        },
        "west": {
          "uv": [
            10.75,
            12.25,
            11,
            13
          ],
          "texture": "#gray5"
        },
        "east": {
          "uv": [
            5,
            12.25,
            5.25,
            13
          ],
          "texture": "#gray5"
        }
      }
    },
    {
      "from": [
        7.5,
        20,
        5.75
      ],
      "to": [
        8.75,
        20.25,
        7.25
      ],
      "faces": {
        "up": {
          "uv": [
            7.5,
            5.75,
            8.75,
            7.25
          ],
          "texture": "#gray5"
        },
        "north": {
          "uv": [
            7.25,
            11.75,
            8.5,
            12
          ],
          "texture": "#gray5"
        },
        "west": {
          "uv": [
            5.75,
            11.75,
            7.25,
            12
          ],
          "texture": "#gray5"
        },
        "east": {
          "uv": [
            8.75,
            11.75,
            10.25,
            12
          ],
          "texture": "#gray5"
        }
      }
    },
    {
      "from": [
        7.5,
        20,
        9.25
      ],
      "to": [
        8.75,
        20.25,
        10.75
      ],
      "faces": {
        "up": {
          "uv": [
            7.5,
            9.25,
            8.75,
            10.75
          ],
          "texture": "#gray5"
        },
        "south": {
          "uv": [
            7.5,
            11.75,
            8.75,
            12
          ],
          "texture": "#gray5"
        },
        "west": {
          "uv": [
            9.25,
            11.75,
            10.75,
            12
          ],
          "texture": "#gray5"
        },
        "east": {
          "uv": [
            5.25,
            11.75,
            6.75,
            12
          ],
          "texture": "#gray5"
        }
      }
    },
    {
      "from": [
        7.5,
        20.25,
        7.75
      ],
      "to": [
        8.75,
        20.5,
        8.75
      ],
      "faces": {
        "down": {
          "uv": [
            7.5,
            7.25,
            8.75,
            8.25
          ],
          "texture": "#gray5"
        },
        "up": {
          "uv": [
            7.5,
            7.75,
            8.75,
            8.75
          ],
          "texture": "#gray5"
        },
        "north": {
          "uv": [
            7.25,
            11.5,
            8.5,
            11.75
          ],
          "texture": "#gray5"
        },
        "south": {
          "uv": [
            7.5,
            11.5,
            8.75,
            11.75
          ],
          "texture": "#gray5"
        },
        "west": {
          "uv": [
            7.75,
            11.5,
            8.75,
            11.75
          ],
          "texture": "#gray5"
        },
        "east": {
          "uv": [
            7.25,
            11.5,
            8.25,
            11.75
          ],
          "texture": "#gray5"
        }
      }
    },
    {
      "from": [
        7.75,
        -1.25,
        7.25
      ],
      "to": [
        8.5,
        -0.5,
        7.5
      ],
      "faces": {
        "up": {
          "uv": [
            7.75,
            7.25,
            8.5,
            7.5
          ],
          "texture": "#particle"
        },
        "north": {
          "uv": [
            7.5,
            0.5,
            8.25,
            1.25
          ],
          "texture": "#particle"
        },
        "west": {
          "uv": [
            7.25,
            0.5,
            7.5,
            1.25
          ],
          "texture": "#particle"
        },
        "east": {
          "uv": [
            8.5,
            0.5,
            8.75,
            1.25
          ],
          "texture": "#particle"
        }
      }
    },
    {
      "from": [
        7.75,
        -1.25,
        8.75
      ],
      "to": [
        8.5,
        -0.5,
        9
      ],
      "faces": {
        "up": {
          "uv": [
            7.75,
            8.75,
            8.5,
            9
          ],
          "texture": "#particle"
        },
        "south": {
          "uv": [
            7.75,
            0.5,
            8.5,
            1.25
          ],
          "texture": "#particle"
        },
        "west": {
          "uv": [
            8.75,
            0.5,
            9,
            1.25
          ],
          "texture": "#particle"
        },
        "east": {
          "uv": [
            7,
            0.5,
            7.25,
            1.25
          ],
          "texture": "#particle"
        }
      }
    },
    {
      "from": [
        7.75,
        0.25,
        7.5
      ],
      "to": [
        8.5,
        18.5,
        7.75
      ],
      "faces": {
        "north": {
          "uv": [
            7.5,
            0,
            8.25,
            15.75
          ],
          "texture": "#particle"
        },
        "west": {
          "uv": [
            7.5,
            0,
            7.75,
            15.75
          ],
          "texture": "#particle"
        },
        "east": {
          "uv": [
            8.25,
            0,
            8.5,
            15.75
          ],
          "texture": "#particle"
        }
      }
    },
    {
      "from": [
        7.75,
        0.25,
        8.5
      ],
      "to": [
        8.5,
        18.5,
        8.75
      ],
      "faces": {
        "south": {
          "uv": [
            7.75,
            0,
            8.5,
            15.75
          ],
          "texture": "#particle"
        },
        "west": {
          "uv": [
            8.5,
            0,
            8.75,
            15.75
          ],
          "texture": "#particle"
        },
        "east": {
          "uv": [
            7.25,
            0,
            7.5,
            15.75
          ],
          "texture": "#particle"
        }
      }
    },
    {
      "from": [
        7.75,
        18.75,
        5.5
      ],
      "to": [
        8.5,
        19,
        5.75
      ],
      "faces": {
        "down": {
          "uv": [
            7.75,
            10.25,
            8.5,
            10.5
          ],
          "texture": "#gray5"
        },
        "north": {
          "uv": [
            7.5,
            13,
            8.25,
            13.25
          ],
          "texture": "#gray5"
        },
        "west": {
          "uv": [
            5.5,
            13,
            5.75,
            13.25
          ],
          "texture": "#gray5"
        },
        "east": {
          "uv": [
            10.25,
            13,
            10.5,
            13.25
          ],
          "texture": "#gray5"
        }
      }
    },
    {
      "from": [
        7.75,
        18.75,
        10.75
      ],
      "to": [
        8.5,
        19,
        11
      ],
      "faces": {
        "down": {
          "uv": [
            7.75,
            5,
            8.5,
            5.25
          ],
          "texture": "#gray5"
        },
        "south": {
          "uv": [
            7.75,
            13,
            8.5,
            13.25
          ],
          "texture": "#gray5"
        },
        "west": {
          "uv": [
            10.75,
            13,
            11,
            13.25
          ],
          "texture": "#gray5"
        },
        "east": {
          "uv": [
            5,
            13,
            5.25,
            13.25
          ],
          "texture": "#gray5"
        }
      }
    },
    {
      "from": [
        7.75,
        19.75,
        5.5
      ],
      "to": [
        8.5,
        20,
        5.75
      ],
      "faces": {
        "up": {
          "uv": [
            7.75,
            5.5,
            8.5,
            5.75
          ],
          "texture": "#gray5"
        },
        "north": {
          "uv": [
            7.5,
            12,
            8.25,
            12.25
          ],
          "texture": "#gray5"
        },
        "west": {
          "uv": [
            5.5,
            12,
            5.75,
            12.25
          ],
          "texture": "#gray5"
        },
        "east": {
          "uv": [
            10.25,
            12,
            10.5,
            12.25
          ],
          "texture": "#gray5"
        }
      }
    },
    {
      "from": [
        7.75,
        19.75,
        10.75
      ],
      "to": [
        8.5,
        20,
        11
      ],
      "faces": {
        "up": {
          "uv": [
            7.75,
            10.75,
            8.5,
            11
          ],
          "texture": "#gray5"
        },
        "south": {
          "uv": [
            7.75,
            12,
            8.5,
            12.25
          ],
          "texture": "#gray5"
        },
        "west": {
          "uv": [
            10.75,
            12,
            11,
            12.25
          ],
          "texture": "#gray5"
        },
        "east": {
          "uv": [
            5,
            12,
            5.25,
            12.25
          ],
          "texture": "#gray5"
        }
      }
    },
    {
      "from": [
        7.75,
        20.25,
        7.5
      ],
      "to": [
        8.5,
        20.5,
        7.75
      ],
      "faces": {
        "up": {
          "uv": [
            7.75,
            7.5,
            8.5,
            7.75
          ],
          "texture": "#gray5"
        },
        "north": {
          "uv": [
            7.5,
            11.5,
            8.25,
            11.75
          ],
          "texture": "#gray5"
        },
        "west": {
          "uv": [
            7.5,
            11.5,
            7.75,
            11.75
          ],
          "texture": "#gray5"
        },
        "east": {
          "uv": [
            8.25,
            11.5,
            8.5,
            11.75
          ],
          "texture": "#gray5"
        }
      }
    },
    {
      "from": [
        7.75,
        20.25,
        8.75
      ],
      "to": [
        8.5,
        20.5,
        9
      ],
      "faces": {
        "up": {
          "uv": [
            7.75,
            8.75,
            8.5,
            9
          ],
          "texture": "#gray5"
        },
        "south": {
          "uv": [
            7.75,
            11.5,
            8.5,
            11.75
          ],
          "texture": "#gray5"
        },
        "west": {
          "uv": [
            8.75,
            11.5,
            9,
            11.75
          ],
          "texture": "#gray5"
        },
        "east": {
          "uv": [
            7,
            11.5,
            7.25,
            11.75
          ],
          "texture": "#gray5"
        }
      }
    }
  ],
  "display": {
    "thirdperson_righthand": {
      "rotation": [
        0,
        180,
        0
      ],
      "translation": [
        -0.19,
        -2.08,
        1.12
      ],
      "scale": [
        1.1,
        1.1,
        1.1
      ]
    },
    "thirdperson_lefthand": {
      "rotation": [
        180,
        180,
        0
      ],
      "translation": [
        -0.19,
        2,
        1.12
      ],
      "scale": [
        1.1,
        1.1,
        1.1
      ]
    },
    "firstperson_righthand": {
      "rotation": [
        -15,
        180,
        0
      ],
      "translation": [
        0,
        -0.38,
        0
      ]
    },
    "firstperson_lefthand": {
      "rotation": [
        165,
        180,
        0
      ],
      "translation": [
        0,
        -0.38,
        0
      ]
    },
    "gui": {
      "rotation": [
        90,
        -45,
        90
      ],
      "translation": [
        1.13,
        -0.94,
        0
      ],
      "scale": [
        0.84,
        0.84,
        0.84
      ]
    },
    "ground": {
      "rotation": [
        180,
        0,
        90
      ],
      "scale": [
        0.7,
        0.7,
        0.7
      ]
    },
    "fixed": {
	  "rotation": [
        0,
        -90,
        0
      ],
      "translation": [
        0,
        0,
        -0.57
      ]
    },
    "head": {
        "rotation": [ -90, 0, 0 ],
        "translation": [ 0, 12, 0 ],
        "scale": [ 0.8, 0.8, 0.8 ]
    }
  }
}