{
  "__comment": "© Le0, Mineland.eu 2019 | www.mineland.eu",
  "textures": {
    "gray4": "guns/rucni/gray4",
    "blue1": "guns/rucni/blue1"
  },
  "elements": [
    {
      "from": [
        5.25,
        16,
        8
      ],
      "to": [
        5.75,
        16.25,
        9
      ],
      "faces": {
        "down": {
          "uv": [
            5.25,
            7,
            5.75,
            8
          ],
          "texture": "#gray4"
        },
        "up": {
          "uv": [
            5.25,
            8,
            5.75,
            9
          ],
          "texture": "#gray4"
        },
        "north": {
          "uv": [
            10.25,
            15.75,
            10.75,
            16
          ],
          "texture": "#gray4"
        },
        "south": {
          "uv": [
            5.25,
            15.75,
            5.75,
            16
          ],
          "texture": "#gray4"
        },
        "west": {
          "uv": [
            8,
            15.75,
            9,
            16
          ],
          "texture": "#gray4"
        },
        "east": {
          "uv": [
            7,
            15.75,
            8,
            16
          ],
          "texture": "#gray4"
        }
      }
    },
    {
      "from": [
        5.5,
        16.25,
        8
      ],
      "to": [
        6.5,
        16.5,
        9
      ],
      "faces": {
        "down": {
          "uv": [
            5.5,
            7,
            6.5,
            8
          ],
          "texture": "#gray4"
        },
        "up": {
          "uv": [
            5.5,
            8,
            6.5,
            9
          ],
          "texture": "#gray4"
        },
        "north": {
          "uv": [
            9.5,
            15.5,
            10.5,
            15.75
          ],
          "texture": "#gray4"
        },
        "south": {
          "uv": [
            5.5,
            15.5,
            6.5,
            15.75
          ],
          "texture": "#gray4"
        },
        "west": {
          "uv": [
            8,
            15.5,
            9,
            15.75
          ],
          "texture": "#gray4"
        },
        "east": {
          "uv": [
            7,
            15.5,
            8,
            15.75
          ],
          "texture": "#gray4"
        }
      }
    },
    {
      "from": [
        5.75,
        16.5,
        8
      ],
      "to": [
        10,
        16.75,
        9
      ],
      "faces": {
        "down": {
          "uv": [
            5.75,
            7,
            10,
            8
          ],
          "texture": "#gray4"
        },
        "up": {
          "uv": [
            5.75,
            8,
            10,
            9
          ],
          "texture": "#gray4"
        },
        "north": {
          "uv": [
            6,
            15.25,
            10.25,
            15.5
          ],
          "texture": "#gray4"
        },
        "south": {
          "uv": [
            5.75,
            15.25,
            10,
            15.5
          ],
          "texture": "#gray4"
        },
        "west": {
          "uv": [
            8,
            15.25,
            9,
            15.5
          ],
          "texture": "#gray4"
        },
        "east": {
          "uv": [
            7,
            15.25,
            8,
            15.5
          ],
          "texture": "#gray4"
        }
      }
    },
    {
      "from": [
        6.25,
        16.75,
        8
      ],
      "to": [
        12.75,
        17,
        9
      ],
      "faces": {
        "down": {
          "uv": [
            6.25,
            7,
            12.75,
            8
          ],
          "texture": "#gray4"
        },
        "up": {
          "uv": [
            6.25,
            8,
            12.75,
            9
          ],
          "texture": "#gray4"
        },
        "north": {
          "uv": [
            3.25,
            15,
            9.75,
            15.25
          ],
          "texture": "#gray4"
        },
        "south": {
          "uv": [
            6.25,
            15,
            12.75,
            15.25
          ],
          "texture": "#gray4"
        },
        "west": {
          "uv": [
            8,
            15,
            9,
            15.25
          ],
          "texture": "#gray4"
        },
        "east": {
          "uv": [
            7,
            15,
            8,
            15.25
          ],
          "texture": "#gray4"
        }
      }
    },
    {
      "from": [
        7,
        17,
        8.25
      ],
      "to": [
        12.75,
        17.25,
        8.75
      ],
      "faces": {
        "up": {
          "uv": [
            7,
            8.25,
            12.75,
            8.75
          ],
          "texture": "#gray4"
        },
        "north": {
          "uv": [
            3.25,
            14.75,
            9,
            15
          ],
          "texture": "#gray4"
        },
        "south": {
          "uv": [
            7,
            14.75,
            12.75,
            15
          ],
          "texture": "#gray4"
        },
        "west": {
          "uv": [
            8.25,
            14.75,
            8.75,
            15
          ],
          "texture": "#gray4"
        },
        "east": {
          "uv": [
            7.25,
            14.75,
            7.75,
            15
          ],
          "texture": "#gray4"
        }
      }
    },
    {
      "from": [
        7.25,
        0.25,
        8.25
      ],
      "to": [
        10,
        1.5,
        8.75
      ],
      "faces": {
        "down": {
          "uv": [
            7.25,
            7.25,
            10,
            7.75
          ],
          "texture": "#blue1"
        },
        "up": {
          "uv": [
            7.25,
            8.25,
            10,
            8.75
          ],
          "texture": "#blue1"
        },
        "north": {
          "uv": [
            6,
            14.5,
            8.75,
            15.75
          ],
          "texture": "#blue1"
        },
        "south": {
          "uv": [
            7.25,
            14.5,
            10,
            15.75
          ],
          "texture": "#blue1"
        },
        "west": {
          "uv": [
            8.25,
            14.5,
            8.75,
            15.75
          ],
          "texture": "#blue1"
        },
        "east": {
          "uv": [
            7.25,
            14.5,
            7.75,
            15.75
          ],
          "texture": "#blue1"
        }
      }
    },
    {
      "from": [
        7.25,
        16.25,
        8.25
      ],
      "to": [
        10,
        16.5,
        8.75
      ],
      "faces": {
        "down": {
          "uv": [
            7.25,
            7.25,
            10,
            7.75
          ],
          "texture": "#gray4"
        },
        "north": {
          "uv": [
            6,
            15.5,
            8.75,
            15.75
          ],
          "texture": "#gray4"
        },
        "south": {
          "uv": [
            7.25,
            15.5,
            10,
            15.75
          ],
          "texture": "#gray4"
        },
        "west": {
          "uv": [
            8.25,
            15.5,
            8.75,
            15.75
          ],
          "texture": "#gray4"
        },
        "east": {
          "uv": [
            7.25,
            15.5,
            7.75,
            15.75
          ],
          "texture": "#gray4"
        }
      }
    },
    {
      "from": [
        7.5,
        0.25,
        8
      ],
      "to": [
        9.75,
        1.25,
        8.25
      ],
      "faces": {
        "down": {
          "uv": [
            7.5,
            7.75,
            9.75,
            8
          ],
          "texture": "#blue1"
        },
        "up": {
          "uv": [
            7.5,
            8,
            9.75,
            8.25
          ],
          "texture": "#blue1"
        },
        "north": {
          "uv": [
            6.25,
            14.75,
            8.5,
            15.75
          ],
          "texture": "#blue1"
        },
        "west": {
          "uv": [
            8,
            14.75,
            8.25,
            15.75
          ],
          "texture": "#blue1"
        },
        "east": {
          "uv": [
            7.75,
            14.75,
            8,
            15.75
          ],
          "texture": "#blue1"
        }
      }
    },
    {
      "from": [
        7.5,
        0.25,
        8.75
      ],
      "to": [
        9.75,
        1.25,
        9
      ],
      "faces": {
        "down": {
          "uv": [
            7.5,
            7,
            9.75,
            7.25
          ],
          "texture": "#blue1"
        },
        "up": {
          "uv": [
            7.5,
            8.75,
            9.75,
            9
          ],
          "texture": "#blue1"
        },
        "south": {
          "uv": [
            7.5,
            14.75,
            9.75,
            15.75
          ],
          "texture": "#blue1"
        },
        "west": {
          "uv": [
            8.75,
            14.75,
            9,
            15.75
          ],
          "texture": "#blue1"
        },
        "east": {
          "uv": [
            7,
            14.75,
            7.25,
            15.75
          ],
          "texture": "#blue1"
        }
      }
    },
    {
      "from": [
        7.5,
        1.5,
        8.25
      ],
      "to": [
        9.75,
        2.25,
        8.75
      ],
      "faces": {
        "up": {
          "uv": [
            7.5,
            8.25,
            9.75,
            8.75
          ],
          "texture": "#blue1"
        },
        "north": {
          "uv": [
            6.25,
            13.75,
            8.5,
            14.5
          ],
          "texture": "#blue1"
        },
        "south": {
          "uv": [
            7.5,
            13.75,
            9.75,
            14.5
          ],
          "texture": "#blue1"
        },
        "west": {
          "uv": [
            8.25,
            13.75,
            8.75,
            14.5
          ],
          "texture": "#blue1"
        },
        "east": {
          "uv": [
            7.25,
            13.75,
            7.75,
            14.5
          ],
          "texture": "#blue1"
        }
      }
    },
    {
      "from": [
        7.5,
        16.25,
        8
      ],
      "to": [
        9.5,
        16.5,
        8.25
      ],
      "faces": {
        "down": {
          "uv": [
            7.5,
            7.75,
            9.5,
            8
          ],
          "texture": "#gray4"
        },
        "north": {
          "uv": [
            6.5,
            15.5,
            8.5,
            15.75
          ],
          "texture": "#gray4"
        },
        "west": {
          "uv": [
            8,
            15.5,
            8.25,
            15.75
          ],
          "texture": "#gray4"
        },
        "east": {
          "uv": [
            7.75,
            15.5,
            8,
            15.75
          ],
          "texture": "#gray4"
        }
      }
    },
    {
      "from": [
        7.5,
        16.25,
        8.75
      ],
      "to": [
        9.5,
        16.5,
        9
      ],
      "faces": {
        "down": {
          "uv": [
            7.5,
            7,
            9.5,
            7.25
          ],
          "texture": "#gray4"
        },
        "south": {
          "uv": [
            7.5,
            15.5,
            9.5,
            15.75
          ],
          "texture": "#gray4"
        },
        "west": {
          "uv": [
            8.75,
            15.5,
            9,
            15.75
          ],
          "texture": "#gray4"
        },
        "east": {
          "uv": [
            7,
            15.5,
            7.25,
            15.75
          ],
          "texture": "#gray4"
        }
      }
    },
    {
      "from": [
        7.5,
        16.5,
        7.75
      ],
      "to": [
        9.75,
        16.75,
        8
      ],
      "faces": {
        "down": {
          "uv": [
            7.5,
            8,
            9.75,
            8.25
          ],
          "texture": "#gray4"
        },
        "up": {
          "uv": [
            7.5,
            7.75,
            9.75,
            8
          ],
          "texture": "#gray4"
        },
        "north": {
          "uv": [
            6.25,
            15.25,
            8.5,
            15.5
          ],
          "texture": "#gray4"
        },
        "west": {
          "uv": [
            7.75,
            15.25,
            8,
            15.5
          ],
          "texture": "#gray4"
        },
        "east": {
          "uv": [
            8,
            15.25,
            8.25,
            15.5
          ],
          "texture": "#gray4"
        }
      }
    },
    {
      "from": [
        7.5,
        16.5,
        9
      ],
      "to": [
        9.75,
        16.75,
        9.25
      ],
      "faces": {
        "down": {
          "uv": [
            7.5,
            6.75,
            9.75,
            7
          ],
          "texture": "#gray4"
        },
        "up": {
          "uv": [
            7.5,
            9,
            9.75,
            9.25
          ],
          "texture": "#gray4"
        },
        "south": {
          "uv": [
            7.5,
            15.25,
            9.75,
            15.5
          ],
          "texture": "#gray4"
        },
        "west": {
          "uv": [
            9,
            15.25,
            9.25,
            15.5
          ],
          "texture": "#gray4"
        },
        "east": {
          "uv": [
            6.75,
            15.25,
            7,
            15.5
          ],
          "texture": "#gray4"
        }
      }
    },
    {
      "from": [
        7.5,
        17,
        8
      ],
      "to": [
        9.75,
        17.25,
        8.25
      ],
      "faces": {
        "up": {
          "uv": [
            7.5,
            8,
            9.75,
            8.25
          ],
          "texture": "#gray4"
        },
        "north": {
          "uv": [
            6.25,
            14.75,
            8.5,
            15
          ],
          "texture": "#gray4"
        },
        "west": {
          "uv": [
            8,
            14.75,
            8.25,
            15
          ],
          "texture": "#gray4"
        },
        "east": {
          "uv": [
            7.75,
            14.75,
            8,
            15
          ],
          "texture": "#gray4"
        }
      }
    },
    {
      "from": [
        7.5,
        17,
        8.75
      ],
      "to": [
        9.75,
        17.25,
        9
      ],
      "faces": {
        "up": {
          "uv": [
            7.5,
            8.75,
            9.75,
            9
          ],
          "texture": "#gray4"
        },
        "south": {
          "uv": [
            7.5,
            14.75,
            9.75,
            15
          ],
          "texture": "#gray4"
        },
        "west": {
          "uv": [
            8.75,
            14.75,
            9,
            15
          ],
          "texture": "#gray4"
        },
        "east": {
          "uv": [
            7,
            14.75,
            7.25,
            15
          ],
          "texture": "#gray4"
        }
      }
    },
    {
      "from": [
        7.5,
        17.25,
        8.25
      ],
      "to": [
        9.5,
        17.5,
        8.75
      ],
      "faces": {
        "up": {
          "uv": [
            7.5,
            8.25,
            9.5,
            8.75
          ],
          "texture": "#gray4"
        },
        "north": {
          "uv": [
            6.5,
            14.5,
            8.5,
            14.75
          ],
          "texture": "#gray4"
        },
        "south": {
          "uv": [
            7.5,
            14.5,
            9.5,
            14.75
          ],
          "texture": "#gray4"
        },
        "west": {
          "uv": [
            8.25,
            14.5,
            8.75,
            14.75
          ],
          "texture": "#gray4"
        },
        "east": {
          "uv": [
            7.25,
            14.5,
            7.75,
            14.75
          ],
          "texture": "#gray4"
        }
      }
    },
    {
      "from": [
        7.75,
        0,
        8.25
      ],
      "to": [
        9.5,
        0.25,
        8.75
      ],
      "faces": {
        "down": {
          "uv": [
            7.75,
            7.25,
            9.5,
            7.75
          ],
          "texture": "#blue1"
        },
        "north": {
          "uv": [
            6.5,
            15.75,
            8.25,
            16
          ],
          "texture": "#blue1"
        },
        "south": {
          "uv": [
            7.75,
            15.75,
            9.5,
            16
          ],
          "texture": "#blue1"
        },
        "west": {
          "uv": [
            8.25,
            15.75,
            8.75,
            16
          ],
          "texture": "#blue1"
        },
        "east": {
          "uv": [
            7.25,
            15.75,
            7.75,
            16
          ],
          "texture": "#blue1"
        }
      }
    },
    {
      "from": [
        7.75,
        0.25,
        7.75
      ],
      "to": [
        9.5,
        1.25,
        8
      ],
      "faces": {
        "down": {
          "uv": [
            7.75,
            8,
            9.5,
            8.25
          ],
          "texture": "#blue1"
        },
        "up": {
          "uv": [
            7.75,
            7.75,
            9.5,
            8
          ],
          "texture": "#blue1"
        },
        "north": {
          "uv": [
            6.5,
            14.75,
            8.25,
            15.75
          ],
          "texture": "#blue1"
        },
        "west": {
          "uv": [
            7.75,
            14.75,
            8,
            15.75
          ],
          "texture": "#blue1"
        },
        "east": {
          "uv": [
            8,
            14.75,
            8.25,
            15.75
          ],
          "texture": "#blue1"
        }
      }
    },
    {
      "from": [
        7.75,
        0.25,
        9
      ],
      "to": [
        9.5,
        1.25,
        9.25
      ],
      "faces": {
        "down": {
          "uv": [
            7.75,
            6.75,
            9.5,
            7
          ],
          "texture": "#blue1"
        },
        "up": {
          "uv": [
            7.75,
            9,
            9.5,
            9.25
          ],
          "texture": "#blue1"
        },
        "south": {
          "uv": [
            7.75,
            14.75,
            9.5,
            15.75
          ],
          "texture": "#blue1"
        },
        "west": {
          "uv": [
            9,
            14.75,
            9.25,
            15.75
          ],
          "texture": "#blue1"
        },
        "east": {
          "uv": [
            6.75,
            14.75,
            7,
            15.75
          ],
          "texture": "#blue1"
        }
      }
    },
    {
      "from": [
        7.75,
        1.25,
        8
      ],
      "to": [
        9.5,
        2,
        8.25
      ],
      "faces": {
        "up": {
          "uv": [
            7.75,
            8,
            9.5,
            8.25
          ],
          "texture": "#blue1"
        },
        "north": {
          "uv": [
            6.5,
            14,
            8.25,
            14.75
          ],
          "texture": "#blue1"
        },
        "south": {
          "uv": [
            7.75,
            14,
            9.5,
            14.75
          ],
          "texture": "#blue1"
        },
        "west": {
          "uv": [
            8,
            14,
            8.25,
            14.75
          ],
          "texture": "#blue1"
        },
        "east": {
          "uv": [
            7.75,
            14,
            8,
            14.75
          ],
          "texture": "#blue1"
        }
      }
    },
    {
      "from": [
        7.75,
        1.25,
        8.75
      ],
      "to": [
        9.5,
        2,
        9
      ],
      "faces": {
        "up": {
          "uv": [
            7.75,
            8.75,
            9.5,
            9
          ],
          "texture": "#blue1"
        },
        "north": {
          "uv": [
            6.5,
            14,
            8.25,
            14.75
          ],
          "texture": "#blue1"
        },
        "south": {
          "uv": [
            7.75,
            14,
            9.5,
            14.75
          ],
          "texture": "#blue1"
        },
        "west": {
          "uv": [
            8.75,
            14,
            9,
            14.75
          ],
          "texture": "#blue1"
        },
        "east": {
          "uv": [
            7,
            14,
            7.25,
            14.75
          ],
          "texture": "#blue1"
        }
      }
    },
    {
      "from": [
        7.75,
        2.25,
        8.25
      ],
      "to": [
        9.5,
        8,
        8.75
      ],
      "faces": {
        "up": {
          "uv": [
            7.75,
            8.25,
            9.5,
            8.75
          ],
          "texture": "#blue1"
        },
        "north": {
          "uv": [
            6.5,
            8,
            8.25,
            13.75
          ],
          "texture": "#blue1"
        },
        "south": {
          "uv": [
            7.75,
            8,
            9.5,
            13.75
          ],
          "texture": "#blue1"
        },
        "west": {
          "uv": [
            8.25,
            8,
            8.75,
            13.75
          ],
          "texture": "#blue1"
        },
        "east": {
          "uv": [
            7.25,
            8,
            7.75,
            13.75
          ],
          "texture": "#blue1"
        }
      }
    },
    {
      "from": [
        7.75,
        14.75,
        8.25
      ],
      "to": [
        9.5,
        16.25,
        8.75
      ],
      "faces": {
        "down": {
          "uv": [
            7.75,
            7.25,
            9.5,
            7.75
          ],
          "texture": "#gray4"
        },
        "north": {
          "uv": [
            6.5,
            0,
            8.25,
            1.25
          ],
          "texture": "#gray4"
        },
        "south": {
          "uv": [
            7.75,
            0,
            9.5,
            1.25
          ],
          "texture": "#gray4"
        },
        "west": {
          "uv": [
            8.25,
            0,
            8.75,
            1.25
          ],
          "texture": "#gray4"
        },
        "east": {
          "uv": [
            7.25,
            0,
            7.75,
            1.25
          ],
          "texture": "#gray4"
        }
      }
    },
    {
      "from": [
        7.75,
        16.75,
        7.75
      ],
      "to": [
        10,
        17,
        8
      ],
      "faces": {
        "down": {
          "uv": [
            7.75,
            8,
            10,
            8.25
          ],
          "texture": "#gray4"
        },
        "up": {
          "uv": [
            7.75,
            7.75,
            10,
            8
          ],
          "texture": "#gray4"
        },
        "north": {
          "uv": [
            6,
            15,
            8.25,
            15.25
          ],
          "texture": "#gray4"
        },
        "west": {
          "uv": [
            7.75,
            15,
            8,
            15.25
          ],
          "texture": "#gray4"
        },
        "east": {
          "uv": [
            8,
            15,
            8.25,
            15.25
          ],
          "texture": "#gray4"
        }
      }
    },
    {
      "from": [
        7.75,
        16.75,
        9
      ],
      "to": [
        10,
        17,
        9.25
      ],
      "faces": {
        "down": {
          "uv": [
            7.75,
            6.75,
            10,
            7
          ],
          "texture": "#gray4"
        },
        "up": {
          "uv": [
            7.75,
            9,
            10,
            9.25
          ],
          "texture": "#gray4"
        },
        "south": {
          "uv": [
            7.75,
            15,
            10,
            15.25
          ],
          "texture": "#gray4"
        },
        "west": {
          "uv": [
            9,
            15,
            9.25,
            15.25
          ],
          "texture": "#gray4"
        },
        "east": {
          "uv": [
            6.75,
            15,
            7,
            15.25
          ],
          "texture": "#gray4"
        }
      }
    },
    {
      "from": [
        8,
        0,
        8
      ],
      "to": [
        9.25,
        0.25,
        8.25
      ],
      "faces": {
        "down": {
          "uv": [
            8,
            7.75,
            9.25,
            8
          ],
          "texture": "#blue1"
        },
        "north": {
          "uv": [
            6.75,
            15.75,
            8,
            16
          ],
          "texture": "#blue1"
        },
        "west": {
          "uv": [
            8,
            15.75,
            8.25,
            16
          ],
          "texture": "#blue1"
        },
        "east": {
          "uv": [
            7.75,
            15.75,
            8,
            16
          ],
          "texture": "#blue1"
        }
      }
    },
    {
      "from": [
        8,
        0,
        8.75
      ],
      "to": [
        9.25,
        0.25,
        9
      ],
      "faces": {
        "down": {
          "uv": [
            8,
            7,
            9.25,
            7.25
          ],
          "texture": "#blue1"
        },
        "south": {
          "uv": [
            8,
            15.75,
            9.25,
            16
          ],
          "texture": "#blue1"
        },
        "west": {
          "uv": [
            8.75,
            15.75,
            9,
            16
          ],
          "texture": "#blue1"
        },
        "east": {
          "uv": [
            7,
            15.75,
            7.25,
            16
          ],
          "texture": "#blue1"
        }
      }
    },
    {
      "from": [
        8,
        0.25,
        7.5
      ],
      "to": [
        9.25,
        1.5,
        7.75
      ],
      "faces": {
        "down": {
          "uv": [
            8,
            8.25,
            9.25,
            8.5
          ],
          "texture": "#blue1"
        },
        "up": {
          "uv": [
            8,
            7.5,
            9.25,
            7.75
          ],
          "texture": "#blue1"
        },
        "north": {
          "uv": [
            6.75,
            14.5,
            8,
            15.75
          ],
          "texture": "#blue1"
        },
        "south": {
          "uv": [
            8,
            14.5,
            9.25,
            15.75
          ],
          "texture": "#blue1"
        },
        "west": {
          "uv": [
            7.5,
            14.5,
            7.75,
            15.75
          ],
          "texture": "#blue1"
        },
        "east": {
          "uv": [
            8.25,
            14.5,
            8.5,
            15.75
          ],
          "texture": "#blue1"
        }
      }
    },
    {
      "from": [
        8,
        0.25,
        9.25
      ],
      "to": [
        9.25,
        1.5,
        9.5
      ],
      "faces": {
        "down": {
          "uv": [
            8,
            6.5,
            9.25,
            6.75
          ],
          "texture": "#blue1"
        },
        "up": {
          "uv": [
            8,
            9.25,
            9.25,
            9.5
          ],
          "texture": "#blue1"
        },
        "north": {
          "uv": [
            6.75,
            14.5,
            8,
            15.75
          ],
          "texture": "#blue1"
        },
        "south": {
          "uv": [
            8,
            14.5,
            9.25,
            15.75
          ],
          "texture": "#blue1"
        },
        "west": {
          "uv": [
            9.25,
            14.5,
            9.5,
            15.75
          ],
          "texture": "#blue1"
        },
        "east": {
          "uv": [
            6.5,
            14.5,
            6.75,
            15.75
          ],
          "texture": "#blue1"
        }
      }
    },
    {
      "from": [
        8,
        1.25,
        7.75
      ],
      "to": [
        9.25,
        2.25,
        8
      ],
      "faces": {
        "up": {
          "uv": [
            8,
            7.75,
            9.25,
            8
          ],
          "texture": "#blue1"
        },
        "north": {
          "uv": [
            6.75,
            13.75,
            8,
            14.75
          ],
          "texture": "#blue1"
        },
        "south": {
          "uv": [
            8,
            13.75,
            9.25,
            14.75
          ],
          "texture": "#blue1"
        },
        "west": {
          "uv": [
            7.75,
            13.75,
            8,
            14.75
          ],
          "texture": "#blue1"
        },
        "east": {
          "uv": [
            8,
            13.75,
            8.25,
            14.75
          ],
          "texture": "#blue1"
        }
      }
    },
    {
      "from": [
        8,
        1.25,
        9
      ],
      "to": [
        9.25,
        2.25,
        9.25
      ],
      "faces": {
        "up": {
          "uv": [
            8,
            9,
            9.25,
            9.25
          ],
          "texture": "#blue1"
        },
        "north": {
          "uv": [
            6.75,
            13.75,
            8,
            14.75
          ],
          "texture": "#blue1"
        },
        "south": {
          "uv": [
            8,
            13.75,
            9.25,
            14.75
          ],
          "texture": "#blue1"
        },
        "west": {
          "uv": [
            9,
            13.75,
            9.25,
            14.75
          ],
          "texture": "#blue1"
        },
        "east": {
          "uv": [
            6.75,
            13.75,
            7,
            14.75
          ],
          "texture": "#blue1"
        }
      }
    },
    {
      "from": [
        8,
        2,
        8
      ],
      "to": [
        9.25,
        8,
        8.25
      ],
      "faces": {
        "up": {
          "uv": [
            8,
            8,
            9.25,
            8.25
          ],
          "texture": "#blue1"
        },
        "north": {
          "uv": [
            6.75,
            8,
            8,
            14
          ],
          "texture": "#blue1"
        },
        "south": {
          "uv": [
            8,
            8,
            9.25,
            14
          ],
          "texture": "#blue1"
        },
        "west": {
          "uv": [
            8,
            8,
            8.25,
            14
          ],
          "texture": "#blue1"
        },
        "east": {
          "uv": [
            7.75,
            8,
            8,
            14
          ],
          "texture": "#blue1"
        }
      }
    },
    {
      "from": [
        8,
        2,
        8.75
      ],
      "to": [
        9.25,
        8,
        9
      ],
      "faces": {
        "up": {
          "uv": [
            8,
            8.75,
            9.25,
            9
          ],
          "texture": "#blue1"
        },
        "north": {
          "uv": [
            6.75,
            8,
            8,
            14
          ],
          "texture": "#blue1"
        },
        "south": {
          "uv": [
            8,
            8,
            9.25,
            14
          ],
          "texture": "#blue1"
        },
        "west": {
          "uv": [
            8.75,
            8,
            9,
            14
          ],
          "texture": "#blue1"
        },
        "east": {
          "uv": [
            7,
            8,
            7.25,
            14
          ],
          "texture": "#blue1"
        }
      }
    },
    {
      "from": [
        8,
        8,
        8.25
      ],
      "to": [
        9.25,
        14.75,
        8.75
      ],
      "faces": {
        "north": {
          "uv": [
            6.75,
            1.25,
            8,
            8
          ],
          "texture": "#gray4"
        },
        "south": {
          "uv": [
            8,
            1.25,
            9.25,
            8
          ],
          "texture": "#gray4"
        },
        "west": {
          "uv": [
            8.25,
            1.25,
            8.75,
            8
          ],
          "texture": "#gray4"
        },
        "east": {
          "uv": [
            7.25,
            1.25,
            7.75,
            8
          ],
          "texture": "#gray4"
        }
      }
    },
    {
      "from": [
        8,
        15,
        8
      ],
      "to": [
        9.25,
        16.25,
        8.25
      ],
      "faces": {
        "down": {
          "uv": [
            8,
            7.75,
            9.25,
            8
          ],
          "texture": "#gray4"
        },
        "north": {
          "uv": [
            6.75,
            0,
            8,
            1
          ],
          "texture": "#gray4"
        },
        "west": {
          "uv": [
            8,
            0,
            8.25,
            1
          ],
          "texture": "#gray4"
        },
        "east": {
          "uv": [
            7.75,
            0,
            8,
            1
          ],
          "texture": "#gray4"
        }
      }
    },
    {
      "from": [
        8,
        15,
        8.75
      ],
      "to": [
        9.25,
        16.25,
        9
      ],
      "faces": {
        "down": {
          "uv": [
            8,
            7,
            9.25,
            7.25
          ],
          "texture": "#gray4"
        },
        "south": {
          "uv": [
            8,
            0,
            9.25,
            1
          ],
          "texture": "#gray4"
        },
        "west": {
          "uv": [
            8.75,
            0,
            9,
            1
          ],
          "texture": "#gray4"
        },
        "east": {
          "uv": [
            7,
            0,
            7.25,
            1
          ],
          "texture": "#gray4"
        }
      }
    },
    {
      "from": [
        8,
        16.25,
        7.75
      ],
      "to": [
        9.25,
        16.5,
        8
      ],
      "faces": {
        "down": {
          "uv": [
            8,
            8,
            9.25,
            8.25
          ],
          "texture": "#gray4"
        },
        "north": {
          "uv": [
            6.75,
            15.5,
            8,
            15.75
          ],
          "texture": "#gray4"
        },
        "west": {
          "uv": [
            7.75,
            15.5,
            8,
            15.75
          ],
          "texture": "#gray4"
        },
        "east": {
          "uv": [
            8,
            15.5,
            8.25,
            15.75
          ],
          "texture": "#gray4"
        }
      }
    },
    {
      "from": [
        8,
        16.25,
        9
      ],
      "to": [
        9.25,
        16.5,
        9.25
      ],
      "faces": {
        "down": {
          "uv": [
            8,
            6.75,
            9.25,
            7
          ],
          "texture": "#gray4"
        },
        "south": {
          "uv": [
            8,
            15.5,
            9.25,
            15.75
          ],
          "texture": "#gray4"
        },
        "west": {
          "uv": [
            9,
            15.5,
            9.25,
            15.75
          ],
          "texture": "#gray4"
        },
        "east": {
          "uv": [
            6.75,
            15.5,
            7,
            15.75
          ],
          "texture": "#gray4"
        }
      }
    },
    {
      "from": [
        8,
        17,
        7.75
      ],
      "to": [
        9.25,
        17.25,
        8
      ],
      "faces": {
        "up": {
          "uv": [
            8,
            7.75,
            9.25,
            8
          ],
          "texture": "#gray4"
        },
        "north": {
          "uv": [
            6.75,
            14.75,
            8,
            15
          ],
          "texture": "#gray4"
        },
        "west": {
          "uv": [
            7.75,
            14.75,
            8,
            15
          ],
          "texture": "#gray4"
        },
        "east": {
          "uv": [
            8,
            14.75,
            8.25,
            15
          ],
          "texture": "#gray4"
        }
      }
    },
    {
      "from": [
        8,
        17,
        9
      ],
      "to": [
        9.25,
        17.25,
        9.25
      ],
      "faces": {
        "up": {
          "uv": [
            8,
            9,
            9.25,
            9.25
          ],
          "texture": "#gray4"
        },
        "south": {
          "uv": [
            8,
            14.75,
            9.25,
            15
          ],
          "texture": "#gray4"
        },
        "west": {
          "uv": [
            9,
            14.75,
            9.25,
            15
          ],
          "texture": "#gray4"
        },
        "east": {
          "uv": [
            6.75,
            14.75,
            7,
            15
          ],
          "texture": "#gray4"
        }
      }
    },
    {
      "from": [
        8,
        17.25,
        8
      ],
      "to": [
        9,
        17.5,
        8.25
      ],
      "faces": {
        "up": {
          "uv": [
            8,
            8,
            9,
            8.25
          ],
          "texture": "#gray4"
        },
        "north": {
          "uv": [
            7,
            14.5,
            8,
            14.75
          ],
          "texture": "#gray4"
        },
        "west": {
          "uv": [
            8,
            14.5,
            8.25,
            14.75
          ],
          "texture": "#gray4"
        },
        "east": {
          "uv": [
            7.75,
            14.5,
            8,
            14.75
          ],
          "texture": "#gray4"
        }
      }
    },
    {
      "from": [
        8,
        17.25,
        8.75
      ],
      "to": [
        9,
        17.5,
        9
      ],
      "faces": {
        "up": {
          "uv": [
            8,
            8.75,
            9,
            9
          ],
          "texture": "#gray4"
        },
        "south": {
          "uv": [
            8,
            14.5,
            9,
            14.75
          ],
          "texture": "#gray4"
        },
        "west": {
          "uv": [
            8.75,
            14.5,
            9,
            14.75
          ],
          "texture": "#gray4"
        },
        "east": {
          "uv": [
            7,
            14.5,
            7.25,
            14.75
          ],
          "texture": "#gray4"
        }
      }
    },
    {
      "from": [
        8.25,
        0,
        7.75
      ],
      "to": [
        9,
        0.25,
        8
      ],
      "faces": {
        "down": {
          "uv": [
            8.25,
            8,
            9,
            8.25
          ],
          "texture": "#blue1"
        },
        "north": {
          "uv": [
            7,
            15.75,
            7.75,
            16
          ],
          "texture": "#blue1"
        },
        "west": {
          "uv": [
            7.75,
            15.75,
            8,
            16
          ],
          "texture": "#blue1"
        },
        "east": {
          "uv": [
            8,
            15.75,
            8.25,
            16
          ],
          "texture": "#blue1"
        }
      }
    },
    {
      "from": [
        8.25,
        0,
        9
      ],
      "to": [
        9,
        0.25,
        9.25
      ],
      "faces": {
        "down": {
          "uv": [
            8.25,
            6.75,
            9,
            7
          ],
          "texture": "#blue1"
        },
        "south": {
          "uv": [
            8.25,
            15.75,
            9,
            16
          ],
          "texture": "#blue1"
        },
        "west": {
          "uv": [
            9,
            15.75,
            9.25,
            16
          ],
          "texture": "#blue1"
        },
        "east": {
          "uv": [
            6.75,
            15.75,
            7,
            16
          ],
          "texture": "#blue1"
        }
      }
    },
    {
      "from": [
        8.25,
        1.5,
        7.5
      ],
      "to": [
        9,
        2.25,
        7.75
      ],
      "faces": {
        "up": {
          "uv": [
            8.25,
            7.5,
            9,
            7.75
          ],
          "texture": "#blue1"
        },
        "north": {
          "uv": [
            7,
            13.75,
            7.75,
            14.5
          ],
          "texture": "#blue1"
        },
        "west": {
          "uv": [
            7.5,
            13.75,
            7.75,
            14.5
          ],
          "texture": "#blue1"
        },
        "east": {
          "uv": [
            8.25,
            13.75,
            8.5,
            14.5
          ],
          "texture": "#blue1"
        }
      }
    },
    {
      "from": [
        8.25,
        1.5,
        9.25
      ],
      "to": [
        9,
        2.25,
        9.5
      ],
      "faces": {
        "up": {
          "uv": [
            8.25,
            9.25,
            9,
            9.5
          ],
          "texture": "#blue1"
        },
        "south": {
          "uv": [
            8.25,
            13.75,
            9,
            14.5
          ],
          "texture": "#blue1"
        },
        "west": {
          "uv": [
            9.25,
            13.75,
            9.5,
            14.5
          ],
          "texture": "#blue1"
        },
        "east": {
          "uv": [
            6.5,
            13.75,
            6.75,
            14.5
          ],
          "texture": "#blue1"
        }
      }
    },
    {
      "from": [
        8.25,
        2.25,
        7.75
      ],
      "to": [
        9,
        8,
        8
      ],
      "faces": {
        "up": {
          "uv": [
            8.25,
            7.75,
            9,
            8
          ],
          "texture": "#blue1"
        },
        "north": {
          "uv": [
            7,
            8,
            7.75,
            13.75
          ],
          "texture": "#blue1"
        },
        "west": {
          "uv": [
            7.75,
            8,
            8,
            13.75
          ],
          "texture": "#blue1"
        },
        "east": {
          "uv": [
            8,
            8,
            8.25,
            13.75
          ],
          "texture": "#blue1"
        }
      }
    },
    {
      "from": [
        8.25,
        2.25,
        9
      ],
      "to": [
        9,
        8,
        9.25
      ],
      "faces": {
        "up": {
          "uv": [
            8.25,
            9,
            9,
            9.25
          ],
          "texture": "#blue1"
        },
        "south": {
          "uv": [
            8.25,
            8,
            9,
            13.75
          ],
          "texture": "#blue1"
        },
        "west": {
          "uv": [
            9,
            8,
            9.25,
            13.75
          ],
          "texture": "#blue1"
        },
        "east": {
          "uv": [
            6.75,
            8,
            7,
            13.75
          ],
          "texture": "#blue1"
        }
      }
    },
    {
      "from": [
        8.25,
        8,
        8
      ],
      "to": [
        9,
        15,
        8.25
      ],
      "faces": {
        "north": {
          "uv": [
            7,
            1,
            7.75,
            8
          ],
          "texture": "#gray4"
        },
        "south": {
          "uv": [
            8.25,
            1,
            9,
            8
          ],
          "texture": "#gray4"
        },
        "west": {
          "uv": [
            8,
            1,
            8.25,
            8
          ],
          "texture": "#gray4"
        },
        "east": {
          "uv": [
            7.75,
            1,
            8,
            8
          ],
          "texture": "#gray4"
        }
      }
    },
    {
      "from": [
        8.25,
        8,
        8.75
      ],
      "to": [
        9,
        15,
        9
      ],
      "faces": {
        "north": {
          "uv": [
            7,
            1,
            7.75,
            8
          ],
          "texture": "#gray4"
        },
        "south": {
          "uv": [
            8.25,
            1,
            9,
            8
          ],
          "texture": "#gray4"
        },
        "west": {
          "uv": [
            8.75,
            1,
            9,
            8
          ],
          "texture": "#gray4"
        },
        "east": {
          "uv": [
            7,
            1,
            7.25,
            8
          ],
          "texture": "#gray4"
        }
      }
    },
    {
      "from": [
        8.25,
        15,
        7.75
      ],
      "to": [
        9,
        16.25,
        8
      ],
      "faces": {
        "down": {
          "uv": [
            8.25,
            8,
            9,
            8.25
          ],
          "texture": "#gray4"
        },
        "north": {
          "uv": [
            7,
            0,
            7.75,
            1
          ],
          "texture": "#gray4"
        },
        "west": {
          "uv": [
            7.75,
            0,
            8,
            1
          ],
          "texture": "#gray4"
        },
        "east": {
          "uv": [
            8,
            0,
            8.25,
            1
          ],
          "texture": "#gray4"
        }
      }
    },
    {
      "from": [
        8.25,
        15,
        9
      ],
      "to": [
        9,
        16.25,
        9.25
      ],
      "faces": {
        "down": {
          "uv": [
            8.25,
            6.75,
            9,
            7
          ],
          "texture": "#gray4"
        },
        "south": {
          "uv": [
            8.25,
            0,
            9,
            1
          ],
          "texture": "#gray4"
        },
        "west": {
          "uv": [
            9,
            0,
            9.25,
            1
          ],
          "texture": "#gray4"
        },
        "east": {
          "uv": [
            6.75,
            0,
            7,
            1
          ],
          "texture": "#gray4"
        }
      }
    },
    {
      "from": [
        8.5,
        14.75,
        7.75
      ],
      "to": [
        8.75,
        15,
        8
      ],
      "faces": {
        "down": {
          "uv": [
            8.5,
            8,
            8.75,
            8.25
          ],
          "texture": "#gray4"
        },
        "north": {
          "uv": [
            7.25,
            1,
            7.5,
            1.25
          ],
          "texture": "#gray4"
        },
        "west": {
          "uv": [
            7.75,
            1,
            8,
            1.25
          ],
          "texture": "#gray4"
        },
        "east": {
          "uv": [
            8,
            1,
            8.25,
            1.25
          ],
          "texture": "#gray4"
        }
      }
    },
    {
      "from": [
        8.5,
        14.75,
        9
      ],
      "to": [
        8.75,
        15,
        9.25
      ],
      "faces": {
        "down": {
          "uv": [
            8.5,
            6.75,
            8.75,
            7
          ],
          "texture": "#gray4"
        },
        "south": {
          "uv": [
            8.5,
            1,
            8.75,
            1.25
          ],
          "texture": "#gray4"
        },
        "west": {
          "uv": [
            9,
            1,
            9.25,
            1.25
          ],
          "texture": "#gray4"
        },
        "east": {
          "uv": [
            6.75,
            1,
            7,
            1.25
          ],
          "texture": "#gray4"
        }
      }
    },
    {
      "from": [
        9,
        16,
        7.75
      ],
      "to": [
        9.25,
        16.25,
        8
      ],
      "faces": {
        "down": {
          "uv": [
            9,
            8,
            9.25,
            8.25
          ],
          "texture": "#gray4"
        },
        "north": {
          "uv": [
            6.75,
            15.75,
            7,
            16
          ],
          "texture": "#gray4"
        },
        "east": {
          "uv": [
            8,
            15.75,
            8.25,
            16
          ],
          "texture": "#gray4"
        }
      }
    },
    {
      "from": [
        9,
        16,
        9
      ],
      "to": [
        9.25,
        16.25,
        9.25
      ],
      "faces": {
        "down": {
          "uv": [
            9,
            6.75,
            9.25,
            7
          ],
          "texture": "#gray4"
        },
        "south": {
          "uv": [
            9,
            15.75,
            9.25,
            16
          ],
          "texture": "#gray4"
        },
        "east": {
          "uv": [
            6.75,
            15.75,
            7,
            16
          ],
          "texture": "#gray4"
        }
      }
    },
    {
      "from": [
        9.25,
        16,
        8
      ],
      "to": [
        9.5,
        16.25,
        8.25
      ],
      "faces": {
        "down": {
          "uv": [
            9.25,
            7.75,
            9.5,
            8
          ],
          "texture": "#gray4"
        },
        "north": {
          "uv": [
            6.5,
            15.75,
            6.75,
            16
          ],
          "texture": "#gray4"
        },
        "east": {
          "uv": [
            7.75,
            15.75,
            8,
            16
          ],
          "texture": "#gray4"
        }
      }
    },
    {
      "from": [
        9.25,
        16,
        8.75
      ],
      "to": [
        9.5,
        16.25,
        9
      ],
      "faces": {
        "down": {
          "uv": [
            9.25,
            7,
            9.5,
            7.25
          ],
          "texture": "#gray4"
        },
        "south": {
          "uv": [
            9.25,
            15.75,
            9.5,
            16
          ],
          "texture": "#gray4"
        },
        "east": {
          "uv": [
            7,
            15.75,
            7.25,
            16
          ],
          "texture": "#gray4"
        }
      }
    },
    {
      "from": [
        10,
        16.5,
        8.25
      ],
      "to": [
        12.75,
        16.75,
        8.75
      ],
      "faces": {
        "down": {
          "uv": [
            10,
            7.25,
            12.75,
            7.75
          ],
          "texture": "#gray4"
        },
        "north": {
          "uv": [
            3.25,
            15.25,
            6,
            15.5
          ],
          "texture": "#gray4"
        },
        "south": {
          "uv": [
            10,
            15.25,
            12.75,
            15.5
          ],
          "texture": "#gray4"
        },
        "east": {
          "uv": [
            7.25,
            15.25,
            7.75,
            15.5
          ],
          "texture": "#gray4"
        }
      }
    },
    {
      "from": [
        10.5,
        16.25,
        8.25
      ],
      "to": [
        12.75,
        16.5,
        8.75
      ],
      "faces": {
        "down": {
          "uv": [
            10.5,
            7.25,
            12.75,
            7.75
          ],
          "texture": "#gray4"
        },
        "north": {
          "uv": [
            3.25,
            15.5,
            5.5,
            15.75
          ],
          "texture": "#gray4"
        },
        "south": {
          "uv": [
            10.5,
            15.5,
            12.75,
            15.75
          ],
          "texture": "#gray4"
        },
        "west": {
          "uv": [
            8.25,
            15.5,
            8.75,
            15.75
          ],
          "texture": "#gray4"
        },
        "east": {
          "uv": [
            7.25,
            15.5,
            7.75,
            15.75
          ],
          "texture": "#gray4"
        }
      }
    },
    {
      "from": [
        10.5,
        16.5,
        8
      ],
      "to": [
        12.75,
        16.75,
        8.25
      ],
      "faces": {
        "down": {
          "uv": [
            10.5,
            7.75,
            12.75,
            8
          ],
          "texture": "#gray4"
        },
        "north": {
          "uv": [
            3.25,
            15.25,
            5.5,
            15.5
          ],
          "texture": "#gray4"
        },
        "west": {
          "uv": [
            8,
            15.25,
            8.25,
            15.5
          ],
          "texture": "#gray4"
        },
        "east": {
          "uv": [
            7.75,
            15.25,
            8,
            15.5
          ],
          "texture": "#gray4"
        }
      }
    },
    {
      "from": [
        10.5,
        16.5,
        8.75
      ],
      "to": [
        12.75,
        16.75,
        9
      ],
      "faces": {
        "down": {
          "uv": [
            10.5,
            7,
            12.75,
            7.25
          ],
          "texture": "#gray4"
        },
        "south": {
          "uv": [
            10.5,
            15.25,
            12.75,
            15.5
          ],
          "texture": "#gray4"
        },
        "west": {
          "uv": [
            8.75,
            15.25,
            9,
            15.5
          ],
          "texture": "#gray4"
        },
        "east": {
          "uv": [
            7,
            15.25,
            7.25,
            15.5
          ],
          "texture": "#gray4"
        }
      }
    },
    {
      "from": [
        10.5,
        17,
        8
      ],
      "to": [
        12.75,
        17.25,
        8.25
      ],
      "faces": {
        "up": {
          "uv": [
            10.5,
            8,
            12.75,
            8.25
          ],
          "texture": "#gray4"
        },
        "north": {
          "uv": [
            3.25,
            14.75,
            5.5,
            15
          ],
          "texture": "#gray4"
        },
        "west": {
          "uv": [
            8,
            14.75,
            8.25,
            15
          ],
          "texture": "#gray4"
        },
        "east": {
          "uv": [
            7.75,
            14.75,
            8,
            15
          ],
          "texture": "#gray4"
        }
      }
    },
    {
      "from": [
        10.5,
        17,
        8.75
      ],
      "to": [
        12.75,
        17.25,
        9
      ],
      "faces": {
        "up": {
          "uv": [
            10.5,
            8.75,
            12.75,
            9
          ],
          "texture": "#gray4"
        },
        "south": {
          "uv": [
            10.5,
            14.75,
            12.75,
            15
          ],
          "texture": "#gray4"
        },
        "west": {
          "uv": [
            8.75,
            14.75,
            9,
            15
          ],
          "texture": "#gray4"
        },
        "east": {
          "uv": [
            7,
            14.75,
            7.25,
            15
          ],
          "texture": "#gray4"
        }
      }
    },
    {
      "from": [
        10.5,
        17.25,
        8.25
      ],
      "to": [
        12.75,
        17.5,
        8.75
      ],
      "faces": {
        "up": {
          "uv": [
            10.5,
            8.25,
            12.75,
            8.75
          ],
          "texture": "#gray4"
        },
        "north": {
          "uv": [
            3.25,
            14.5,
            5.5,
            14.75
          ],
          "texture": "#gray4"
        },
        "south": {
          "uv": [
            10.5,
            14.5,
            12.75,
            14.75
          ],
          "texture": "#gray4"
        },
        "west": {
          "uv": [
            8.25,
            14.5,
            8.75,
            14.75
          ],
          "texture": "#gray4"
        },
        "east": {
          "uv": [
            7.25,
            14.5,
            7.75,
            14.75
          ],
          "texture": "#gray4"
        }
      }
    },
    {
      "from": [
        10.75,
        16.25,
        8
      ],
      "to": [
        12.75,
        16.5,
        8.25
      ],
      "faces": {
        "down": {
          "uv": [
            10.75,
            7.75,
            12.75,
            8
          ],
          "texture": "#gray4"
        },
        "north": {
          "uv": [
            3.25,
            15.5,
            5.25,
            15.75
          ],
          "texture": "#gray4"
        },
        "west": {
          "uv": [
            8,
            15.5,
            8.25,
            15.75
          ],
          "texture": "#gray4"
        },
        "east": {
          "uv": [
            7.75,
            15.5,
            8,
            15.75
          ],
          "texture": "#gray4"
        }
      }
    },
    {
      "from": [
        10.75,
        16.25,
        8.75
      ],
      "to": [
        12.75,
        16.5,
        9
      ],
      "faces": {
        "down": {
          "uv": [
            10.75,
            7,
            12.75,
            7.25
          ],
          "texture": "#gray4"
        },
        "south": {
          "uv": [
            10.75,
            15.5,
            12.75,
            15.75
          ],
          "texture": "#gray4"
        },
        "west": {
          "uv": [
            8.75,
            15.5,
            9,
            15.75
          ],
          "texture": "#gray4"
        },
        "east": {
          "uv": [
            7,
            15.5,
            7.25,
            15.75
          ],
          "texture": "#gray4"
        }
      }
    },
    {
      "from": [
        10.75,
        16.5,
        7.75
      ],
      "to": [
        12.75,
        17.25,
        8
      ],
      "faces": {
        "down": {
          "uv": [
            10.75,
            8,
            12.75,
            8.25
          ],
          "texture": "#gray4"
        },
        "up": {
          "uv": [
            10.75,
            7.75,
            12.75,
            8
          ],
          "texture": "#gray4"
        },
        "north": {
          "uv": [
            3.25,
            14.75,
            5.25,
            15.5
          ],
          "texture": "#gray4"
        },
        "south": {
          "uv": [
            10.75,
            14.75,
            12.75,
            15.5
          ],
          "texture": "#gray4"
        },
        "west": {
          "uv": [
            7.75,
            14.75,
            8,
            15.5
          ],
          "texture": "#gray4"
        },
        "east": {
          "uv": [
            8,
            14.75,
            8.25,
            15.5
          ],
          "texture": "#gray4"
        }
      }
    },
    {
      "from": [
        10.75,
        16.5,
        9
      ],
      "to": [
        12.75,
        17.25,
        9.25
      ],
      "faces": {
        "down": {
          "uv": [
            10.75,
            6.75,
            12.75,
            7
          ],
          "texture": "#gray4"
        },
        "up": {
          "uv": [
            10.75,
            9,
            12.75,
            9.25
          ],
          "texture": "#gray4"
        },
        "north": {
          "uv": [
            3.25,
            14.75,
            5.25,
            15.5
          ],
          "texture": "#gray4"
        },
        "south": {
          "uv": [
            10.75,
            14.75,
            12.75,
            15.5
          ],
          "texture": "#gray4"
        },
        "west": {
          "uv": [
            9,
            14.75,
            9.25,
            15.5
          ],
          "texture": "#gray4"
        },
        "east": {
          "uv": [
            6.75,
            14.75,
            7,
            15.5
          ],
          "texture": "#gray4"
        }
      }
    },
    {
      "from": [
        10.75,
        17.25,
        8
      ],
      "to": [
        12.75,
        17.5,
        8.25
      ],
      "faces": {
        "up": {
          "uv": [
            10.75,
            8,
            12.75,
            8.25
          ],
          "texture": "#gray4"
        },
        "north": {
          "uv": [
            3.25,
            14.5,
            5.25,
            14.75
          ],
          "texture": "#gray4"
        },
        "west": {
          "uv": [
            8,
            14.5,
            8.25,
            14.75
          ],
          "texture": "#gray4"
        },
        "east": {
          "uv": [
            7.75,
            14.5,
            8,
            14.75
          ],
          "texture": "#gray4"
        }
      }
    },
    {
      "from": [
        10.75,
        17.25,
        8.75
      ],
      "to": [
        12.75,
        17.5,
        9
      ],
      "faces": {
        "up": {
          "uv": [
            10.75,
            8.75,
            12.75,
            9
          ],
          "texture": "#gray4"
        },
        "south": {
          "uv": [
            10.75,
            14.5,
            12.75,
            14.75
          ],
          "texture": "#gray4"
        },
        "west": {
          "uv": [
            8.75,
            14.5,
            9,
            14.75
          ],
          "texture": "#gray4"
        },
        "east": {
          "uv": [
            7,
            14.5,
            7.25,
            14.75
          ],
          "texture": "#gray4"
        }
      }
    },
    {
      "from": [
        11,
        16,
        8
      ],
      "to": [
        12.75,
        16.25,
        9
      ],
      "faces": {
        "down": {
          "uv": [
            11,
            7,
            12.75,
            8
          ],
          "texture": "#gray4"
        },
        "up": {
          "uv": [
            11,
            8,
            12.75,
            9
          ],
          "texture": "#gray4"
        },
        "north": {
          "uv": [
            3.25,
            15.75,
            5,
            16
          ],
          "texture": "#gray4"
        },
        "south": {
          "uv": [
            11,
            15.75,
            12.75,
            16
          ],
          "texture": "#gray4"
        },
        "west": {
          "uv": [
            8,
            15.75,
            9,
            16
          ],
          "texture": "#gray4"
        },
        "east": {
          "uv": [
            7,
            15.75,
            8,
            16
          ],
          "texture": "#gray4"
        }
      }
    },
    {
      "from": [
        11,
        16.25,
        7.75
      ],
      "to": [
        12.75,
        16.5,
        8
      ],
      "faces": {
        "down": {
          "uv": [
            11,
            8,
            12.75,
            8.25
          ],
          "texture": "#gray4"
        },
        "north": {
          "uv": [
            3.25,
            15.5,
            5,
            15.75
          ],
          "texture": "#gray4"
        },
        "west": {
          "uv": [
            7.75,
            15.5,
            8,
            15.75
          ],
          "texture": "#gray4"
        },
        "east": {
          "uv": [
            8,
            15.5,
            8.25,
            15.75
          ],
          "texture": "#gray4"
        }
      }
    },
    {
      "from": [
        11,
        16.25,
        9
      ],
      "to": [
        12.75,
        16.5,
        9.25
      ],
      "faces": {
        "down": {
          "uv": [
            11,
            6.75,
            12.75,
            7
          ],
          "texture": "#gray4"
        },
        "south": {
          "uv": [
            11,
            15.5,
            12.75,
            15.75
          ],
          "texture": "#gray4"
        },
        "west": {
          "uv": [
            9,
            15.5,
            9.25,
            15.75
          ],
          "texture": "#gray4"
        },
        "east": {
          "uv": [
            6.75,
            15.5,
            7,
            15.75
          ],
          "texture": "#gray4"
        }
      }
    },
    {
      "from": [
        11,
        17.25,
        7.75
      ],
      "to": [
        12.75,
        17.5,
        8
      ],
      "faces": {
        "up": {
          "uv": [
            11,
            7.75,
            12.75,
            8
          ],
          "texture": "#gray4"
        },
        "north": {
          "uv": [
            3.25,
            14.5,
            5,
            14.75
          ],
          "texture": "#gray4"
        },
        "west": {
          "uv": [
            7.75,
            14.5,
            8,
            14.75
          ],
          "texture": "#gray4"
        },
        "east": {
          "uv": [
            8,
            14.5,
            8.25,
            14.75
          ],
          "texture": "#gray4"
        }
      }
    },
    {
      "from": [
        11,
        17.25,
        9
      ],
      "to": [
        12.75,
        17.5,
        9.25
      ],
      "faces": {
        "up": {
          "uv": [
            11,
            9,
            12.75,
            9.25
          ],
          "texture": "#gray4"
        },
        "south": {
          "uv": [
            11,
            14.5,
            12.75,
            14.75
          ],
          "texture": "#gray4"
        },
        "west": {
          "uv": [
            9,
            14.5,
            9.25,
            14.75
          ],
          "texture": "#gray4"
        },
        "east": {
          "uv": [
            6.75,
            14.5,
            7,
            14.75
          ],
          "texture": "#gray4"
        }
      }
    },
    {
      "from": [
        11,
        17.5,
        8.25
      ],
      "to": [
        12.75,
        17.75,
        8.75
      ],
      "faces": {
        "up": {
          "uv": [
            11,
            8.25,
            12.75,
            8.75
          ],
          "texture": "#gray4"
        },
        "north": {
          "uv": [
            3.25,
            14.25,
            5,
            14.5
          ],
          "texture": "#gray4"
        },
        "south": {
          "uv": [
            11,
            14.25,
            12.75,
            14.5
          ],
          "texture": "#gray4"
        },
        "west": {
          "uv": [
            8.25,
            14.25,
            8.75,
            14.5
          ],
          "texture": "#gray4"
        },
        "east": {
          "uv": [
            7.25,
            14.25,
            7.75,
            14.5
          ],
          "texture": "#gray4"
        }
      }
    },
    {
      "from": [
        11.25,
        17.5,
        8
      ],
      "to": [
        12.75,
        17.75,
        8.25
      ],
      "faces": {
        "up": {
          "uv": [
            11.25,
            8,
            12.75,
            8.25
          ],
          "texture": "#gray4"
        },
        "north": {
          "uv": [
            3.25,
            14.25,
            4.75,
            14.5
          ],
          "texture": "#gray4"
        },
        "west": {
          "uv": [
            8,
            14.25,
            8.25,
            14.5
          ],
          "texture": "#gray4"
        },
        "east": {
          "uv": [
            7.75,
            14.25,
            8,
            14.5
          ],
          "texture": "#gray4"
        }
      }
    },
    {
      "from": [
        11.25,
        17.5,
        8.75
      ],
      "to": [
        12.75,
        17.75,
        9
      ],
      "faces": {
        "up": {
          "uv": [
            11.25,
            8.75,
            12.75,
            9
          ],
          "texture": "#gray4"
        },
        "south": {
          "uv": [
            11.25,
            14.25,
            12.75,
            14.5
          ],
          "texture": "#gray4"
        },
        "west": {
          "uv": [
            8.75,
            14.25,
            9,
            14.5
          ],
          "texture": "#gray4"
        },
        "east": {
          "uv": [
            7,
            14.25,
            7.25,
            14.5
          ],
          "texture": "#gray4"
        }
      }
    }
  ],
  "display": {
    "thirdperson_righthand": {
      "rotation": [
        0,
        90,
        0
      ],
      "translation": [
        -0.76,
        0.57,
        1.7
      ],
      "scale": [
        0.75,
        0.75,
        0.75
      ]
    },
    "thirdperson_lefthand": {
      "rotation": [
        180,
        -90,
        0
      ],
      "translation": [
        0.19,
        0.56,
        1.7
      ],
      "scale": [
        0.75,
        0.75,
        0.75
      ]
    },
    "firstperson_righthand": {
      "rotation": [
        -10,
        90,
        0
      ],
      "translation": [
        0,
        0.19,
        0
      ]
    },
    "firstperson_lefthand": {
      "rotation": [
        165,
        0,
        0
      ],
      "translation": [
        0,
        0.19,
        0
      ]
    },
    "gui": {
      "rotation": [
        180,
        0,
        135
      ],
      "translation": [
        2.08,
        -0.38,
        2.46
      ],
      "scale": [
        0.95,
        0.95,
        0.95
      ]
    },
    "ground": {
      "rotation": [
        90,
        0,
        90
      ],
      "scale": [
        0.5,
        0.5,
        0.5
      ]
    },
    "fixed": {
      "translation": [
        0,
        0,
        -0.57
      ]
    },
    "head": {
        "rotation": [ -90, 90, 0 ],
        "translation": [ 0, 12, 0 ],
        "scale": [ 0.8, 0.8, 0.8 ]
    }
  }
}