{
"__comment": "© Le0, Mineland.eu 2019 | www.mineland.eu",
"textures": {
    "normal_gun_texture": "guns/automaty/normal_gun_texture",
    "bright_gun_texture": "guns/automaty/bright_gun_texture",
    "light_gun_texture": "guns/automaty/light_gun_texture",
    "dark_gun_texture": "guns/automaty/dark_gun_texture"
},
"elements": [ 
{
    "from": [ -12, 7.8, 7.5 ],
    "to": [ 5, 8.8, 8.5 ],
    "faces": {
        "down":  { "uv": [ 4, 14, 6, 15.4 ], "texture": "#normal_gun_texture" },
        "up":    { "uv": [ 12, 7, 14, 8.3999996185302734 ], "texture": "#normal_gun_texture" },
        "north": { "uv": [ 4, 5, 6, 6.4000000953674316 ], "texture": "#normal_gun_texture" },
        "south": { "uv": [ 8, 11, 10, 12.399999618530273 ], "texture": "#normal_gun_texture" },
        "west":  { "uv": [ 9, 6, 10.399999618530273, 7.4000000953674316 ], "texture": "#normal_gun_texture" },
        "east":  { "uv": [ 3, 3, 4.4000000953674316, 4.4000000953674316 ], "texture": "#normal_gun_texture" }
    }
},
{
    "from": [ 2, 6.9, 6.9 ],
    "to": [ 10, 8.4, 9.1 ],
    "faces": {
        "down":  { "uv": [ 0, 12, 7, 14.8 ], "texture": "#bright_gun_texture" },
        "up":    { "uv": [ 5, 13, 12, 15.800000190734863 ], "texture": "#bright_gun_texture" },
        "north": { "uv": [ 9, 7, 16, 9.8000001907348633 ], "texture": "#bright_gun_texture" },
        "south": { "uv": [ 5, 7, 12, 9.8000001907348633 ], "texture": "#bright_gun_texture" },
        "west":  { "uv": [ 3, 6, 5.8000001907348633, 8.8000001907348633 ], "texture": "#bright_gun_texture" },
        "east":  { "uv": [ 6, 6, 8.8000001907348633, 8.8000001907348633 ], "texture": "#bright_gun_texture" }
    }
},
{
    "from": [ 10, 6.7, 6.7 ],
    "to": [ 18, 9.3, 9.3 ],
    "faces": {
        "down":  { "uv": [ 7, 5, 15, 7.6 ], "texture": "#bright_gun_texture" },
        "up":    { "uv": [ 2, 10, 10, 12.600000381469727 ], "texture": "#bright_gun_texture" },
        "north": { "uv": [ 8, 4, 16, 7.5 ], "texture": "#bright_gun_texture" },
        "south": { "uv": [ 7, 4, 15, 7.5 ], "texture": "#bright_gun_texture" },
        "west":  { "uv": [ 6, 3, 8.6000003814697266, 6.5 ], "texture": "#bright_gun_texture" },
        "east":  { "uv": [ 4, 5, 6.5999999046325684, 8.5 ], "texture": "#bright_gun_texture" }
    }
},
{
    "from": [ 15.1, 4.225, 7 ],
    "to": [ 17.85, 8.6, 9 ],
    "faces": {
        "down":  { "uv": [ 0, 8, 2.6, 10 ], "texture": "#light_gun_texture" },
        "up":    { "uv": [ 4, 8, 6.5999999046325684, 10 ], "texture": "#light_gun_texture" },
        "north": { "uv": [ 5, 6, 7.5999999046325684, 9 ], "texture": "#light_gun_texture" },
        "south": { "uv": [ 4, 8, 6.5999999046325684, 11 ], "texture": "#light_gun_texture" },
        "west":  { "uv": [ 0, 8, 8, 10 ], "texture": "#light_gun_texture" },
        "east":  { "uv": [ 0, 9, 2, 12 ], "texture": "#light_gun_texture" }
    }
},
{
    "from": [ 10.0625, 2.4125, 7.3125 ],
    "to": [ 11.7625, 6.8125, 8.7125 ],
    "rotation": { "origin": [ 10.0625, 6.8125, 7.3125 ], "axis": "z", "angle": 22.5 },
    "faces": {
        "down":  { "uv": [ 8, 9, 10, 11 ], "texture": "#bright_gun_texture" },
        "up":    { "uv": [ 7, 9, 9, 11 ], "texture": "#bright_gun_texture" },
        "north": { "uv": [ 9, 11, 11, 15 ], "texture": "#bright_gun_texture" },
        "south": { "uv": [ 8, 7, 5, 11 ], "texture": "#bright_gun_texture" },
        "west":  { "uv": [ 8, 7, 10, 11 ], "texture": "#bright_gun_texture" },
        "east":  { "uv": [ 10, 10, 12, 14 ], "texture": "#bright_gun_texture" }
    }
},
{
    "from": [ 6.5625, 2.625, 7.625 ],
    "to": [ 6.9625, 7.625, 8.425 ],
    "rotation": { "origin": [ 6.5625, 7.625, 7.625 ], "axis": "z", "angle": 22.5 },
    "faces": {
        "down":  { "uv": [ 0, 0, 0.2, 0.6 ], "texture": "#bright_gun_texture" },
        "up":    { "uv": [ 0, 0, 0.19999998807907104, 0.59999996423721313 ], "texture": "#bright_gun_texture" },
        "north": { "uv": [ 0, 0, 0.19999998807907104, 2 ], "texture": "#bright_gun_texture" },
        "south": { "uv": [ 0, 0, 0.19999998807907104, 2 ], "texture": "#bright_gun_texture" },
        "west":  { "uv": [ 0, 0, 0.59999996423721313, 2 ], "texture": "#bright_gun_texture" },
        "east":  { "uv": [ 0, 0, 0.59999996423721313, 2 ], "texture": "#bright_gun_texture" }
    }
},
{
    "from": [ 8.4375, 3, 7.625 ],
    "to": [ 11.6875, 3.375, 8.425 ],
    "faces": {
        "down":  { "uv": [ 0, 0, 1.9, 0.6 ], "texture": "#bright_gun_texture" },
        "up":    { "uv": [ 0, 0, 1.9000000953674316, 0.59999996423721313 ], "texture": "#bright_gun_texture" },
        "north": { "uv": [ 0, 0, 1.9000000953674316, 0.19999997317790985 ], "texture": "#bright_gun_texture" },
        "south": { "uv": [ 0, 0, 1.9000000953674316, 0.19999997317790985 ], "texture": "#bright_gun_texture" },
        "west":  { "uv": [ 0, 0, 0.59999996423721313, 0.19999997317790985 ], "texture": "#bright_gun_texture" },
        "east":  { "uv": [ 0, 0, 0.59999996423721313, 0.19999997317790985 ], "texture": "#bright_gun_texture" }
    }
},
{
    "from": [ 18, 7.2, 7 ],
    "to": [ 24, 9.2, 9 ],
    "faces": {
        "down":  { "uv": [ 6, 5, 12, 7 ], "texture": "#bright_gun_texture" },
        "up":    { "uv": [ 5, 8, 11, 10 ], "texture": "#bright_gun_texture" },
        "north": { "uv": [ 6, 7, 12, 9 ], "texture": "#bright_gun_texture" },
        "south": { "uv": [ 2, 3, 8, 5 ], "texture": "#bright_gun_texture" },
        "west":  { "uv": [ 2, 6, 4, 8 ], "texture": "#bright_gun_texture" },
        "east":  { "uv": [ 4, 5, 6, 7 ], "texture": "#bright_gun_texture" }
    }
},
{
    "from": [ 21.6, 4.1, 7.1 ],
    "to": [ 24, 8.1, 8.9 ],
    "faces": {
        "down":  { "uv": [ 4, 11, 6, 13 ], "texture": "#bright_gun_texture" },
        "up":    { "uv": [ 6, 2, 8, 4 ], "texture": "#bright_gun_texture" },
        "north": { "uv": [ 7, 3, 9, 6 ], "texture": "#bright_gun_texture" },
        "south": { "uv": [ 3, 7, 5, 10 ], "texture": "#bright_gun_texture" },
        "west":  { "uv": [ 7, 8, 9, 11 ], "texture": "#bright_gun_texture" },
        "east":  { "uv": [ 9, 11, 11, 14 ], "texture": "#bright_gun_texture" }
    }
},
{
    "from": [ 18.625, 6.5875, 7.125 ],
    "to": [ 23.5, 9.1875, 8.925 ],
    "rotation": { "origin": [ 18.625, 9.1875, 7.125 ], "axis": "z", "angle": -22.5 },
    "faces": {
        "down":  { "uv": [ 5, 5, 14.5, 7 ], "texture": "#bright_gun_texture" },
        "up":    { "uv": [ 4, 6, 11.5, 8 ], "texture": "#bright_gun_texture" },
        "north": { "uv": [ 7, 8, 14.5, 10.300000190734863 ], "texture": "#bright_gun_texture" },
        "south": { "uv": [ 6, 10, 13.5, 12.300000190734863 ], "texture": "#bright_gun_texture" },
        "west":  { "uv": [ 7, 5, 10, 7.3000001907348633 ], "texture": "#bright_gun_texture" },
        "east":  { "uv": [ 14, 13, 16, 15.300000190734863 ], "texture": "#bright_gun_texture" }
    }
},
{
    "from": [ 2, 7.7, 7.2 ],
    "to": [ 10, 9.2, 8.8 ],
    "faces": {
        "down":  { "uv": [ 0, 12, 7, 14.8 ], "texture": "#normal_gun_texture" },
        "up":    { "uv": [ 5, 13, 12, 15.800000190734863 ], "texture": "#normal_gun_texture" },
        "north": { "uv": [ 9, 7, 16, 9.8000001907348633 ], "texture": "#normal_gun_texture" },
        "south": { "uv": [ 5, 7, 12, 9.8000001907348633 ], "texture": "#normal_gun_texture" },
        "west":  { "uv": [ 3, 6, 5.8000001907348633, 8.8000001907348633 ], "texture": "#normal_gun_texture" },
        "east":  { "uv": [ 6, 6, 8.8000001907348633, 8.8000001907348633 ], "texture": "#normal_gun_texture" }
    }
},
{
    "from": [ 15.5, 1.9375, 7 ],
    "to": [ 18, 5.1875, 9 ],
    "rotation": { "origin": [ 15.5, 5.1875, 7 ], "axis": "z", "angle": -22.5 },
    "faces": {
        "down":  { "uv": [ 0, 8, 2.6, 10 ], "texture": "#light_gun_texture" },
        "up":    { "uv": [ 4, 8, 6.5999999046325684, 10 ], "texture": "#light_gun_texture" },
        "north": { "uv": [ 5, 6, 7.5999999046325684, 9 ], "texture": "#light_gun_texture" },
        "south": { "uv": [ 4, 8, 6.5999999046325684, 11 ], "texture": "#light_gun_texture" },
        "west":  { "uv": [ 0, 8, 8, 10 ], "texture": "#light_gun_texture" },
        "east":  { "uv": [ 0, 9, 2, 12 ], "texture": "#light_gun_texture" }
    }
},
{
    "from": [ 9.7, 5.7, 7.7 ],
    "to": [ 10.7, 7.7, 8.3 ],
    "faces": {
        "down":  { "uv": [ 7, 10, 8, 10.6 ], "texture": "#bright_gun_texture" },
        "up":    { "uv": [ 8, 7, 9, 7.5999999046325684 ], "texture": "#bright_gun_texture" },
        "north": { "uv": [ 5, 3, 6, 5 ], "texture": "#bright_gun_texture" },
        "south": { "uv": [ 8, 11, 9, 13 ], "texture": "#bright_gun_texture" },
        "west":  { "uv": [ 8, 6, 9, 7 ], "texture": "#bright_gun_texture" },
        "east":  { "uv": [ 6, 5, 6.5999999046325684, 7 ], "texture": "#bright_gun_texture" }
    }
},
{
    "from": [ 9.25, 12.25, 7.75 ],
    "to": [ 11, 12.375, 8.35 ],
    "faces": {
        "down":  { "uv": [ 5, 8, 5.4, 8.6 ], "texture": "#bright_gun_texture" },
        "up":    { "uv": [ 3, 4, 3.4000000953674316, 4.5999999046325684 ], "texture": "#bright_gun_texture" },
        "north": { "uv": [ 9, 2, 9.3999996185302734, 5 ], "texture": "#bright_gun_texture" },
        "south": { "uv": [ 3, 4, 3.4000000953674316, 7 ], "texture": "#bright_gun_texture" },
        "west":  { "uv": [ 5, 11, 5.5999999046325684, 14 ], "texture": "#bright_gun_texture" },
        "east":  { "uv": [ 5, 11, 5.5999999046325684, 14 ], "texture": "#bright_gun_texture" }
    }
},
{
    "from": [ 8.125, 9.875, 7.4375 ],
    "to": [ 11.75, 10.75, 8.5625 ],
    "faces": {
        "down":  { "uv": [ 5, 8, 5.4, 8.6 ], "texture": "#bright_gun_texture" },
        "up":    { "uv": [ 3, 4, 3.4000000953674316, 4.5999999046325684 ], "texture": "#bright_gun_texture" },
        "north": { "uv": [ 9, 2, 9.3999996185302734, 5 ], "texture": "#bright_gun_texture" },
        "south": { "uv": [ 3, 4, 3.4000000953674316, 7 ], "texture": "#bright_gun_texture" },
        "west":  { "uv": [ 5, 11, 5.5999999046325684, 14 ], "texture": "#bright_gun_texture" },
        "east":  { "uv": [ 5, 11, 5.5999999046325684, 14 ], "texture": "#bright_gun_texture" }
    }
},
{
    "from": [ 1.5, 2.5, 7.1 ],
    "to": [ 3.3, 7, 8.9 ],
    "faces": {
        "down":  { "uv": [ 5, 3, 6.8, 4.8 ], "texture": "#bright_gun_texture" },
        "up":    { "uv": [ 6, 5, 7.8000001907348633, 6.8000001907348633 ], "texture": "#bright_gun_texture" },
        "north": { "uv": [ 5, 3, 6.8000001907348633, 7.5 ], "texture": "#bright_gun_texture" },
        "south": { "uv": [ 8, 9, 9.8000001907348633, 13.5 ], "texture": "#bright_gun_texture" },
        "west":  { "uv": [ 4, 6, 5.8000001907348633, 10.5 ], "texture": "#bright_gun_texture" },
        "east":  { "uv": [ 6, 8, 7.8000001907348633, 12.5 ], "texture": "#bright_gun_texture" }
    }
},
{
    "from": [ 7, 12.125, 7.5 ],
    "to": [ 9.25, 12.375, 8.625 ],
    "faces": {
        "down":  { "uv": [ 10.3125, 7.1875, 14.3125, 8.75 ], "texture": "#bright_gun_texture" },
        "up":    { "uv": [ 10.3125, 7.1875, 14.3125, 8.75 ], "texture": "#bright_gun_texture" },
        "north": { "uv": [ 10.3125, 1.875, 14.3125, 2.125 ], "texture": "#bright_gun_texture" },
        "south": { "uv": [ 10.3125, 1.875, 14.3125, 2.125 ], "texture": "#bright_gun_texture" },
        "west":  { "uv": [ 7.1875, 1.875, 8.75, 2.125 ], "texture": "#bright_gun_texture" },
        "east":  { "uv": [ 7.1875, 1.875, 8.75, 2.125 ], "texture": "#bright_gun_texture" }
    }
},
{
    "from": [ 9.25, 12.125, 7.375 ],
    "to": [ 12.625, 12.25, 8.71 ],
    "faces": {
        "down":  { "uv": [ 3, 5, 10, 6.4 ], "texture": "#bright_gun_texture" },
        "up":    { "uv": [ 2, 4, 9, 5.4000000953674316 ], "texture": "#bright_gun_texture" },
        "north": { "uv": [ 4, 4, 11, 5.4000000953674316 ], "texture": "#bright_gun_texture" },
        "south": { "uv": [ 3, 4, 10, 5.4000000953674316 ], "texture": "#bright_gun_texture" },
        "west":  { "uv": [ 4, 1, 5.4000000953674316, 2.4000000953674316 ], "texture": "#bright_gun_texture" },
        "east":  { "uv": [ 5, 4, 6.4000000953674316, 5.4000000953674316 ], "texture": "#dark_gun_texture" }
    }
},
{
    "from": [ 7, 10.75, 7.25 ],
    "to": [ 9.25, 11, 8.85 ],
    "faces": {
        "down":  { "uv": [ 10.3125, 7.1875, 14.3125, 8.75 ], "texture": "#bright_gun_texture" },
        "up":    { "uv": [ 10.3125, 7.1875, 14.3125, 8.75 ], "texture": "#bright_gun_texture" },
        "north": { "uv": [ 10.3125, 3.25, 14.3125, 3.5 ], "texture": "#bright_gun_texture" },
        "south": { "uv": [ 10.3125, 3.25, 14.3125, 3.5 ], "texture": "#bright_gun_texture" },
        "west":  { "uv": [ 7.1875, 3.25, 8.75, 3.5 ], "texture": "#bright_gun_texture" },
        "east":  { "uv": [ 7.1875, 3.25, 8.75, 3.5 ], "texture": "#bright_gun_texture" }
    }
},
{
    "from": [ 7, 11, 7.25 ],
    "to": [ 9.25, 12.375, 7.5 ],
    "faces": {
        "down":  { "uv": [ 10.3125, 7.1875, 14.3125, 7.4375 ], "texture": "#bright_gun_texture" },
        "up":    { "uv": [ 10.3125, 7.1875, 14.3125, 7.4375 ], "texture": "#bright_gun_texture" },
        "north": { "uv": [ 10.3125, 2.125, 14.3125, 3.25 ], "texture": "#bright_gun_texture" },
        "south": { "uv": [ 10.3125, 2.125, 14.3125, 3.25 ], "texture": "#bright_gun_texture" },
        "west":  { "uv": [ 7.1875, 2.125, 7.4375, 3.25 ], "texture": "#bright_gun_texture" },
        "east":  { "uv": [ 7.1875, 2.125, 7.4375, 3.25 ], "texture": "#bright_gun_texture" }
    }
},
{
    "from": [ 7, 11, 8.6 ],
    "to": [ 9.25, 12.375, 8.85 ],
    "faces": {
        "down":  { "uv": [ 10.3125, 8.5, 14.3125, 8.75 ], "texture": "#bright_gun_texture" },
        "up":    { "uv": [ 10.3125, 8.5, 14.3125, 8.75 ], "texture": "#bright_gun_texture" },
        "north": { "uv": [ 10.3125, 2.125, 14.3125, 3.25 ], "texture": "#bright_gun_texture" },
        "south": { "uv": [ 10.3125, 2.125, 14.3125, 3.25 ], "texture": "#bright_gun_texture" },
        "west":  { "uv": [ 8.5, 2.125, 8.75, 3.25 ], "texture": "#bright_gun_texture" },
        "east":  { "uv": [ 8.5, 2.125, 8.75, 3.25 ], "texture": "#bright_gun_texture" }
    }
},
{
    "from": [ 9.25, 10.875, 7.375 ],
    "to": [ 12.625, 11, 8.71 ],
    "faces": {
        "down":  { "uv": [ 3.9375, 7.25, 10.3125, 8.625 ], "texture": "#bright_gun_texture" },
        "up":    { "uv": [ 3.9375, 7.25, 10.3125, 8.625 ], "texture": "#bright_gun_texture" },
        "north": { "uv": [ 3.9375, 3.25, 10.3125, 3.375 ], "texture": "#bright_gun_texture" },
        "south": { "uv": [ 3.9375, 3.25, 10.3125, 3.375 ], "texture": "#bright_gun_texture" },
        "west":  { "uv": [ 7.25, 3.25, 8.625, 3.375 ], "texture": "#bright_gun_texture" },
        "east":  { "uv": [ 7.25, 3.25, 8.625, 3.375 ], "texture": "#dark_gun_texture" }
    }
},
{
    "from": [ 9.25, 11, 7.375 ],
    "to": [ 12.625, 12.125, 7.5 ],
    "faces": {
        "down":  { "uv": [ 3.9375, 7.25, 10.3125, 7.375 ], "texture": "#bright_gun_texture" },
        "up":    { "uv": [ 3.9375, 7.25, 10.3125, 7.375 ], "texture": "#bright_gun_texture" },
        "north": { "uv": [ 3.9375, 2.0625, 10.3125, 3.1875 ], "texture": "#bright_gun_texture" },
        "south": { "uv": [ 3.9375, 2.0625, 10.3125, 3.1875 ], "texture": "#bright_gun_texture" },
        "west":  { "uv": [ 7.25, 2.0625, 7.375, 3.1875 ], "texture": "#bright_gun_texture" },
        "east":  { "uv": [ 7.25, 2.0625, 7.375, 3.1875 ], "texture": "#dark_gun_texture" }
    }
},
{
    "from": [ 9.25, 11, 8.5875 ],
    "to": [ 12.625, 12.125, 8.7125 ],
    "faces": {
        "down":  { "uv": [ 3.9375, 8.5625, 10.3125, 8.6875 ], "texture": "#bright_gun_texture" },
        "up":    { "uv": [ 3.9375, 8.5625, 10.3125, 8.6875 ], "texture": "#bright_gun_texture" },
        "north": { "uv": [ 3.9375, 2.0625, 10.3125, 3.1875 ], "texture": "#bright_gun_texture" },
        "south": { "uv": [ 3.9375, 2.0625, 10.3125, 3.1875 ], "texture": "#bright_gun_texture" },
        "west":  { "uv": [ 8.5625, 2.0625, 8.6875, 3.1875 ], "texture": "#bright_gun_texture" },
        "east":  { "uv": [ 8.5625, 2.0625, 8.6875, 3.1875 ], "texture": "#dark_gun_texture" }
    }
},
{
    "from": [ 11.75, 12.175, 7.75 ],
    "to": [ 12.375, 12.375, 8.375 ],
    "faces": {
        "down":  { "uv": [ 8.25, 7.1875, 8.625, 8.75 ], "texture": "#bright_gun_texture" },
        "up":    { "uv": [ 8.25, 7.1875, 8.625, 8.75 ], "texture": "#bright_gun_texture" },
        "north": { "uv": [ 8.25, 5.625, 8.625, 5.8125 ], "texture": "#bright_gun_texture" },
        "south": { "uv": [ 8.25, 5.625, 8.625, 5.8125 ], "texture": "#bright_gun_texture" },
        "west":  { "uv": [ 7.1875, 5.625, 8.75, 5.8125 ], "texture": "#bright_gun_texture" },
        "east":  { "uv": [ 7.1875, 5.625, 8.75, 5.8125 ], "texture": "#bright_gun_texture" }
    }
},
{
    "from": [ 4.25, 8.475, 9.375 ],
    "to": [ 4.875, 9.875, 10 ],
    "rotation": { "origin": [ 4.25, 9.875, 9.375 ], "axis": "x", "angle": 45 },
    "faces": {
        "down":  { "uv": [ 8.25, 8.5625, 8.625, 8.75 ], "texture": "#bright_gun_texture" },
        "up":    { "uv": [ 8.25, 8.5625, 8.625, 8.75 ], "texture": "#bright_gun_texture" },
        "north": { "uv": [ 8.25, 4.3125, 8.625, 5.6875 ], "texture": "#bright_gun_texture" },
        "south": { "uv": [ 8.25, 4.3125, 8.625, 5.6875 ], "texture": "#bright_gun_texture" },
        "west":  { "uv": [ 8.5625, 4.3125, 8.75, 5.6875 ], "texture": "#bright_gun_texture" },
        "east":  { "uv": [ 8.5625, 4.3125, 8.75, 5.6875 ], "texture": "#bright_gun_texture" }
    }
},
{
    "from": [ 1.5, 9.125, 7.375 ],
    "to": [ 12.75, 9.875, 8.625 ],
    "faces": {
        "down":  { "uv": [ 14.5, 8.625, 3.25, 7.375 ], "texture": "#normal_gun_texture" },
        "up":    { "uv": [ 1.5, 7.375, 12.75, 8.625 ], "texture": "#normal_gun_texture" },
        "north": { "uv": [ 3.25, 6.125, 14.5, 6.875 ], "texture": "#normal_gun_texture" },
        "south": { "uv": [ 1.5, 6.125, 12.75, 6.875 ], "texture": "#normal_gun_texture" },
        "west":  { "uv": [ 7.375, 6.125, 8.625, 6.875 ], "texture": "#normal_gun_texture" },
        "east":  { "uv": [ 7.375, 6.125, 8.625, 6.875 ], "texture": "#normal_gun_texture" }
    }
},
{
    "from": [ 9.25, 10.75, 7.4375 ],
    "to": [ 11.75, 10.875, 8.5625 ],
    "faces": {
        "down":  { "uv": [ 9.25, 7.4375, 11.625, 8.5625 ], "texture": "#bright_gun_texture" },
        "up":    { "uv": [ 9.25, 7.4375, 11.625, 8.5625 ], "texture": "#bright_gun_texture" },
        "north": { "uv": [ 9.25, 5.125, 11.625, 5.25 ], "texture": "#bright_gun_texture" },
        "south": { "uv": [ 9.25, 5.125, 11.625, 5.25 ], "texture": "#bright_gun_texture" },
        "west":  { "uv": [ 7.4375, 5.125, 8.5625, 5.25 ], "texture": "#bright_gun_texture" },
        "east":  { "uv": [ 7.4375, 5.125, 8.5625, 5.25 ], "texture": "#bright_gun_texture" }
    }
},
{
    "from": [ 21.125, 4.0625, 7.125 ],
    "to": [ 21.625, 4.3125, 8.925 ],
    "faces": {
        "down":  { "uv": [ 5, 5, 14.5, 7 ], "texture": "#bright_gun_texture" },
        "up":    { "uv": [ 4, 6, 11.5, 8 ], "texture": "#bright_gun_texture" },
        "north": { "uv": [ 7, 8, 14.5, 10.300000190734863 ], "texture": "#bright_gun_texture" },
        "south": { "uv": [ 6, 10, 13.5, 12.300000190734863 ], "texture": "#bright_gun_texture" },
        "west":  { "uv": [ 7, 5, 10, 7.3000001907348633 ], "texture": "#bright_gun_texture" },
        "east":  { "uv": [ 14, 13, 16, 15.300000190734863 ], "texture": "#bright_gun_texture" }
    }
}
],
"display": {
    "thirdperson_righthand": {
        "rotation": [ 60, -90, 0 ],
        "translation": [ 0, 4, 3 ],
        "scale": [ 0.6, 0.6, 0.6 ]
    },
    "thirdperson_lefthand": {
        "rotation": [ 0, 90, 180 ],
        "translation": [ 0, 1, 10 ],
        "scale": [ 0.6, 0.6, 0.6 ]
    },
    "head": {
        "rotation": [ 0, -90, 0 ],
        "translation": [ 0, 10, 0 ],
        "scale": [ 0.6, 0.6, 0.6 ]
    },
    "ground": {
        "rotation": [ 90, 0, 0 ],
        "translation": [ 0, 0, 0 ],
        "scale": [ 0.6, 0.6, 0.6 ]
    },
    "fixed": {
        "rotation": [ 0, 0, 0 ],
        "translation": [ 0, 0, 0 ],
        "scale": [ 1, 1, 1 ]
    },
    "firstperson_righthand": {
        "rotation": [ 0, -90, 0 ],
        "translation": [ 0, 3, -8 ],
        "scale": [ 1, 1, 1 ]
    },
    "firstperson_lefthand": {
        "rotation": [ 0, 90, 90 ],
        "translation": [ 5, 5, -5 ],
        "scale": [ 1, 1, 1 ]
    },
    "gui": {
        "rotation": [ -20, 40, 0 ],
        "translation": [ 0, 0, 0 ],
        "scale": [ 0.5, 0.5, 0.5 ]
    }
}
}