{
	"__comment": "© Le0, Mineland.eu 2019 | www.mineland.eu",
	"textures": {
		"ntw20_sight": "guns/automaty/ntw20_sight",
		"tavor_black": "guns/automaty/tavor_black",
		"holo": "guns/automaty/holo"
	},
	"elements": [ 	 
		{
			"from": [ 7.7, 9.2, -0.6 ],
			"to": [ 8.300001, 9.5, 6 ],
			"faces": {
				"down": { "uv": [ 0, 2, 0.2, 2.3 ], "texture": "#ntw20_sight" },
				"up": { "uv": [ 0, 2, 0.2, 2.3 ], "texture": "#ntw20_sight" },
				"north": { "uv": [ 0, 2, 0.2, 2.1 ], "texture": "#ntw20_sight" },
				"south": { "uv": [ 0, 0, 0.2, 0.1000004 ], "texture": "#ntw20_sight" },
				"west": { "uv": [ 0, 0, 4.3, 0.1000004 ], "texture": "#ntw20_sight" },
				"east": { "uv": [ 0, 2, 0.3, 2.1 ], "texture": "#ntw20_sight" }
			}
		},
		{
			"from": [ 7.475, 7.4, -1.035 ],
			"to": [ 8.525002, 7.699999, 9.765 ],
			"faces": {
				"down": { "uv": [ 0, 2, 0.35, 2.2 ], "texture": "#ntw20_sight" },
				"up": { "uv": [ 0, 2, 0.35, 2.2 ], "texture": "#ntw20_sight" },
				"north": { "uv": [ 0, 0, 0.35, 0.1000004 ], "texture": "#ntw20_sight" },
				"south": { "uv": [ 0, 2, 0.35, 2.1 ], "texture": "#ntw20_sight" },
				"west": { "uv": [ 0, 2, 1.2, 2.1 ], "texture": "#ntw20_sight" },
				"east": { "uv": [ 0, 2, 0.2, 2.1 ], "texture": "#ntw20_sight" }
			}
		},
		{
			"from": [ 6.215, 9.38, -0.6 ],
			"to": [ 6.514999, 9.980001, 6 ],
			"rotation": { "origin": [ 8, 11.9, 18 ], "axis": "z", "angle": 45 },
			"faces": {
				"down": { "uv": [ 0, 2, 0.1, 2.3 ], "texture": "#ntw20_sight" },
				"up": { "uv": [ 0, 2, 0.1, 2.3 ], "texture": "#ntw20_sight" },
				"north": { "uv": [ 0, 2, 0.1, 2.2 ], "texture": "#ntw20_sight" },
				"south": { "uv": [ 0, 3, 0.1, 3.2 ], "texture": "#ntw20_sight" },
				"west": { "uv": [ 0, 2, 0.3, 2.2 ], "texture": "#ntw20_sight" },
				"east": { "uv": [ 0, 2, 0.3, 2.2 ], "texture": "#ntw20_sight" }
			}
		},
		{
			"from": [ 9.695, 9.479, -0.6 ],
			"to": [ 9.995001, 10.079, 6 ],
			"rotation": { "origin": [ 8, 12.2, 18 ], "axis": "z", "angle": -45 },
			"faces": {
				"down": { "uv": [ 0, 2, 0.1, 2.3 ], "texture": "#ntw20_sight" },
				"up": { "uv": [ 0, 2, 0.1, 2.3 ], "texture": "#ntw20_sight" },
				"north": { "uv": [ 0, 2, 0.1, 2.2 ], "texture": "#ntw20_sight" },
				"south": { "uv": [ 0, 0, 0.1, 0.1999998 ], "texture": "#ntw20_sight" },
				"west": { "uv": [ 0, 2, 0.3, 2.2 ], "texture": "#ntw20_sight" },
				"east": { "uv": [ 0, 2, 0.3, 2.2 ], "texture": "#ntw20_sight" }
			}
		},
		{
			"from": [ 9.671, 8.368999, -0.6 ],
			"to": [ 9.970998, 9.268999, 10.2 ],
			"rotation": { "origin": [ 8, 15.2, 18 ], "axis": "z", "angle": -22.5 },
			"faces": {
				"down": { "uv": [ 0, 2, 0.1, 3 ], "texture": "#ntw20_sight" },
				"up": { "uv": [ 0, 2, 0.1, 3 ], "texture": "#ntw20_sight" },
				"north": { "uv": [ 0, 2, 0.1, 2.3 ], "texture": "#ntw20_sight" },
				"south": { "uv": [ 0, 2, 0.1, 2.3 ], "texture": "#ntw20_sight" },
				"west": { "uv": [ 0, 2, 1, 2.3 ], "texture": "#ntw20_sight" },
				"east": { "uv": [ 0, 2, 1, 2.3 ], "texture": "#ntw20_sight" }
			}
		},
		{
			"from": [ 6.146, 8.33, -0.6 ],
			"to": [ 6.446, 9.23, 10.2 ],
			"rotation": { "origin": [ 8, 14.9, 18 ], "axis": "z", "angle": 22.5 },
			"faces": {
				"down": { "uv": [ 0, 3, 0.1, 3 ], "texture": "#ntw20_sight" },
				"up": { "uv": [ 0, 2, 0.1, 2 ], "texture": "#ntw20_sight" },
				"north": { "uv": [ 0, 2, 0.1, 2.3 ], "texture": "#ntw20_sight" },
				"south": { "uv": [ 0, 2, 0.1, 2.3 ], "texture": "#ntw20_sight" },
				"west": { "uv": [ 0, 2, 1, 2.3 ], "texture": "#ntw20_sight" },
				"east": { "uv": [ 0, 2, 1, 2.3 ], "texture": "#ntw20_sight" }
			}
		},
		{
			"from": [ 6.929, 7.649, -0.6 ],
			"to": [ 7.229, 8.249001, 10.2 ],
			"faces": {
				"down": { "uv": [ 0, 0, 0.1, 6 ], "texture": "#ntw20_sight" },
				"up": { "uv": [ 0, 0, 0.1, 6 ], "texture": "#ntw20_sight" },
				"north": { "uv": [ 0, 2, 0.1, 2.2 ], "texture": "#ntw20_sight" },
				"south": { "uv": [ 0, 2, 0.1, 2.2 ], "texture": "#ntw20_sight" },
				"west": { "uv": [ 0, 2, 1, 2.2 ], "texture": "#ntw20_sight" },
				"east": { "uv": [ 0, 2, 1, 2.2 ], "texture": "#ntw20_sight" }
			}
		},
		{
			"from": [ 8.78, 7.64, -0.6 ],
			"to": [ 9.079998, 8.24, 10.2 ],
			"faces": {
				"down": { "uv": [ 0, 3, 0.1, 3 ], "texture": "#ntw20_sight" },
				"up": { "uv": [ 0, 3, 0.1, 3 ], "texture": "#ntw20_sight" },
				"north": { "uv": [ 0, 2, 0.1, 2.2 ], "texture": "#ntw20_sight" },
				"south": { "uv": [ 0, 2, 0.1, 2.2 ], "texture": "#ntw20_sight" },
				"west": { "uv": [ 0, 2, 1, 2.2 ], "texture": "#ntw20_sight" },
				"east": { "uv": [ 0, 2, 1, 2.2 ], "texture": "#ntw20_sight" }
			}
		},
		{
			"from": [ 7.16, 0.95, 2.01 ],
			"to": [ 7.460001, 1.91, 2.91 ],
			"rotation": { "origin": [ 8, 11.9, 18 ], "axis": "x", "angle": 22.5 },
			"faces": {
				"down": { "uv": [ 0, 2, 0.1, 2.3 ], "texture": "#ntw20_sight" },
				"up": { "uv": [ 0, 2, 0.1, 2.3 ], "texture": "#ntw20_sight" },
				"north": { "uv": [ 0, 2, 0.1, 2.32 ], "texture": "#ntw20_sight" },
				"south": { "uv": [ 0, 2, 0.1, 2.32 ], "texture": "#ntw20_sight" },
				"west": { "uv": [ 0, 2, 0.3, 2.32 ], "texture": "#ntw20_sight" },
				"east": { "uv": [ 0, 2, 0.3, 2.32 ], "texture": "#ntw20_sight" }
			}
		},
		{
			"from": [ 8.639, 7.55, -0.6 ],
			"to": [ 9.238999, 7.850001, 10.2 ],
			"rotation": { "origin": [ 8, 11.9, 18 ], "axis": "z", "angle": -22.5 },
			"faces": {
				"down": { "uv": [ 1, 2, 0.2, 3 ], "texture": "#ntw20_sight" },
				"up": { "uv": [ 0, 2, 0.2, 3 ], "texture": "#ntw20_sight" },
				"north": { "uv": [ 0, 2, 0.2, 2.1 ], "texture": "#ntw20_sight" },
				"south": { "uv": [ 0, 2, 0.2, 2.1 ], "texture": "#ntw20_sight" },
				"west": { "uv": [ 0, 2, 1, 2.1 ], "texture": "#ntw20_sight" },
				"east": { "uv": [ 0, 2, 1, 2.1 ], "texture": "#ntw20_sight" }
			}
		},
		{
			"from": [ 6.77, 7.55, -0.6 ],
			"to": [ 7.369999, 7.850001, 10.2 ],
			"rotation": { "origin": [ 8, 11.9, 18 ], "axis": "z", "angle": 22.5 },
			"faces": {
				"down": { "uv": [ 1, 2, 0.2, 3 ], "texture": "#ntw20_sight" },
				"up": { "uv": [ 0, 0, 0.2, 6 ], "texture": "#ntw20_sight" },
				"north": { "uv": [ 0, 2, 0.2, 2.1 ], "texture": "#ntw20_sight" },
				"south": { "uv": [ 0, 0, 0.2, 0.1000004 ], "texture": "#ntw20_sight" },
				"west": { "uv": [ 0, 0, 6, 0.1000004 ], "texture": "#ntw20_sight" },
				"east": { "uv": [ 0, 2, 1, 2.1 ], "texture": "#ntw20_sight" }
			}
		},
		{
			"from": [ 7.25, 8.78, 5.1 ],
			"to": [ 8.75, 9.08, 10.2 ],
			"faces": {
				"down": { "uv": [ 0, 0, 0.5, 1.7 ], "texture": "#ntw20_sight" },
				"up": { "uv": [ 0, 0, 0.5, 1.7 ], "texture": "#ntw20_sight" },
				"north": { "uv": [ 0, 0, 0.5, 0.1000004 ], "texture": "#ntw20_sight" },
				"south": { "uv": [ 0, 0, 0.5, 0.1000004 ], "texture": "#ntw20_sight" },
				"west": { "uv": [ 0, 0, 0.7, 0.1000004 ], "texture": "#ntw20_sight" },
				"east": { "uv": [ 0, 0, 0.7, 0.1000004 ], "texture": "#ntw20_sight" }
			}
		},
		{
			"from": [ 7.16, 0.74, 2.01 ],
			"to": [ 7.460001, 1.7, 2.16 ],
			"rotation": { "origin": [ 8, 11.9, 18 ], "axis": "x", "angle": 22.5 },
			"faces": {
				"down": { "uv": [ 0, 2, 0.1, 2.05 ], "texture": "#ntw20_sight" },
				"up": { "uv": [ 0, 2, 0.1, 2.05 ], "texture": "#ntw20_sight" },
				"north": { "uv": [ 0, 2, 0.1, 2.32 ], "texture": "#ntw20_sight" },
				"south": { "uv": [ 0, 2, 0.1, 2.32 ], "texture": "#ntw20_sight" },
				"west": { "uv": [ 0, 2, 0.05, 2.32 ], "texture": "#ntw20_sight" },
				"east": { "uv": [ 0, 3, 0.05, 3.32 ], "texture": "#ntw20_sight" }
			}
		},
		{
			"from": [ 7.43, 7.46, -1.035 ],
			"to": [ 8.569999, 7.7, 9.765 ],
			"faces": {
				"down": { "uv": [ 0, 0, 0.38, 6.2 ], "texture": "#ntw20_sight" },
				"up": { "uv": [ 0, 0, 0.38, 6.2 ], "texture": "#ntw20_sight" },
				"north": { "uv": [ 0, 0, 0.38, 0.07999992 ], "texture": "#ntw20_sight" },
				"south": { "uv": [ 0, 0, 0.38, 0.07999992 ], "texture": "#ntw20_sight" },
				"west": { "uv": [ 0, 0, 6.2, 0.07999992 ], "texture": "#ntw20_sight" },
				"east": { "uv": [ 0, 0, 6.2, 0.07999992 ], "texture": "#ntw20_sight" }
			}
		},
		{
			"from": [ 7.4, 7.52, -1.035 ],
			"to": [ 8.599998, 7.73, 9.765 ],
			"faces": {
				"down": { "uv": [ 0, 0, 0.4, 6.2 ], "texture": "#ntw20_sight" },
				"up": { "uv": [ 0, 0, 0.4, 6.2 ], "texture": "#ntw20_sight" },
				"north": { "uv": [ 0, 0, 0.4, 0.06999969 ], "texture": "#ntw20_sight" },
				"south": { "uv": [ 0, 0, 0.4, 0.06999969 ], "texture": "#ntw20_sight" },
				"west": { "uv": [ 0, 0, 6.2, 0.06999969 ], "texture": "#ntw20_sight" },
				"east": { "uv": [ 0, 0, 6.2, 0.06999969 ], "texture": "#ntw20_sight" }
			}
		},
		{
			"from": [ 7.37, 7.55, -1.035 ],
			"to": [ 8.63, 7.730001, 9.765 ],
			"faces": {
				"down": { "uv": [ 0, 0, 0.42, 6.2 ], "texture": "#ntw20_sight" },
				"up": { "uv": [ 0, 0, 0.42, 6.2 ], "texture": "#ntw20_sight" },
				"north": { "uv": [ 0, 0, 0.42, 0.06000042 ], "texture": "#ntw20_sight" },
				"south": { "uv": [ 0, 0, 0.42, 0.06000042 ], "texture": "#ntw20_sight" },
				"west": { "uv": [ 0, 0, 6.2, 0.06000042 ], "texture": "#ntw20_sight" },
				"east": { "uv": [ 0, 0, 6.2, 0.06000042 ], "texture": "#ntw20_sight" }
			}
		},
		{
			"from": [ 7.31, 7.58, -1.035 ],
			"to": [ 8.689999, 7.73, 9.765 ],
			"faces": {
				"down": { "uv": [ 0, 0, 0.46, 6.2 ], "texture": "#ntw20_sight" },
				"up": { "uv": [ 0, 0, 0.46, 6.2 ], "texture": "#ntw20_sight" },
				"north": { "uv": [ 0, 0, 0.46, 0.05000019 ], "texture": "#ntw20_sight" },
				"south": { "uv": [ 0, 0, 0.46, 0.05000019 ], "texture": "#ntw20_sight" },
				"west": { "uv": [ 0, 0, 6.2, 0.05000019 ], "texture": "#ntw20_sight" },
				"east": { "uv": [ 0, 0, 6.2, 0.05000019 ], "texture": "#ntw20_sight" }
			}
		},
		{
			"from": [ 7.25, 7.64, -1.035 ],
			"to": [ 8.75, 7.73, 9.765 ],
			"faces": {
				"down": { "uv": [ 0, 0, 0.5, 6.2 ], "texture": "#ntw20_sight" },
				"up": { "uv": [ 0, 0, 0.5, 6.2 ], "texture": "#ntw20_sight" },
				"north": { "uv": [ 0, 0, 0.5, 0.02999973 ], "texture": "#ntw20_sight" },
				"south": { "uv": [ 0, 0, 0.5, 0.02999973 ], "texture": "#ntw20_sight" },
				"west": { "uv": [ 0, 0, 6.2, 0.02999973 ], "texture": "#ntw20_sight" },
				"east": { "uv": [ 0, 0, 6.2, 0.02999973 ], "texture": "#ntw20_sight" }
			}
		},
		{
			"from": [ 7.19, 7.64, -1.035 ],
			"to": [ 8.810001, 7.73, 9.765 ],
			"faces": {
				"down": { "uv": [ 0, 0, 0.54, 6.2 ], "texture": "#ntw20_sight" },
				"up": { "uv": [ 0, 0, 0.54, 6.2 ], "texture": "#ntw20_sight" },
				"north": { "uv": [ 0, 0, 0.54, 0.02999973 ], "texture": "#ntw20_sight" },
				"south": { "uv": [ 0, 0, 0.54, 0.02999973 ], "texture": "#ntw20_sight" },
				"west": { "uv": [ 0, 0, 6.2, 0.02999973 ], "texture": "#ntw20_sight" },
				"east": { "uv": [ 0, 0, 6.2, 0.02999973 ], "texture": "#ntw20_sight" }
			}
		},
		{
			"from": [ 7.16, 7.67, -1.035 ],
			"to": [ 8.84, 7.730001, 9.765 ],
			"faces": {
				"down": { "uv": [ 0, 0, 0.56, 6.2 ], "texture": "#ntw20_sight" },
				"up": { "uv": [ 0, 0, 0.56, 6.2 ], "texture": "#ntw20_sight" },
				"north": { "uv": [ 0, 0, 0.56, 0.02000046 ], "texture": "#ntw20_sight" },
				"south": { "uv": [ 0, 0, 0.56, 0.02000046 ], "texture": "#ntw20_sight" },
				"west": { "uv": [ 0, 0, 6.2, 0.02000046 ], "texture": "#ntw20_sight" },
				"east": { "uv": [ 0, 0, 6.2, 0.02000046 ], "texture": "#ntw20_sight" }
			}
		},
		{
			"from": [ 7.16, 7.67, -0.9 ],
			"to": [ 7.460001, 7.970001, 10.5 ],
			"faces": {
				"down": { "uv": [ 0, 0, 0.1, 6.2 ], "texture": "#ntw20_sight" },
				"up": { "uv": [ 0, 0, 0.1, 6.2 ], "texture": "#ntw20_sight" },
				"north": { "uv": [ 0, 0, 0.1, 0.1000004 ], "texture": "#ntw20_sight" },
				"south": { "uv": [ 0, 0, 0.1, 0.1000004 ], "texture": "#ntw20_sight" },
				"west": { "uv": [ 0, 2, 0.2, 2.1 ], "texture": "#ntw20_sight" },
				"east": { "uv": [ 0, 0, 0.2, 0.1000004 ], "texture": "#ntw20_sight" }
			}
		},
		{
			"from": [ 8.54, 7.67, -0.9 ],
			"to": [ 8.839998, 7.970001, 10.5 ],
			"faces": {
				"down": { "uv": [ 0, 0, 0.1, 6.2 ], "texture": "#ntw20_sight" },
				"up": { "uv": [ 0, 0, 0.1, 6.2 ], "texture": "#ntw20_sight" },
				"north": { "uv": [ 0, 0, 0.1, 0.1000004 ], "texture": "#ntw20_sight" },
				"south": { "uv": [ 0, 0, 0.1, 0.1000004 ], "texture": "#ntw20_sight" },
				"west": { "uv": [ 0, 0, 6.2, 0.1000004 ], "texture": "#ntw20_sight" },
				"east": { "uv": [ 0, 2, 0.2, 2.1 ], "texture": "#ntw20_sight" }
			}
		},
		{
			"from": [ 7.34, 7.7, 6 ],
			"to": [ 8.66, 9.59, 6.599999 ],
			"faces": {
				"down": { "uv": [ 0, 3, 0.44, 3.2 ], "texture": "#ntw20_sight" },
				"up": { "uv": [ 0, 3, 0.44, 3.2 ], "texture": "#ntw20_sight" },
				"north": { "uv": [ 0, 3, 0.44, 3.63 ], "texture": "#ntw20_sight" },
				"south": { "uv": [ 0, 3, 0.44, 3.63 ], "texture": "#ntw20_sight" },
				"west": { "uv": [ 0, 3, 0.2, 3.63 ], "texture": "#ntw20_sight" },
				"east": { "uv": [ 0, 3, 0.2, 3.63 ], "texture": "#ntw20_sight" }
			}
		},
		{
			"from": [ 7.7, 8.731999, 6.699 ],
			"to": [ 8.300001, 9.332001, 7.299001 ],
			"rotation": { "origin": [ 8, 6.199999, 6 ], "axis": "x", "angle": -22.5 },
			"faces": {
				"down": { "uv": [ 0, 0, 0.2, 0.1999998 ], "texture": "#ntw20_sight" },
				"up": { "uv": [ 0, 0, 0.2, 0.1999998 ], "texture": "#ntw20_sight" },
				"north": { "uv": [ 0, 0, 0.2, 0.1999998 ], "texture": "#ntw20_sight" },
				"south": { "uv": [ 0, 0, 0.2, 0.1999998 ], "texture": "#ntw20_sight" },
				"west": { "uv": [ 0, 0, 0.2, 0.1999998 ], "texture": "#ntw20_sight" },
				"east": { "uv": [ 0, 0, 0.2, 0.1999998 ], "texture": "#ntw20_sight" }
			}
		},
		{
			"from": [ 7.85, 7.73, -5.7 ],
			"to": [ 8.150002, 7.819999, 16.5 ],
			"faces": {
				"down": { "uv": [ 7, 2, 7.1, 3.3 ], "texture": "#tavor_black" },
				"up": { "uv": [ 4, 1, 4.1, 2.3 ], "texture": "#tavor_black" },
				"north": { "uv": [ 7, 2, 7.1, 2.03 ], "texture": "#tavor_black" },
				"south": { "uv": [ 0, 0, 0.1, 0.02999973 ], "texture": "#tavor_black" },
				"west": { "uv": [ 4, 1, 5.3, 1.03 ], "texture": "#tavor_black" },
				"east": { "uv": [ 6, 1, 6.3, 1.03 ], "texture": "#tavor_black" }
			}
		},
		{
			"from": [ 7.85, 8.12, -5.7 ],
			"to": [ 8.150002, 8.210001, 16.5 ],
			"faces": {
				"down": { "uv": [ 0, 0, 0.1, 8.3 ], "texture": "#tavor_black" },
				"up": { "uv": [ 8, 3, 8.1, 3.3 ], "texture": "#tavor_black" },
				"north": { "uv": [ 9, 2, 9.1, 2.03 ], "texture": "#tavor_black" },
				"south": { "uv": [ 0, 0, 0.1, 0.02999973 ], "texture": "#tavor_black" },
				"west": { "uv": [ 0, 0, 8.3, 0.02999973 ], "texture": "#tavor_black" },
				"east": { "uv": [ 8, 3, 8.3, 3.03 ], "texture": "#tavor_black" }
			}
		},
		{
			"from": [ 7.76, 7.82, -5.7 ],
			"to": [ 7.849999, 8.119999, 16.5 ],
			"faces": {
				"down": { "uv": [ 0, 0, 0.03, 8.3 ], "texture": "#tavor_black" },
				"up": { "uv": [ 0, 0, 0.03, 8.3 ], "texture": "#tavor_black" },
				"north": { "uv": [ 9, 2, 9.03, 2.1 ], "texture": "#tavor_black" },
				"south": { "uv": [ 0, 0, 0.03, 0.1000004 ], "texture": "#tavor_black" },
				"west": { "uv": [ 8, 3, 9.3, 3.1 ], "texture": "#tavor_black" },
				"east": { "uv": [ 0, 0, 8.3, 0.1000004 ], "texture": "#tavor_black" }
			}
		},
		{
			"from": [ 8.15, 7.82, -5.7 ],
			"to": [ 8.239999, 8.119999, 16.5 ],
			"faces": {
				"down": { "uv": [ 0, 0, 0.03, 8.3 ], "texture": "#tavor_black" },
				"up": { "uv": [ 7, 3, 7.03, 3.3 ], "texture": "#tavor_black" },
				"north": { "uv": [ 7, 2, 7.03, 2.1 ], "texture": "#tavor_black" },
				"south": { "uv": [ 0, 0, 0.03, 0.1000004 ], "texture": "#tavor_black" },
				"west": { "uv": [ 0, 0, 8.3, 0.1000004 ], "texture": "#tavor_black" },
				"east": { "uv": [ 8, 3, 8.3, 3.1 ], "texture": "#tavor_black" }
			}
		},
		{
			"from": [ 7.85, 8.21, -6.6 ],
			"to": [ 8.150002, 8.299999, -5.4 ],
			"faces": {
				"down": { "uv": [ 0, 0, 0.1, 0.3000002 ], "texture": "#tavor_black" },
				"up": { "uv": [ 0, 0, 0.1, 0.3000002 ], "texture": "#tavor_black" },
				"north": { "uv": [ 0, 0, 0.1, 0.02999973 ], "texture": "#tavor_black" },
				"south": { "uv": [ 0, 0, 0.1, 0.02999973 ], "texture": "#tavor_black" },
				"west": { "uv": [ 0, 0, 0.3, 0.02999973 ], "texture": "#tavor_black" },
				"east": { "uv": [ 0, 0, 0.3, 0.02999973 ], "texture": "#tavor_black" }
			}
		},
		{
			"from": [ 7.85, 7.64, -6.6 ],
			"to": [ 8.150002, 7.73, -5.4 ],
			"faces": {
				"down": { "uv": [ 0, 0, 0.1, 0.3000002 ], "texture": "#tavor_black" },
				"up": { "uv": [ 0, 0, 0.1, 0.3000002 ], "texture": "#tavor_black" },
				"north": { "uv": [ 0, 0, 0.1, 0.02999973 ], "texture": "#tavor_black" },
				"south": { "uv": [ 0, 0, 0.1, 0.02999973 ], "texture": "#tavor_black" },
				"west": { "uv": [ 0, 0, 0.3, 0.02999973 ], "texture": "#tavor_black" },
				"east": { "uv": [ 0, 0, 0.3, 0.02999973 ], "texture": "#tavor_black" }
			}
		},
		{
			"from": [ 7.67, 7.82, -6.6 ],
			"to": [ 7.76, 8.119999, -5.4 ],
			"faces": {
				"down": { "uv": [ 0, 0, 0.03, 0.3000002 ], "texture": "#tavor_black" },
				"up": { "uv": [ 0, 0, 0.03, 0.3000002 ], "texture": "#tavor_black" },
				"north": { "uv": [ 0, 0, 0.03, 0.1000004 ], "texture": "#tavor_black" },
				"south": { "uv": [ 0, 0, 0.03, 0.1000004 ], "texture": "#tavor_black" },
				"west": { "uv": [ 0, 0, 0.3, 0.1000004 ], "texture": "#tavor_black" },
				"east": { "uv": [ 0, 0, 0.3, 0.1000004 ], "texture": "#tavor_black" }
			}
		},
		{
			"from": [ 8.24, 7.82, -6.6 ],
			"to": [ 8.329999, 8.119999, -5.4 ],
			"faces": {
				"down": { "uv": [ 0, 0, 0.03, 0.3000002 ], "texture": "#tavor_black" },
				"up": { "uv": [ 0, 0, 0.03, 0.3000002 ], "texture": "#tavor_black" },
				"north": { "uv": [ 0, 0, 0.03, 0.1000004 ], "texture": "#tavor_black" },
				"south": { "uv": [ 0, 0, 0.03, 0.1000004 ], "texture": "#tavor_black" },
				"west": { "uv": [ 0, 0, 0.3, 0.1000004 ], "texture": "#tavor_black" },
				"east": { "uv": [ 0, 0, 0.3, 0.1000004 ], "texture": "#tavor_black" }
			}
		},
		{
			"from": [ 8.045, 4.88, -5.7 ],
			"to": [ 8.173998, 4.970001, 16.5 ],
			"rotation": { "origin": [ 4.099999, 6.199999, 18 ], "axis": "z", "angle": 45 },
			"faces": {
				"down": { "uv": [ 0, 0, 0.1, 8.3 ], "texture": "#tavor_black" },
				"up": { "uv": [ 8, 3, 8.1, 3.3 ], "texture": "#tavor_black" },
				"north": { "uv": [ 8, 2, 8.1, 2.03 ], "texture": "#tavor_black" },
				"south": { "uv": [ 0, 0, 0.1, 0.02999973 ], "texture": "#tavor_black" },
				"west": { "uv": [ 8, 2, 8.3, 2.03 ], "texture": "#tavor_black" },
				"east": { "uv": [ 0, 0, 8.3, 0.02999973 ], "texture": "#tavor_black" }
			}
		},
		{
			"from": [ 7.745, 8.075, -5.7 ],
			"to": [ 7.874001, 8.165001, 16.5 ],
			"rotation": { "origin": [ 8, 7.699999, 18 ], "axis": "z", "angle": -45 },
			"faces": {
				"down": { "uv": [ 0, 0, 0.1, 8.3 ], "texture": "#tavor_black" },
				"up": { "uv": [ 8, 3, 8.1, 3.3 ], "texture": "#tavor_black" },
				"north": { "uv": [ 8, 2, 8.1, 2.03 ], "texture": "#tavor_black" },
				"south": { "uv": [ 0, 0, 0.1, 0.02999973 ], "texture": "#tavor_black" },
				"west": { "uv": [ 0, 0, 8.3, 0.02999973 ], "texture": "#tavor_black" },
				"east": { "uv": [ 0, 0, 8.3, 0.02999973 ], "texture": "#tavor_black" }
			}
		},
		{
			"from": [ 7.94, 7.7, -5.7 ],
			"to": [ 8.084, 7.79, 16.5 ],
			"rotation": { "origin": [ 8, 7.999999, 18 ], "axis": "z", "angle": -45 },
			"faces": {
				"down": { "uv": [ 8, 3, 8.1, 3.3 ], "texture": "#tavor_black" },
				"up": { "uv": [ 4, 1, 4.1, 1.3 ], "texture": "#tavor_black" },
				"north": { "uv": [ 9, 2, 9.1, 2.03 ], "texture": "#tavor_black" },
				"south": { "uv": [ 0, 0, 0.1, 0.02999973 ], "texture": "#tavor_black" },
				"west": { "uv": [ 7, 3, 7.3, 3.03 ], "texture": "#tavor_black" },
				"east": { "uv": [ 9, 3, 9.3, 3.03 ], "texture": "#tavor_black" }
			}
		},
		{
			"from": [ 7.91, 7.703, -5.7 ],
			"to": [ 8.042, 7.793, 16.5 ],
			"rotation": { "origin": [ 8, 7.999999, 18 ], "axis": "z", "angle": 45 },
			"faces": {
				"down": { "uv": [ 9, 3, 9.1, 3.3 ], "texture": "#tavor_black" },
				"up": { "uv": [ 0, 0, 0.1, 8.3 ], "texture": "#tavor_black" },
				"north": { "uv": [ 8, 2, 8.1, 2.03 ], "texture": "#tavor_black" },
				"south": { "uv": [ 0, 0, 0.1, 0.02999973 ], "texture": "#tavor_black" },
				"west": { "uv": [ 7, 3, 7.3, 3.03 ], "texture": "#tavor_black" },
				"east": { "uv": [ 0, 0, 8.3, 0.02999973 ], "texture": "#tavor_black" }
			}
		},
		{
			"from": [ 7.25, 8.051, 10.83 ],
			"to": [ 8.75, 9.551, 11.46 ],
			"rotation": { "origin": [ 8, 6.199999, 12 ], "axis": "x", "angle": -22.5 },
			"faces": {
				"down": { "uv": [ 0, 0, 0.44, 0.1999998 ], "texture": "#ntw20_sight" },
				"up": { "uv": [ 0, 0, 0.44, 0.1999998 ], "texture": "#ntw20_sight" },
				"north": { "uv": [ 0, 0, 0.44, 0.6300001 ], "texture": "#ntw20_sight" },
				"south": { "uv": [ 0, 0, 0.44, 0.6300001 ], "texture": "#ntw20_sight" },
				"west": { "uv": [ 0, 0, 0.2, 0.6300001 ], "texture": "#ntw20_sight" },
				"east": { "uv": [ 0, 0, 0.2, 0.6300001 ], "texture": "#ntw20_sight" }
			}
		},
		{
			"from": [ 7.22, 8.3, 10.77 ],
			"to": [ 8.780001, 9.410002, 11.37 ],
			"rotation": { "origin": [ 8, 6.199999, 12 ], "axis": "x", "angle": -22.5 },
			"faces": {
				"down": { "uv": [ 0, 0, 0.44, 0.1999998 ], "texture": "#ntw20_sight" },
				"up": { "uv": [ 0, 0, 0.44, 0.1999998 ], "texture": "#ntw20_sight" },
				"north": { "uv": [ 0, 0, 0.44, 0.6300001 ], "texture": "#ntw20_sight" },
				"south": { "uv": [ 0, 0, 0.44, 0.6300001 ], "texture": "#ntw20_sight" },
				"west": { "uv": [ 0, 0, 0.2, 0.6300001 ], "texture": "#ntw20_sight" },
				"east": { "uv": [ 0, 0, 0.2, 0.6300001 ], "texture": "#ntw20_sight" }
			}
		},
		{
			"from": [ 7.1, 8.3, 10.68 ],
			"to": [ 8.900002, 9.17, 11.28 ],
			"rotation": { "origin": [ 8, 6.199999, 12 ], "axis": "x", "angle": -22.5 },
			"faces": {
				"down": { "uv": [ 0, 0, 0.44, 0.1999998 ], "texture": "#ntw20_sight" },
				"up": { "uv": [ 0, 0, 0.44, 0.1999998 ], "texture": "#ntw20_sight" },
				"north": { "uv": [ 0, 0, 0.44, 0.6300001 ], "texture": "#ntw20_sight" },
				"south": { "uv": [ 0, 0, 0.44, 0.6300001 ], "texture": "#ntw20_sight" },
				"west": { "uv": [ 0, 0, 0.2, 0.6300001 ], "texture": "#ntw20_sight" },
				"east": { "uv": [ 0, 0, 0.2, 0.6300001 ], "texture": "#ntw20_sight" }
			}
		},
		{
			"from": [ 7.01, 8.3, 10.62 ],
			"to": [ 8.99, 8.900002, 11.16 ],
			"rotation": { "origin": [ 8, 6.199999, 12 ], "axis": "x", "angle": -22.5 },
			"faces": {
				"down": { "uv": [ 0, 0, 0.44, 0.1999998 ], "texture": "#ntw20_sight" },
				"up": { "uv": [ 0, 0, 0.44, 0.1999998 ], "texture": "#ntw20_sight" },
				"north": { "uv": [ 0, 0, 0.44, 0.6300001 ], "texture": "#ntw20_sight" },
				"south": { "uv": [ 0, 0, 0.44, 0.6300001 ], "texture": "#ntw20_sight" },
				"west": { "uv": [ 0, 0, 0.2, 0.6300001 ], "texture": "#ntw20_sight" },
				"east": { "uv": [ 0, 0, 0.2, 0.6300001 ], "texture": "#ntw20_sight" }
			}
		},
		{
			"from": [ 7.34, 8.3, 10.2 ],
			"to": [ 8.66, 9.080001, 16.8 ],
			"faces": {
				"down": { "uv": [ 0, 0, 0.44, 0.1999998 ], "texture": "#ntw20_sight" },
				"up": { "uv": [ 0, 0, 0.44, 0.1999998 ], "texture": "#ntw20_sight" },
				"north": { "uv": [ 0, 0, 0.44, 0.6300001 ], "texture": "#ntw20_sight" },
				"south": { "uv": [ 0, 0, 0.44, 0.6300001 ], "texture": "#ntw20_sight" },
				"west": { "uv": [ 0, 0, 0.2, 0.6300001 ], "texture": "#ntw20_sight" },
				"east": { "uv": [ 0, 0, 0.2, 0.6300001 ], "texture": "#ntw20_sight" }
			}
		},
		{
			"from": [ 7.34, 9.65, 12.9 ],
			"to": [ 8.66, 11.15, 14.1 ],
			"rotation": { "origin": [ 8, 12.2, 9 ], "axis": "x", "angle": 45 },
			"faces": {
				"down": { "uv": [ 0, 0, 0.44, 0.1999998 ], "texture": "#ntw20_sight" },
				"up": { "uv": [ 0, 0, 0.44, 0.1999998 ], "texture": "#ntw20_sight" },
				"north": { "uv": [ 0, 0, 0.44, 0.6300001 ], "texture": "#ntw20_sight" },
				"south": { "uv": [ 0, 0, 0.44, 0.6300001 ], "texture": "#ntw20_sight" },
				"west": { "uv": [ 0, 0, 0.2, 0.6300001 ], "texture": "#ntw20_sight" },
				"east": { "uv": [ 0, 0, 0.2, 0.6300001 ], "texture": "#ntw20_sight" }
			}
		},
		{
			"from": [ 7.34, 11.12, 12 ],
			"to": [ 8.66, 12.62, 13.2 ],
			"rotation": { "origin": [ 5, 6.199999, 24 ], "axis": "x", "angle": -22.5 },
			"faces": {
				"down": { "uv": [ 0, 0, 0.44, 0.1999998 ], "texture": "#ntw20_sight" },
				"up": { "uv": [ 0, 0, 0.44, 0.1999998 ], "texture": "#ntw20_sight" },
				"north": { "uv": [ 0, 0, 0.44, 0.6300001 ], "texture": "#ntw20_sight" },
				"south": { "uv": [ 0, 0, 0.44, 0.6300001 ], "texture": "#ntw20_sight" },
				"west": { "uv": [ 0, 0, 0.2, 0.6300001 ], "texture": "#ntw20_sight" },
				"east": { "uv": [ 0, 0, 0.2, 0.6300001 ], "texture": "#ntw20_sight" }
			}
		},
		{
			"from": [ 8.54, 0.95, 2.01 ],
			"to": [ 8.839998, 1.91, 2.91 ],
			"rotation": { "origin": [ 8, 11.9, 18 ], "axis": "x", "angle": 22.5 },
			"faces": {
				"down": { "uv": [ 0, 2, 0.1, 2.3 ], "texture": "#ntw20_sight" },
				"up": { "uv": [ 0, 2, 0.1, 2.3 ], "texture": "#ntw20_sight" },
				"north": { "uv": [ 0, 2, 0.1, 2.32 ], "texture": "#ntw20_sight" },
				"south": { "uv": [ 0, 2, 0.1, 2.32 ], "texture": "#ntw20_sight" },
				"west": { "uv": [ 0, 2, 0.3, 2.32 ], "texture": "#ntw20_sight" },
				"east": { "uv": [ 0, 2, 0.3, 2.32 ], "texture": "#ntw20_sight" }
			}
		},
		{
			"from": [ 8.54, 0.74, 2.01 ],
			"to": [ 8.839998, 1.7, 2.16 ],
			"rotation": { "origin": [ 8, 11.9, 18 ], "axis": "x", "angle": 22.5 },
			"faces": {
				"down": { "uv": [ 0, 2, 0.1, 2.05 ], "texture": "#ntw20_sight" },
				"up": { "uv": [ 0, 2, 0.1, 2.05 ], "texture": "#ntw20_sight" },
				"north": { "uv": [ 0, 2, 0.1, 2.32 ], "texture": "#ntw20_sight" },
				"south": { "uv": [ 0, 2, 0.1, 2.32 ], "texture": "#ntw20_sight" },
				"west": { "uv": [ 0, 2, 0.05, 2.32 ], "texture": "#ntw20_sight" },
				"east": { "uv": [ 0, 2, 0.05, 2.32 ], "texture": "#ntw20_sight" }
			}
		},
		{
			"from": [ 7.34, 6.14, 11.04 ],
			"to": [ 8.66, 7.64, 13.14 ],
			"faces": {
				"down": { "uv": [ 0, 0, 0.44, 0.1999998 ], "texture": "#ntw20_sight" },
				"up": { "uv": [ 0, 0, 0.44, 0.1999998 ], "texture": "#ntw20_sight" },
				"north": { "uv": [ 0, 0, 0.44, 0.6300001 ], "texture": "#ntw20_sight" },
				"south": { "uv": [ 0, 0, 0.44, 0.6300001 ], "texture": "#ntw20_sight" },
				"west": { "uv": [ 0, 0, 0.2, 0.6300001 ], "texture": "#ntw20_sight" },
				"east": { "uv": [ 0, 0, 0.2, 0.6300001 ], "texture": "#ntw20_sight" }
			}
		},
		{
			"from": [ 7.34, 6.08, 11.55 ],
			"to": [ 8.66, 7.58, 13.65 ],
			"faces": {
				"down": { "uv": [ 0, 0, 0.44, 0.1999998 ], "texture": "#ntw20_sight" },
				"up": { "uv": [ 0, 0, 0.44, 0.1999998 ], "texture": "#ntw20_sight" },
				"north": { "uv": [ 0, 0, 0.44, 0.6300001 ], "texture": "#ntw20_sight" },
				"south": { "uv": [ 0, 0, 0.44, 0.6300001 ], "texture": "#ntw20_sight" },
				"west": { "uv": [ 0, 0, 0.2, 0.6300001 ], "texture": "#ntw20_sight" },
				"east": { "uv": [ 0, 0, 0.2, 0.6300001 ], "texture": "#ntw20_sight" }
			}
		},
		{
			"from": [ 7.34, 6.02, 12.15 ],
			"to": [ 8.66, 7.52, 13.65 ],
			"faces": {
				"down": { "uv": [ 0, 0, 0.44, 0.1999998 ], "texture": "#ntw20_sight" },
				"up": { "uv": [ 0, 0, 0.44, 0.1999998 ], "texture": "#ntw20_sight" },
				"north": { "uv": [ 0, 0, 0.44, 0.6300001 ], "texture": "#ntw20_sight" },
				"south": { "uv": [ 0, 0, 0.44, 0.6300001 ], "texture": "#ntw20_sight" },
				"west": { "uv": [ 0, 0, 0.2, 0.6300001 ], "texture": "#ntw20_sight" },
				"east": { "uv": [ 0, 0, 0.2, 0.6300001 ], "texture": "#ntw20_sight" }
			}
		},
		{
			"from": [ 7.34, 5.96, 12.75 ],
			"to": [ 8.66, 7.46, 13.65 ],
			"faces": {
				"down": { "uv": [ 0, 0, 0.44, 0.1999998 ], "texture": "#ntw20_sight" },
				"up": { "uv": [ 0, 0, 0.44, 0.1999998 ], "texture": "#ntw20_sight" },
				"north": { "uv": [ 0, 0, 0.44, 0.6300001 ], "texture": "#ntw20_sight" },
				"south": { "uv": [ 0, 0, 0.44, 0.6300001 ], "texture": "#ntw20_sight" },
				"west": { "uv": [ 0, 0, 0.2, 0.6300001 ], "texture": "#ntw20_sight" },
				"east": { "uv": [ 0, 0, 0.2, 0.6300001 ], "texture": "#ntw20_sight" }
			}
		},
		{
			"from": [ 7.34, 5.9, 13.35 ],
			"to": [ 8.66, 7.4, 13.65 ],
			"faces": {
				"down": { "uv": [ 0, 0, 0.44, 0.1999998 ], "texture": "#ntw20_sight" },
				"up": { "uv": [ 0, 0, 0.44, 0.1999998 ], "texture": "#ntw20_sight" },
				"north": { "uv": [ 0, 0, 0.44, 0.6300001 ], "texture": "#ntw20_sight" },
				"south": { "uv": [ 0, 0, 0.44, 0.6300001 ], "texture": "#ntw20_sight" },
				"west": { "uv": [ 0, 0, 0.2, 0.6300001 ], "texture": "#ntw20_sight" },
				"east": { "uv": [ 0, 0, 0.2, 0.6300001 ], "texture": "#ntw20_sight" }
			}
		},
		{
			"from": [ 7.55, 4.25, 11.13 ],
			"to": [ 8.449999, 6.650001, 13.23 ],
			"faces": {
				"down": { "uv": [ 5, 0, 5.44, 0.1999998 ], "texture": "#ntw20_sight" },
				"up": { "uv": [ 5, 0, 5.44, 0.1999998 ], "texture": "#ntw20_sight" },
				"north": { "uv": [ 5, 0, 5.44, 0.6300001 ], "texture": "#ntw20_sight" },
				"south": { "uv": [ 5, 0, 5.44, 0.6300001 ], "texture": "#ntw20_sight" },
				"west": { "uv": [ 5, 0, 5.2, 0.6300001 ], "texture": "#ntw20_sight" },
				"east": { "uv": [ 6, 0, 6.2, 0.6300001 ], "texture": "#ntw20_sight" }
			}
		},
		{
			"from": [ 7.55, 4.73, 11.1 ],
			"to": [ 8.449999, 7.129999, 13.2 ],
			"rotation": { "origin": [ 8, 5.6, 6 ], "axis": "x", "angle": 22.5 },
			"faces": {
				"down": { "uv": [ 6, 0, 6.44, 0.1999998 ], "texture": "#ntw20_sight" },
				"up": { "uv": [ 6, 0, 6.44, 0.1999998 ], "texture": "#ntw20_sight" },
				"north": { "uv": [ 4, 0, 4.44, 0.6300001 ], "texture": "#ntw20_sight" },
				"south": { "uv": [ 5, 0, 5.44, 0.6300001 ], "texture": "#ntw20_sight" },
				"west": { "uv": [ 6, 0, 6.2, 0.6300001 ], "texture": "#ntw20_sight" },
				"east": { "uv": [ 5, 0, 5.2, 0.6300001 ], "texture": "#ntw20_sight" }
			}
		},
		{
			"from": [ 7.49, 4.67, 11.04 ],
			"to": [ 8.51, 4.889001, 13.29 ],
			"rotation": { "origin": [ 8, 5.6, 6 ], "axis": "x", "angle": 22.5 },
			"faces": {
				"down": { "uv": [ 13, 0, 13.44, 0.1999998 ], "texture": "#ntw20_sight" },
				"up": { "uv": [ 13, 0, 13.44, 0.1999998 ], "texture": "#ntw20_sight" },
				"north": { "uv": [ 13, 0, 13.44, 0.6300001 ], "texture": "#ntw20_sight" },
				"south": { "uv": [ 13, 0, 13.44, 0.6300001 ], "texture": "#ntw20_sight" },
				"west": { "uv": [ 13, 0, 13.2, 0.6300001 ], "texture": "#ntw20_sight" },
				"east": { "uv": [ 13, 0, 13.2, 0.6300001 ], "texture": "#ntw20_sight" }
			}
		},
		{
			"from": [ 7.58, 5.84, 13.5 ],
			"to": [ 8.42, 5.9, 15 ],
			"faces": {
				"down": { "uv": [ 0, 0, 0.44, 0.1999998 ], "texture": "#ntw20_sight" },
				"up": { "uv": [ 0, 0, 0.44, 0.1999998 ], "texture": "#ntw20_sight" },
				"north": { "uv": [ 0, 0, 0.44, 0.6300001 ], "texture": "#ntw20_sight" },
				"south": { "uv": [ 0, 0, 0.44, 0.6300001 ], "texture": "#ntw20_sight" },
				"west": { "uv": [ 0, 0, 0.2, 0.6300001 ], "texture": "#ntw20_sight" },
				"east": { "uv": [ 0, 0, 0.2, 0.6300001 ], "texture": "#ntw20_sight" }
			}
		},
		{
			"from": [ 7.61, 6.05, 13.935 ],
			"to": [ 8.39, 6.11, 14.835 ],
			"rotation": { "origin": [ 8, 8.6, 15 ], "axis": "x", "angle": -22.5 },
			"faces": {
				"down": { "uv": [ 0, 0, 0.44, 0.1999998 ], "texture": "#ntw20_sight" },
				"up": { "uv": [ 0, 0, 0.44, 0.1999998 ], "texture": "#ntw20_sight" },
				"north": { "uv": [ 0, 0, 0.44, 0.6300001 ], "texture": "#ntw20_sight" },
				"south": { "uv": [ 0, 0, 0.44, 0.6300001 ], "texture": "#ntw20_sight" },
				"west": { "uv": [ 0, 0, 0.2, 0.6300001 ], "texture": "#ntw20_sight" },
				"east": { "uv": [ 0, 0, 0.2, 0.6300001 ], "texture": "#ntw20_sight" }
			}
		},
		{
			"from": [ 7.34, 7.1, 10.5 ],
			"to": [ 8.66, 8.782999, 16.8 ],
			"faces": {
				"down": { "uv": [ 0, 0, 0.44, 0.1999998 ], "texture": "#ntw20_sight" },
				"up": { "uv": [ 0, 0, 0.44, 0.1999998 ], "texture": "#ntw20_sight" },
				"north": { "uv": [ 0, 0, 0.44, 0.6300001 ], "texture": "#ntw20_sight" },
				"south": { "uv": [ 0, 0, 0.44, 0.6300001 ], "texture": "#ntw20_sight" },
				"west": { "uv": [ 0, 0, 0.2, 0.6300001 ], "texture": "#ntw20_sight" },
				"east": { "uv": [ 0, 0, 0.2, 0.6300001 ], "texture": "#ntw20_sight" }
			}
		},
		{
			"from": [ 7.4, 7.64, 12.9 ],
			"to": [ 8.599998, 7.94, 14.1 ],
			"rotation": { "origin": [ 8, 8.6, 15 ], "axis": "x", "angle": -22.5 },
			"faces": {
				"down": { "uv": [ 0, 0, 0.44, 0.1999998 ], "texture": "#ntw20_sight" },
				"up": { "uv": [ 0, 0, 0.44, 0.1999998 ], "texture": "#ntw20_sight" },
				"north": { "uv": [ 0, 0, 0.44, 0.6300001 ], "texture": "#ntw20_sight" },
				"south": { "uv": [ 0, 0, 0.44, 0.6300001 ], "texture": "#ntw20_sight" },
				"west": { "uv": [ 0, 0, 0.2, 0.6300001 ], "texture": "#ntw20_sight" },
				"east": { "uv": [ 0, 0, 0.2, 0.6300001 ], "texture": "#ntw20_sight" }
			}
		},
		{
			"from": [ 7.4, 8.389999, 12.6 ],
			"to": [ 8.599998, 8.689999, 13.8 ],
			"rotation": { "origin": [ 8, 8.6, 15 ], "axis": "x", "angle": -45 },
			"faces": {
				"down": { "uv": [ 0, 0, 0.44, 0.1999998 ], "texture": "#ntw20_sight" },
				"up": { "uv": [ 0, 0, 0.44, 0.1999998 ], "texture": "#ntw20_sight" },
				"north": { "uv": [ 0, 0, 0.44, 0.6300001 ], "texture": "#ntw20_sight" },
				"south": { "uv": [ 0, 0, 0.44, 0.6300001 ], "texture": "#ntw20_sight" },
				"west": { "uv": [ 0, 0, 0.2, 0.6300001 ], "texture": "#ntw20_sight" },
				"east": { "uv": [ 0, 0, 0.2, 0.6300001 ], "texture": "#ntw20_sight" }
			}
		},
		{
			"from": [ 7.43, 3.8, 14.7 ],
			"to": [ 8.569999, 7.100001, 16.11 ],
			"rotation": { "origin": [ 8, 8.6, 15 ], "axis": "x", "angle": -22.5 },
			"faces": {
				"down": { "uv": [ 0, 0, 0.44, 0.1999998 ], "texture": "#ntw20_sight" },
				"up": { "uv": [ 0, 0, 0.44, 0.1999998 ], "texture": "#ntw20_sight" },
				"north": { "uv": [ 0, 0, 0.44, 0.6300001 ], "texture": "#ntw20_sight" },
				"south": { "uv": [ 0, 0, 0.44, 0.6300001 ], "texture": "#ntw20_sight" },
				"west": { "uv": [ 0, 0, 0.2, 0.6300001 ], "texture": "#ntw20_sight" },
				"east": { "uv": [ 0, 0, 0.2, 0.6300001 ], "texture": "#ntw20_sight" }
			}
		},
		{
			"from": [ 7.4, 3.74, 14.58 ],
			"to": [ 8.599998, 3.86, 15.99 ],
			"rotation": { "origin": [ 8, 8.6, 15 ], "axis": "x", "angle": -22.5 },
			"faces": {
				"down": { "uv": [ 0, 0, 0.44, 0.1999998 ], "texture": "#ntw20_sight" },
				"up": { "uv": [ 0, 0, 0.44, 0.1999998 ], "texture": "#ntw20_sight" },
				"north": { "uv": [ 0, 0, 0.44, 0.6300001 ], "texture": "#ntw20_sight" },
				"south": { "uv": [ 0, 0, 0.44, 0.6300001 ], "texture": "#ntw20_sight" },
				"west": { "uv": [ 0, 0, 0.2, 0.6300001 ], "texture": "#ntw20_sight" },
				"east": { "uv": [ 0, 0, 0.2, 0.6300001 ], "texture": "#ntw20_sight" }
			}
		},
		{
			"from": [ 7.4, 3.8, 14.64 ],
			"to": [ 8.599998, 3.92, 16.05 ],
			"rotation": { "origin": [ 8, 8.6, 15 ], "axis": "x", "angle": -22.5 },
			"faces": {
				"down": { "uv": [ 0, 0, 0.44, 0.1999998 ], "texture": "#ntw20_sight" },
				"up": { "uv": [ 0, 0, 0.44, 0.1999998 ], "texture": "#ntw20_sight" },
				"north": { "uv": [ 0, 0, 0.44, 0.6300001 ], "texture": "#ntw20_sight" },
				"south": { "uv": [ 0, 0, 0.44, 0.6300001 ], "texture": "#ntw20_sight" },
				"west": { "uv": [ 0, 0, 0.2, 0.6300001 ], "texture": "#ntw20_sight" },
				"east": { "uv": [ 0, 0, 0.2, 0.6300001 ], "texture": "#ntw20_sight" }
			}
		},
		{
			"from": [ 7.4, 6.5, 4.59 ],
			"to": [ 7.579999, 8.6, 4.89 ],
			"rotation": { "origin": [ 8, 6.199999, 9 ], "axis": "x", "angle": 45 },
			"faces": {
				"down": { "uv": [ 0, 0, 0.44, 0.1999998 ], "texture": "#ntw20_sight" },
				"up": { "uv": [ 0, 0, 0.44, 0.1999998 ], "texture": "#ntw20_sight" },
				"north": { "uv": [ 0, 0, 0.44, 0.6300001 ], "texture": "#ntw20_sight" },
				"south": { "uv": [ 0, 0, 0.44, 0.6300001 ], "texture": "#ntw20_sight" },
				"west": { "uv": [ 0, 0, 0.2, 0.6300001 ], "texture": "#ntw20_sight" },
				"east": { "uv": [ 0, 0, 0.2, 0.6300001 ], "texture": "#ntw20_sight" }
			}
		},
		{
			"from": [ 8.42, 6.5, 4.59 ],
			"to": [ 8.599998, 8.6, 4.89 ],
			"rotation": { "origin": [ 8, 6.199999, 9 ], "axis": "x", "angle": 45 },
			"faces": {
				"down": { "uv": [ 0, 0, 0.44, 0.1999998 ], "texture": "#ntw20_sight" },
				"up": { "uv": [ 0, 0, 0.44, 0.1999998 ], "texture": "#ntw20_sight" },
				"north": { "uv": [ 0, 0, 0.44, 0.6300001 ], "texture": "#ntw20_sight" },
				"south": { "uv": [ 0, 0, 0.44, 0.6300001 ], "texture": "#ntw20_sight" },
				"west": { "uv": [ 0, 0, 0.2, 0.6300001 ], "texture": "#ntw20_sight" },
				"east": { "uv": [ 0, 0, 0.2, 0.6300001 ], "texture": "#ntw20_sight" }
			}
		},
		{
			"from": [ 7.4, 10.4, 7.53 ],
			"to": [ 7.579999, 10.49, 7.829999 ],
			"rotation": { "origin": [ 8, 6.199999, 9 ], "axis": "x", "angle": -22.5 },
			"faces": {
				"down": { "uv": [ 0, 0, 0.44, 0.1999998 ], "texture": "#ntw20_sight" },
				"up": { "uv": [ 0, 0, 0.44, 0.1999998 ], "texture": "#ntw20_sight" },
				"north": { "uv": [ 0, 0, 0.44, 0.6300001 ], "texture": "#ntw20_sight" },
				"south": { "uv": [ 0, 0, 0.44, 0.6300001 ], "texture": "#ntw20_sight" },
				"west": { "uv": [ 0, 0, 0.2, 0.6300001 ], "texture": "#ntw20_sight" },
				"east": { "uv": [ 0, 0, 0.2, 0.6300001 ], "texture": "#ntw20_sight" }
			}
		},
		{
			"from": [ 8.42, 10.4, 7.53 ],
			"to": [ 8.599998, 10.49, 7.829999 ],
			"rotation": { "origin": [ 8, 6.199999, 9 ], "axis": "x", "angle": -22.5 },
			"faces": {
				"down": { "uv": [ 0, 0, 0.44, 0.1999998 ], "texture": "#ntw20_sight" },
				"up": { "uv": [ 0, 0, 0.44, 0.1999998 ], "texture": "#ntw20_sight" },
				"north": { "uv": [ 0, 0, 0.44, 0.6300001 ], "texture": "#ntw20_sight" },
				"south": { "uv": [ 0, 0, 0.44, 0.6300001 ], "texture": "#ntw20_sight" },
				"west": { "uv": [ 0, 0, 0.2, 0.6300001 ], "texture": "#ntw20_sight" },
				"east": { "uv": [ 0, 0, 0.2, 0.6300001 ], "texture": "#ntw20_sight" }
			}
		},
		{
			"from": [ 7.4, 10.715, 7.575 ],
			"to": [ 7.579999, 11.015, 14.175 ],
			"faces": {
				"down": { "uv": [ 0, 0, 0.44, 0.1999998 ], "texture": "#ntw20_sight" },
				"up": { "uv": [ 0, 0, 0.44, 0.1999998 ], "texture": "#ntw20_sight" },
				"north": { "uv": [ 0, 0, 0.44, 0.6300001 ], "texture": "#ntw20_sight" },
				"south": { "uv": [ 0, 0, 0.44, 0.6300001 ], "texture": "#ntw20_sight" },
				"west": { "uv": [ 0, 0, 0.2, 0.6300001 ], "texture": "#ntw20_sight" },
				"east": { "uv": [ 0, 0, 0.2, 0.6300001 ], "texture": "#ntw20_sight" }
			}
		},
		{
			"from": [ 8.42, 10.715, 7.575 ],
			"to": [ 8.599998, 11.015, 14.175 ],
			"faces": {
				"down": { "uv": [ 0, 0, 0.44, 0.1999998 ], "texture": "#ntw20_sight" },
				"up": { "uv": [ 0, 0, 0.44, 0.1999998 ], "texture": "#ntw20_sight" },
				"north": { "uv": [ 0, 0, 0.44, 0.6300001 ], "texture": "#ntw20_sight" },
				"south": { "uv": [ 0, 0, 0.44, 0.6300001 ], "texture": "#ntw20_sight" },
				"west": { "uv": [ 0, 0, 0.2, 0.6300001 ], "texture": "#ntw20_sight" },
				"east": { "uv": [ 0, 0, 0.2, 0.6300001 ], "texture": "#ntw20_sight" }
			}
		},
		{
			"from": [ 7.4, 10.79, 7.575 ],
			"to": [ 8.599998, 10.97, 14.175 ],
			"faces": {
				"down": { "uv": [ 0, 0, 0.44, 0.1999998 ], "texture": "#ntw20_sight" },
				"up": { "uv": [ 0, 3, 0.44, 3.2 ], "texture": "#ntw20_sight" },
				"north": { "uv": [ 0, 0, 0.44, 0.6300001 ], "texture": "#ntw20_sight" },
				"south": { "uv": [ 0, 0, 0.44, 0.6300001 ], "texture": "#ntw20_sight" },
				"west": { "uv": [ 0, 0, 0.2, 0.6300001 ], "texture": "#ntw20_sight" },
				"east": { "uv": [ 0, 0, 0.2, 0.6300001 ], "texture": "#ntw20_sight" }
			}
		},
		{
			"from": [ 7.61, 9.08, 11.4 ],
			"to": [ 8.39, 9.290001, 16.2 ],
			"faces": {
				"down": { "uv": [ 1, 0, 1.44, 0.1999998 ], "texture": "#ntw20_sight" },
				"up": { "uv": [ 1, 0, 1.44, 0.1999998 ], "texture": "#ntw20_sight" },
				"north": { "uv": [ 1, 0, 1.44, 0.6300001 ], "texture": "#ntw20_sight" },
				"south": { "uv": [ 1, 0, 1.44, 0.6300001 ], "texture": "#ntw20_sight" },
				"west": { "uv": [ 1, 0, 1.2, 0.6300001 ], "texture": "#ntw20_sight" },
				"east": { "uv": [ 1, 0, 1.2, 0.6300001 ], "texture": "#ntw20_sight" }
			}
		},
		{
			"from": [ 7.73, 9.08, 9.9 ],
			"to": [ 8.27, 9.23, 15.9 ],
			"faces": {
				"down": { "uv": [ 1, 0, 1.44, 0.1999998 ], "texture": "#ntw20_sight" },
				"up": { "uv": [ 1, 0, 1.44, 0.1999998 ], "texture": "#ntw20_sight" },
				"north": { "uv": [ 1, 0, 1.44, 0.6300001 ], "texture": "#ntw20_sight" },
				"south": { "uv": [ 1, 0, 1.44, 0.6300001 ], "texture": "#ntw20_sight" },
				"west": { "uv": [ 1, 0, 1.2, 0.6300001 ], "texture": "#ntw20_sight" },
				"east": { "uv": [ 1, 0, 1.2, 0.6300001 ], "texture": "#ntw20_sight" }
			}
		},
		{
			"from": [ 7.46, 7.19, 13.2 ],
			"to": [ 8.540001, 7.369999, 19.8 ],
			"faces": {
				"down": { "uv": [ 1, 0, 1.44, 0.1999998 ], "texture": "#ntw20_sight" },
				"up": { "uv": [ 1, 0, 1.44, 0.1999998 ], "texture": "#ntw20_sight" },
				"north": { "uv": [ 1, 0, 1.44, 0.6300001 ], "texture": "#ntw20_sight" },
				"south": { "uv": [ 1, 0, 1.44, 0.6300001 ], "texture": "#ntw20_sight" },
				"west": { "uv": [ 1, 0, 1.2, 0.6300001 ], "texture": "#ntw20_sight" },
				"east": { "uv": [ 1, 0, 1.2, 0.6300001 ], "texture": "#ntw20_sight" }
			}
		},
		{
			"from": [ 7.46, 6.74, 14.76 ],
			"to": [ 8.540001, 6.980001, 15.96 ],
			"rotation": { "origin": [ 8, 3.199999, 21 ], "axis": "x", "angle": 22.5 },
			"faces": {
				"down": { "uv": [ 1, 0, 1.44, 0.1999998 ], "texture": "#ntw20_sight" },
				"up": { "uv": [ 1, 0, 1.44, 0.1999998 ], "texture": "#ntw20_sight" },
				"north": { "uv": [ 1, 0, 1.44, 0.6300001 ], "texture": "#ntw20_sight" },
				"south": { "uv": [ 1, 0, 1.44, 0.6300001 ], "texture": "#ntw20_sight" },
				"west": { "uv": [ 1, 0, 1.2, 0.6300001 ], "texture": "#ntw20_sight" },
				"east": { "uv": [ 1, 0, 1.2, 0.6300001 ], "texture": "#ntw20_sight" }
			}
		},
		{
			"from": [ 7.46, 8.3, 17.1 ],
			"to": [ 8.540001, 8.600001, 19.8 ],
			"faces": {
				"down": { "uv": [ 1, 0, 1.44, 0.1999998 ], "texture": "#ntw20_sight" },
				"up": { "uv": [ 1, 0, 1.44, 0.1999998 ], "texture": "#ntw20_sight" },
				"north": { "uv": [ 1, 0, 1.44, 0.6300001 ], "texture": "#ntw20_sight" },
				"south": { "uv": [ 1, 0, 1.44, 0.6300001 ], "texture": "#ntw20_sight" },
				"west": { "uv": [ 1, 0, 1.2, 0.6300001 ], "texture": "#ntw20_sight" },
				"east": { "uv": [ 1, 0, 1.2, 0.6300001 ], "texture": "#ntw20_sight" }
			}
		},
		{
			"from": [ 7.46, 8.42, 17.64 ],
			"to": [ 8.540001, 8.660002, 19.14 ],
			"faces": {
				"down": { "uv": [ 1, 0, 1.44, 0.1999998 ], "texture": "#ntw20_sight" },
				"up": { "uv": [ 1, 0, 1.44, 0.1999998 ], "texture": "#ntw20_sight" },
				"north": { "uv": [ 1, 0, 1.44, 0.6300001 ], "texture": "#ntw20_sight" },
				"south": { "uv": [ 1, 0, 1.44, 0.6300001 ], "texture": "#ntw20_sight" },
				"west": { "uv": [ 1, 0, 1.2, 0.6300001 ], "texture": "#ntw20_sight" },
				"east": { "uv": [ 1, 0, 1.2, 0.6300001 ], "texture": "#ntw20_sight" }
			}
		},
		{
			"from": [ 7.46, 8.48, 17.49 ],
			"to": [ 8.540001, 8.719999, 18.69 ],
			"faces": {
				"down": { "uv": [ 1, 0, 1.44, 0.1999998 ], "texture": "#ntw20_sight" },
				"up": { "uv": [ 1, 0, 1.44, 0.1999998 ], "texture": "#ntw20_sight" },
				"north": { "uv": [ 1, 0, 1.44, 0.6300001 ], "texture": "#ntw20_sight" },
				"south": { "uv": [ 1, 0, 1.44, 0.6300001 ], "texture": "#ntw20_sight" },
				"west": { "uv": [ 1, 0, 1.2, 0.6300001 ], "texture": "#ntw20_sight" },
				"east": { "uv": [ 1, 0, 1.2, 0.6300001 ], "texture": "#ntw20_sight" }
			}
		},
		{
			"from": [ 7.46, 8.51, 17.4 ],
			"to": [ 8.540001, 8.75, 18.15 ],
			"faces": {
				"down": { "uv": [ 1, 0, 1.44, 0.1999998 ], "texture": "#ntw20_sight" },
				"up": { "uv": [ 1, 0, 1.44, 0.1999998 ], "texture": "#ntw20_sight" },
				"north": { "uv": [ 1, 0, 1.44, 0.6300001 ], "texture": "#ntw20_sight" },
				"south": { "uv": [ 1, 0, 1.44, 0.6300001 ], "texture": "#ntw20_sight" },
				"west": { "uv": [ 1, 0, 1.2, 0.6300001 ], "texture": "#ntw20_sight" },
				"east": { "uv": [ 1, 0, 1.2, 0.6300001 ], "texture": "#ntw20_sight" }
			}
		},
		{
			"from": [ 7.46, 8.54, 17.4 ],
			"to": [ 8.540001, 8.78, 17.7 ],
			"faces": {
				"down": { "uv": [ 1, 0, 1.44, 0.1999998 ], "texture": "#ntw20_sight" },
				"up": { "uv": [ 1, 0, 1.44, 0.1999998 ], "texture": "#ntw20_sight" },
				"north": { "uv": [ 1, 0, 1.44, 0.6300001 ], "texture": "#ntw20_sight" },
				"south": { "uv": [ 1, 0, 1.44, 0.6300001 ], "texture": "#ntw20_sight" },
				"west": { "uv": [ 1, 0, 1.2, 0.6300001 ], "texture": "#ntw20_sight" },
				"east": { "uv": [ 1, 0, 1.2, 0.6300001 ], "texture": "#ntw20_sight" }
			}
		},
		{
			"from": [ 7.46, 7.19, 16.65 ],
			"to": [ 8.540001, 8.780001, 17.4 ],
			"faces": {
				"down": { "uv": [ 1, 0, 1.44, 0.1999998 ], "texture": "#ntw20_sight" },
				"up": { "uv": [ 1, 0, 1.44, 0.1999998 ], "texture": "#ntw20_sight" },
				"north": { "uv": [ 1, 0, 1.44, 0.6300001 ], "texture": "#ntw20_sight" },
				"south": { "uv": [ 1, 0, 1.44, 0.6300001 ], "texture": "#ntw20_sight" },
				"west": { "uv": [ 1, 0, 1.2, 0.6300001 ], "texture": "#ntw20_sight" },
				"east": { "uv": [ 1, 0, 1.2, 0.6300001 ], "texture": "#ntw20_sight" }
			}
		},
		{
			"from": [ 7.46, 7.37, 19.5 ],
			"to": [ 8.540001, 8.57, 19.8 ],
			"faces": {
				"down": { "uv": [ 1, 0, 1.44, 0.1999998 ], "texture": "#ntw20_sight" },
				"up": { "uv": [ 1, 0, 1.44, 0.1999998 ], "texture": "#ntw20_sight" },
				"north": { "uv": [ 1, 0, 1.44, 0.6300001 ], "texture": "#ntw20_sight" },
				"south": { "uv": [ 1, 0, 1.44, 0.6300001 ], "texture": "#ntw20_sight" },
				"west": { "uv": [ 1, 0, 1.2, 0.6300001 ], "texture": "#ntw20_sight" },
				"east": { "uv": [ 1, 0, 1.2, 0.6300001 ], "texture": "#ntw20_sight" }
			}
		},
		{
			"from": [ 7.52, 8.45, 19.8 ],
			"to": [ 8.48, 8.6, 22.8 ],
			"faces": {
				"down": { "uv": [ 1, 0, 1.44, 0.1999998 ], "texture": "#ntw20_sight" },
				"up": { "uv": [ 1, 0, 1.44, 0.1999998 ], "texture": "#ntw20_sight" },
				"north": { "uv": [ 1, 0, 1.44, 0.6300001 ], "texture": "#ntw20_sight" },
				"south": { "uv": [ 1, 0, 1.44, 0.6300001 ], "texture": "#ntw20_sight" },
				"west": { "uv": [ 1, 0, 1.2, 0.6300001 ], "texture": "#ntw20_sight" },
				"east": { "uv": [ 1, 0, 1.2, 0.6300001 ], "texture": "#ntw20_sight" }
			}
		},
		{
			"from": [ 7.52, 5.42, 22.68 ],
			"to": [ 8.48, 8.540001, 22.86 ],
			"faces": {
				"down": { "uv": [ 1, 0, 1.44, 0.1999998 ], "texture": "#ntw20_sight" },
				"up": { "uv": [ 1, 0, 1.44, 0.1999998 ], "texture": "#ntw20_sight" },
				"north": { "uv": [ 1, 0, 1.44, 0.6300001 ], "texture": "#ntw20_sight" },
				"south": { "uv": [ 1, 0, 1.44, 0.6300001 ], "texture": "#ntw20_sight" },
				"west": { "uv": [ 1, 0, 1.2, 0.6300001 ], "texture": "#ntw20_sight" },
				"east": { "uv": [ 1, 0, 1.2, 0.6300001 ], "texture": "#ntw20_sight" }
			}
		},
		{
			"from": [ 7.49, 8.45, 19.8 ],
			"to": [ 8.51, 8.6, 21 ],
			"faces": {
				"down": { "uv": [ 1, 0, 1.44, 0.1999998 ], "texture": "#ntw20_sight" },
				"up": { "uv": [ 1, 0, 1.44, 0.1999998 ], "texture": "#ntw20_sight" },
				"north": { "uv": [ 1, 0, 1.44, 0.6300001 ], "texture": "#ntw20_sight" },
				"south": { "uv": [ 1, 0, 1.44, 0.6300001 ], "texture": "#ntw20_sight" },
				"west": { "uv": [ 1, 0, 1.2, 0.6300001 ], "texture": "#ntw20_sight" },
				"east": { "uv": [ 1, 0, 1.2, 0.6300001 ], "texture": "#ntw20_sight" }
			}
		},
		{
			"from": [ 7.52, 8, 20.4 ],
			"to": [ 8.48, 8.150001, 23.64 ],
			"rotation": { "origin": [ 8, 9.199999, 18 ], "axis": "x", "angle": 22.5 },
			"faces": {
				"down": { "uv": [ 1, 0, 1.44, 0.1999998 ], "texture": "#ntw20_sight" },
				"up": { "uv": [ 1, 0, 1.44, 0.1999998 ], "texture": "#ntw20_sight" },
				"north": { "uv": [ 1, 0, 1.44, 0.6300001 ], "texture": "#ntw20_sight" },
				"south": { "uv": [ 1, 0, 1.44, 0.6300001 ], "texture": "#ntw20_sight" },
				"west": { "uv": [ 1, 0, 1.2, 0.6300001 ], "texture": "#ntw20_sight" },
				"east": { "uv": [ 1, 0, 1.2, 0.6300001 ], "texture": "#ntw20_sight" }
			}
		},
		{
			"from": [ 7.52, 6.8, 21.3 ],
			"to": [ 8.48, 6.95, 22.8 ],
			"rotation": { "origin": [ 8, 6.199999, 21 ], "axis": "x", "angle": 45 },
			"faces": {
				"down": { "uv": [ 1, 0, 1.44, 0.1999998 ], "texture": "#ntw20_sight" },
				"up": { "uv": [ 1, 0, 1.44, 0.1999998 ], "texture": "#ntw20_sight" },
				"north": { "uv": [ 1, 0, 1.44, 0.6300001 ], "texture": "#ntw20_sight" },
				"south": { "uv": [ 1, 0, 1.44, 0.6300001 ], "texture": "#ntw20_sight" },
				"west": { "uv": [ 1, 0, 1.2, 0.6300001 ], "texture": "#ntw20_sight" },
				"east": { "uv": [ 1, 0, 1.2, 0.6300001 ], "texture": "#ntw20_sight" }
			}
		},
		{
			"from": [ 7.52, 6.32, 21.75 ],
			"to": [ 8.48, 6.47, 22.68 ],
			"faces": {
				"down": { "uv": [ 1, 0, 1.44, 0.1999998 ], "texture": "#ntw20_sight" },
				"up": { "uv": [ 1, 0, 1.44, 0.1999998 ], "texture": "#ntw20_sight" },
				"north": { "uv": [ 1, 0, 1.44, 0.6300001 ], "texture": "#ntw20_sight" },
				"south": { "uv": [ 1, 0, 1.44, 0.6300001 ], "texture": "#ntw20_sight" },
				"west": { "uv": [ 1, 0, 1.2, 0.6300001 ], "texture": "#ntw20_sight" },
				"east": { "uv": [ 1, 0, 1.2, 0.6300001 ], "texture": "#ntw20_sight" }
			}
		},
		{
			"from": [ 7.52, 8.12, 22.95 ],
			"to": [ 8.48, 8.27, 23.55 ],
			"rotation": { "origin": [ 8, 9.199999, 18 ], "axis": "x", "angle": 22.5 },
			"faces": {
				"down": { "uv": [ 1, 0, 1.44, 0.1999998 ], "texture": "#ntw20_sight" },
				"up": { "uv": [ 1, 0, 1.44, 0.1999998 ], "texture": "#ntw20_sight" },
				"north": { "uv": [ 1, 0, 1.44, 0.6300001 ], "texture": "#ntw20_sight" },
				"south": { "uv": [ 1, 0, 1.44, 0.6300001 ], "texture": "#ntw20_sight" },
				"west": { "uv": [ 1, 0, 1.2, 0.6300001 ], "texture": "#ntw20_sight" },
				"east": { "uv": [ 1, 0, 1.2, 0.6300001 ], "texture": "#ntw20_sight" }
			}
		},
		{
			"from": [ 7.52, 8.179999, 23.25 ],
			"to": [ 8.48, 8.33, 23.55 ],
			"rotation": { "origin": [ 8, 9.199999, 18 ], "axis": "x", "angle": 22.5 },
			"faces": {
				"down": { "uv": [ 1, 0, 1.44, 0.1999998 ], "texture": "#ntw20_sight" },
				"up": { "uv": [ 1, 0, 1.44, 0.1999998 ], "texture": "#ntw20_sight" },
				"north": { "uv": [ 1, 0, 1.44, 0.6300001 ], "texture": "#ntw20_sight" },
				"south": { "uv": [ 1, 0, 1.44, 0.6300001 ], "texture": "#ntw20_sight" },
				"west": { "uv": [ 1, 0, 1.2, 0.6300001 ], "texture": "#ntw20_sight" },
				"east": { "uv": [ 1, 0, 1.2, 0.6300001 ], "texture": "#ntw20_sight" }
			}
		},
		{
			"from": [ 7.52, 6.92, 21.6 ],
			"to": [ 8.48, 7.07, 22.62 ],
			"rotation": { "origin": [ 8, 6.199999, 21 ], "axis": "x", "angle": 45 },
			"faces": {
				"down": { "uv": [ 1, 0, 1.44, 0.1999998 ], "texture": "#ntw20_sight" },
				"up": { "uv": [ 1, 0, 1.44, 0.1999998 ], "texture": "#ntw20_sight" },
				"north": { "uv": [ 1, 0, 1.44, 0.6300001 ], "texture": "#ntw20_sight" },
				"south": { "uv": [ 1, 0, 1.44, 0.6300001 ], "texture": "#ntw20_sight" },
				"west": { "uv": [ 1, 0, 1.2, 0.6300001 ], "texture": "#ntw20_sight" },
				"east": { "uv": [ 1, 0, 1.2, 0.6300001 ], "texture": "#ntw20_sight" }
			}
		},
		{
			"from": [ 7.52, 7.07, 21.66 ],
			"to": [ 8.48, 7.22, 22.56 ],
			"rotation": { "origin": [ 8, 6.199999, 21 ], "axis": "x", "angle": 45 },
			"faces": {
				"down": { "uv": [ 1, 0, 1.44, 0.1999998 ], "texture": "#ntw20_sight" },
				"up": { "uv": [ 1, 0, 1.44, 0.1999998 ], "texture": "#ntw20_sight" },
				"north": { "uv": [ 1, 0, 1.44, 0.6300001 ], "texture": "#ntw20_sight" },
				"south": { "uv": [ 1, 0, 1.44, 0.6300001 ], "texture": "#ntw20_sight" },
				"west": { "uv": [ 1, 0, 1.2, 0.6300001 ], "texture": "#ntw20_sight" },
				"east": { "uv": [ 1, 0, 1.2, 0.6300001 ], "texture": "#ntw20_sight" }
			}
		},
		{
			"from": [ 7.46, 5.42, 22.86 ],
			"to": [ 8.540001, 8.570001, 23.16 ],
			"faces": {
				"down": { "uv": [ 0, 0, 0.44, 0.1999998 ], "texture": "#ntw20_sight" },
				"up": { "uv": [ 0, 0, 0.44, 0.1999998 ], "texture": "#ntw20_sight" },
				"north": { "uv": [ 0, 0, 0.44, 0.6300001 ], "texture": "#ntw20_sight" },
				"south": { "uv": [ 0, 0, 0.44, 0.6300001 ], "texture": "#ntw20_sight" },
				"west": { "uv": [ 0, 0, 0.2, 0.6300001 ], "texture": "#ntw20_sight" },
				"east": { "uv": [ 0, 0, 0.2, 0.6300001 ], "texture": "#ntw20_sight" }
			}
		},
		{
			"from": [ 7.73, 5.9, 22.2 ],
			"to": [ 8.27, 7.85, 22.68 ],
			"faces": {
				"down": { "uv": [ 0, 4, 0.44, 4.2 ], "texture": "#ntw20_sight" },
				"up": { "uv": [ 0, 4, 0.44, 4.2 ], "texture": "#ntw20_sight" },
				"north": { "uv": [ 0, 4, 0.44, 4.63 ], "texture": "#ntw20_sight" },
				"south": { "uv": [ 0, 3, 0.44, 3.63 ], "texture": "#ntw20_sight" },
				"west": { "uv": [ 0, 3, 0.2, 3.63 ], "texture": "#ntw20_sight" },
				"east": { "uv": [ 0, 4, 0.2, 4.63 ], "texture": "#ntw20_sight" }
			}
		},
		{
			"from": [ 7.73, 5.96, 22.26 ],
			"to": [ 8.27, 7.91, 22.74 ],
			"faces": {
				"down": { "uv": [ 0, 4, 0.44, 4.2 ], "texture": "#ntw20_sight" },
				"up": { "uv": [ 0, 4, 0.44, 4.2 ], "texture": "#ntw20_sight" },
				"north": { "uv": [ 0, 4, 0.44, 4.63 ], "texture": "#ntw20_sight" },
				"south": { "uv": [ 0, 3, 0.44, 3.63 ], "texture": "#ntw20_sight" },
				"west": { "uv": [ 0, 3, 0.2, 3.63 ], "texture": "#ntw20_sight" },
				"east": { "uv": [ 0, 3, 0.2, 3.63 ], "texture": "#ntw20_sight" }
			}
		},
		{
			"from": [ 7.73, 6.02, 22.38 ],
			"to": [ 8.27, 7.97, 22.86 ],
			"faces": {
				"down": { "uv": [ 0, 3, 0.44, 3.2 ], "texture": "#ntw20_sight" },
				"up": { "uv": [ 0, 3, 0.44, 3.2 ], "texture": "#ntw20_sight" },
				"north": { "uv": [ 0, 3, 0.44, 3.63 ], "texture": "#ntw20_sight" },
				"south": { "uv": [ 0, 3, 0.44, 3.63 ], "texture": "#ntw20_sight" },
				"west": { "uv": [ 0, 3, 0.2, 3.63 ], "texture": "#ntw20_sight" },
				"east": { "uv": [ 0, 3, 0.2, 3.63 ], "texture": "#ntw20_sight" }
			}
		},
		{
			"from": [ 7.46, 8.9, 14.1 ],
			"to": [ 8.540001, 9.379999, 16.5 ],
			"faces": {
				"down": { "uv": [ 0, 0, 0.44, 0.1999998 ], "texture": "#ntw20_sight" },
				"up": { "uv": [ 0, 0, 0.44, 0.1999998 ], "texture": "#ntw20_sight" },
				"north": { "uv": [ 0, 0, 0.44, 0.6300001 ], "texture": "#ntw20_sight" },
				"south": { "uv": [ 0, 0, 0.44, 0.6300001 ], "texture": "#ntw20_sight" },
				"west": { "uv": [ 0, 0, 0.2, 0.6300001 ], "texture": "#ntw20_sight" },
				"east": { "uv": [ 0, 0, 0.2, 0.6300001 ], "texture": "#ntw20_sight" }
			}
		},
		{
			"from": [ 7.52, 9.2, 14.16 ],
			"to": [ 8.48, 9.77, 16.44 ],
			"faces": {
				"down": { "uv": [ 0, 0, 0.44, 0.1999998 ], "texture": "#ntw20_sight" },
				"up": { "uv": [ 0, 0, 0.44, 0.1999998 ], "texture": "#ntw20_sight" },
				"north": { "uv": [ 0, 0, 0.44, 0.6300001 ], "texture": "#ntw20_sight" },
				"south": { "uv": [ 0, 0, 0.44, 0.6300001 ], "texture": "#ntw20_sight" },
				"west": { "uv": [ 0, 0, 0.2, 0.6300001 ], "texture": "#ntw20_sight" },
				"east": { "uv": [ 0, 0, 0.2, 0.6300001 ], "texture": "#ntw20_sight" }
			}
		},
		{
			"from": [ 7.43, 9.77, 14.16 ],
			"to": [ 8.329999, 9.799999, 16.47 ],
			"faces": {
				"down": { "uv": [ 0, 0, 0.44, 0.1999998 ], "texture": "#ntw20_sight" },
				"up": { "uv": [ 0, 0, 0.44, 0.1999998 ], "texture": "#ntw20_sight" },
				"north": { "uv": [ 0, 0, 0.44, 0.6300001 ], "texture": "#ntw20_sight" },
				"south": { "uv": [ 0, 0, 0.44, 0.6300001 ], "texture": "#ntw20_sight" },
				"west": { "uv": [ 0, 0, 0.2, 0.6300001 ], "texture": "#ntw20_sight" },
				"east": { "uv": [ 0, 0, 0.2, 0.6300001 ], "texture": "#ntw20_sight" }
			}
		},
		{
			"from": [ 7.43, 9.65, 14.16 ],
			"to": [ 7.55, 10.55, 16.47 ],
			"faces": {
				"down": { "uv": [ 0, 0, 0.44, 0.1999998 ], "texture": "#ntw20_sight" },
				"up": { "uv": [ 0, 0, 0.44, 0.1999998 ], "texture": "#ntw20_sight" },
				"north": { "uv": [ 0, 0, 0.44, 0.6300001 ], "texture": "#ntw20_sight" },
				"south": { "uv": [ 0, 0, 0.44, 0.6300001 ], "texture": "#ntw20_sight" },
				"west": { "uv": [ 0, 0, 0.2, 0.6300001 ], "texture": "#ntw20_sight" },
				"east": { "uv": [ 0, 0, 0.2, 0.6300001 ], "texture": "#ntw20_sight" }
			}
		},
		{
			"from": [ 8.45, 9.65, 14.16 ],
			"to": [ 8.57, 10.55, 16.47 ],
			"faces": {
				"down": { "uv": [ 0, 0, 0.44, 0.1999998 ], "texture": "#ntw20_sight" },
				"up": { "uv": [ 0, 0, 0.44, 0.1999998 ], "texture": "#ntw20_sight" },
				"north": { "uv": [ 0, 0, 0.44, 0.6300001 ], "texture": "#ntw20_sight" },
				"south": { "uv": [ 0, 0, 0.44, 0.6300001 ], "texture": "#ntw20_sight" },
				"west": { "uv": [ 0, 0, 0.2, 0.6300001 ], "texture": "#ntw20_sight" },
				"east": { "uv": [ 0, 0, 0.2, 0.6300001 ], "texture": "#ntw20_sight" }
			}
		},
		{
			"from": [ 7.46, 10.52, 14.16 ],
			"to": [ 8.540001, 10.58, 16.47 ],
			"faces": {
				"down": { "uv": [ 0, 0, 0.44, 0.1999998 ], "texture": "#ntw20_sight" },
				"up": { "uv": [ 0, 0, 0.44, 0.1999998 ], "texture": "#ntw20_sight" },
				"north": { "uv": [ 0, 0, 0.44, 0.6300001 ], "texture": "#ntw20_sight" },
				"south": { "uv": [ 0, 0, 0.44, 0.6300001 ], "texture": "#ntw20_sight" },
				"west": { "uv": [ 0, 0, 0.2, 0.6300001 ], "texture": "#ntw20_sight" },
				"east": { "uv": [ 0, 0, 0.2, 0.6300001 ], "texture": "#ntw20_sight" }
			}
		},
		{
			"from": [ 7.46, 10.55, 15.285 ],
			"to": [ 8.540001, 10.745, 15.825 ],
			"rotation": { "origin": [ 8, 12.2, 15 ], "axis": "x", "angle": 45 },
			"faces": {
				"down": { "uv": [ 0, 0, 0.44, 0.1999998 ], "texture": "#ntw20_sight" },
				"up": { "uv": [ 0, 0, 0.44, 0.1999998 ], "texture": "#ntw20_sight" },
				"north": { "uv": [ 0, 0, 0.44, 0.6300001 ], "texture": "#ntw20_sight" },
				"south": { "uv": [ 0, 0, 0.44, 0.6300001 ], "texture": "#ntw20_sight" },
				"west": { "uv": [ 0, 0, 0.2, 0.6300001 ], "texture": "#ntw20_sight" },
				"east": { "uv": [ 0, 0, 0.2, 0.6300001 ], "texture": "#ntw20_sight" }
			}
		},
		{
			"from": [ 7.52, 5.51, 22.95 ],
			"to": [ 8.48, 8.45, 23.25 ],
			"faces": {
				"down": { "uv": [ 0, 0, 0.44, 0.1999998 ], "texture": "#ntw20_sight" },
				"up": { "uv": [ 0, 0, 0.44, 0.1999998 ], "texture": "#ntw20_sight" },
				"north": { "uv": [ 0, 0, 0.44, 0.6300001 ], "texture": "#ntw20_sight" },
				"south": { "uv": [ 0, 0, 0.44, 0.6300001 ], "texture": "#ntw20_sight" },
				"west": { "uv": [ 0, 0, 0.2, 0.6300001 ], "texture": "#ntw20_sight" },
				"east": { "uv": [ 0, 0, 0.2, 0.6300001 ], "texture": "#ntw20_sight" }
			}
		},
		{
			"from": [ 7.82, 10.4, 14.16 ],
			"to": [ 8.18, 10.52, 16.47 ],
			"faces": {
				"down": { "uv": [ 0, 0, 0.44, 0.1999998 ], "texture": "#ntw20_sight" },
				"up": { "uv": [ 0, 0, 0.44, 0.1999998 ], "texture": "#ntw20_sight" },
				"north": { "uv": [ 0, 0, 0.44, 0.6300001 ], "texture": "#ntw20_sight" },
				"south": { "uv": [ 0, 0, 0.44, 0.6300001 ], "texture": "#ntw20_sight" },
				"west": { "uv": [ 0, 0, 0.2, 0.6300001 ], "texture": "#ntw20_sight" },
				"east": { "uv": [ 0, 0, 0.2, 0.6300001 ], "texture": "#ntw20_sight" }
			}
		},
		{
			"from": [ 7.55, 9.95, 14.16 ],
			"to": [ 7.67, 10.25, 16.47 ],
			"faces": {
				"down": { "uv": [ 0, 0, 0.44, 0.1999998 ], "texture": "#ntw20_sight" },
				"up": { "uv": [ 0, 0, 0.44, 0.1999998 ], "texture": "#ntw20_sight" },
				"north": { "uv": [ 0, 0, 0.44, 0.6300001 ], "texture": "#ntw20_sight" },
				"south": { "uv": [ 0, 0, 0.44, 0.6300001 ], "texture": "#ntw20_sight" },
				"west": { "uv": [ 0, 0, 0.2, 0.6300001 ], "texture": "#ntw20_sight" },
				"east": { "uv": [ 0, 0, 0.2, 0.6300001 ], "texture": "#ntw20_sight" }
			}
		},
		{
			"from": [ 8.33, 9.95, 14.16 ],
			"to": [ 8.510001, 10.25, 16.47 ],
			"faces": {
				"down": { "uv": [ 0, 0, 0.44, 0.1999998 ], "texture": "#ntw20_sight" },
				"up": { "uv": [ 0, 0, 0.44, 0.1999998 ], "texture": "#ntw20_sight" },
				"north": { "uv": [ 0, 0, 0.44, 0.6300001 ], "texture": "#ntw20_sight" },
				"south": { "uv": [ 0, 0, 0.44, 0.6300001 ], "texture": "#ntw20_sight" },
				"west": { "uv": [ 0, 0, 0.2, 0.6300001 ], "texture": "#ntw20_sight" },
				"east": { "uv": [ 0, 0, 0.2, 0.6300001 ], "texture": "#ntw20_sight" }
			}
		},
		{
			"from": [ 7.52, 10.4, 14.16 ],
			"to": [ 8.449999, 10.52, 14.46 ],
			"faces": {
				"down": { "uv": [ 0, 0, 0.44, 0.1999998 ], "texture": "#ntw20_sight" },
				"up": { "uv": [ 0, 0, 0.44, 0.1999998 ], "texture": "#ntw20_sight" },
				"north": { "uv": [ 0, 0, 0.44, 0.6300001 ], "texture": "#ntw20_sight" },
				"south": { "uv": [ 0, 0, 0.44, 0.6300001 ], "texture": "#ntw20_sight" },
				"west": { "uv": [ 0, 0, 0.2, 0.6300001 ], "texture": "#ntw20_sight" },
				"east": { "uv": [ 0, 0, 0.2, 0.6300001 ], "texture": "#ntw20_sight" }
			}
		},
		{
			"from": [ 7.55, 9.8, 14.16 ],
			"to": [ 7.67, 10.4, 14.46 ],
			"faces": {
				"down": { "uv": [ 0, 0, 0.44, 0.1999998 ], "texture": "#ntw20_sight" },
				"up": { "uv": [ 0, 0, 0.44, 0.1999998 ], "texture": "#ntw20_sight" },
				"north": { "uv": [ 0, 0, 0.44, 0.6300001 ], "texture": "#ntw20_sight" },
				"south": { "uv": [ 0, 0, 0.44, 0.6300001 ], "texture": "#ntw20_sight" },
				"west": { "uv": [ 0, 0, 0.2, 0.6300001 ], "texture": "#ntw20_sight" },
				"east": { "uv": [ 0, 0, 0.2, 0.6300001 ], "texture": "#ntw20_sight" }
			}
		},
		{
			"from": [ 8.33, 9.8, 14.16 ],
			"to": [ 8.45, 10.4, 14.46 ],
			"faces": {
				"down": { "uv": [ 0, 0, 0.44, 0.1999998 ], "texture": "#ntw20_sight" },
				"up": { "uv": [ 0, 0, 0.44, 0.1999998 ], "texture": "#ntw20_sight" },
				"north": { "uv": [ 0, 0, 0.44, 0.6300001 ], "texture": "#ntw20_sight" },
				"south": { "uv": [ 0, 0, 0.44, 0.6300001 ], "texture": "#ntw20_sight" },
				"west": { "uv": [ 0, 0, 0.2, 0.6300001 ], "texture": "#ntw20_sight" },
				"east": { "uv": [ 0, 0, 0.2, 0.6300001 ], "texture": "#ntw20_sight" }
			}
		},
		{
			"from": [ 7.49, 10.25, 14.16 ],
			"to": [ 7.73, 10.55, 16.47 ],
			"faces": {
				"down": { "uv": [ 0, 0, 0.44, 0.1999998 ], "texture": "#ntw20_sight" },
				"up": { "uv": [ 0, 0, 0.44, 0.1999998 ], "texture": "#ntw20_sight" },
				"north": { "uv": [ 0, 0, 0.44, 0.6300001 ], "texture": "#ntw20_sight" },
				"south": { "uv": [ 0, 0, 0.44, 0.6300001 ], "texture": "#ntw20_sight" },
				"west": { "uv": [ 0, 0, 0.2, 0.6300001 ], "texture": "#ntw20_sight" },
				"east": { "uv": [ 0, 0, 0.2, 0.6300001 ], "texture": "#ntw20_sight" }
			}
		},
		{
			"from": [ 8.27, 10.25, 14.16 ],
			"to": [ 8.569998, 10.55, 16.47 ],
			"faces": {
				"down": { "uv": [ 0, 0, 0.44, 0.1999998 ], "texture": "#ntw20_sight" },
				"up": { "uv": [ 0, 0, 0.44, 0.1999998 ], "texture": "#ntw20_sight" },
				"north": { "uv": [ 0, 0, 0.44, 0.6300001 ], "texture": "#ntw20_sight" },
				"south": { "uv": [ 0, 0, 0.44, 0.6300001 ], "texture": "#ntw20_sight" },
				"west": { "uv": [ 0, 0, 0.2, 0.6300001 ], "texture": "#ntw20_sight" },
				"east": { "uv": [ 0, 0, 0.2, 0.6300001 ], "texture": "#ntw20_sight" }
			}
		},
		{
			"from": [ 8.179999, 9.559999, 14.16 ],
			"to": [ 8.479998, 9.859999, 16.47 ],
			"faces": {
				"down": { "uv": [ 0, 0, 0.44, 0.1999998 ], "texture": "#ntw20_sight" },
				"up": { "uv": [ 0, 0, 0.44, 0.1999998 ], "texture": "#ntw20_sight" },
				"north": { "uv": [ 0, 0, 0.44, 0.6300001 ], "texture": "#ntw20_sight" },
				"south": { "uv": [ 0, 0, 0.44, 0.6300001 ], "texture": "#ntw20_sight" },
				"west": { "uv": [ 0, 0, 0.2, 0.6300001 ], "texture": "#ntw20_sight" },
				"east": { "uv": [ 0, 0, 0.2, 0.6300001 ], "texture": "#ntw20_sight" }
			}
		},
		{
			"from": [ 7.52, 9.559999, 14.16 ],
			"to": [ 7.82, 9.859999, 16.47 ],
			"faces": {
				"down": { "uv": [ 0, 0, 0.44, 0.1999998 ], "texture": "#ntw20_sight" },
				"up": { "uv": [ 0, 0, 0.44, 0.1999998 ], "texture": "#ntw20_sight" },
				"north": { "uv": [ 0, 0, 0.44, 0.6300001 ], "texture": "#ntw20_sight" },
				"south": { "uv": [ 0, 0, 0.44, 0.6300001 ], "texture": "#ntw20_sight" },
				"west": { "uv": [ 0, 0, 0.2, 0.6300001 ], "texture": "#ntw20_sight" },
				"east": { "uv": [ 0, 0, 0.2, 0.6300001 ], "texture": "#ntw20_sight" }
			}
		},
		{
			"from": [ 7.58, 10.34, 14.16 ],
			"to": [ 7.82, 10.55, 16.47 ],
			"faces": {
				"down": { "uv": [ 0, 0, 0.44, 0.1999998 ], "texture": "#ntw20_sight" },
				"up": { "uv": [ 0, 0, 0.44, 0.1999998 ], "texture": "#ntw20_sight" },
				"north": { "uv": [ 0, 0, 0.44, 0.6300001 ], "texture": "#ntw20_sight" },
				"south": { "uv": [ 0, 0, 0.44, 0.6300001 ], "texture": "#ntw20_sight" },
				"west": { "uv": [ 0, 0, 0.2, 0.6300001 ], "texture": "#ntw20_sight" },
				"east": { "uv": [ 0, 0, 0.2, 0.6300001 ], "texture": "#ntw20_sight" }
			}
		},
		{
			"from": [ 8.179999, 10.34, 14.16 ],
			"to": [ 8.479998, 10.55, 16.47 ],
			"faces": {
				"down": { "uv": [ 0, 0, 0.44, 0.1999998 ], "texture": "#ntw20_sight" },
				"up": { "uv": [ 0, 0, 0.44, 0.1999998 ], "texture": "#ntw20_sight" },
				"north": { "uv": [ 0, 0, 0.44, 0.6300001 ], "texture": "#ntw20_sight" },
				"south": { "uv": [ 0, 0, 0.44, 0.6300001 ], "texture": "#ntw20_sight" },
				"west": { "uv": [ 0, 0, 0.2, 0.6300001 ], "texture": "#ntw20_sight" },
				"east": { "uv": [ 0, 0, 0.2, 0.6300001 ], "texture": "#ntw20_sight" }
			}
		},
		{
			"from": [ 7.43, 9.65, 14.16 ],
			"to": [ 7.73, 9.949999, 16.47 ],
			"faces": {
				"down": { "uv": [ 0, 0, 0.44, 0.1999998 ], "texture": "#ntw20_sight" },
				"up": { "uv": [ 0, 0, 0.44, 0.1999998 ], "texture": "#ntw20_sight" },
				"north": { "uv": [ 0, 0, 0.44, 0.6300001 ], "texture": "#ntw20_sight" },
				"south": { "uv": [ 0, 0, 0.44, 0.6300001 ], "texture": "#ntw20_sight" },
				"west": { "uv": [ 0, 0, 0.2, 0.6300001 ], "texture": "#ntw20_sight" },
				"east": { "uv": [ 0, 0, 0.2, 0.6300001 ], "texture": "#ntw20_sight" }
			}
		},
		{
			"from": [ 8.27, 9.65, 14.16 ],
			"to": [ 8.569998, 9.949999, 16.47 ],
			"faces": {
				"down": { "uv": [ 0, 0, 0.44, 0.1999998 ], "texture": "#ntw20_sight" },
				"up": { "uv": [ 0, 0, 0.44, 0.1999998 ], "texture": "#ntw20_sight" },
				"north": { "uv": [ 0, 0, 0.44, 0.6300001 ], "texture": "#ntw20_sight" },
				"south": { "uv": [ 0, 0, 0.44, 0.6300001 ], "texture": "#ntw20_sight" },
				"west": { "uv": [ 0, 0, 0.2, 0.6300001 ], "texture": "#ntw20_sight" },
				"east": { "uv": [ 0, 0, 0.2, 0.6300001 ], "texture": "#ntw20_sight" }
			}
		},
		{
			"from": [ 7.55, 9.95, 16.47 ],
			"to": [ 7.61, 10.25, 16.65 ],
			"faces": {
				"up": { "uv": [ 1, 0, 1.44, 0.1999998 ], "texture": "#ntw20_sight" },
				"north": { "uv": [ 1, 0, 1.44, 0.6300001 ], "texture": "#ntw20_sight" },
				"south": { "uv": [ 1, 0, 1.44, 0.6300001 ], "texture": "#ntw20_sight" },
				"west": { "uv": [ 1, 0, 1.2, 0.6300001 ], "texture": "#ntw20_sight" },
				"east": { "uv": [ 1, 0, 1.2, 0.6300001 ], "texture": "#ntw20_sight" }
			}
		},
		{
			"from": [ 8.389999, 9.95, 16.47 ],
			"to": [ 8.449998, 10.25, 16.65 ],
			"faces": {
				"down": { "uv": [ 1, 0, 1.44, 0.1999998 ], "texture": "#ntw20_sight" },
				"up": { "uv": [ 1, 0, 1.44, 0.1999998 ], "texture": "#ntw20_sight" },
				"north": { "uv": [ 1, 0, 1.44, 0.6300001 ], "texture": "#ntw20_sight" },
				"south": { "uv": [ 1, 0, 1.44, 0.6300001 ], "texture": "#ntw20_sight" },
				"west": { "uv": [ 1, 0, 1.2, 0.6300001 ], "texture": "#ntw20_sight" },
				"east": { "uv": [ 1, 0, 1.2, 0.6300001 ], "texture": "#ntw20_sight" }
			}
		},
		{
			"from": [ 7.802, 10.445, 16.47 ],
			"to": [ 8.198, 10.505, 16.65 ],
			"faces": {
				"down": { "uv": [ 1, 0, 1.44, 0.1999998 ], "texture": "#ntw20_sight" },
				"up": { "uv": [ 1, 0, 1.44, 0.1999998 ], "texture": "#ntw20_sight" },
				"north": { "uv": [ 1, 0, 1.44, 0.6300001 ], "texture": "#ntw20_sight" },
				"south": { "uv": [ 1, 0, 1.44, 0.6300001 ], "texture": "#ntw20_sight" },
				"west": { "uv": [ 1, 0, 1.2, 0.6300001 ], "texture": "#ntw20_sight" },
				"east": { "uv": [ 1, 0, 1.2, 0.6300001 ], "texture": "#ntw20_sight" }
			}
		},
		{
			"from": [ 7.82, 9.679999, 16.47 ],
			"to": [ 8.18, 9.74, 16.65 ],
			"faces": {
				"down": { "uv": [ 1, 0, 1.44, 0.1999998 ], "texture": "#ntw20_sight" },
				"up": { "uv": [ 1, 0, 1.44, 0.1999998 ], "texture": "#ntw20_sight" },
				"north": { "uv": [ 1, 0, 1.44, 0.6300001 ], "texture": "#ntw20_sight" },
				"south": { "uv": [ 1, 0, 1.44, 0.6300001 ], "texture": "#ntw20_sight" },
				"west": { "uv": [ 1, 0, 1.2, 0.6300001 ], "texture": "#ntw20_sight" },
				"east": { "uv": [ 1, 0, 1.2, 0.6300001 ], "texture": "#ntw20_sight" }
			}
		},
		{
			"from": [ 7.829, 10.448, 16.47 ],
			"to": [ 8.188999, 10.508, 16.65 ],
			"rotation": { "origin": [ 8, 10.04, 18 ], "axis": "z", "angle": 45 },
			"faces": {
				"down": { "uv": [ 1, 0, 1.44, 0.1999998 ], "texture": "#ntw20_sight" },
				"up": { "uv": [ 1, 0, 1.44, 0.1999998 ], "texture": "#ntw20_sight" },
				"north": { "uv": [ 1, 0, 1.44, 0.6300001 ], "texture": "#ntw20_sight" },
				"south": { "uv": [ 1, 0, 1.44, 0.6300001 ], "texture": "#ntw20_sight" },
				"west": { "uv": [ 1, 0, 1.2, 0.6300001 ], "texture": "#ntw20_sight" },
				"east": { "uv": [ 1, 0, 1.2, 0.6300001 ], "texture": "#ntw20_sight" }
			}
		},
		{
			"from": [ 7.811, 10.448, 16.47 ],
			"to": [ 8.171001, 10.508, 16.65 ],
			"rotation": { "origin": [ 8, 10.04, 18 ], "axis": "z", "angle": -45 },
			"faces": {
				"down": { "uv": [ 1, 0, 1.44, 0.1999998 ], "texture": "#ntw20_sight" },
				"up": { "uv": [ 1, 0, 1.44, 0.1999998 ], "texture": "#ntw20_sight" },
				"north": { "uv": [ 1, 0, 1.44, 0.6300001 ], "texture": "#ntw20_sight" },
				"south": { "uv": [ 1, 0, 1.44, 0.6300001 ], "texture": "#ntw20_sight" },
				"west": { "uv": [ 1, 0, 1.2, 0.6300001 ], "texture": "#ntw20_sight" },
				"east": { "uv": [ 1, 0, 1.2, 0.6300001 ], "texture": "#ntw20_sight" }
			}
		},
		{
			"from": [ 7.82, 9.679999, 16.47 ],
			"to": [ 8.201, 9.74, 16.65 ],
			"rotation": { "origin": [ 8, 10.115, 18 ], "axis": "z", "angle": 45 },
			"faces": {
				"down": { "uv": [ 1, 0, 1.44, 0.1999998 ], "texture": "#ntw20_sight" },
				"up": { "uv": [ 1, 0, 1.44, 0.1999998 ], "texture": "#ntw20_sight" },
				"north": { "uv": [ 1, 0, 1.44, 0.6300001 ], "texture": "#ntw20_sight" },
				"south": { "uv": [ 1, 0, 1.44, 0.6300001 ], "texture": "#ntw20_sight" },
				"west": { "uv": [ 1, 0, 1.2, 0.6300001 ], "texture": "#ntw20_sight" },
				"east": { "uv": [ 1, 0, 1.2, 0.6300001 ], "texture": "#ntw20_sight" }
			}
		},
		{
			"from": [ 7.799, 9.679999, 16.47 ],
			"to": [ 8.18, 9.74, 16.65 ],
			"rotation": { "origin": [ 8, 10.115, 18 ], "axis": "z", "angle": -45 },
			"faces": {
				"down": { "uv": [ 1, 0, 1.44, 0.1999998 ], "texture": "#ntw20_sight" },
				"up": { "uv": [ 1, 0, 1.44, 0.1999998 ], "texture": "#ntw20_sight" },
				"north": { "uv": [ 1, 0, 1.44, 0.6300001 ], "texture": "#ntw20_sight" },
				"south": { "uv": [ 1, 0, 1.44, 0.6300001 ], "texture": "#ntw20_sight" },
				"west": { "uv": [ 1, 0, 1.2, 0.6300001 ], "texture": "#ntw20_sight" },
				"east": { "uv": [ 1, 0, 1.2, 0.6300001 ], "texture": "#ntw20_sight" }
			}
		},
		{
			"from": [ 7.85, 6.95, 13.89 ],
			"to": [ 8.150002, 7.549999, 14.04 ],
			"rotation": { "origin": [ 8, 8.6, 15 ], "axis": "x", "angle": -22.5 },
			"faces": {
				"down": { "uv": [ 0, 0, 0.44, 0.1999998 ], "texture": "#tavor_black" },
				"up": { "uv": [ 0, 0, 0.44, 0.1999998 ], "texture": "#tavor_black" },
				"north": { "uv": [ 0, 0, 0.44, 0.6300001 ], "texture": "#tavor_black" },
				"south": { "uv": [ 0, 0, 0.44, 0.6300001 ], "texture": "#tavor_black" },
				"west": { "uv": [ 0, 0, 0.2, 0.6300001 ], "texture": "#tavor_black" },
				"east": { "uv": [ 0, 0, 0.2, 0.6300001 ], "texture": "#tavor_black" }
			}
		},
		{
			"from": [ 7.85, 6.38, 14.67 ],
			"to": [ 8.150002, 6.679999, 14.79 ],
			"faces": {
				"down": { "uv": [ 0, 0, 0.44, 0.1999998 ], "texture": "#tavor_black" },
				"up": { "uv": [ 0, 0, 0.44, 0.1999998 ], "texture": "#tavor_black" },
				"north": { "uv": [ 0, 0, 0.44, 0.6300001 ], "texture": "#tavor_black" },
				"south": { "uv": [ 0, 0, 0.44, 0.6300001 ], "texture": "#tavor_black" },
				"west": { "uv": [ 0, 0, 0.2, 0.6300001 ], "texture": "#tavor_black" },
				"east": { "uv": [ 0, 0, 0.2, 0.6300001 ], "texture": "#tavor_black" }
			}
		},
		{
			"from": [ 7.85, 7.16, 13.896 ],
			"to": [ 8.150002, 7.28, 14.046 ],
			"rotation": { "origin": [ 8, 7.819999, 15 ], "axis": "x", "angle": -45 },
			"faces": {
				"down": { "uv": [ 0, 0, 0.44, 0.1999998 ], "texture": "#tavor_black" },
				"up": { "uv": [ 0, 0, 0.44, 0.1999998 ], "texture": "#tavor_black" },
				"north": { "uv": [ 0, 0, 0.44, 0.6300001 ], "texture": "#tavor_black" },
				"south": { "uv": [ 0, 0, 0.44, 0.6300001 ], "texture": "#tavor_black" },
				"west": { "uv": [ 0, 0, 0.2, 0.6300001 ], "texture": "#tavor_black" },
				"east": { "uv": [ 0, 0, 0.2, 0.6300001 ], "texture": "#tavor_black" }
			}
		},
		{
			"from": [ 7.85, 6.8, 14.55 ],
			"to": [ 8.150002, 7.400001, 14.7 ],
			"faces": {
				"down": { "uv": [ 0, 0, 0.44, 0.1999998 ], "texture": "#tavor_black" },
				"up": { "uv": [ 0, 0, 0.44, 0.1999998 ], "texture": "#tavor_black" },
				"north": { "uv": [ 0, 0, 0.44, 0.6300001 ], "texture": "#tavor_black" },
				"south": { "uv": [ 0, 0, 0.44, 0.6300001 ], "texture": "#tavor_black" },
				"west": { "uv": [ 0, 0, 0.2, 0.6300001 ], "texture": "#tavor_black" },
				"east": { "uv": [ 0, 0, 0.2, 0.6300001 ], "texture": "#tavor_black" }
			}
		},
		{
			"from": [ 7.85, 6.77, 13.92 ],
			"to": [ 8.150002, 7.369999, 13.98 ],
			"rotation": { "origin": [ 8, 8.6, 15 ], "axis": "x", "angle": -22.5 },
			"faces": {
				"down": { "uv": [ 0, 0, 0.44, 0.1999998 ], "texture": "#tavor_black" },
				"up": { "uv": [ 0, 0, 0.44, 0.1999998 ], "texture": "#tavor_black" },
				"north": { "uv": [ 0, 0, 0.44, 0.6300001 ], "texture": "#tavor_black" },
				"south": { "uv": [ 0, 0, 0.44, 0.6300001 ], "texture": "#tavor_black" },
				"west": { "uv": [ 0, 0, 0.2, 0.6300001 ], "texture": "#tavor_black" },
				"east": { "uv": [ 0, 0, 0.2, 0.6300001 ], "texture": "#tavor_black" }
			}
		},
		{
			"from": [ 7.85, 6.263, 15.996 ],
			"to": [ 8.150002, 6.563, 16.116 ],
			"rotation": { "origin": [ 8, 9.799999, 15 ], "axis": "x", "angle": 22.5 },
			"faces": {
				"down": { "uv": [ 0, 0, 0.44, 0.1999998 ], "texture": "#tavor_black" },
				"up": { "uv": [ 0, 0, 0.44, 0.1999998 ], "texture": "#tavor_black" },
				"north": { "uv": [ 0, 0, 0.44, 0.6300001 ], "texture": "#tavor_black" },
				"south": { "uv": [ 0, 0, 0.44, 0.6300001 ], "texture": "#tavor_black" },
				"west": { "uv": [ 0, 0, 0.2, 0.6300001 ], "texture": "#tavor_black" },
				"east": { "uv": [ 0, 0, 0.2, 0.6300001 ], "texture": "#tavor_black" }
			}
		},
		{
			"from": [ 7.66, 9.77, 16.2 ],
			"to": [ 8.32, 10.43, 16.26 ],
			"faces": {
				"north": { "uv": [ 0, 0, 0.44, 0.6300001 ], "texture": "#holo" },
				"south": { "uv": [ 0, 0, 0.44, 0.6300001 ], "texture": "#holo" },
				"west": { "uv": [ 0, 0, 0.2, 0.6300001 ], "texture": "#holo" },
				"east": { "uv": [ 0, 0, 0.2, 0.6300001 ], "texture": "#holo" }
			}
		},
		{
			"from": [ 7.66, 9.77, 14.19 ],
			"to": [ 8.36, 10.47, 14.25 ],
			"faces": {
				"north": { "uv": [ 3, 3, 12.5, 12.5 ], "texture": "#holo" },
				"south": { "uv": [ 3, 3, 12.5, 12.5 ], "texture": "#holo" }
			}
		}
	],
	"display": {
		"thirdperson_righthand": {
			"rotation":  [ 45, 0, 0 ],
			"translation":  [ 0, 5, 0 ],
			"scale":  [ 0.8, 0.8, 0.8 ]
		},
		"thirdperson_lefthand": {
			"rotation": [ 0, 180, 180 ],
			"translation": [ 0, 1, 10 ],
			"scale": [ 0.8, 0.8, 0.8 ]
		},	
		"firstperson_righthand": {
			"translation":  [ -2.5, 4, -4 ]
		},
		"firstperson_lefthand": {
			"rotation": [ 90, 0, 0 ],
			"translation": [ 5, 5, -5 ],
			"scale": [ 1, 1, 1 ]
		},
		"gui": {
			"rotation":  [ -15, 130, 0 ],
			"scale":  [ 0.7, 0.7, 0.7 ]
		},
		"head": {
			"translation":  [ 0, 12, 0 ],
			"scale":  [ 0.8, 0.8, 0.8 ]
		},
		"ground": {
			"rotation":  [ 0, 0, 90 ],
			"translation":  [ 0, 0, -1 ],
			"scale":  [ 0.8, 0.8, 0.8 ]
		},
		"fixed": {
			"rotation":  [ 0, 90, 0 ],
			"translation":  [ -2, 0, -1 ],
			"scale":  [ 1.2, 1.2, 1.2 ]
		}
	}
}