{
    "__comment": "© Le0, Mineland.eu 2019 | www.mineland.eu",
    "textures": {
        "bright_gun_texture": "guns/automaty/bright_gun_texture"
    },
    "elements": [
        {
            "name": "Front Barrel",
            "from": [ -7.299999989569187, 7.100000001490116, 7.500000007450581 ], 
            "to": [ 0.7000000104308128, 8.100000001490116, 8.50000000745058 ], 
            "faces": {
                "north": { "texture": "#bright_gun_texture", "uv": [ 4.0, 5.0, 6.0, 6.4000000059604645 ] },
                "east": { "texture": "#bright_gun_texture", "uv": [ 3.0, 3.0, 4.4000000059604645, 4.4000000059604645 ] },
                "south": { "texture": "#bright_gun_texture", "uv": [ 8.0, 11.0, 10.0, 12.400000005960464 ] },
                "west": { "texture": "#bright_gun_texture", "uv": [ 9.0, 6.0, 10.400000005960464, 7.4000000059604645 ] },
                "up": { "texture": "#bright_gun_texture", "uv": [ 12.0, 7.0, 14.0, 8.400000005960464 ] },
                "down": { "texture": "#bright_gun_texture", "uv": [ 4.0, 14.0, 6.0, 15.400000005960464 ] }
            }
        },
        {
            "name": "Body",
            "from": [ 7.0, 6.500000007450581, 7.0 ], 
            "to": [ 18.00000001490116, 9.199999988079071, 9.0 ], 
            "faces": {
                "north": { "texture": "#bright_gun_texture", "uv": [ 8.0, 4.0, 16.0, 7.499999992549419 ] },
                "east": { "texture": "#bright_gun_texture", "uv": [ 4.0, 5.0, 6.600000008940697, 8.49999999254942 ] },
                "south": { "texture": "#bright_gun_texture", "uv": [ 7.0, 4.0, 15.0, 7.499999992549419 ] },
                "west": { "texture": "#bright_gun_texture", "uv": [ 6.0, 3.0, 8.600000008940697, 6.499999992549419 ] },
                "up": { "texture": "#bright_gun_texture", "uv": [ 2.0, 10.0, 10.0, 12.600000008940697 ] },
                "down": { "texture": "#bright_gun_texture", "uv": [ 7.0, 5.0, 15.0, 7.600000008940697 ] }
            }
        },
        {
            "name": "Back Targeter Main",
            "from": [ 11.499999977648258, 8.0, 7.300000004470348 ], 
            "to": [ 16.799999982118607, 9.899999998509884, 8.699999995529652 ], 
            "faces": {
                "north": { "texture": "#bright_gun_texture", "uv": [ 5.0, 5.0, 10.0, 6.799999997019768 ] },
                "east": { "texture": "#bright_gun_texture", "uv": [ 1.0, 4.0, 5.0, 7.799999997019768 ] },
                "south": { "texture": "#bright_gun_texture", "uv": [ 1.0, 5.0, 6.0, 6.799999997019768 ] },
                "west": { "texture": "#bright_gun_texture", "uv": [ 5.0, 9.0, 9.0, 6.799999997019768 ] },
                "up": { "texture": "#bright_gun_texture", "uv": [ 8.0, 6.0, 12.0, 8.0 ] },
                "down": { "texture": "#bright_gun_texture", "uv": [ 5.0, 3.0, 9.0, 5.0 ] }
            }
        },
        {
            "name": "Back Targeter SL",
            "from": [ 15.700000010430813, 9.899999998509884, 8.400000020861626 ], 
            "to": [ 16.600000008940697, 10.49999999254942, 8.700000010430813 ], 
            "faces": {
                "north": { "texture": "#bright_gun_texture", "uv": [ 8.0, 1.0, 8.599999994039536, 2.0 ] },
                "east": { "texture": "#bright_gun_texture", "uv": [ 6.0, 4.0, 6.199999988079071, 5.0 ] },
                "south": { "texture": "#bright_gun_texture", "uv": [ 4.0, 4.0, 4.5999999940395355, 5.0 ] },
                "west": { "texture": "#bright_gun_texture", "uv": [ 3.0, 10.0, 3.199999988079071, 11.0 ] },
                "up": { "texture": "#bright_gun_texture", "uv": [ 2.0, 2.0, 2.5999999940395355, 2.199999988079071 ] },
                "down": { "texture": "#bright_gun_texture", "uv": [ 10.0, 11.0, 10.599999994039536, 11.199999988079071 ] }
            }
        },
        {
            "name": "Back Targeter SR",
            "from": [ 15.700000010430813, 9.899999998509884, 7.300000004470348 ], 
            "to": [ 16.599999994039536, 10.49999999254942, 7.5999999940395355 ], 
            "faces": {
                "north": { "texture": "#bright_gun_texture", "uv": [ 0.0, 5.0, 0.5999999940395355, 6.0 ] },
                "east": { "texture": "#bright_gun_texture", "uv": [ 3.0, 14.0, 3.199999988079071, 15.0 ] },
                "south": { "texture": "#bright_gun_texture", "uv": [ 3.0, 10.0, 3.5999999940395355, 11.0 ] },
                "west": { "texture": "#bright_gun_texture", "uv": [ 8.0, 0.0, 8.199999988079071, 1.0 ] },
                "up": { "texture": "#bright_gun_texture", "uv": [ 1.0, 0.0, 1.5999999940395355, 0.19999998807907104 ] },
                "down": { "texture": "#bright_gun_texture", "uv": [ 13.0, 11.0, 13.599999994039536, 11.199999988079071 ] }
            }
        },
        {
            "name": "Front Targeter L",
            "from": [ -2.4999999925494194, 9.49999999254942, 8.400000005960464 ], 
            "to": [ -1.6999999955296516, 10.30000001937151, 8.49999999254942 ], 
            "faces": {
                "north": { "texture": "#bright_gun_texture", "uv": [ 4.0, 3.0, 4.799999997019768, 4.400000020861626 ] },
                "east": { "texture": "#bright_gun_texture", "uv": [ 5.0, 8.0, 5.199999988079071, 9.400000020861626 ] },
                "south": { "texture": "#bright_gun_texture", "uv": [ 8.0, 10.0, 8.799999997019768, 11.400000020861626 ] },
                "west": { "texture": "#bright_gun_texture", "uv": [ 10.0, 7.0, 10.199999988079071, 8.400000020861626 ] },
                "up": { "texture": "#bright_gun_texture", "uv": [ 10.0, 9.0, 10.799999997019768, 9.199999988079071 ] },
                "down": { "texture": "#bright_gun_texture", "uv": [ 7.0, 7.0, 7.799999997019768, 7.199999988079071 ] }
            }
        },
        {
            "name": "Front Targeter R",
            "from": [ -2.4999999925494194, 9.49999999254942, 7.499999992549419 ], 
            "to": [ -1.6999999955296516, 10.30000001937151, 7.599999979138374 ], 
            "faces": {
                "north": { "texture": "#bright_gun_texture", "uv": [ 4.0, 3.0, 5.0, 4.400000020861626 ] },
                "east": { "texture": "#bright_gun_texture", "uv": [ 5.0, 8.0, 5.199999988079071, 9.400000020861626 ] },
                "south": { "texture": "#bright_gun_texture", "uv": [ 8.0, 10.0, 8.799999997019768, 11.400000020861626 ] },
                "west": { "texture": "#bright_gun_texture", "uv": [ 10.0, 7.0, 10.199999988079071, 8.400000020861626 ] },
                "up": { "texture": "#bright_gun_texture", "uv": [ 10.0, 9.0, 10.799999997019768, 9.199999988079071 ] },
                "down": { "texture": "#bright_gun_texture", "uv": [ 7.0, 7.0, 7.799999997019768, 7.199999988079071 ] }
            }
        },
        {
            "name": "Front Targeter M",
            "from": [ -2.099999986588955, 9.0, 7.899999998509884 ], 
            "to": [ -2.0, 10.200000017881393, 8.099999986588955 ], 
            "faces": {
                "north": { "texture": "#bright_gun_texture", "uv": [ 12.0, 10.0, 12.099999986588955, 11.200000017881393 ] },
                "east": { "texture": "#bright_gun_texture", "uv": [ 10.0, 11.0, 10.199999988079071, 12.200000017881393 ] },
                "south": { "texture": "#bright_gun_texture", "uv": [ 12.0, 10.0, 12.099999986588955, 9.200000017881393 ] },
                "west": { "texture": "#bright_gun_texture", "uv": [ 13.0, 5.0, 13.199999988079071, 6.200000017881393 ] },
                "up": { "texture": "#bright_gun_texture", "uv": [ 12.0, 9.0, 12.099999986588955, 9.199999988079071 ] },
                "down": { "texture": "#bright_gun_texture", "uv": [ 12.0, 6.0, 12.099999986588955, 6.199999988079071 ] }
            }
        },
        {
            "name": "Clip Top",
            "from": [ 9.200000002980232, 3.0, 7.500000007450581 ], 
            "to": [ 12.100000016391277, 6.499999992549419, 8.49999999254942 ], 
            "faces": {
                "north": { "texture": "#bright_gun_texture", "uv": [ 0.0, 9.0, 2.5000000074505806, 11.49999999254942 ] },
                "east": { "texture": "#bright_gun_texture", "uv": [ 0.0, 9.0, 2.0, 11.49999999254942 ] },
                "south": { "texture": "#bright_gun_texture", "uv": [ 0.0, 9.0, 2.5000000074505806, 11.49999999254942 ] },
                "west": { "texture": "#bright_gun_texture", "uv": [ 0.0, 8.0, 2.0, 10.49999999254942 ] },
                "up": { "texture": "#bright_gun_texture", "uv": [ 0.0, 9.0, 2.5000000074505806, 11.0 ] },
                "down": { "texture": "#bright_gun_texture", "uv": [ 0.0, 8.0, 2.5000000074505806, 10.0 ] }
            }
        },
        {
            "name": "Clip Bottom",
            "from": [ 9.49999999254942, -0.3999999910593033, 7.500000007450581 ], 
            "to": [ 12.400000005960464, 3.500000022351742, 8.49999999254942 ], 
            "rotation": { "origin": [ 11.0, 4.0, 8.0 ], "axis": "z", "angle": -22.5 },
            "faces": {
                "north": { "texture": "#bright_gun_texture", "uv": [ 5.0, 6.0, 7.600000008940697, 9.0 ] },
                "east": { "texture": "#bright_gun_texture", "uv": [ 1.0, 9.0, 3.0, 12.0 ] },
                "south": { "texture": "#bright_gun_texture", "uv": [ 4.0, 8.0, 6.600000008940697, 11.0 ] },
                "west": { "texture": "#bright_gun_texture", "uv": [ 6.0, 8.0, 8.0, 11.0 ] },
                "up": { "texture": "#bright_gun_texture", "uv": [ 4.0, 8.0, 6.600000008940697, 10.0 ] },
                "down": { "texture": "#bright_gun_texture", "uv": [ 0.0, 8.0, 2.6000000089406967, 10.0 ] }
            }
        },
        {
            "name": "Back Handle",
            "from": [ 13.899999998509884, -0.6000000238418579, 7.300000004470348 ], 
            "to": [ 15.699999995529652, 2.6999999806284904, 8.699999995529652 ], 
            "rotation": { "origin": [ 8.0, 8.0, 8.0 ], "axis": "z", "angle": 22.5 },
            "faces": {
                "north": { "texture": "#bright_gun_texture", "uv": [ 9.0, 11.0, 11.0, 15.0 ] },
                "east": { "texture": "#bright_gun_texture", "uv": [ 10.0, 10.0, 12.0, 14.0 ] },
                "south": { "texture": "#bright_gun_texture", "uv": [ 8.0, 7.0, 10.0, 11.0 ] },
                "west": { "texture": "#bright_gun_texture", "uv": [ 8.0, 7.0, 10.0, 11.0 ] },
                "up": { "texture": "#bright_gun_texture", "uv": [ 7.0, 9.0, 9.0, 11.0 ] },
                "down": { "texture": "#bright_gun_texture", "uv": [ 8.0, 9.0, 10.0, 11.0 ] }
            }
        },
        {
            "name": "Shooter Horizontal Piece",
            "from": [ 13.100000001490116, 5.200000017881393, 7.700000010430813 ], 
            "to": [ 15.30000001937151, 5.399999991059303, 8.300000004470348 ], 
            "faces": {
                "north": { "texture": "#bright_gun_texture", "uv": [ 0.0, 0.0, 1.900000013411045, 0.19999997317790985 ] },
                "east": { "texture": "#bright_gun_texture", "uv": [ 0.0, 0.0, 0.5999999940395355, 0.19999997317790985 ] },
                "south": { "texture": "#bright_gun_texture", "uv": [ 0.0, 0.0, 1.900000013411045, 0.19999997317790985 ] },
                "west": { "texture": "#bright_gun_texture", "uv": [ 0.0, 0.0, 0.5999999940395355, 0.19999997317790985 ] },
                "up": { "texture": "#bright_gun_texture", "uv": [ 0.0, 0.0, 1.900000013411045, 0.5999999940395355 ] },
                "down": { "texture": "#bright_gun_texture", "uv": [ 0.0, 0.0, 1.900000013411045, 0.5999999940395355 ] }
            }
        },
        {
            "name": "Stock Up",
            "from": [ 20.0, 6.600000023841858, 7.100000001490116 ], 
            "to": [ 26.0, 8.400000020861626, 8.899999998509884 ], 
            "faces": {
                "north": { "texture": "#bright_gun_texture", "uv": [ 6.0, 7.0, 12.0, 9.0 ] },
                "east": { "texture": "#bright_gun_texture", "uv": [ 4.0, 5.0, 6.0, 7.0 ] },
                "south": { "texture": "#bright_gun_texture", "uv": [ 2.0, 3.0, 8.0, 5.0 ] },
                "west": { "texture": "#bright_gun_texture", "uv": [ 2.0, 6.0, 4.0, 8.0 ] },
                "up": { "texture": "#bright_gun_texture", "uv": [ 5.0, 8.0, 11.0, 10.0 ] },
                "down": { "texture": "#bright_gun_texture", "uv": [ 6.0, 5.0, 12.0, 7.0 ] }
            }
        },
        {
            "name": "Stock Side",
            "from": [ 25.299999998509882, 4.200000002980232, 7.300000004470348 ], 
            "to": [ 25.999999994039534, 6.5999999940395355, 8.699999995529652 ], 
            "faces": {
                "north": { "texture": "#bright_gun_texture", "uv": [ 7.0, 3.0, 9.0, 5.999999970197678 ] },
                "east": { "texture": "#bright_gun_texture", "uv": [ 9.0, 11.0, 11.0, 13.999999970197678 ] },
                "south": { "texture": "#bright_gun_texture", "uv": [ 3.0, 7.0, 5.0, 9.999999970197678 ] },
                "west": { "texture": "#bright_gun_texture", "uv": [ 7.0, 8.0, 9.0, 10.999999970197678 ] },
                "up": { "texture": "#bright_gun_texture", "uv": [ 6.0, 2.0, 8.0, 4.0 ] },
                "down": { "texture": "#bright_gun_texture", "uv": [ 4.0, 11.0, 6.0, 13.0 ] }
            }
        },
        {
            "name": "Stock Under 1",
            "from": [ 19.799999982118607, 11.400000005960464, 7.300000004470348 ], 
            "to": [ 22.0, 12.69999996572733, 8.699999995529652 ], 
            "rotation": { "origin": [ 8.0, 8.0, 8.0 ], "axis": "z", "angle": -22.5 },
            "faces": {
                "north": { "texture": "#bright_gun_texture", "uv": [ 7.0, 8.0, 9.50000000745058, 10.299999959766865 ] },
                "east": { "texture": "#bright_gun_texture", "uv": [ 14.0, 13.0, 16.0, 15.299999959766865 ] },
                "south": { "texture": "#bright_gun_texture", "uv": [ 6.0, 10.0, 8.50000000745058, 12.299999959766865 ] },
                "west": { "texture": "#bright_gun_texture", "uv": [ 7.0, 5.0, 9.0, 7.299999959766865 ] },
                "up": { "texture": "#bright_gun_texture", "uv": [ 4.0, 6.0, 8.50000000745058, 8.0 ] },
                "down": { "texture": "#bright_gun_texture", "uv": [ 5.0, 5.0, 9.50000000745058, 7.0 ] }
            }
        },
        {
            "name": "Mid Barrel",
            "from": [ 0.6999999955296516, 6.300000004470348, 6.600000008940697 ], 
            "to": [ 7.0, 9.100000016391277, 9.399999991059303 ], 
            "faces": {
                "north": { "texture": "#bright_gun_texture", "uv": [ 3.0, 11.0, 10.0, 13.799999997019768 ] },
                "east": { "texture": "#bright_gun_texture", "uv": [ 11.0, 0.0, 13.799999997019768, 2.7999999970197678 ] },
                "south": { "texture": "#bright_gun_texture", "uv": [ 3.0, 10.0, 11.0, 12.799999997019768 ] },
                "west": { "texture": "#bright_gun_texture", "uv": [ 8.0, 6.0, 10.799999997019768, 8.799999997019768 ] },
                "up": { "texture": "#bright_gun_texture", "uv": [ 6.0, 4.0, 13.0, 6.799999997019768 ] },
                "down": { "texture": "#bright_gun_texture", "uv": [ 5.0, 7.0, 12.0, 9.799999997019768 ] }
            }
        },
        {
            "name": "Front Targeter Base",
            "from": [ -2.2000000029802322, 3.6999999955296516, 7.700000010430813 ], 
            "to": [ -1.2000000029802322, 5.300000004470348, 8.299999989569187 ], 
            "rotation": { "origin": [ 8.0, 8.0, 8.0 ], "axis": "z", "angle": -22.5 },
            "faces": {
                "north": { "texture": "#bright_gun_texture", "uv": [ 2.0, 1.0, 3.0, 2.5999999940395355 ] },
                "east": { "texture": "#bright_gun_texture", "uv": [ 6.0, 4.0, 7.5999999940395355, 5.5999999940395355 ] },
                "south": { "texture": "#bright_gun_texture", "uv": [ 4.0, 6.0, 5.0, 7.5999999940395355 ] },
                "west": { "texture": "#bright_gun_texture", "uv": [ 7.0, 10.0, 8.599999994039536, 11.599999994039536 ] },
                "up": { "texture": "#bright_gun_texture", "uv": [ 8.0, 11.0, 9.0, 12.599999994039536 ] },
                "down": { "texture": "#bright_gun_texture", "uv": [ 8.0, 6.0, 9.0, 7.5999999940395355 ] }
            }
        },
        {
            "name": "Up Mid Barrel",
            "from": [ 0.6999999806284904, 9.099999986588955, 7.200000017881393 ], 
            "to": [ 6.999999985098839, 9.699999995529652, 8.799999997019768 ], 
            "faces": {
                "north": { "texture": "#bright_gun_texture", "uv": [ 2.0, 10.0, 9.0, 10.799999997019768 ] },
                "east": { "texture": "#bright_gun_texture", "uv": [ 11.0, 0.0, 13.799999997019768, 2.7999999970197678 ] },
                "south": { "texture": "#bright_gun_texture", "uv": [ 6.0, 10.0, 14.0, 10.799999997019768 ] },
                "west": { "texture": "#bright_gun_texture", "uv": [ 6.0, 3.0, 8.799999997019768, 5.799999997019768 ] },
                "up": { "texture": "#bright_gun_texture", "uv": [ 10.0, 1.0, 16.0, 2.7999999970197678 ] },
                "down": { "texture": "#bright_gun_texture", "uv": [ 1.0, 10.0, 7.0, 11.799999997019768 ] }
            }
        },
        {
            "name": "Upper Barrel",
            "from": [ -2.6999999806284904, 8.600000008940697, 7.500000007450581 ], 
            "to": [ 2.3000000193715096, 9.600000008940697, 8.50000000745058 ], 
            "faces": {
                "north": { "texture": "#bright_gun_texture", "uv": [ 4.0, 5.0, 6.0, 6.4000000059604645 ] },
                "east": { "texture": "#bright_gun_texture", "uv": [ 3.0, 3.0, 4.4000000059604645, 4.4000000059604645 ] },
                "south": { "texture": "#bright_gun_texture", "uv": [ 8.0, 11.0, 10.0, 12.400000005960464 ] },
                "west": { "texture": "#bright_gun_texture", "uv": [ 9.0, 6.0, 10.400000005960464, 7.4000000059604645 ] },
                "up": { "texture": "#bright_gun_texture", "uv": [ 12.0, 7.0, 14.0, 8.400000005960464 ] },
                "down": { "texture": "#bright_gun_texture", "uv": [ 4.0, 14.0, 6.0, 15.400000005960464 ] }
            }
        },
        {
            "name": "Body Under Mid",
            "from": [ 11.600000008940697, 5.299999989569187, 7.300000004470348 ], 
            "to": [ 13.200000032782555, 6.499999977648258, 8.299999989569187 ], 
            "faces": {
                "north": { "texture": "#bright_gun_texture", "uv": [ 5.0, 7.0, 10.0, 8.49999999254942 ] },
                "east": { "texture": "#bright_gun_texture", "uv": [ 4.0, 5.0, 5.600000008940697, 6.499999992549419 ] },
                "south": { "texture": "#bright_gun_texture", "uv": [ 7.0, 4.0, 12.0, 5.499999992549419 ] },
                "west": { "texture": "#bright_gun_texture", "uv": [ 6.0, 3.0, 7.600000008940697, 4.499999992549419 ] },
                "up": { "texture": "#bright_gun_texture", "uv": [ 2.0, 10.0, 8.0, 11.600000008940697 ] },
                "down": { "texture": "#bright_gun_texture", "uv": [ 7.0, 5.0, 13.0, 6.600000008940697 ] }
            }
        },
        {
            "name": "Body Under Front",
            "from": [ 9.0, 6.799999997019768, 7.300000004470348 ], 
            "to": [ 12.200000017881393, 7.999999985098839, 8.699999995529652 ], 
            "rotation": { "origin": [ 8.0, 8.0, 8.0 ], "axis": "z", "angle": -22.5 },
            "faces": {
                "north": { "texture": "#bright_gun_texture", "uv": [ 5.0, 7.0, 10.0, 8.49999999254942 ] },
                "east": { "texture": "#bright_gun_texture", "uv": [ 4.0, 5.0, 5.600000008940697, 6.499999992549419 ] },
                "south": { "texture": "#bright_gun_texture", "uv": [ 7.0, 4.0, 12.0, 5.499999992549419 ] },
                "west": { "texture": "#bright_gun_texture", "uv": [ 6.0, 3.0, 7.600000008940697, 4.499999992549419 ] },
                "up": { "texture": "#bright_gun_texture", "uv": [ 2.0, 10.0, 8.0, 11.600000008940697 ] },
                "down": { "texture": "#bright_gun_texture", "uv": [ 7.0, 5.0, 13.0, 6.600000008940697 ] }
            }
        },
        {
            "name": "Body Under Mid-Front",
            "from": [ 11.50000000745058, 5.299999989569187, 7.300000004470348 ], 
            "to": [ 12.200000032782555, 6.499999977648258, 8.699999995529652 ], 
            "faces": {
                "north": { "texture": "#bright_gun_texture", "uv": [ 7.0, 5.0, 8.0, 6.499999992549419 ] },
                "east": { "texture": "#bright_gun_texture", "uv": [ 4.0, 5.0, 5.600000008940697, 6.499999992549419 ] },
                "south": { "texture": "#bright_gun_texture", "uv": [ 10.0, 4.0, 11.0, 5.499999992549419 ] },
                "west": { "texture": "#bright_gun_texture", "uv": [ 6.0, 3.0, 7.600000008940697, 4.499999992549419 ] },
                "up": { "texture": "#bright_gun_texture", "uv": [ 2.0, 10.0, 4.0, 11.600000008940697 ] },
                "down": { "texture": "#bright_gun_texture", "uv": [ 7.0, 5.0, 9.0, 6.600000008940697 ] }
            }
        },
        {
            "name": "Body Under Back",
            "from": [ 15.200000002980232, 5.299999989569187, 7.300000004470348 ], 
            "to": [ 17.200000032782555, 6.499999977648258, 8.699999995529652 ], 
            "faces": {
                "north": { "texture": "#bright_gun_texture", "uv": [ 5.0, 7.0, 10.0, 8.49999999254942 ] },
                "east": { "texture": "#bright_gun_texture", "uv": [ 4.0, 5.0, 5.600000008940697, 6.499999992549419 ] },
                "south": { "texture": "#bright_gun_texture", "uv": [ 7.0, 4.0, 12.0, 5.499999992549419 ] },
                "west": { "texture": "#bright_gun_texture", "uv": [ 6.0, 3.0, 7.600000008940697, 4.499999992549419 ] },
                "up": { "texture": "#bright_gun_texture", "uv": [ 2.0, 10.0, 8.0, 11.600000008940697 ] },
                "down": { "texture": "#bright_gun_texture", "uv": [ 7.0, 5.0, 13.0, 6.600000008940697 ] }
            }
        },
        {
            "name": "Body Top",
            "from": [ 7.000000014901161, 9.200000002980232, 7.200000002980232 ], 
            "to": [ 17.00000001490116, 9.599999979138374, 8.799999997019768 ], 
            "faces": {
                "north": { "texture": "#bright_gun_texture", "uv": [ 3.0, 3.0, 9.0, 3.4999999925494194 ] },
                "east": { "texture": "#bright_gun_texture", "uv": [ 4.0, 5.0, 5.600000008940697, 5.499999992549419 ] },
                "south": { "texture": "#bright_gun_texture", "uv": [ 7.0, 3.0, 13.0, 3.4999999925494194 ] },
                "west": { "texture": "#bright_gun_texture", "uv": [ 6.0, 3.0, 7.600000008940697, 3.4999999925494194 ] },
                "up": { "texture": "#bright_gun_texture", "uv": [ 2.0, 9.0, 8.0, 10.600000008940697 ] },
                "down": { "texture": "#bright_gun_texture", "uv": [ 7.0, 5.0, 13.0, 6.600000008940697 ] }
            }
        },
        {
            "name": "Stock Under 2",
            "from": [ 19.099999986588955, 16.899999998509884, 7.4000000059604645 ], 
            "to": [ 21.700000010430813, 18.19999995827675, 8.599999994039536 ], 
            "rotation": { "origin": [ 8.0, 8.0, 8.0 ], "axis": "z", "angle": -45.0 },
            "faces": {
                "north": { "texture": "#bright_gun_texture", "uv": [ 7.0, 8.0, 9.50000000745058, 9.299999959766865 ] },
                "east": { "texture": "#bright_gun_texture", "uv": [ 14.0, 13.0, 16.0, 15.299999959766865 ] },
                "south": { "texture": "#bright_gun_texture", "uv": [ 7.0, 8.0, 9.50000000745058, 9.299999959766865 ] },
                "west": { "texture": "#bright_gun_texture", "uv": [ 7.0, 5.0, 9.0, 7.299999959766865 ] },
                "up": { "texture": "#bright_gun_texture", "uv": [ 4.0, 6.0, 8.50000000745058, 8.0 ] },
                "down": { "texture": "#bright_gun_texture", "uv": [ 5.0, 5.0, 9.50000000745058, 7.0 ] }
            }
        },
        {
            "name": "Stock Under 3",
            "from": [ 19.99999998509884, 17.599999994039536, 7.300000004470348 ], 
            "to": [ 22.80000001192093, 18.599999949336052, 8.699999995529652 ], 
            "rotation": { "origin": [ 8.0, 8.0, 8.0 ], "axis": "z", "angle": -45.0 },
            "faces": {
                "north": { "texture": "#bright_gun_texture", "uv": [ 11.0, 11.0, 13.50000000745058, 12.299999959766865 ] },
                "east": { "texture": "#bright_gun_texture", "uv": [ 11.0, 8.0, 13.0, 10.299999959766865 ] },
                "south": { "texture": "#bright_gun_texture", "uv": [ 9.0, 8.0, 11.50000000745058, 9.299999959766865 ] },
                "west": { "texture": "#bright_gun_texture", "uv": [ 7.0, 8.0, 9.0, 10.299999959766865 ] },
                "up": { "texture": "#bright_gun_texture", "uv": [ 8.0, 7.0, 12.50000000745058, 9.0 ] },
                "down": { "texture": "#bright_gun_texture", "uv": [ 6.0, 10.0, 10.50000000745058, 12.0 ] }
            }
        },
        {
            "name": "Stock Under Filler",
            "from": [ 20.499999977648258, 18.599999994039536, 7.300000004470348 ], 
            "to": [ 21.80000001192093, 19.599999949336052, 8.699999995529652 ], 
            "rotation": { "origin": [ 8.0, 8.0, 8.0 ], "axis": "z", "angle": -45.0 },
            "faces": {
                "north": { "texture": "#bright_gun_texture", "uv": [ 8.0, 6.0, 10.50000000745058, 7.299999959766865 ] },
                "east": { "texture": "#bright_gun_texture", "uv": [ 11.0, 5.0, 13.0, 7.299999959766865 ] },
                "south": { "texture": "#bright_gun_texture", "uv": [ 11.0, 9.0, 13.50000000745058, 10.299999959766865 ] },
                "west": { "texture": "#bright_gun_texture", "uv": [ 10.0, 11.0, 12.0, 13.299999959766865 ] },
                "up": { "texture": "#bright_gun_texture", "uv": [ 8.0, 7.0, 12.50000000745058, 9.0 ] },
                "down": { "texture": "#bright_gun_texture", "uv": [ 6.0, 10.0, 10.50000000745058, 12.0 ] }
            }
        },
        {
            "name": "Stock Body Connector",
            "from": [ 18.0, 6.80000002682209, 7.300000004470348 ], 
            "to": [ 24.0, 8.200000017881393, 8.699999995529652 ], 
            "faces": {
                "north": { "texture": "#bright_gun_texture", "uv": [ 8.0, 5.0, 12.0, 7.0 ] },
                "east": { "texture": "#bright_gun_texture", "uv": [ 4.0, 5.0, 6.0, 7.0 ] },
                "south": { "texture": "#bright_gun_texture", "uv": [ 6.0, 6.0, 10.0, 8.0 ] },
                "west": { "texture": "#bright_gun_texture", "uv": [ 2.0, 6.0, 4.0, 8.0 ] },
                "up": { "texture": "#bright_gun_texture", "uv": [ 10.0, 5.0, 14.0, 7.0 ] },
                "down": { "texture": "#bright_gun_texture", "uv": [ 9.0, 7.0, 13.0, 9.0 ] }
            }
        },
        {
            "name": "Back Targeter Mid",
            "from": [ 15.900000013411045, 9.800000011920929, 7.300000004470348 ], 
            "to": [ 16.299999989569187, 10.300000004470348, 8.599999994039536 ], 
            "faces": {
                "north": { "texture": "#bright_gun_texture", "uv": [ 0.0, 5.0, 0.5999999940395355, 6.0 ] },
                "east": { "texture": "#bright_gun_texture", "uv": [ 3.0, 14.0, 3.199999988079071, 15.0 ] },
                "south": { "texture": "#bright_gun_texture", "uv": [ 3.0, 10.0, 3.5999999940395355, 11.0 ] },
                "west": { "texture": "#bright_gun_texture", "uv": [ 8.0, 0.0, 8.199999988079071, 1.0 ] },
                "up": { "texture": "#bright_gun_texture", "uv": [ 1.0, 0.0, 1.5999999940395355, 0.19999998807907104 ] },
                "down": { "texture": "#bright_gun_texture", "uv": [ 13.0, 11.0, 13.599999994039536, 11.199999988079071 ] }
            }
        },
        {
            "name": "Front Accessory Track",
            "from": [ 2.6999999806284904, 8.0, 7.300000004470348 ], 
            "to": [ 6.299999989569187, 9.899999998509884, 8.699999995529652 ], 
            "faces": {
                "north": { "texture": "#bright_gun_texture", "uv": [ 5.0, 5.0, 10.0, 6.799999997019768 ] },
                "east": { "texture": "#bright_gun_texture", "uv": [ 1.0, 4.0, 5.0, 7.799999997019768 ] },
                "south": { "texture": "#bright_gun_texture", "uv": [ 1.0, 5.0, 6.0, 6.799999997019768 ] },
                "west": { "texture": "#bright_gun_texture", "uv": [ 5.0, 9.0, 9.0, 6.799999997019768 ] },
                "up": { "texture": "#bright_gun_texture", "uv": [ 8.0, 6.0, 12.0, 8.0 ] },
                "down": { "texture": "#bright_gun_texture", "uv": [ 5.0, 3.0, 9.0, 5.0 ] }
            }
        },
        {
            "name": "Barrel Cap Back",
            "from": [ -6.999999985098839, 6.899999998509884, 7.300000004470348 ], 
            "to": [ -6.299999989569187, 8.300000004470348, 8.700000010430813 ], 
            "faces": {
                "north": { "texture": "#bright_gun_texture", "uv": [ 4.0, 5.0, 6.0, 6.4000000059604645 ] },
                "east": { "texture": "#bright_gun_texture", "uv": [ 3.0, 3.0, 4.4000000059604645, 4.4000000059604645 ] },
                "south": { "texture": "#bright_gun_texture", "uv": [ 8.0, 11.0, 10.0, 12.400000005960464 ] },
                "west": { "texture": "#bright_gun_texture", "uv": [ 9.0, 6.0, 10.400000005960464, 7.4000000059604645 ] },
                "up": { "texture": "#bright_gun_texture", "uv": [ 12.0, 7.0, 14.0, 8.400000005960464 ] },
                "down": { "texture": "#bright_gun_texture", "uv": [ 4.0, 14.0, 6.0, 15.400000005960464 ] }
            }
        },
        {
            "name": "Barrel Cap Front",
            "from": [ -9.299999989569187, 7.0, 7.4000000059604645 ], 
            "to": [ -6.999999985098839, 8.200000002980232, 8.600000008940697 ], 
            "faces": {
                "north": { "texture": "#bright_gun_texture", "uv": [ 4.0, 5.0, 6.0, 6.4000000059604645 ] },
                "east": { "texture": "#bright_gun_texture", "uv": [ 3.0, 3.0, 4.4000000059604645, 4.4000000059604645 ] },
                "south": { "texture": "#bright_gun_texture", "uv": [ 8.0, 11.0, 10.0, 12.400000005960464 ] },
                "west": { "texture": "#bright_gun_texture", "uv": [ 9.0, 6.0, 10.400000005960464, 7.4000000059604645 ] },
                "up": { "texture": "#bright_gun_texture", "uv": [ 12.0, 7.0, 14.0, 8.400000005960464 ] },
                "down": { "texture": "#bright_gun_texture", "uv": [ 4.0, 14.0, 6.0, 15.400000005960464 ] }
            }
        }
    ],
    "display": {
        "thirdperson_righthand": {
            "rotation": [ 0, 270, -60 ],
            "translation": [ 0, 5, 3 ],
            "scale": [ 0.67, 0.67, 0.67 ]
        },
		"thirdperson_lefthand": {
			"rotation": [ 0, 90, 180 ],
			"translation": [ 0, 1, 12 ],
            "scale": [ 0.67, 0.67, 0.67 ]
        },
        "firstperson_righthand": {
            "rotation": [ 0, -90, 0 ],
            "translation": [ -2, 4, -5 ],
            "scale": [ 0.9, 0.9, 0.9 ]
        },
		"firstperson_lefthand": {
            "rotation": [ 0, 90, 90 ],
			"translation": [ 5, 5, -5 ],
            "scale": [ 0.9, 0.9, 0.9 ]
        },
        "head": {
			"rotation": [ 0, -90, 0 ],
			"translation": [ 0, 12, 0 ],
			"scale": [ 0.6, 0.6, 0.6 ]
        },
        "ground": {
            "rotation": [ 90, 0, 0 ],
            "translation": [ 0, -2, 0 ],
            "scale": [ 0.67, 0.67, 0.67 ]
        },
        "gui": {
            "rotation": [ -20, 30, 0 ],
            "translation": [ 0, 0, 0 ],
            "scale": [ 0.5, 0.5, 0.5 ]
        }
    }
}