{
"__comment": "© Le0, Mineland.eu 2019 | www.mineland.eu",
"textures": {
    "bright_gun_texture": "guns/automaty/bright_gun_texture",
    "normal_gun_texture": "guns/automaty/normal_gun_texture"
},
"elements":[
{
"from":[5.75,9,7.125],
"to":[9.75,11,8.875],
"faces":{
"down":{"uv":[5.75,7.125,9.75,8.875],"texture":"#bright_gun_texture","cullface":"west"},
"up":{"uv":[5.75,7.125,9.75,8.875],"texture":"#bright_gun_texture","cullface":"west"},
"north":{"uv":[6.25,5,10.25,7],"texture":"#bright_gun_texture","cullface":"west"},
"south":{"uv":[5.75,5,9.75,7],"texture":"#bright_gun_texture","cullface":"west"},
"west":{"uv":[7.125,5,8.875,7],"texture":"#bright_gun_texture","cullface":"west"},
"east":{"uv":[7.125,5,8.875,7],"texture":"#bright_gun_texture","cullface":"west"}
}
},
{
"from":[16,9,7],
"to":[27.75,11,9],
"faces":{
"down":{"uv":[0,7,11.75,9],"texture":"#normal_gun_texture","cullface":"east"},
"up":{"uv":[0,7,11.75,9],"texture":"#normal_gun_texture","cullface":"east"},
"north":{"uv":[4.25,5,16,7],"texture":"#normal_gun_texture","cullface":"east"},
"south":{"uv":[0,5,11.75,7],"texture":"#normal_gun_texture","cullface":"east"},
"west":{"uv":[7,5,9,7],"texture":"#normal_gun_texture","cullface":"east"},
"east":{"uv":[7,5,9,7],"texture":"#normal_gun_texture","cullface":"east"}
}
},
{
"from":[18,8,7],
"to":[27.5,9,9],
"faces":{
"down":{"uv":[2,7,11.5,9],"texture":"#normal_gun_texture","cullface":"east"},
"north":{"uv":[4.5,7,14,8],"texture":"#normal_gun_texture","cullface":"east"},
"south":{"uv":[2,7,11.5,8],"texture":"#normal_gun_texture","cullface":"east"},
"west":{"uv":[7,7,9,8],"texture":"#normal_gun_texture","cullface":"east"}
}
},
{
"from":[21.5,7,7],
"to":[27.5,8,9],
"faces":{
"down":{"uv":[5.5,7,11.5,9],"texture":"#normal_gun_texture","cullface":"east"},
"north":{"uv":[4.5,8,10.5,9],"texture":"#normal_gun_texture","cullface":"east"},
"south":{"uv":[5.5,8,11.5,9],"texture":"#normal_gun_texture","cullface":"east"},
"west":{"uv":[7,8,9,9],"texture":"#normal_gun_texture","cullface":"east"},
"east":{"uv":[7,8,9,9],"texture":"#normal_gun_texture","cullface":"east"}
}
},
{
"from":[24.25,6.25,7],
"to":[27,7,9],
"faces":{
"down":{"uv":[8.25,7,11,9],"texture":"#normal_gun_texture","cullface":"east"},
"north":{"uv":[5,9,7.75,9.75],"texture":"#normal_gun_texture","cullface":"east"},
"south":{"uv":[8.25,9,11,9.75],"texture":"#normal_gun_texture","cullface":"east"},
"west":{"uv":[7,9,9,9.75],"texture":"#normal_gun_texture","cullface":"east"}
}
},
{
"from":[16.25,8.5,7],
"to":[18,9,9],
"faces":{
"down":{"uv":[0.25,7,2,9],"texture":"#normal_gun_texture"},
"north":{"uv":[14,7,15.75,7.5],"texture":"#normal_gun_texture"},
"south":{"uv":[0.25,7,2,7.5],"texture":"#normal_gun_texture"},
"west":{"uv":[7,7,9,7.5],"texture":"#normal_gun_texture"}
}
},
{
"from":[19.75,7.5,7],
"to":[21.5,8,9],
"faces":{
"down":{"uv":[3.75,7,5.5,9],"texture":"#normal_gun_texture"},
"north":{"uv":[10.5,8,12.25,8.5],"texture":"#normal_gun_texture"},
"south":{"uv":[3.75,8,5.5,8.5],"texture":"#normal_gun_texture"},
"west":{"uv":[7,8,9,8.5],"texture":"#normal_gun_texture"}
}
},
{
"from":[22.375,6.75,7],
"to":[24.25,7,9],
"faces":{
"down":{"uv":[6.375,7,8.25,9],"texture":"#normal_gun_texture","cullface":"east"},
"north":{"uv":[7.75,9,9.625,9.25],"texture":"#normal_gun_texture","cullface":"east"},
"south":{"uv":[6.375,9,8.25,9.25],"texture":"#normal_gun_texture","cullface":"east"},
"west":{"uv":[7,9,9,9.25],"texture":"#normal_gun_texture","cullface":"east"}
}
},
{
"from":[26.25,5.75,7],
"to":[27,6.25,9],
"faces":{
"down":{"uv":[10.25,7,11,9],"texture":"#normal_gun_texture","cullface":"east"},
"north":{"uv":[5,9.75,5.75,10.25],"texture":"#normal_gun_texture","cullface":"east"},
"south":{"uv":[10.25,9.75,11,10.25],"texture":"#normal_gun_texture","cullface":"east"},
"west":{"uv":[7,9.75,9,10.25],"texture":"#normal_gun_texture","cullface":"east"},
"east":{"uv":[7,9.75,9,10.25],"texture":"#normal_gun_texture","cullface":"east"}
}
},
{
"from":[16,8.625,7],
"to":[16.25,9,9],
"faces":{
"down":{"uv":[0,7,0.25,9],"texture":"#normal_gun_texture"},
"north":{"uv":[15.75,7,16,7.375],"texture":"#normal_gun_texture"},
"south":{"uv":[0,7,0.25,7.375],"texture":"#normal_gun_texture"},
"west":{"uv":[7,7,9,7.375],"texture":"#normal_gun_texture"}
}
},
{
"from":[17.25,8.25,7],
"to":[18,8.5,9],
"faces":{
"down":{"uv":[1.25,7,2,9],"texture":"#normal_gun_texture"},
"north":{"uv":[14,7.5,14.75,7.75],"texture":"#normal_gun_texture"},
"south":{"uv":[1.25,7.5,2,7.75],"texture":"#normal_gun_texture"},
"west":{"uv":[7,7.5,9,7.75],"texture":"#normal_gun_texture"}
}
},
{
"from":[20.5,7.25,7],
"to":[21.5,7.5,9],
"faces":{
"down":{"uv":[4.5,7,5.5,9],"texture":"#normal_gun_texture"},
"north":{"uv":[10.5,8.5,11.5,8.75],"texture":"#normal_gun_texture"},
"south":{"uv":[4.5,8.5,5.5,8.75],"texture":"#normal_gun_texture"},
"west":{"uv":[7,8.5,9,8.75],"texture":"#normal_gun_texture"}
}
},
{
"from":[23.25,6.5,7],
"to":[24.25,6.75,9],
"faces":{
"down":{"uv":[7.25,7,8.25,9],"texture":"#normal_gun_texture","cullface":"east"},
"north":{"uv":[7.75,9.25,8.75,9.5],"texture":"#normal_gun_texture","cullface":"east"},
"south":{"uv":[7.25,9.25,8.25,9.5],"texture":"#normal_gun_texture","cullface":"east"},
"west":{"uv":[7,9.25,9,9.5],"texture":"#normal_gun_texture","cullface":"east"}
}
},
{
"from":[25.25,6,7],
"to":[26.25,6.25,9],
"faces":{
"down":{"uv":[9.25,7,10.25,9],"texture":"#normal_gun_texture","cullface":"east"},
"north":{"uv":[5.75,9.75,6.75,10],"texture":"#normal_gun_texture","cullface":"east"},
"south":{"uv":[9.25,9.75,10.25,10],"texture":"#normal_gun_texture","cullface":"east"},
"west":{"uv":[7,9.75,9,10],"texture":"#normal_gun_texture","cullface":"east"}
}
},
{
"from":[18.75,7.75,7],
"to":[19.75,8,9],
"faces":{
"down":{"uv":[2.75,7,3.75,9],"texture":"#normal_gun_texture"},
"north":{"uv":[12.25,8,13.25,8.25],"texture":"#normal_gun_texture"},
"south":{"uv":[2.75,8,3.75,8.25],"texture":"#normal_gun_texture"},
"west":{"uv":[7,8,9,8.25],"texture":"#normal_gun_texture"}
}
},
{
"from":[27.75,9.25,7],
"to":[28,11,9],
"faces":{
"down":{"uv":[11.75,7,12,9],"texture":"#normal_gun_texture","cullface":"east"},
"up":{"uv":[11.75,7,12,9],"texture":"#normal_gun_texture","cullface":"east"},
"north":{"uv":[4,5,4.25,6.75],"texture":"#normal_gun_texture","cullface":"east"},
"south":{"uv":[11.75,5,12,6.75],"texture":"#normal_gun_texture","cullface":"east"},
"east":{"uv":[7,5,9,6.75],"texture":"#normal_gun_texture","cullface":"east"}
}
},
{
"from":[27.5,8,7],
"to":[27.75,9,9],
"faces":{
"down":{"uv":[11.5,7,11.75,9],"texture":"#normal_gun_texture","cullface":"east"},
"north":{"uv":[4.25,7,4.5,8],"texture":"#normal_gun_texture","cullface":"east"},
"south":{"uv":[11.5,7,11.75,8],"texture":"#normal_gun_texture","cullface":"east"},
"east":{"uv":[7,7,9,8],"texture":"#normal_gun_texture","cullface":"east"}
}
},
{
"from":[27,5.875,7],
"to":[27.25,7,9],
"faces":{
"down":{"uv":[11,7,11.25,9],"texture":"#normal_gun_texture","cullface":"east"},
"north":{"uv":[4.75,9,5,10.125],"texture":"#normal_gun_texture","cullface":"east"},
"south":{"uv":[11,9,11.25,10.125],"texture":"#normal_gun_texture","cullface":"east"},
"west":{"uv":[7,9,9,10.125],"texture":"#normal_gun_texture","cullface":"east"},
"east":{"uv":[7,9,9,10.125],"texture":"#normal_gun_texture","cullface":"east"}
}
},
{
"from":[27.25,6.75,7],
"to":[27.5,7,9],
"faces":{
"down":{"uv":[11.25,7,11.5,9],"texture":"#normal_gun_texture","cullface":"east"},
"north":{"uv":[4.5,9,4.75,9.25],"texture":"#normal_gun_texture","cullface":"east"},
"south":{"uv":[11.25,9,11.5,9.25],"texture":"#normal_gun_texture","cullface":"east"},
"east":{"uv":[7,9,9,9.25],"texture":"#normal_gun_texture","cullface":"east"}
}
},
{
"from":[16.75,8.375,7],
"to":[17.25,8.5,9],
"faces":{
"down":{"uv":[0.75,7,1.25,9],"texture":"#normal_gun_texture"},
"north":{"uv":[14.75,7.5,15.25,7.625],"texture":"#normal_gun_texture"},
"south":{"uv":[0.75,7.5,1.25,7.625],"texture":"#normal_gun_texture"},
"west":{"uv":[7,7.5,9,7.625],"texture":"#normal_gun_texture"}
}
},
{
"from":[17.625,8.125,7],
"to":[18,8.25,9],
"faces":{
"down":{"uv":[1.625,7,2,9],"texture":"#normal_gun_texture"},
"north":{"uv":[14,7.75,14.375,7.875],"texture":"#normal_gun_texture"},
"south":{"uv":[1.625,7.75,2,7.875],"texture":"#normal_gun_texture"},
"west":{"uv":[7,7.75,9,7.875],"texture":"#normal_gun_texture"}
}
},
{
"from":[19.25,7.625,7],
"to":[19.75,7.75,9],
"faces":{
"down":{"uv":[3.25,7,3.75,9],"texture":"#normal_gun_texture"},
"north":{"uv":[12.25,8.25,12.75,8.375],"texture":"#normal_gun_texture"},
"south":{"uv":[3.25,8.25,3.75,8.375],"texture":"#normal_gun_texture"},
"west":{"uv":[7,8.25,9,8.375],"texture":"#normal_gun_texture"}
}
},
{
"from":[21,7.125,7],
"to":[21.5,7.25,9],
"faces":{
"down":{"uv":[5,7,5.5,9],"texture":"#normal_gun_texture"},
"north":{"uv":[10.5,8.75,11,8.875],"texture":"#normal_gun_texture"},
"south":{"uv":[5,8.75,5.5,8.875],"texture":"#normal_gun_texture"},
"west":{"uv":[7,8.75,9,8.875],"texture":"#normal_gun_texture"}
}
},
{
"from":[22.75,6.625,7],
"to":[23.25,6.75,9],
"faces":{
"down":{"uv":[6.75,7,7.25,9],"texture":"#normal_gun_texture","cullface":"east"},
"north":{"uv":[8.75,9.25,9.25,9.375],"texture":"#normal_gun_texture","cullface":"east"},
"south":{"uv":[6.75,9.25,7.25,9.375],"texture":"#normal_gun_texture","cullface":"east"},
"west":{"uv":[7,9.25,9,9.375],"texture":"#normal_gun_texture","cullface":"east"}
}
},
{
"from":[23.75,6.375,7],
"to":[24.25,6.5,9],
"faces":{
"down":{"uv":[7.75,7,8.25,9],"texture":"#normal_gun_texture","cullface":"east"},
"north":{"uv":[7.75,9.5,8.25,9.625],"texture":"#normal_gun_texture","cullface":"east"},
"south":{"uv":[7.75,9.5,8.25,9.625],"texture":"#normal_gun_texture","cullface":"east"},
"west":{"uv":[7,9.5,9,9.625],"texture":"#normal_gun_texture","cullface":"east"}
}
},
{
"from":[24.75,6.125,7],
"to":[25.25,6.25,9],
"faces":{
"down":{"uv":[8.75,7,9.25,9],"texture":"#normal_gun_texture","cullface":"east"},
"north":{"uv":[6.75,9.75,7.25,9.875],"texture":"#normal_gun_texture","cullface":"east"},
"south":{"uv":[8.75,9.75,9.25,9.875],"texture":"#normal_gun_texture","cullface":"east"},
"west":{"uv":[7,9.75,9,9.875],"texture":"#normal_gun_texture","cullface":"east"}
}
},
{
"from":[25.75,5.875,7],
"to":[26.25,6,9],
"faces":{
"down":{"uv":[9.75,7,10.25,9],"texture":"#normal_gun_texture","cullface":"east"},
"north":{"uv":[5.75,10,6.25,10.125],"texture":"#normal_gun_texture","cullface":"east"},
"south":{"uv":[9.75,10,10.25,10.125],"texture":"#normal_gun_texture","cullface":"east"},
"west":{"uv":[7,10,9,10.125],"texture":"#normal_gun_texture","cullface":"east"}
}
},
{
"from":[18.375,7.875,7],
"to":[18.75,8,9],
"faces":{
"down":{"uv":[2.375,7,2.75,9],"texture":"#normal_gun_texture"},
"north":{"uv":[13.25,8,13.625,8.125],"texture":"#normal_gun_texture"},
"south":{"uv":[2.375,8,2.75,8.125],"texture":"#normal_gun_texture"},
"west":{"uv":[7,8,9,8.125],"texture":"#normal_gun_texture"}
}
},
{
"from":[20.125,7.375,7],
"to":[20.5,7.5,9],
"faces":{
"down":{"uv":[4.125,7,4.5,9],"texture":"#normal_gun_texture"},
"north":{"uv":[11.5,8.5,11.875,8.625],"texture":"#normal_gun_texture"},
"south":{"uv":[4.125,8.5,4.5,8.625],"texture":"#normal_gun_texture"},
"west":{"uv":[7,8.5,9,8.625],"texture":"#normal_gun_texture"}
}
},
{
"from":[22,6.875,7],
"to":[22.375,7,9],
"faces":{
"down":{"uv":[6,7,6.375,9],"texture":"#normal_gun_texture","cullface":"east"},
"north":{"uv":[9.625,9,10,9.125],"texture":"#normal_gun_texture","cullface":"east"},
"south":{"uv":[6,9,6.375,9.125],"texture":"#normal_gun_texture","cullface":"east"},
"west":{"uv":[7,9,9,9.125],"texture":"#normal_gun_texture","cullface":"east"}
}
},
{
"from":[27.25,6.25,7],
"to":[27.375,6.75,9],
"faces":{
"down":{"uv":[11.25,7,11.375,9],"texture":"#normal_gun_texture","cullface":"east"},
"north":{"uv":[4.625,9.25,4.75,9.75],"texture":"#normal_gun_texture","cullface":"east"},
"south":{"uv":[11.25,9.25,11.375,9.75],"texture":"#normal_gun_texture","cullface":"east"},
"east":{"uv":[7,9.25,9,9.75],"texture":"#normal_gun_texture","cullface":"east"}
}
},
{
"from":[27.5,7.375,7],
"to":[27.625,8,9],
"faces":{
"down":{"uv":[11.5,7,11.625,9],"texture":"#normal_gun_texture","cullface":"east"},
"north":{"uv":[4.375,8,4.5,8.625],"texture":"#normal_gun_texture","cullface":"east"},
"south":{"uv":[11.5,8,11.625,8.625],"texture":"#normal_gun_texture","cullface":"east"},
"east":{"uv":[7,8,9,8.625],"texture":"#normal_gun_texture","cullface":"east"}
}
},
{
"from":[27.75,8.625,7],
"to":[27.875,9.25,9],
"faces":{
"down":{"uv":[11.75,7,11.875,9],"texture":"#normal_gun_texture","cullface":"east"},
"north":{"uv":[4.125,6.75,4.25,7.375],"texture":"#normal_gun_texture","cullface":"east"},
"south":{"uv":[11.75,6.75,11.875,7.375],"texture":"#normal_gun_texture","cullface":"east"},
"west":{"uv":[7,6.75,9,7.375],"texture":"#normal_gun_texture","cullface":"east"},
"east":{"uv":[7,6.75,9,7.375],"texture":"#normal_gun_texture","cullface":"east"}
}
},
{
"from":[28,10,7],
"to":[28.125,11,9],
"faces":{
"down":{"uv":[12,7,12.125,9],"texture":"#normal_gun_texture","cullface":"east"},
"up":{"uv":[12,7,12.125,9],"texture":"#normal_gun_texture","cullface":"east"},
"north":{"uv":[3.875,5,4,6],"texture":"#normal_gun_texture","cullface":"east"},
"south":{"uv":[12,5,12.125,6],"texture":"#normal_gun_texture","cullface":"east"},
"east":{"uv":[7,5,9,6],"texture":"#normal_gun_texture","cullface":"east"}
}
},
{
"from":[6,7,7.125],
"to":[9.25,9,8.875],
"faces":{
"down":{"uv":[6,7.125,9.25,8.875],"texture":"#bright_gun_texture"},
"north":{"uv":[6.75,7,10,9],"texture":"#bright_gun_texture"},
"south":{"uv":[6,7,9.25,9],"texture":"#bright_gun_texture"},
"west":{"uv":[7.125,7,8.875,9],"texture":"#bright_gun_texture","cullface":"west"},
"east":{"uv":[7.125,7,8.875,9],"texture":"#bright_gun_texture"}
}
},
{
"from":[14,8.5,7.25],
"to":[16,9,8.75],
"faces":{
"down":{"uv":[14,7.25,16,8.75],"texture":"#bright_gun_texture"},
"north":{"uv":[0,7,2,7.5],"texture":"#bright_gun_texture"},
"south":{"uv":[14,7,16,7.5],"texture":"#bright_gun_texture"},
"east":{"uv":[7.25,7,8.75,7.5],"texture":"#bright_gun_texture"}
}
},
{
"from":[14,7.25,7.25],
"to":[14.5,8.5,8.75],
"faces":{
"down":{"uv":[14,7.25,14.5,8.75],"texture":"#bright_gun_texture"},
"north":{"uv":[1.5,7.5,2,8.75],"texture":"#bright_gun_texture"},
"south":{"uv":[14,7.5,14.5,8.75],"texture":"#bright_gun_texture"},
"east":{"uv":[7.25,7.5,8.75,8.75],"texture":"#bright_gun_texture"}
}
},
{
"from":[14.75,8,7.25],
"to":[15,8.5,8.75],
"faces":{
"down":{"uv":[14.75,7.25,15,8.75],"texture":"#bright_gun_texture"},
"north":{"uv":[1,7.5,1.25,8],"texture":"#bright_gun_texture"},
"south":{"uv":[14.75,7.5,15,8],"texture":"#bright_gun_texture"},
"east":{"uv":[7.25,7.5,8.75,8],"texture":"#bright_gun_texture"}
}
},
{
"from":[14.5,7.75,7.25],
"to":[14.75,8.5,8.75],
"faces":{
"down":{"uv":[14.5,7.25,14.75,8.75],"texture":"#bright_gun_texture"},
"north":{"uv":[1.25,7.5,1.5,8.25],"texture":"#bright_gun_texture"},
"south":{"uv":[14.5,7.5,14.75,8.25],"texture":"#bright_gun_texture"},
"east":{"uv":[7.25,7.5,8.75,8.25],"texture":"#bright_gun_texture"}
}
},
{
"from":[15,8.25,7.25],
"to":[15.5,8.5,8.75],
"faces":{
"down":{"uv":[15,7.25,15.5,8.75],"texture":"#bright_gun_texture"},
"north":{"uv":[0.5,7.5,1,7.75],"texture":"#bright_gun_texture"},
"south":{"uv":[15,7.5,15.5,7.75],"texture":"#bright_gun_texture"},
"east":{"uv":[7.25,7.5,8.75,7.75],"texture":"#bright_gun_texture"}
}
},
{
"from":[14,7,7.25],
"to":[14.25,7.25,8.75],
"faces":{
"north":{"uv":[1.75,8.75,2,9],"texture":"#bright_gun_texture"},
"south":{"uv":[14,8.75,14.25,9],"texture":"#bright_gun_texture"},
"east":{"uv":[7.25,8.75,8.75,9],"texture":"#bright_gun_texture"}
}
},
{
"from":[6,5.625,7.125],
"to":[9,7,8.875],
"faces":{
"down":{"uv":[6,7.125,9,8.875],"texture":"#bright_gun_texture"},
"north":{"uv":[7,9,10,10.375],"texture":"#bright_gun_texture"},
"south":{"uv":[6,9,9,10.375],"texture":"#bright_gun_texture"},
"west":{"uv":[7.125,9,8.875,10.375],"texture":"#bright_gun_texture","cullface":"west"},
"east":{"uv":[7.125,9,8.875,10.375],"texture":"#bright_gun_texture"}
}
},
{
"from":[12.125,5,7.125],
"to":[14.25,7,8.875],
"faces":{
"down":{"uv":[12.125,7.125,14.25,8.875],"texture":"#normal_gun_texture"},
"up":{"uv":[12.125,7.125,14.25,8.875],"texture":"#normal_gun_texture"},
"north":{"uv":[1.75,9,3.875,11],"texture":"#normal_gun_texture"},
"south":{"uv":[12.125,9,14.25,11],"texture":"#normal_gun_texture"},
"west":{"uv":[7.125,9,8.875,11],"texture":"#normal_gun_texture"},
"east":{"uv":[7.125,9,8.875,11],"texture":"#normal_gun_texture"}
}
},
{
"from":[7.5,5.25,7.125],
"to":[9,5.625,8.875],
"faces":{
"down":{"uv":[7.5,7.125,9,8.875],"texture":"#bright_gun_texture"},
"north":{"uv":[7,10.375,8.5,10.75],"texture":"#bright_gun_texture"},
"south":{"uv":[7.5,10.375,9,10.75],"texture":"#bright_gun_texture"},
"west":{"uv":[7.125,10.375,8.875,10.75],"texture":"#bright_gun_texture"},
"east":{"uv":[7.125,10.375,8.875,10.75],"texture":"#bright_gun_texture"}
}
},
{
"from":[6.75,5.375,7.125],
"to":[7.5,5.625,8.875],
"faces":{
"down":{"uv":[6.75,7.125,7.5,8.875],"texture":"#bright_gun_texture"},
"north":{"uv":[8.5,10.375,9.25,10.625],"texture":"#bright_gun_texture"},
"south":{"uv":[6.75,10.375,7.5,10.625],"texture":"#bright_gun_texture"},
"west":{"uv":[7.125,10.375,8.875,10.625],"texture":"#bright_gun_texture"}
}
},
{
"from":[8.25,5,7.125],
"to":[9,5.25,8.875],
"faces":{
"down":{"uv":[8.25,7.125,9,8.875],"texture":"#bright_gun_texture"},
"north":{"uv":[7,10.75,7.75,11],"texture":"#bright_gun_texture"},
"south":{"uv":[8.25,10.75,9,11],"texture":"#bright_gun_texture"},
"west":{"uv":[7.125,10.75,8.875,11],"texture":"#bright_gun_texture"},
"east":{"uv":[7.125,10.75,8.875,11],"texture":"#bright_gun_texture"}
}
},
{
"from":[9,5,7.375],
"to":[12.125,5.25,8.625],
"faces":{
"down":{"uv":[9,7.375,12.125,8.625],"texture":"#bright_gun_texture"},
"up":{"uv":[9,7.375,12.125,8.625],"texture":"#bright_gun_texture"},
"north":{"uv":[3.875,10.75,7,11],"texture":"#bright_gun_texture"},
"south":{"uv":[9,10.75,12.125,11],"texture":"#bright_gun_texture"}
}
},
{
"from":[11.875,5.25,7.375],
"to":[12.125,7,8.625],
"faces":{
"north":{"uv":[3.875,9,4.125,10.75],"texture":"#bright_gun_texture"},
"south":{"uv":[11.875,9,12.125,10.75],"texture":"#bright_gun_texture"},
"west":{"uv":[7.375,9,8.625,10.75],"texture":"#bright_gun_texture"}
}
},
{
"from":[9.75,7,7.25],
"to":[14,9,8.75],
"faces":{
"down":{"uv":[9.75,7.25,14,8.75],"texture":"#bright_gun_texture"},
"north":{"uv":[2,7,6.25,9],"texture":"#bright_gun_texture"},
"south":{"uv":[9.75,7,14,9],"texture":"#bright_gun_texture"},
"west":{"uv":[7.25,7,8.75,9],"texture":"#bright_gun_texture"},
"east":{"uv":[7.25,7,8.75,9],"texture":"#bright_gun_texture"}
}
},
{
"from":[11.625,5.25,7.375],
"to":[11.875,5.5,8.625],
"faces":{
"up":{"uv":[11.625,7.375,11.875,8.625],"texture":"#bright_gun_texture"},
"north":{"uv":[4.125,10.5,4.375,10.75],"texture":"#bright_gun_texture"},
"south":{"uv":[11.625,10.5,11.875,10.75],"texture":"#bright_gun_texture"},
"west":{"uv":[7.375,10.5,8.625,10.75],"texture":"#bright_gun_texture"}
}
},
{
"from":[11.625,6.75,7.375],
"to":[11.875,7,8.625],
"faces":{
"down":{"uv":[11.625,7.375,11.875,8.625],"texture":"#bright_gun_texture"},
"north":{"uv":[4.125,9,4.375,9.25],"texture":"#bright_gun_texture"},
"south":{"uv":[11.625,9,11.875,9.25],"texture":"#bright_gun_texture"},
"west":{"uv":[7.375,9,8.625,9.25],"texture":"#bright_gun_texture"}
}
},
{
"from":[9,6.75,7.375],
"to":[9.25,7,8.625],
"faces":{
"down":{"uv":[9,7.375,9.25,8.625],"texture":"#bright_gun_texture"},
"north":{"uv":[6.75,9,7,9.25],"texture":"#bright_gun_texture"},
"south":{"uv":[9,9,9.25,9.25],"texture":"#bright_gun_texture"},
"east":{"uv":[7.375,9,8.625,9.25],"texture":"#bright_gun_texture"}
}
},
{
"from":[9.25,7,7.25],
"to":[9.75,8,8.75],
"faces":{
"down":{"uv":[9.25,7.25,9.75,8.75],"texture":"#bright_gun_texture"},
"up":{"uv":[9.25,7.25,9.75,8.75],"texture":"#bright_gun_texture"},
"north":{"uv":[6.25,8,6.75,9],"texture":"#bright_gun_texture"},
"south":{"uv":[9.25,8,9.75,9],"texture":"#bright_gun_texture"}
}
},
{
"from":[9.5,8,7.25],
"to":[9.75,9,8.75],
"faces":{
"north":{"uv":[6.25,7,6.5,8],"texture":"#bright_gun_texture"},
"south":{"uv":[9.5,7,9.75,8],"texture":"#bright_gun_texture"}
}
},
{
"from":[9.25,8,7.125],
"to":[9.5,9,8.875],
"faces":{
"down":{"uv":[9.25,7.125,9.5,8.875],"texture":"#bright_gun_texture"},
"north":{"uv":[6.5,7,6.75,8],"texture":"#bright_gun_texture"},
"south":{"uv":[9.25,7,9.5,8],"texture":"#bright_gun_texture"},
"east":{"uv":[7.125,7,8.875,8],"texture":"#bright_gun_texture"}
}
},
{
"from":[9.75,9,7.25],
"to":[16,10.625,8.75],
"faces":{
"down":{"uv":[9.75,7.25,16,8.75],"texture":"#bright_gun_texture"},
"north":{"uv":[0,5.375,6.25,7],"texture":"#bright_gun_texture"},
"south":{"uv":[9.75,5.375,16,7],"texture":"#bright_gun_texture"}
}
},
{
"from":[5.75,9.375,7],
"to":[16,10.625,9],
"faces":{
"down":{"uv":[5.75,7,16,9],"texture":"#bright_gun_texture","cullface":"west"},
"up":{"uv":[5.75,7,16,9],"texture":"#bright_gun_texture","cullface":"west"},
"north":{"uv":[0,5.375,10.25,6.625],"texture":"#bright_gun_texture","cullface":"west"},
"south":{"uv":[5.75,5.375,16,6.625],"texture":"#bright_gun_texture","cullface":"west"}
}
},
{
"from":[9.75,10.625,7.125],
"to":[16,11,8.875],
"faces":{
"up":{"uv":[9.75,7.125,16,8.875],"texture":"#bright_gun_texture"},
"north":{"uv":[0,5,6.25,5.375],"texture":"#bright_gun_texture"},
"south":{"uv":[9.75,5,16,5.375],"texture":"#bright_gun_texture"}
}
},
{
"from":[12.375,1.125,7.075],
"to":[14.375,5.375,8.925],
"rotation":{"origin":[12.375,5.375,7.075],"axis":"z","angle":22.5},
"faces":{
"down":{"uv":[14.0014,7.075,16,8.925],"texture":"#normal_gun_texture"},
"up":{"uv":[14.0014,7.075,16,8.925],"texture":"#normal_gun_texture"},
"north":{"uv":[0,10.30149,1.998595,14.55149],"texture":"#normal_gun_texture"},
"south":{"uv":[14.0014,10.30149,16,14.55149],"texture":"#normal_gun_texture"},
"west":{"uv":[7.075,10.30149,8.925,14.55149],"texture":"#normal_gun_texture"},
"east":{"uv":[7.075,10.30149,8.925,14.55149],"texture":"#normal_gun_texture"}
}
},
{
"from":[12.625,5.5,7.075],
"to":[13.875,5.75,8.925],
"rotation":{"origin":[12.625,5.75,7.075],"axis":"z","angle":22.5},
"faces":{
"down":{"uv":[12.72067,7.075,13.97067,8.925],"texture":"#normal_gun_texture"},
"up":{"uv":[12.72067,7.075,13.97067,8.925],"texture":"#normal_gun_texture"},
"north":{"uv":[2.029329,10.23097,3.279329,10.48097],"texture":"#normal_gun_texture"},
"south":{"uv":[12.72067,10.23097,13.97067,10.48097],"texture":"#normal_gun_texture"},
"west":{"uv":[7.075,10.23097,8.925,10.48097],"texture":"#normal_gun_texture"},
"east":{"uv":[7.075,10.23097,8.925,10.48097],"texture":"#normal_gun_texture"}
}
},
{
"from":[12.4438,5.4112,7.075],
"to":[12.6938,5.5362,8.925],
"rotation":{"origin":[12.4438,5.53625,7.075],"axis":"z","angle":22.5},
"faces":{
"down":{"uv":[12.49164,7.075,12.74164,8.925],"texture":"#normal_gun_texture"},
"up":{"uv":[12.49164,7.075,12.74164,8.925],"texture":"#normal_gun_texture"},
"north":{"uv":[3.258365,10.45424,3.508365,10.57924],"texture":"#normal_gun_texture"},
"south":{"uv":[12.49164,10.45424,12.74164,10.57924],"texture":"#normal_gun_texture"},
"west":{"uv":[7.075,10.45424,8.925,10.57924],"texture":"#normal_gun_texture"},
"east":{"uv":[7.075,10.45424,8.925,10.57924],"texture":"#normal_gun_texture"}
}
},
{
"from":[13.8275,5.9825,7.075],
"to":[14.0775,6.1075,8.925],
"rotation":{"origin":[13.8275,6.1075,7.075],"axis":"z","angle":22.5},
"faces":{
"down":{"uv":[13.87534,7.075,14.12534,8.925],"texture":"#normal_gun_texture"},
"up":{"uv":[13.87534,7.075,14.12534,8.925],"texture":"#normal_gun_texture"},
"north":{"uv":[1.874664,9.882984,2.124664,10.00798],"texture":"#normal_gun_texture"},
"south":{"uv":[13.87534,9.882984,14.12534,10.00798],"texture":"#normal_gun_texture"},
"west":{"uv":[7.075,9.882984,8.925,10.00798],"texture":"#normal_gun_texture"},
"east":{"uv":[7.075,9.882984,8.925,10.00798],"texture":"#normal_gun_texture"}
}
},
{
"from":[12.86,5.8588,7.075],
"to":[13.36,5.9838,8.925],
"rotation":{"origin":[12.86,5.98375,7.075],"axis":"z","angle":22.5},
"faces":{
"down":{"uv":[12.90784,7.075,13.40784,8.925],"texture":"#normal_gun_texture"},
"up":{"uv":[12.90784,7.075,13.40784,8.925],"texture":"#normal_gun_texture"},
"north":{"uv":[2.592165,10.00673,3.092165,10.13173],"texture":"#normal_gun_texture"},
"south":{"uv":[12.90784,10.00673,13.40784,10.13173],"texture":"#normal_gun_texture"},
"west":{"uv":[7.075,10.00673,8.925,10.13173],"texture":"#normal_gun_texture"},
"east":{"uv":[7.075,10.00673,8.925,10.13173],"texture":"#normal_gun_texture"}
}
},
{
"from":[6.125,3.5,7.25],
"to":[8.875,5.625,8.75],
"faces":{
"down":{"uv":[6.125,7.25,8.875,8.75],"texture":"#bright_gun_texture"},
"north":{"uv":[7.125,10.375,9.875,12.5],"texture":"#bright_gun_texture"},
"south":{"uv":[6.125,10.375,8.875,12.5],"texture":"#bright_gun_texture"},
"west":{"uv":[7.25,10.375,8.75,12.5],"texture":"#bright_gun_texture"},
"east":{"uv":[7.25,10.375,8.75,12.5],"texture":"#bright_gun_texture"}
}
},
{
"from":[6,2.75,7.25],
"to":[8.75,3.5,8.75],
"faces":{
"down":{"uv":[6,7.25,8.75,8.75],"texture":"#bright_gun_texture"},
"up":{"uv":[6,7.25,8.75,8.75],"texture":"#bright_gun_texture"},
"north":{"uv":[7.25,12.5,10,13.25],"texture":"#bright_gun_texture"},
"south":{"uv":[6,12.5,8.75,13.25],"texture":"#bright_gun_texture"},
"west":{"uv":[7.25,12.5,8.75,13.25],"texture":"#bright_gun_texture","cullface":"west"},
"east":{"uv":[7.25,12.5,8.75,13.25],"texture":"#bright_gun_texture"}
}
},
{
"from":[5.875,2,7.25],
"to":[8.625,2.75,8.75],
"faces":{
"down":{"uv":[5.875,7.25,8.625,8.75],"texture":"#bright_gun_texture","cullface":"west"},
"up":{"uv":[5.875,7.25,8.625,8.75],"texture":"#bright_gun_texture","cullface":"west"},
"north":{"uv":[7.375,13.25,10.125,14],"texture":"#bright_gun_texture","cullface":"west"},
"south":{"uv":[5.875,13.25,8.625,14],"texture":"#bright_gun_texture","cullface":"west"},
"west":{"uv":[7.25,13.25,8.75,14],"texture":"#bright_gun_texture","cullface":"west"},
"east":{"uv":[7.25,13.25,8.75,14],"texture":"#bright_gun_texture","cullface":"west"}
}
},
{
"from":[5.75,1.25,7.25],
"to":[8.5,2,8.75],
"faces":{
"down":{"uv":[5.75,7.25,8.5,8.75],"texture":"#bright_gun_texture","cullface":"west"},
"up":{"uv":[5.75,7.25,8.5,8.75],"texture":"#bright_gun_texture","cullface":"west"},
"north":{"uv":[7.5,14,10.25,14.75],"texture":"#bright_gun_texture","cullface":"west"},
"south":{"uv":[5.75,14,8.5,14.75],"texture":"#bright_gun_texture","cullface":"west"},
"west":{"uv":[7.25,14,8.75,14.75],"texture":"#bright_gun_texture","cullface":"west"},
"east":{"uv":[7.25,14,8.75,14.75],"texture":"#bright_gun_texture","cullface":"west"}
}
},
{
"from":[5.625,0.5,7.25],
"to":[8.375,1.25,8.75],
"faces":{
"down":{"uv":[5.625,7.25,8.375,8.75],"texture":"#bright_gun_texture","cullface":"west"},
"up":{"uv":[5.625,7.25,8.375,8.75],"texture":"#bright_gun_texture","cullface":"west"},
"north":{"uv":[7.625,14.75,10.375,15.5],"texture":"#bright_gun_texture","cullface":"west"},
"south":{"uv":[5.625,14.75,8.375,15.5],"texture":"#bright_gun_texture","cullface":"west"},
"west":{"uv":[7.25,14.75,8.75,15.5],"texture":"#bright_gun_texture","cullface":"west"},
"east":{"uv":[7.25,14.75,8.75,15.5],"texture":"#bright_gun_texture","cullface":"west"}
}
},
{
"from":[7.25,0.125,7.25],
"to":[8.25,0.5,8.75],
"faces":{
"down":{"uv":[7.25,7.25,8.25,8.75],"texture":"#bright_gun_texture"},
"north":{"uv":[7.75,15.5,8.75,15.875],"texture":"#bright_gun_texture"},
"south":{"uv":[7.25,15.5,8.25,15.875],"texture":"#bright_gun_texture"},
"west":{"uv":[7.25,15.5,8.75,15.875],"texture":"#bright_gun_texture"},
"east":{"uv":[7.25,15.5,8.75,15.875],"texture":"#bright_gun_texture"}
}
},
{
"from":[6.375,0.25,7.25],
"to":[7.25,0.5,8.75],
"faces":{
"down":{"uv":[6.375,7.25,7.25,8.75],"texture":"#bright_gun_texture"},
"north":{"uv":[8.75,15.5,9.625,15.75],"texture":"#bright_gun_texture"},
"south":{"uv":[6.375,15.5,7.25,15.75],"texture":"#bright_gun_texture"},
"west":{"uv":[7.25,15.5,8.75,15.75],"texture":"#bright_gun_texture"}
}
},
{
"from":[9,5.25,7.375],
"to":[9.25,5.5,8.625],
"faces":{
"up":{"uv":[9,7.375,9.25,8.625],"texture":"#bright_gun_texture"},
"north":{"uv":[6.75,10.5,7,10.75],"texture":"#bright_gun_texture"},
"south":{"uv":[9,10.5,9.25,10.75],"texture":"#bright_gun_texture"},
"east":{"uv":[7.375,10.5,8.625,10.75],"texture":"#bright_gun_texture"}
}
},
{
"from":[11,6.25,7.625],
"to":[11.25,7,8.375],
"faces":{
"down":{"uv":[11,7.625,11.25,8.375],"texture":"#bright_gun_texture"},
"north":{"uv":[4.75,9,5,9.75],"texture":"#bright_gun_texture"},
"south":{"uv":[11,9,11.25,9.75],"texture":"#bright_gun_texture"},
"west":{"uv":[7.625,9,8.375,9.75],"texture":"#bright_gun_texture"},
"east":{"uv":[7.625,9,8.375,9.75],"texture":"#bright_gun_texture"}
}
},
{
"from":[11.0313,5.875,7.625],
"to":[11.2813,6.375,8.375],
"rotation":{"origin":[11.0313,6.375,7.625],"axis":"z","angle":-22.5},
"faces":{
"down":{"uv":[10.83996,7.625,11.08996,8.375],"texture":"#bright_gun_texture"},
"up":{"uv":[10.83996,7.625,11.08996,8.375],"texture":"#bright_gun_texture"},
"north":{"uv":[4.910042,9.58694,5.160042,10.08694],"texture":"#bright_gun_texture"},
"south":{"uv":[10.83996,9.58694,11.08996,10.08694],"texture":"#bright_gun_texture"},
"west":{"uv":[7.625,9.58694,8.375,10.08694],"texture":"#bright_gun_texture"},
"east":{"uv":[7.625,9.58694,8.375,10.08694],"texture":"#bright_gun_texture"}
}
},
{
"from":[15.25,9,7],
"to":[16,9.375,9],
"faces":{
"down":{"uv":[15.25,7,16,9],"texture":"#bright_gun_texture"},
"north":{"uv":[0,6.625,0.75,7],"texture":"#bright_gun_texture"},
"south":{"uv":[15.25,6.625,16,7],"texture":"#bright_gun_texture"},
"west":{"uv":[7,6.625,9,7],"texture":"#bright_gun_texture"}
}
},
{
"from":[5.25,9.25,7],
"to":[5.75,10.75,9],
"faces":{
"down":{"uv":[5.25,7,5.75,9],"texture":"#bright_gun_texture","cullface":"west"},
"up":{"uv":[5.25,7,5.75,9],"texture":"#bright_gun_texture","cullface":"west"},
"north":{"uv":[10.25,5.25,10.75,6.75],"texture":"#bright_gun_texture","cullface":"west"},
"south":{"uv":[5.25,5.25,5.75,6.75],"texture":"#bright_gun_texture","cullface":"west"},
"east":{"uv":[7,5.25,9,6.75],"texture":"#bright_gun_texture","cullface":"west"}
}
},
{
"from":[5.25,9,7.25],
"to":[5.75,11,8.75],
"faces":{
"down":{"uv":[5.25,7.25,5.75,8.75],"texture":"#bright_gun_texture","cullface":"west"},
"up":{"uv":[5.25,7.25,5.75,8.75],"texture":"#bright_gun_texture","cullface":"west"},
"north":{"uv":[10.25,5,10.75,7],"texture":"#bright_gun_texture","cullface":"west"},
"south":{"uv":[5.25,5,5.75,7],"texture":"#bright_gun_texture","cullface":"west"}
}
},
{
"from":[5.75,8.375,7.125],
"to":[6,9,8.875],
"faces":{
"down":{"uv":[5.75,7.125,6,8.875],"texture":"#bright_gun_texture","cullface":"west"},
"north":{"uv":[10,7,10.25,7.625],"texture":"#bright_gun_texture","cullface":"west"},
"south":{"uv":[5.75,7,6,7.625],"texture":"#bright_gun_texture","cullface":"west"},
"west":{"uv":[7.125,7,8.875,7.625],"texture":"#bright_gun_texture","cullface":"west"}
}
},
{
"from":[-6.5,8.875,7.25],
"to":[5.25,11.125,8.75],
"faces":{
"down":{"uv":[0,7.25,5.25,8.75],"texture":"#normal_gun_texture","cullface":"west"},
"up":{"uv":[0,7.25,5.25,8.75],"texture":"#normal_gun_texture","cullface":"west"},
"north":{"uv":[10.75,4.875,16,7.125],"texture":"#normal_gun_texture","cullface":"west"},
"south":{"uv":[0,4.875,5.25,7.125],"texture":"#normal_gun_texture","cullface":"west"},
"west":{"uv":[7.25,4.875,8.75,7.125],"texture":"#normal_gun_texture","cullface":"west"},
"east":{"uv":[7.25,4.875,8.75,7.125],"texture":"#normal_gun_texture","cullface":"west"}
}
},
{
"from":[-6.5,9.125,7],
"to":[5.25,10.875,9],
"faces":{
"down":{"uv":[0,7,5.25,9],"texture":"#normal_gun_texture","cullface":"west"},
"up":{"uv":[0,7,5.25,9],"texture":"#normal_gun_texture","cullface":"west"},
"north":{"uv":[10.75,5.125,16,6.875],"texture":"#normal_gun_texture","cullface":"west"},
"south":{"uv":[0,5.125,5.25,6.875],"texture":"#normal_gun_texture","cullface":"west"},
"west":{"uv":[7,5.125,9,6.875],"texture":"#normal_gun_texture","cullface":"west"},
"east":{"uv":[7,5.125,9,6.875],"texture":"#normal_gun_texture","cullface":"west"}
}
},
{
"from":[-14.625,9.5,7.625],
"to":[-6.5,10.5,8.375],
"faces":{
"down":{"uv":[1.375,7.625,9.5,8.375],"texture":"#bright_gun_texture","cullface":"west"},
"up":{"uv":[1.375,7.625,9.5,8.375],"texture":"#bright_gun_texture","cullface":"west"},
"north":{"uv":[6.5,5.5,14.625,6.5],"texture":"#bright_gun_texture","cullface":"west"},
"south":{"uv":[1.375,5.5,9.5,6.5],"texture":"#bright_gun_texture","cullface":"west"}
}
},
{
"from":[-14.625,9.625,7.5],
"to":[-6.5,10.375,8.5],
"faces":{
"down":{"uv":[1.375,7.5,9.5,8.5],"texture":"#bright_gun_texture","cullface":"west"},
"up":{"uv":[1.375,7.5,9.5,8.5],"texture":"#bright_gun_texture","cullface":"west"},
"north":{"uv":[6.5,5.625,14.625,6.375],"texture":"#bright_gun_texture","cullface":"west"},
"south":{"uv":[1.375,5.625,9.5,6.375],"texture":"#bright_gun_texture","cullface":"west"}
}
},
{
"from":[-15.75,9.5,7.5],
"to":[-14.625,10.5,8.5],
"faces":{
"down":{"uv":[0.25,7.5,1.375,8.5],"texture":"#bright_gun_texture","cullface":"west"},
"up":{"uv":[0.25,7.5,1.375,8.5],"texture":"#bright_gun_texture","cullface":"west"},
"north":{"uv":[14.625,5.5,15.75,6.5],"texture":"#bright_gun_texture","cullface":"west"},
"south":{"uv":[0.25,5.5,1.375,6.5],"texture":"#bright_gun_texture","cullface":"west"},
"west":{"uv":[7.5,5.5,8.5,6.5],"texture":"#bright_gun_texture","cullface":"west"},
"east":{"uv":[7.5,5.5,8.5,6.5],"texture":"#bright_gun_texture","cullface":"west"}
}
},
{
"from":[-6.75,9.25,7.375],
"to":[-6.5,10.75,8.625],
"faces":{
"down":{"uv":[9.25,7.375,9.5,8.625],"texture":"#bright_gun_texture","cullface":"west"},
"up":{"uv":[9.25,7.375,9.5,8.625],"texture":"#bright_gun_texture","cullface":"west"},
"north":{"uv":[6.5,5.25,6.75,6.75],"texture":"#bright_gun_texture","cullface":"west"},
"south":{"uv":[9.25,5.25,9.5,6.75],"texture":"#bright_gun_texture","cullface":"west"},
"west":{"uv":[7.375,5.25,8.625,6.75],"texture":"#bright_gun_texture","cullface":"west"}
}
},
{
"from":[-6.75,9.375,7.25],
"to":[-6.5,10.625,8.75],
"faces":{
"down":{"uv":[9.25,7.25,9.5,8.75],"texture":"#bright_gun_texture","cullface":"west"},
"up":{"uv":[9.25,7.25,9.5,8.75],"texture":"#bright_gun_texture","cullface":"west"},
"north":{"uv":[6.5,5.375,6.75,6.625],"texture":"#bright_gun_texture","cullface":"west"},
"south":{"uv":[9.25,5.375,9.5,6.625],"texture":"#bright_gun_texture","cullface":"west"},
"west":{"uv":[7.25,5.375,8.75,6.625],"texture":"#bright_gun_texture","cullface":"west"}
}
},
{
"from":[-8.125,10.5,7.75],
"to":[-7.875,12.375,8.25],
"faces":{
"up":{"uv":[7.875,7.75,8.125,8.25],"texture":"#bright_gun_texture","cullface":"west"},
"north":{"uv":[7.875,3.625,8.125,5.5],"texture":"#bright_gun_texture","cullface":"west"},
"south":{"uv":[7.875,3.625,8.125,5.5],"texture":"#bright_gun_texture","cullface":"west"},
"west":{"uv":[7.75,3.625,8.25,5.5],"texture":"#bright_gun_texture","cullface":"west"},
"east":{"uv":[7.75,3.625,8.25,5.5],"texture":"#bright_gun_texture","cullface":"west"}
}
},
{
"from":[-7.7812,10.2813,7.75],
"to":[-7.5312,12.1563,8.25],
"rotation":{"origin":[-7.78125,12.1563,7.75],"axis":"z","angle":45},
"faces":{
"down":{"uv":[9.544575,7.75,9.794575,8.25],"texture":"#bright_gun_texture","cullface":"west"},
"up":{"uv":[9.544575,7.75,9.794575,8.25],"texture":"#bright_gun_texture","cullface":"west"},
"north":{"uv":[6.205425,3.294525,6.455425,5.169525],"texture":"#bright_gun_texture","cullface":"west"},
"south":{"uv":[9.544575,3.294525,9.794575,5.169525],"texture":"#bright_gun_texture","cullface":"west"},
"west":{"uv":[7.75,3.294525,8.25,5.169525],"texture":"#bright_gun_texture","cullface":"west"},
"east":{"uv":[7.75,3.294525,8.25,5.169525],"texture":"#bright_gun_texture","cullface":"west"}
}
},
{
"from":[-7.875,12.125,7.75],
"to":[-7.625,12.375,8.25],
"faces":{
"down":{"uv":[8.125,7.75,8.375,8.25],"texture":"#bright_gun_texture","cullface":"west"},
"up":{"uv":[8.125,7.75,8.375,8.25],"texture":"#bright_gun_texture","cullface":"west"},
"north":{"uv":[7.625,3.625,7.875,3.875],"texture":"#bright_gun_texture","cullface":"west"},
"south":{"uv":[8.125,3.625,8.375,3.875],"texture":"#bright_gun_texture","cullface":"west"},
"east":{"uv":[7.75,3.625,8.25,3.875],"texture":"#bright_gun_texture","cullface":"west"}
}
},
{
"from":[-7.875,11.75,7.8125],
"to":[-7.75,12.25,8.1875],
"faces":{
"down":{"uv":[8.125,7.8125,8.25,8.1875],"texture":"#bright_gun_texture","cullface":"west"},
"up":{"uv":[8.125,7.8125,8.25,8.1875],"texture":"#bright_gun_texture","cullface":"west"},
"north":{"uv":[7.75,3.75,7.875,4.25],"texture":"#bright_gun_texture","cullface":"west"},
"south":{"uv":[8.125,3.75,8.25,4.25],"texture":"#bright_gun_texture","cullface":"west"},
"east":{"uv":[7.8125,3.75,8.1875,4.25],"texture":"#bright_gun_texture","cullface":"west"}
}
},
{
"from":[-8.125,12.375,7.75],
"to":[-7.625,12.625,7.875],
"faces":{
"down":{"uv":[7.875,8.125,8.375,8.25],"texture":"#bright_gun_texture","cullface":"west"},
"up":{"uv":[7.875,7.75,8.375,7.875],"texture":"#bright_gun_texture","cullface":"west"},
"north":{"uv":[7.625,3.375,8.125,3.625],"texture":"#bright_gun_texture","cullface":"west"},
"south":{"uv":[7.875,3.375,8.375,3.625],"texture":"#bright_gun_texture","cullface":"west"},
"west":{"uv":[7.75,3.375,7.875,3.625],"texture":"#bright_gun_texture","cullface":"west"},
"east":{"uv":[8.125,3.375,8.25,3.625],"texture":"#bright_gun_texture","cullface":"west"}
}
},
{
"from":[-8.125,12.375,8.125],
"to":[-7.625,12.625,8.25],
"faces":{
"down":{"uv":[7.875,7.75,8.375,7.875],"texture":"#bright_gun_texture","cullface":"west"},
"up":{"uv":[7.875,8.125,8.375,8.25],"texture":"#bright_gun_texture","cullface":"west"},
"north":{"uv":[7.625,3.375,8.125,3.625],"texture":"#bright_gun_texture","cullface":"west"},
"south":{"uv":[7.875,3.375,8.375,3.625],"texture":"#bright_gun_texture","cullface":"west"},
"west":{"uv":[8.125,3.375,8.25,3.625],"texture":"#bright_gun_texture","cullface":"west"},
"east":{"uv":[7.75,3.375,7.875,3.625],"texture":"#bright_gun_texture","cullface":"west"}
}
},
{
"from":[5.875,11,7.25],
"to":[15,11.5,8.75],
"faces":{
"down":{"uv":[5.875,7.25,15,8.75],"texture":"#bright_gun_texture","cullface":"west"},
"up":{"uv":[5.875,7.25,15,8.75],"texture":"#bright_gun_texture","cullface":"west"},
"north":{"uv":[1,4.5,10.125,5],"texture":"#bright_gun_texture","cullface":"west"},
"south":{"uv":[5.875,4.5,15,5],"texture":"#bright_gun_texture","cullface":"west"},
"west":{"uv":[7.25,4.5,8.75,5],"texture":"#bright_gun_texture","cullface":"west"},
"east":{"uv":[7.25,4.5,8.75,5],"texture":"#bright_gun_texture","cullface":"west"}
}
},
{
"from":[5.875,11.5,7.375],
"to":[6.375,12.75,8.625],
"faces":{
"up":{"uv":[5.875,7.375,6.375,8.625],"texture":"#bright_gun_texture","cullface":"west"},
"north":{"uv":[9.625,3.25,10.125,4.5],"texture":"#bright_gun_texture","cullface":"west"},
"south":{"uv":[5.875,3.25,6.375,4.5],"texture":"#bright_gun_texture","cullface":"west"},
"west":{"uv":[7.375,3.25,8.625,4.5],"texture":"#bright_gun_texture","cullface":"west"},
"east":{"uv":[7.375,3.25,8.625,4.5],"texture":"#bright_gun_texture","cullface":"west"}
}
},
{
"from":[6.375,12.75,7.375],
"to":[13,13,8.625],
"faces":{
"down":{"uv":[6.375,7.375,13,8.625],"texture":"#bright_gun_texture"},
"up":{"uv":[6.375,7.375,13,8.625],"texture":"#bright_gun_texture"},
"north":{"uv":[3,3,9.625,3.25],"texture":"#bright_gun_texture"},
"south":{"uv":[6.375,3,13,3.25],"texture":"#bright_gun_texture"},
"west":{"uv":[7.375,3,8.625,3.25],"texture":"#bright_gun_texture"}
}
},
{
"from":[12.5,11.125,7.375],
"to":[13.125,12.75,8.375],
"rotation":{"origin":[12.5,12.75,7.375],"axis":"z","angle":22.5},
"faces":{
"down":{"uv":[13.12186,7.625,13.74686,8.625],"texture":"#bright_gun_texture"},
"up":{"uv":[13.12186,7.375,13.74686,8.375],"texture":"#bright_gun_texture"},
"north":{"uv":[2.253139,3.126305,2.878139,4.751305],"texture":"#bright_gun_texture"},
"south":{"uv":[13.12186,3.126305,13.74686,4.751305],"texture":"#bright_gun_texture"},
"west":{"uv":[7.375,3.126305,8.375,4.751305],"texture":"#bright_gun_texture"},
"east":{"uv":[7.625,3.126305,8.625,4.751305],"texture":"#bright_gun_texture"}
}
},
{
"from":[13.4688,11.5,7.375],
"to":[13.875,12.625,8.375],
"faces":{
"up":{"uv":[13.4688,7.375,13.875,8.375],"texture":"#bright_gun_texture"},
"north":{"uv":[2.125,3.375,2.5312,4.5],"texture":"#bright_gun_texture"},
"south":{"uv":[13.4688,3.375,13.875,4.5],"texture":"#bright_gun_texture"},
"west":{"uv":[7.375,3.375,8.375,4.5],"texture":"#bright_gun_texture"},
"east":{"uv":[7.625,3.375,8.625,4.5],"texture":"#bright_gun_texture"}
}
},
{
"from":[13,12.5,7.375],
"to":[13.875,13,8.625],
"faces":{
"down":{"uv":[13,7.375,13.875,8.625],"texture":"#bright_gun_texture"},
"up":{"uv":[13,7.375,13.875,8.625],"texture":"#bright_gun_texture"},
"north":{"uv":[2.125,3,3,3.5],"texture":"#bright_gun_texture"},
"south":{"uv":[13,3,13.875,3.5],"texture":"#bright_gun_texture"},
"west":{"uv":[7.375,3,8.625,3.5],"texture":"#bright_gun_texture"},
"east":{"uv":[7.375,3,8.625,3.5],"texture":"#bright_gun_texture"}
}
},
{
"from":[13.4063,11.1775,7.375],
"to":[13.9063,12.8025,8.375],
"rotation":{"origin":[13.4063,12.8025,7.375],"axis":"z","angle":22.5},
"faces":{
"down":{"uv":[14.02816,7.625,14.52816,8.625],"texture":"#bright_gun_texture"},
"up":{"uv":[14.02816,7.375,14.52816,8.375],"texture":"#bright_gun_texture"},
"north":{"uv":[1.47184,3.073805,1.97184,4.698805],"texture":"#bright_gun_texture"},
"south":{"uv":[14.02816,3.073805,14.52816,4.698805],"texture":"#bright_gun_texture"},
"west":{"uv":[7.375,3.073805,8.375,4.698805],"texture":"#bright_gun_texture"},
"east":{"uv":[7.625,3.073805,8.625,4.698805],"texture":"#bright_gun_texture"}
}
},
{
"from":[13.125,12,7.375],
"to":[13.5,12.5,8.375],
"faces":{
"down":{"uv":[13.125,7.625,13.5,8.625],"texture":"#bright_gun_texture"},
"north":{"uv":[2.5,3.5,2.875,4],"texture":"#bright_gun_texture"},
"south":{"uv":[13.125,3.5,13.5,4],"texture":"#bright_gun_texture"}
}
},
{
"from":[13.875,11.5,7.375],
"to":[14,11.75,8.375],
"faces":{
"up":{"uv":[13.875,7.375,14,8.375],"texture":"#bright_gun_texture"},
"north":{"uv":[2,4.25,2.125,4.5],"texture":"#bright_gun_texture"},
"east":{"uv":[7.625,4.25,8.625,4.5],"texture":"#bright_gun_texture"}
}
},
{
"from":[13.125,11.5,8.375],
"to":[14.375,11.75,8.625],
"faces":{
"up":{"uv":[13.125,8.375,14.375,8.625],"texture":"#bright_gun_texture"},
"north":{"uv":[1.625,4.25,2.875,4.5],"texture":"#bright_gun_texture"},
"south":{"uv":[13.125,4.25,14.375,4.5],"texture":"#bright_gun_texture"},
"west":{"uv":[8.375,4.25,8.625,4.5],"texture":"#bright_gun_texture"},
"east":{"uv":[7.375,4.25,7.625,4.5],"texture":"#bright_gun_texture"}
}
},
{
"from":[12.4688,12.4688,8.25],
"to":[12.9438,12.8125,8.625],
"rotation":{"origin":[12.4688,12.8125,8.25],"axis":"z","angle":22.5},
"faces":{
"down":{"uv":[12.60033,7.375,13.07533,7.75],"texture":"#bright_gun_texture"},
"up":{"uv":[12.60033,8.25,13.07533,8.625],"texture":"#bright_gun_texture"},
"north":{"uv":[2.924671,3.161337,3.399672,3.505037],"texture":"#bright_gun_texture"},
"south":{"uv":[12.60033,3.161337,13.07533,3.505037],"texture":"#bright_gun_texture"},
"west":{"uv":[8.25,3.161337,8.625,3.505037],"texture":"#bright_gun_texture"},
"east":{"uv":[7.375,3.161337,7.75,3.505037],"texture":"#bright_gun_texture"}
}
},
{
"from":[12.9537,11.2787,8.25],
"to":[13.2037,11.6537,8.625],
"rotation":{"origin":[12.9537,11.6537,8.25],"axis":"z","angle":22.5},
"faces":{
"down":{"uv":[13.09721,7.375,13.34721,7.75],"texture":"#bright_gun_texture"},
"up":{"uv":[13.09721,8.25,13.34721,8.625],"texture":"#bright_gun_texture"},
"north":{"uv":[2.652794,4.317755,2.902794,4.692755],"texture":"#bright_gun_texture"},
"south":{"uv":[13.09721,4.317755,13.34721,4.692755],"texture":"#bright_gun_texture"},
"west":{"uv":[8.25,4.317755,8.625,4.692755],"texture":"#bright_gun_texture"},
"east":{"uv":[7.375,4.317755,7.75,4.692755],"texture":"#bright_gun_texture"}
}
},
{
"from":[13.76,11.3125,8.25],
"to":[13.885,12.9375,8.625],
"rotation":{"origin":[13.76,12.9375,8.25],"axis":"z","angle":22.5},
"faces":{
"down":{"uv":[14.38186,7.375,14.50686,7.75],"texture":"#bright_gun_texture"},
"up":{"uv":[14.38186,8.25,14.50686,8.625],"texture":"#bright_gun_texture"},
"north":{"uv":[1.493139,2.938805,1.618139,4.563805],"texture":"#bright_gun_texture"},
"south":{"uv":[14.38186,2.938805,14.50686,4.563805],"texture":"#bright_gun_texture"},
"west":{"uv":[8.25,2.938805,8.625,4.563805],"texture":"#bright_gun_texture"},
"east":{"uv":[7.375,2.938805,7.75,4.563805],"texture":"#bright_gun_texture"}
}
},
{
"from":[13.875,12.5,7.375],
"to":[14,12.6563,8.625],
"faces":{
"down":{"uv":[13.875,7.375,14,8.625],"texture":"#bright_gun_texture"},
"up":{"uv":[13.875,7.375,14,8.625],"texture":"#bright_gun_texture"},
"north":{"uv":[2,3.3437,2.125,3.5],"texture":"#bright_gun_texture"},
"south":{"uv":[13.875,3.3437,14,3.5],"texture":"#bright_gun_texture"},
"east":{"uv":[7.375,3.3437,8.625,3.5],"texture":"#bright_gun_texture"}
}
},
{
"from":[12.625,12.5,7.375],
"to":[13,12.625,8.625],
"faces":{
"down":{"uv":[12.625,7.375,13,8.625],"texture":"#bright_gun_texture"},
"up":{"uv":[12.625,7.375,13,8.625],"texture":"#bright_gun_texture"},
"north":{"uv":[3,3.375,3.375,3.5],"texture":"#bright_gun_texture"},
"south":{"uv":[12.625,3.375,13,3.5],"texture":"#bright_gun_texture"},
"west":{"uv":[7.375,3.375,8.625,3.5],"texture":"#bright_gun_texture"}
}
},
{
"from":[12.875,12.5938,7.375],
"to":[13,12.6563,8.625],
"faces":{
"down":{"uv":[12.875,7.375,13,8.625],"texture":"#bright_gun_texture"},
"up":{"uv":[12.875,7.375,13,8.625],"texture":"#bright_gun_texture"},
"north":{"uv":[3,3.3437,3.125,3.4062],"texture":"#bright_gun_texture"},
"south":{"uv":[12.875,3.3437,13,3.4062],"texture":"#bright_gun_texture"},
"west":{"uv":[7.375,3.3437,8.625,3.4062],"texture":"#bright_gun_texture"}
}
},
{
"from":[13,11.625,7.375],
"to":[13.125,11.75,8.625],
"faces":{
"down":{"uv":[13,7.375,13.125,8.625],"texture":"#bright_gun_texture"},
"up":{"uv":[13,7.375,13.125,8.625],"texture":"#bright_gun_texture"},
"north":{"uv":[2.875,4.25,3,4.375],"texture":"#bright_gun_texture"},
"south":{"uv":[13,4.25,13.125,4.375],"texture":"#bright_gun_texture"},
"west":{"uv":[7.375,4.25,8.625,4.375],"texture":"#bright_gun_texture"},
"east":{"uv":[7.375,4.25,8.625,4.375],"texture":"#bright_gun_texture"}
}
},
{
"from":[12.94,11.6875,8.375],
"to":[13.0025,11.75,8.625],
"faces":{
"down":{"uv":[12.94,7.375,13.0025,7.625],"texture":"#bright_gun_texture"},
"up":{"uv":[12.94,8.375,13.0025,8.625],"texture":"#bright_gun_texture"},
"south":{"uv":[12.94,4.25,13.0025,4.3125],"texture":"#bright_gun_texture"},
"west":{"uv":[8.375,4.25,8.625,4.3125],"texture":"#bright_gun_texture"},
"east":{"uv":[7.375,4.25,7.625,4.3125],"texture":"#bright_gun_texture"}
}
},
{
"from":[12.9331,11.6406,8.375],
"to":[12.9956,11.7031,8.625],
"rotation":{"origin":[12.9331,11.7031,8.375],"axis":"z","angle":22.5},
"faces":{
"down":{"uv":[12.95702,7.375,13.01952,7.625],"texture":"#bright_gun_texture"},
"up":{"uv":[12.95702,8.375,13.01952,8.625],"texture":"#bright_gun_texture"},
"south":{"uv":[12.95702,4.292142,13.01952,4.354642],"texture":"#bright_gun_texture"},
"west":{"uv":[8.375,4.292142,8.625,4.354642],"texture":"#bright_gun_texture"},
"east":{"uv":[7.375,4.292142,7.625,4.354642],"texture":"#bright_gun_texture"}
}
},
{
"from":[12.92,11.6719,8.375],
"to":[12.9825,11.7344,8.625],
"rotation":{"origin":[12.92,11.7344,8.375],"axis":"z","angle":22.5},
"faces":{
"down":{"uv":[12.94392,7.375,13.00642,7.625],"texture":"#bright_gun_texture"},
"up":{"uv":[12.94392,8.375,13.00642,8.625],"texture":"#bright_gun_texture"},
"south":{"uv":[12.94392,4.260842,13.00642,4.323342],"texture":"#bright_gun_texture"},
"west":{"uv":[8.375,4.260842,8.625,4.323342],"texture":"#bright_gun_texture"},
"east":{"uv":[7.375,4.260842,7.625,4.323342],"texture":"#bright_gun_texture"}
}
},
{
"from":[12.9166,11.6797,8.375],
"to":[12.9791,11.7422,8.625],
"rotation":{"origin":[12.9166,11.7422,8.375],"axis":"z","angle":22.5},
"faces":{
"down":{"uv":[12.94052,7.375,13.00302,7.625],"texture":"#bright_gun_texture"},
"up":{"uv":[12.94052,8.375,13.00302,8.625],"texture":"#bright_gun_texture"},
"south":{"uv":[12.94052,4.253042,13.00302,4.315542],"texture":"#bright_gun_texture"},
"west":{"uv":[8.375,4.253042,8.625,4.315542],"texture":"#bright_gun_texture"},
"east":{"uv":[7.375,4.253042,7.625,4.315542],"texture":"#bright_gun_texture"}
}
},
{
"from":[12.9231,11.6875,8.375],
"to":[12.9856,11.75,8.625],
"faces":{
"down":{"uv":[12.9231,7.375,12.9856,7.625],"texture":"#bright_gun_texture"},
"up":{"uv":[12.9231,8.375,12.9856,8.625],"texture":"#bright_gun_texture"},
"south":{"uv":[12.9231,4.25,12.9856,4.3125],"texture":"#bright_gun_texture"},
"west":{"uv":[8.375,4.25,8.625,4.3125],"texture":"#bright_gun_texture"},
"east":{"uv":[7.375,4.25,7.625,4.3125],"texture":"#bright_gun_texture"}
}
},
{
"from":[12.9164,11.68,8.375],
"to":[12.9789,11.7425,8.625],
"rotation":{"origin":[12.9164,11.7425,8.375],"axis":"z","angle":45},
"faces":{
"down":{"uv":[12.96059,7.375,13.02309,7.625],"texture":"#bright_gun_texture"},
"up":{"uv":[12.96059,8.375,13.02309,8.625],"texture":"#bright_gun_texture"},
"south":{"uv":[12.96059,4.239194,13.02309,4.301694],"texture":"#bright_gun_texture"},
"west":{"uv":[8.375,4.239194,8.625,4.301694],"texture":"#bright_gun_texture"},
"east":{"uv":[7.375,4.239194,7.625,4.301694],"texture":"#bright_gun_texture"}
}
},
{
"from":[7.375,13,7.375],
"to":[13.875,13.125,7.5625],
"faces":{
"down":{"uv":[7.375,8.4375,13.875,8.625],"texture":"#bright_gun_texture"},
"up":{"uv":[7.375,7.375,13.875,7.5625],"texture":"#bright_gun_texture"},
"north":{"uv":[2.125,2.875,8.625,3],"texture":"#bright_gun_texture"},
"south":{"uv":[7.375,2.875,13.875,3],"texture":"#bright_gun_texture"},
"west":{"uv":[7.375,2.875,7.5625,3],"texture":"#bright_gun_texture"},
"east":{"uv":[8.4375,2.875,8.625,3],"texture":"#bright_gun_texture"}
}
},
{
"from":[8.4375,13.125,7.375],
"to":[13.875,13.25,7.5625],
"faces":{
"up":{"uv":[8.4375,7.375,13.875,7.5625],"texture":"#bright_gun_texture"},
"north":{"uv":[2.125,2.75,7.5625,2.875],"texture":"#bright_gun_texture"},
"south":{"uv":[8.4375,2.75,13.875,2.875],"texture":"#bright_gun_texture"},
"west":{"uv":[7.375,2.75,7.5625,2.875],"texture":"#bright_gun_texture"},
"east":{"uv":[8.4375,2.75,8.625,2.875],"texture":"#bright_gun_texture"}
}
},
{
"from":[9.4375,13.25,7.375],
"to":[13.875,13.375,7.5625],
"faces":{
"up":{"uv":[9.4375,7.375,13.875,7.5625],"texture":"#bright_gun_texture"},
"north":{"uv":[2.125,2.625,6.5625,2.75],"texture":"#bright_gun_texture"},
"south":{"uv":[9.4375,2.625,13.875,2.75],"texture":"#bright_gun_texture"},
"west":{"uv":[7.375,2.625,7.5625,2.75],"texture":"#bright_gun_texture"},
"east":{"uv":[8.4375,2.625,8.625,2.75],"texture":"#bright_gun_texture"}
}
},
{
"from":[10.4375,13.375,7.375],
"to":[13.875,13.5,7.5625],
"faces":{
"up":{"uv":[10.4375,7.375,13.875,7.5625],"texture":"#bright_gun_texture"},
"north":{"uv":[2.125,2.5,5.5625,2.625],"texture":"#bright_gun_texture"},
"south":{"uv":[10.4375,2.5,13.875,2.625],"texture":"#bright_gun_texture"},
"west":{"uv":[7.375,2.5,7.5625,2.625],"texture":"#bright_gun_texture"},
"east":{"uv":[8.4375,2.5,8.625,2.625],"texture":"#bright_gun_texture"}
}
},
{
"from":[11.4375,13.5,7.375],
"to":[13.875,13.625,7.5625],
"faces":{
"up":{"uv":[11.4375,7.375,13.875,7.5625],"texture":"#bright_gun_texture"},
"north":{"uv":[2.125,2.375,4.5625,2.5],"texture":"#bright_gun_texture"},
"south":{"uv":[11.4375,2.375,13.875,2.5],"texture":"#bright_gun_texture"},
"west":{"uv":[7.375,2.375,7.5625,2.5],"texture":"#bright_gun_texture"},
"east":{"uv":[8.4375,2.375,8.625,2.5],"texture":"#bright_gun_texture"}
}
},
{
"from":[12.4375,13.625,7.375],
"to":[13.875,13.75,7.5625],
"faces":{
"up":{"uv":[12.4375,7.375,13.875,7.5625],"texture":"#bright_gun_texture"},
"north":{"uv":[2.125,2.25,3.5625,2.375],"texture":"#bright_gun_texture"},
"south":{"uv":[12.4375,2.25,13.875,2.375],"texture":"#bright_gun_texture"},
"west":{"uv":[7.375,2.25,7.5625,2.375],"texture":"#bright_gun_texture"},
"east":{"uv":[8.4375,2.25,8.625,2.375],"texture":"#bright_gun_texture"}
}
},
{
"from":[6,12.75,7.375],
"to":[6.375,12.9375,8.625],
"faces":{
"up":{"uv":[6,7.375,6.375,8.625],"texture":"#bright_gun_texture"},
"north":{"uv":[9.625,3.0625,10,3.25],"texture":"#bright_gun_texture"},
"south":{"uv":[6,3.0625,6.375,3.25],"texture":"#bright_gun_texture"},
"west":{"uv":[7.375,3.0625,8.625,3.25],"texture":"#bright_gun_texture","cullface":"west"}
}
},
{
"from":[7.375,13,8.4375],
"to":[13.875,13.125,8.625],
"faces":{
"down":{"uv":[7.375,7.375,13.875,7.5625],"texture":"#bright_gun_texture"},
"up":{"uv":[7.375,8.4375,13.875,8.625],"texture":"#bright_gun_texture"},
"north":{"uv":[2.125,2.875,8.625,3],"texture":"#bright_gun_texture"},
"south":{"uv":[7.375,2.875,13.875,3],"texture":"#bright_gun_texture"},
"west":{"uv":[8.4375,2.875,8.625,3],"texture":"#bright_gun_texture"},
"east":{"uv":[7.375,2.875,7.5625,3],"texture":"#bright_gun_texture"}
}
},
{
"from":[8.4375,13.125,8.4375],
"to":[13.875,13.25,8.625],
"faces":{
"up":{"uv":[8.4375,8.4375,13.875,8.625],"texture":"#bright_gun_texture"},
"north":{"uv":[2.125,2.75,7.5625,2.875],"texture":"#bright_gun_texture"},
"south":{"uv":[8.4375,2.75,13.875,2.875],"texture":"#bright_gun_texture"},
"west":{"uv":[8.4375,2.75,8.625,2.875],"texture":"#bright_gun_texture"},
"east":{"uv":[7.375,2.75,7.5625,2.875],"texture":"#bright_gun_texture"}
}
},
{
"from":[9.4375,13.25,8.4375],
"to":[13.875,13.375,8.625],
"faces":{
"up":{"uv":[9.4375,8.4375,13.875,8.625],"texture":"#bright_gun_texture"},
"north":{"uv":[2.125,2.625,6.5625,2.75],"texture":"#bright_gun_texture"},
"south":{"uv":[9.4375,2.625,13.875,2.75],"texture":"#bright_gun_texture"},
"west":{"uv":[8.4375,2.625,8.625,2.75],"texture":"#bright_gun_texture"},
"east":{"uv":[7.375,2.625,7.5625,2.75],"texture":"#bright_gun_texture"}
}
},
{
"from":[10.4375,13.375,8.4375],
"to":[13.875,13.5,8.625],
"faces":{
"up":{"uv":[10.4375,8.4375,13.875,8.625],"texture":"#bright_gun_texture"},
"north":{"uv":[2.125,2.5,5.5625,2.625],"texture":"#bright_gun_texture"},
"south":{"uv":[10.4375,2.5,13.875,2.625],"texture":"#bright_gun_texture"},
"west":{"uv":[8.4375,2.5,8.625,2.625],"texture":"#bright_gun_texture"},
"east":{"uv":[7.375,2.5,7.5625,2.625],"texture":"#bright_gun_texture"}
}
},
{
"from":[11.4375,13.5,8.4375],
"to":[13.875,13.625,8.625],
"faces":{
"up":{"uv":[11.4375,8.4375,13.875,8.625],"texture":"#bright_gun_texture"},
"north":{"uv":[2.125,2.375,4.5625,2.5],"texture":"#bright_gun_texture"},
"south":{"uv":[11.4375,2.375,13.875,2.5],"texture":"#bright_gun_texture"},
"west":{"uv":[8.4375,2.375,8.625,2.5],"texture":"#bright_gun_texture"},
"east":{"uv":[7.375,2.375,7.5625,2.5],"texture":"#bright_gun_texture"}
}
},
{
"from":[12.4375,13.625,8.4375],
"to":[13.875,13.75,8.625],
"faces":{
"up":{"uv":[12.4375,8.4375,13.875,8.625],"texture":"#bright_gun_texture"},
"north":{"uv":[2.125,2.25,3.5625,2.375],"texture":"#bright_gun_texture"},
"south":{"uv":[12.4375,2.25,13.875,2.375],"texture":"#bright_gun_texture"},
"west":{"uv":[8.4375,2.25,8.625,2.375],"texture":"#bright_gun_texture"},
"east":{"uv":[7.375,2.25,7.5625,2.375],"texture":"#bright_gun_texture"}
}
},
{
"from":[15,11,7],
"to":[16,11.375,9],
"faces":{
"down":{"uv":[15,7,16,9],"texture":"#bright_gun_texture"},
"up":{"uv":[15,7,16,9],"texture":"#bright_gun_texture"},
"north":{"uv":[0,4.625,1,5],"texture":"#bright_gun_texture"},
"south":{"uv":[15,4.625,16,5],"texture":"#bright_gun_texture"},
"west":{"uv":[7,4.625,9,5],"texture":"#bright_gun_texture"},
"east":{"uv":[7,4.625,9,5],"texture":"#bright_gun_texture"}
}
}
],
"display": {
    "thirdperson_righthand": {
        "rotation": [ 45, -90, 0 ],
        "translation": [ 0, 3, 2 ],
        "scale": [ 0.6, 0.6, 0.6 ]
    },
    "thirdperson_lefthand": {
        "rotation": [ 0, 90, 180 ],
        "translation": [ 0, 1.5, 10 ],
        "scale": [ 0.6, 0.6, 0.6 ]
    },
    "head": {
        "rotation": [ 0, -90, 0 ],
        "translation": [ 0, 12, 0 ],
        "scale": [ 0.6, 0.6, 0.6 ]
    },
    "ground": {
        "rotation": [ 90, 0, 0 ],
        "translation": [ 0, 0, 0 ],
        "scale": [ 0.6, 0.6, 0.6 ]
    },
    "fixed": {
        "rotation": [ 0, 0, 0 ],
        "translation": [ -2, 0, 0 ],
        "scale": [ 1, 1, 1 ]
    },
    "firstperson_righthand": {
        "rotation": [ 0, -90, 0 ],
        "translation": [ 0, 2, -8 ],
        "scale": [ 1, 1, 1 ]
    },
    "firstperson_lefthand": {
        "rotation": [ 0, 90, 90 ],
        "translation": [ 5, 5, -5 ],
        "scale": [ 1, 1, 1 ]
    },
    "gui": {
        "rotation": [ -20, 40, 0 ],
        "translation": [ 0.5, 0, 0 ],
        "scale": [ 0.45, 0.45, 0.45 ]
    }
}
}