{
	"__comment": "© Le0, Mineland.eu 2019 | www.mineland.eu",
	"textures": {
		"bright_gun_texture": "guns/automaty/bright_gun_texture"
	},
	"elements": [ 	 
		{
			"from": [ -5, 7.9, 7.5 ],
			"to": [ 1, 8.9, 8.5 ],
			"faces": {
				"down": { "uv": [ 4, 14, 6, 15.4 ], "texture": "#bright_gun_texture" },
				"up": { "uv": [ 12, 7, 14, 8.4 ], "texture": "#bright_gun_texture" },
				"north": { "uv": [ 4, 5, 6, 6.4 ], "texture": "#bright_gun_texture" },
				"south": { "uv": [ 8, 11, 10, 12.4 ], "texture": "#bright_gun_texture" },
				"west": { "uv": [ 9, 6, 10.4, 7.4 ], "texture": "#bright_gun_texture" },
				"east": { "uv": [ 3, 3, 4.4, 4.4 ], "texture": "#bright_gun_texture" }
			}
		},
		{
			"from": [ 1.2, 7.3, 6.8 ],
			"to": [ 7.4, 9.699999, 9.199999 ],
			"faces": {
				"down": { "uv": [ 0, 12, 7, 14.8 ], "texture": "#bright_gun_texture" },
				"up": { "uv": [ 5, 13, 12, 15.8 ], "texture": "#bright_gun_texture" },
				"north": { "uv": [ 9, 7, 16, 9.8 ], "texture": "#bright_gun_texture" },
				"south": { "uv": [ 5, 7, 12, 9.8 ], "texture": "#bright_gun_texture" },
				"west": { "uv": [ 3, 6, 5.8, 8.8 ], "texture": "#bright_gun_texture" },
				"east": { "uv": [ 6, 6, 8.8, 8.8 ], "texture": "#bright_gun_texture" }
			}
		},
		{
			"from": [ 8, 6, 7.1 ],
			"to": [ 16, 9.5, 8.9 ],
			"faces": {
				"down": { "uv": [ 7, 5, 15, 7.6 ], "texture": "#bright_gun_texture" },
				"up": { "uv": [ 2, 10, 10, 12.6 ], "texture": "#bright_gun_texture" },
				"north": { "uv": [ 8, 4, 16, 7.5 ], "texture": "#bright_gun_texture" },
				"south": { "uv": [ 7, 4, 15, 7.5 ], "texture": "#bright_gun_texture" },
				"west": { "uv": [ 6, 3, 8.6, 6.5 ], "texture": "#bright_gun_texture" },
				"east": { "uv": [ 4, 5, 6.6, 8.5 ], "texture": "#bright_gun_texture" }
			}
		},
		{
			"from": [ 8.5, 9.7, 7.4 ],
			"to": [ 8.8, 11.6, 8.6 ],
			"faces": {
				"down": { "uv": [ 8, 3, 8.5, 3.7 ], "texture": "#bright_gun_texture" },
				"up": { "uv": [ 8, 3, 8.5, 3.7 ], "texture": "#bright_gun_texture" },
				"north": { "uv": [ 8, 3, 8.5, 3.7 ], "texture": "#bright_gun_texture" },
				"south": { "uv": [ 8, 3, 8.5, 3.7 ], "texture": "#bright_gun_texture" },
				"west": { "uv": [ 8, 3, 8.5, 3.7 ], "texture": "#bright_gun_texture" },
				"east": { "uv": [ 8, 3, 8.5, 3.7 ], "texture": "#bright_gun_texture" }
			}
		},
		{
			"from": [ 14.9, 9.5, 6.9 ],
			"to": [ 15.7, 9.8, 9.1 ],
			"faces": {
				"down": { "uv": [ 2, 0, 3, 2 ], "texture": "#bright_gun_texture" },
				"up": { "uv": [ 1, 4, 2, 6 ], "texture": "#bright_gun_texture" },
				"north": { "uv": [ 5, 5, 7, 5.8 ], "texture": "#bright_gun_texture" },
				"south": { "uv": [ 1, 5, 2, 5.8 ], "texture": "#bright_gun_texture" },
				"west": { "uv": [ 0, 10, 2, 10.8 ], "texture": "#bright_gun_texture" },
				"east": { "uv": [ 1, 4, 3, 4.8 ], "texture": "#bright_gun_texture" }
			}
		},
		{
			"from": [ -1.1, 10.3, 8.3 ],
			"to": [ -0.1, 10.7, 8.4 ],
			"faces": {
				"down": { "uv": [ 7, 7, 7.8, 7.2 ], "texture": "#bright_gun_texture" },
				"up": { "uv": [ 10, 9, 10.8, 9.2 ], "texture": "#bright_gun_texture" },
				"north": { "uv": [ 4, 3, 4.8, 4.4 ], "texture": "#bright_gun_texture" },
				"south": { "uv": [ 8, 10, 8.8, 11.4 ], "texture": "#bright_gun_texture" },
				"west": { "uv": [ 10, 7, 10.2, 8.4 ], "texture": "#bright_gun_texture" },
				"east": { "uv": [ 5, 8, 5.2, 9.4 ], "texture": "#bright_gun_texture" }
			}
		},
		{
			"from": [ -1.1, 10.3, 7.6 ],
			"to": [ -0.1, 10.7, 7.7 ],
			"faces": {
				"down": { "uv": [ 7, 7, 7.8, 7.2 ], "texture": "#bright_gun_texture" },
				"up": { "uv": [ 10, 9, 10.8, 9.2 ], "texture": "#bright_gun_texture" },
				"north": { "uv": [ 4, 3, 5, 4.4 ], "texture": "#bright_gun_texture" },
				"south": { "uv": [ 8, 10, 8.8, 11.4 ], "texture": "#bright_gun_texture" },
				"west": { "uv": [ 10, 7, 10.2, 8.4 ], "texture": "#bright_gun_texture" },
				"east": { "uv": [ 5, 8, 5.2, 9.4 ], "texture": "#bright_gun_texture" }
			}
		},
		{
			"from": [ -1.1, 8.2, 7.6 ],
			"to": [ -0.9, 10.3, 8.4 ],
			"faces": {
				"down": { "uv": [ 7, 7, 7.8, 8 ], "texture": "#bright_gun_texture" },
				"up": { "uv": [ 10, 9, 10.8, 10 ], "texture": "#bright_gun_texture" },
				"north": { "uv": [ 4, 3, 4.8, 6.4 ], "texture": "#bright_gun_texture" },
				"south": { "uv": [ 8, 10, 8.8, 13.4 ], "texture": "#bright_gun_texture" },
				"west": { "uv": [ 10, 7, 11, 10.4 ], "texture": "#bright_gun_texture" },
				"east": { "uv": [ 5, 8, 6, 11.4 ], "texture": "#bright_gun_texture" }
			}
		},
		{
			"from": [ -0.7, 10.3, 7.9 ],
			"to": [ -0.6, 10.7, 8.1 ],
			"faces": {
				"down": { "uv": [ 12, 6, 12.1, 6.2 ], "texture": "#bright_gun_texture" },
				"up": { "uv": [ 12, 9, 12.1, 9.2 ], "texture": "#bright_gun_texture" },
				"north": { "uv": [ 12, 10, 12.1, 11.2 ], "texture": "#bright_gun_texture" },
				"south": { "uv": [ 12, 10, 12.1, 9.2 ], "texture": "#bright_gun_texture" },
				"west": { "uv": [ 13, 5, 13.2, 6.2 ], "texture": "#bright_gun_texture" },
				"east": { "uv": [ 10, 11, 10.2, 12.2 ], "texture": "#bright_gun_texture" }
			}
		},
		{
			"from": [ 8.7, 2.8, 7.4 ],
			"to": [ 11.7, 5, 8.6 ],
			"faces": {
				"down": { "uv": [ 0, 8, 2.5, 10 ], "texture": "#bright_gun_texture" },
				"up": { "uv": [ 0, 9, 2.5, 11 ], "texture": "#bright_gun_texture" },
				"north": { "uv": [ 0, 9, 2.5, 11.5 ], "texture": "#bright_gun_texture" },
				"south": { "uv": [ 0, 9, 2.5, 11.5 ], "texture": "#bright_gun_texture" },
				"west": { "uv": [ 0, 8, 2, 10.5 ], "texture": "#bright_gun_texture" },
				"east": { "uv": [ 0, 9, 2, 11.5 ], "texture": "#bright_gun_texture" }
			}
		},
		{
			"from": [ 9.099999, 0.8, 7.4 ],
			"to": [ 12.1, 3.2, 8.6 ],
			"rotation": { "origin": [ 11, 4, 8 ], "axis": "z", "angle": -22.5 },
			"faces": {
				"down": { "uv": [ 0, 8, 2.6, 10 ], "texture": "#bright_gun_texture" },
				"up": { "uv": [ 4, 8, 6.6, 10 ], "texture": "#bright_gun_texture" },
				"north": { "uv": [ 5, 6, 7.6, 9 ], "texture": "#bright_gun_texture" },
				"south": { "uv": [ 4, 8, 6.6, 11 ], "texture": "#bright_gun_texture" },
				"west": { "uv": [ 0, 8, 8, 10 ], "texture": "#bright_gun_texture" },
				"east": { "uv": [ 0, 9, 2, 12 ], "texture": "#bright_gun_texture" }
			}
		},
		{
			"from": [ 12.6, -0.4, 7.2 ],
			"to": [ 14.6, 4, 8.8 ],
			"rotation": { "origin": [ 8, 8, 8 ], "axis": "z", "angle": 22.5 },
			"faces": {
				"down": { "uv": [ 8, 9, 10, 11 ], "texture": "#bright_gun_texture" },
				"up": { "uv": [ 7, 9, 9, 11 ], "texture": "#bright_gun_texture" },
				"north": { "uv": [ 9, 11, 11, 15 ], "texture": "#bright_gun_texture" },
				"south": { "uv": [ 8, 7, 10, 11 ], "texture": "#bright_gun_texture" },
				"west": { "uv": [ 8, 7, 10, 11 ], "texture": "#bright_gun_texture" },
				"east": { "uv": [ 10, 10, 12, 14 ], "texture": "#bright_gun_texture" }
			}
		},
		{
			"from": [ 10.8, 3.4, 7.7 ],
			"to": [ 11, 5.4, 8.3 ],
			"rotation": { "origin": [ 8, 8, 8 ], "axis": "z", "angle": 22.5 },
			"faces": {
				"down": { "uv": [ 0, 0, 0.2, 0.6000004 ], "texture": "#bright_gun_texture" },
				"up": { "uv": [ 0, 0, 0.2, 0.6000004 ], "texture": "#bright_gun_texture" },
				"north": { "uv": [ 0, 0, 0.2, 2 ], "texture": "#bright_gun_texture" },
				"south": { "uv": [ 0, 0, 0.2, 2 ], "texture": "#bright_gun_texture" },
				"west": { "uv": [ 0, 0, 0.6, 2 ], "texture": "#bright_gun_texture" },
				"east": { "uv": [ 0, 0, 0.6, 2 ], "texture": "#bright_gun_texture" }
			}
		},
		{
			"from": [ 12.4, 4.8, 7.7 ],
			"to": [ 14.3, 5, 8.3 ],
			"faces": {
				"down": { "uv": [ 0, 0, 1.9, 0.6000004 ], "texture": "#bright_gun_texture" },
				"up": { "uv": [ 0, 0, 1.9, 0.6000004 ], "texture": "#bright_gun_texture" },
				"north": { "uv": [ 0, 0, 1.9, 0.1999998 ], "texture": "#bright_gun_texture" },
				"south": { "uv": [ 0, 0, 1.9, 0.1999998 ], "texture": "#bright_gun_texture" },
				"west": { "uv": [ 0, 0, 0.6, 0.1999998 ], "texture": "#bright_gun_texture" },
				"east": { "uv": [ 0, 0, 0.6, 0.1999998 ], "texture": "#bright_gun_texture" }
			}
		},
		{
			"from": [ 16, 7.8, 7.4 ],
			"to": [ 20, 9, 8.6 ],
			"faces": {
				"down": { "uv": [ 6, 5, 12, 7 ], "texture": "#bright_gun_texture" },
				"up": { "uv": [ 5, 8, 11, 10 ], "texture": "#bright_gun_texture" },
				"north": { "uv": [ 6, 7, 12, 9 ], "texture": "#bright_gun_texture" },
				"south": { "uv": [ 2, 3, 8, 5 ], "texture": "#bright_gun_texture" },
				"west": { "uv": [ 2, 6, 4, 8 ], "texture": "#bright_gun_texture" },
				"east": { "uv": [ 4, 5, 6, 7 ], "texture": "#bright_gun_texture" }
			}
		},
		{
			"from": [ 24.9, 4.8, 7.1 ],
			"to": [ 25.9, 7.199998, 8.9 ],
			"faces": {
				"down": { "uv": [ 4, 11, 6, 13 ], "texture": "#bright_gun_texture" },
				"up": { "uv": [ 6, 2, 8, 4 ], "texture": "#bright_gun_texture" },
				"north": { "uv": [ 7, 3, 9, 6 ], "texture": "#bright_gun_texture" },
				"south": { "uv": [ 3, 7, 5, 10 ], "texture": "#bright_gun_texture" },
				"west": { "uv": [ 7, 8, 9, 11 ], "texture": "#bright_gun_texture" },
				"east": { "uv": [ 9, 11, 11, 14 ], "texture": "#bright_gun_texture" }
			}
		},
		{
			"from": [ -1.3, 7.8, 7.4 ],
			"to": [ -0.8, 9, 8.6 ],
			"faces": {
				"down": { "uv": [ 8, 6, 9, 7.6 ], "texture": "#bright_gun_texture" },
				"up": { "uv": [ 8, 11, 9, 12.6 ], "texture": "#bright_gun_texture" },
				"north": { "uv": [ 2, 1, 3, 2.6 ], "texture": "#bright_gun_texture" },
				"south": { "uv": [ 4, 6, 5, 7.6 ], "texture": "#bright_gun_texture" },
				"west": { "uv": [ 7, 10, 8.6, 11.6 ], "texture": "#bright_gun_texture" },
				"east": { "uv": [ 6, 4, 7.6, 5.6 ], "texture": "#bright_gun_texture" }
			}
		},
		{
			"from": [ 19.5, 7.1, 7.1 ],
			"to": [ 25.9, 9.2, 8.9 ],
			"faces": {
				"down": { "uv": [ 3, 11, 9, 13 ], "texture": "#bright_gun_texture" },
				"up": { "uv": [ 5, 11, 11, 13 ], "texture": "#bright_gun_texture" },
				"north": { "uv": [ 4, 4, 10, 6 ], "texture": "#bright_gun_texture" },
				"south": { "uv": [ 6, 8, 12, 10 ], "texture": "#bright_gun_texture" },
				"west": { "uv": [ 3, 8, 5, 10 ], "texture": "#bright_gun_texture" },
				"east": { "uv": [ 9, 2, 11, 4 ], "texture": "#bright_gun_texture" }
			}
		},
		{
			"from": [ 16, 6.5, 7.1 ],
			"to": [ 16.6, 9.3, 8.9 ],
			"faces": {
				"down": { "uv": [ 5, 1, 6, 3.6 ], "texture": "#bright_gun_texture" },
				"up": { "uv": [ 7, 11, 8, 13.6 ], "texture": "#bright_gun_texture" },
				"north": { "uv": [ 5, 6, 6, 9.5 ], "texture": "#bright_gun_texture" },
				"south": { "uv": [ 10, 7, 11, 10.5 ], "texture": "#bright_gun_texture" },
				"west": { "uv": [ 6, 3, 8.6, 6.5 ], "texture": "#bright_gun_texture" },
				"east": { "uv": [ 4, 5, 6.6, 8.5 ], "texture": "#bright_gun_texture" }
			}
		},
		{
			"from": [ 8.4, 4.8, 7.1 ],
			"to": [ 12.2, 6.3, 8.9 ],
			"faces": {
				"down": { "uv": [ 5, 7, 7.5, 9 ], "texture": "#bright_gun_texture" },
				"up": { "uv": [ 5, 4, 7.5, 6 ], "texture": "#bright_gun_texture" },
				"north": { "uv": [ 0, 11, 2.5, 13.5 ], "texture": "#bright_gun_texture" },
				"south": { "uv": [ 5, 8, 7.5, 10.5 ], "texture": "#bright_gun_texture" },
				"west": { "uv": [ 0, 9, 2, 11.5 ], "texture": "#bright_gun_texture" },
				"east": { "uv": [ 8, 6, 10, 8.5 ], "texture": "#bright_gun_texture" }
			}
		},
		{
			"from": [ 1, 7.6, 7.1 ],
			"to": [ 8, 9.4, 8.9 ],
			"faces": {
				"down": { "uv": [ 0, 12, 7, 14.8 ], "texture": "#bright_gun_texture" },
				"up": { "uv": [ 5, 13, 12, 15.8 ], "texture": "#bright_gun_texture" },
				"north": { "uv": [ 9, 7, 16, 9.8 ], "texture": "#bright_gun_texture" },
				"south": { "uv": [ 5, 7, 12, 9.8 ], "texture": "#bright_gun_texture" },
				"west": { "uv": [ 3, 6, 5.8, 8.8 ], "texture": "#bright_gun_texture" },
				"east": { "uv": [ 6, 6, 8.8, 8.8 ], "texture": "#bright_gun_texture" }
			}
		},
		{
			"from": [ 0.3, 7.8, 7.4 ],
			"to": [ 0.8, 9, 8.6 ],
			"faces": {
				"down": { "uv": [ 8, 6, 9, 7.6 ], "texture": "#bright_gun_texture" },
				"up": { "uv": [ 8, 11, 9, 12.6 ], "texture": "#bright_gun_texture" },
				"north": { "uv": [ 2, 1, 3, 2.6 ], "texture": "#bright_gun_texture" },
				"south": { "uv": [ 4, 6, 5, 7.6 ], "texture": "#bright_gun_texture" },
				"west": { "uv": [ 7, 10, 8.6, 11.6 ], "texture": "#bright_gun_texture" },
				"east": { "uv": [ 6, 4, 7.6, 5.6 ], "texture": "#bright_gun_texture" }
			}
		},
		{
			"from": [ 3.8, 14.5, 7.6 ],
			"to": [ 4, 15.6, 8.4 ],
			"rotation": { "origin": [ 8, 8, 8 ], "axis": "z", "angle": 45 },
			"faces": {
				"down": { "uv": [ 7, 7, 7.8, 8 ], "texture": "#bright_gun_texture" },
				"up": { "uv": [ 10, 9, 10.8, 10 ], "texture": "#bright_gun_texture" },
				"north": { "uv": [ 4, 3, 4.8, 6.4 ], "texture": "#bright_gun_texture" },
				"south": { "uv": [ 8, 10, 8.8, 13.4 ], "texture": "#bright_gun_texture" },
				"west": { "uv": [ 10, 7, 11, 10.4 ], "texture": "#bright_gun_texture" },
				"east": { "uv": [ 5, 8, 6, 11.4 ], "texture": "#bright_gun_texture" }
			}
		},
		{
			"from": [ 0.4, 8.25, 7.6 ],
			"to": [ 0.6, 9.75, 8.4 ],
			"faces": {
				"down": { "uv": [ 7, 7, 7.8, 8 ], "texture": "#bright_gun_texture" },
				"up": { "uv": [ 10, 9, 10.8, 10 ], "texture": "#bright_gun_texture" },
				"north": { "uv": [ 4, 3, 4.8, 6.4 ], "texture": "#bright_gun_texture" },
				"south": { "uv": [ 8, 10, 8.8, 13.4 ], "texture": "#bright_gun_texture" },
				"west": { "uv": [ 10, 7, 11, 10.4 ], "texture": "#bright_gun_texture" },
				"east": { "uv": [ 5, 8, 6, 11.4 ], "texture": "#bright_gun_texture" }
			}
		},
		{
			"from": [ 21, 6.3, 7.2 ],
			"to": [ 24, 7.099998, 8.8 ],
			"faces": {
				"down": { "uv": [ 6, 6, 11, 7 ], "texture": "#bright_gun_texture" },
				"up": { "uv": [ 7, 5, 12, 6 ], "texture": "#bright_gun_texture" },
				"north": { "uv": [ 4, 6, 9, 7 ], "texture": "#bright_gun_texture" },
				"south": { "uv": [ 7, 11, 12, 12 ], "texture": "#bright_gun_texture" },
				"west": { "uv": [ 3, 8, 5, 10 ], "texture": "#bright_gun_texture" },
				"east": { "uv": [ 9, 2, 11, 4 ], "texture": "#bright_gun_texture" }
			}
		},
		{
			"from": [ 22.1, 11.6, 7.2 ],
			"to": [ 25.1, 13.6, 8.8 ],
			"rotation": { "origin": [ 8, 8, 8 ], "axis": "z", "angle": -22.5 },
			"faces": {
				"down": { "uv": [ 6, 6, 11, 7 ], "texture": "#bright_gun_texture" },
				"up": { "uv": [ 7, 5, 12, 6 ], "texture": "#bright_gun_texture" },
				"north": { "uv": [ 4, 6, 9, 7 ], "texture": "#bright_gun_texture" },
				"south": { "uv": [ 7, 11, 12, 12 ], "texture": "#bright_gun_texture" },
				"west": { "uv": [ 3, 8, 5, 10 ], "texture": "#bright_gun_texture" },
				"east": { "uv": [ 9, 2, 11, 4 ], "texture": "#bright_gun_texture" }
			}
		},
		{
			"from": [ 8.3, 9.3, 7.4 ],
			"to": [ 15.4, 10.3, 8.6 ],
			"faces": {
				"down": { "uv": [ 5, 9, 13, 10.6 ], "texture": "#bright_gun_texture" },
				"up": { "uv": [ 5, 7, 13, 8.6 ], "texture": "#bright_gun_texture" },
				"north": { "uv": [ 6, 8, 14, 8.5 ], "texture": "#bright_gun_texture" },
				"south": { "uv": [ 7, 7, 15, 7.5 ], "texture": "#bright_gun_texture" },
				"west": { "uv": [ 8, 9, 10.6, 10.5 ], "texture": "#bright_gun_texture" },
				"east": { "uv": [ 6, 5, 8.6, 5.5 ], "texture": "#bright_gun_texture" }
			}
		},
		{
			"from": [ 8.5, 11.4, 7.4 ],
			"to": [ 14.5, 11.7, 8.6 ],
			"faces": {
				"down": { "uv": [ 7, 9, 8, 9.5 ], "texture": "#bright_gun_texture" },
				"up": { "uv": [ 3, 5, 4, 5.5 ], "texture": "#bright_gun_texture" },
				"north": { "uv": [ 10, 6, 11, 6.7 ], "texture": "#bright_gun_texture" },
				"south": { "uv": [ 5, 11, 6, 11.7 ], "texture": "#bright_gun_texture" },
				"west": { "uv": [ 10, 4, 10.5, 4.7 ], "texture": "#bright_gun_texture" },
				"east": { "uv": [ 8, 3, 8.5, 3.7 ], "texture": "#bright_gun_texture" }
			}
		},
		{
			"from": [ 13.6, 11.1, 7.4 ],
			"to": [ 14.6, 11.4, 8.6 ],
			"faces": {
				"down": { "uv": [ 11, 2, 12, 4 ], "texture": "#bright_gun_texture" },
				"up": { "uv": [ 6, 7, 7, 9 ], "texture": "#bright_gun_texture" },
				"north": { "uv": [ 5, 11, 7, 11.8 ], "texture": "#bright_gun_texture" },
				"south": { "uv": [ 8, 8, 9, 8.8 ], "texture": "#bright_gun_texture" },
				"west": { "uv": [ 0, 10, 2, 10.8 ], "texture": "#bright_gun_texture" },
				"east": { "uv": [ 7, 7, 9, 7.8 ], "texture": "#bright_gun_texture" }
			}
		},
		{
			"from": [ 18, 7.5, 7.4 ],
			"to": [ 20, 7.8, 8.6 ],
			"faces": {
				"down": { "uv": [ 7, 2, 13, 3 ], "texture": "#bright_gun_texture" },
				"up": { "uv": [ 7, 5, 13, 6 ], "texture": "#bright_gun_texture" },
				"north": { "uv": [ 7, 10, 13, 11 ], "texture": "#bright_gun_texture" },
				"south": { "uv": [ 3, 7, 9, 8 ], "texture": "#bright_gun_texture" },
				"west": { "uv": [ 2, 6, 4, 8 ], "texture": "#bright_gun_texture" },
				"east": { "uv": [ 4, 5, 6, 7 ], "texture": "#bright_gun_texture" }
			}
		},
		{
			"from": [ 18.7, 16.7, 7.2 ],
			"to": [ 20.7, 17.2, 8.8 ],
			"rotation": { "origin": [ 8, 8, 8 ], "axis": "z", "angle": -45 },
			"faces": {
				"down": { "uv": [ 6, 6, 11, 6 ], "texture": "#bright_gun_texture" },
				"up": { "uv": [ 7, 5, 12, 5 ], "texture": "#bright_gun_texture" },
				"north": { "uv": [ 5, 12, 10, 12 ], "texture": "#bright_gun_texture" },
				"south": { "uv": [ 6, 9, 11, 9 ], "texture": "#bright_gun_texture" },
				"west": { "uv": [ 3, 8, 5, 9 ], "texture": "#bright_gun_texture" },
				"east": { "uv": [ 6, 11, 8, 12 ], "texture": "#bright_gun_texture" }
			}
		},
		{
			"from": [ -11, 7.6, 7.2 ],
			"to": [ -4.8, 9.2, 8.8 ],
			"faces": {
				"down": { "uv": [ 4, 14, 6, 15.4 ], "texture": "#bright_gun_texture" },
				"up": { "uv": [ 12, 7, 14, 8.4 ], "texture": "#bright_gun_texture" },
				"north": { "uv": [ 4, 5, 6, 6.4 ], "texture": "#bright_gun_texture" },
				"south": { "uv": [ 8, 11, 10, 12.4 ], "texture": "#bright_gun_texture" },
				"west": { "uv": [ 9, 6, 10.4, 7.4 ], "texture": "#bright_gun_texture" },
				"east": { "uv": [ 3, 3, 4.4, 4.4 ], "texture": "#bright_gun_texture" }
			}
		},
		{
			"from": [ 14.5, 7, 7.6 ],
			"to": [ 15.5, 8.9, 8.4 ],
			"rotation": { "origin": [ 8, 8, 8 ], "axis": "z", "angle": 22.5 },
			"faces": {
				"down": { "uv": [ 7, 9, 8, 9.5 ], "texture": "#bright_gun_texture" },
				"up": { "uv": [ 3, 5, 4, 5.5 ], "texture": "#bright_gun_texture" },
				"north": { "uv": [ 9, 5, 10, 7.7 ], "texture": "#bright_gun_texture" },
				"south": { "uv": [ 5, 11, 6, 13.7 ], "texture": "#bright_gun_texture" },
				"west": { "uv": [ 10, 4, 10.5, 6.7 ], "texture": "#bright_gun_texture" },
				"east": { "uv": [ 8, 3, 8.5, 5.7 ], "texture": "#bright_gun_texture" }
			}
		},
		{
			"from": [ 9.9, 11.6, 7.4 ],
			"to": [ 14.5, 11.9, 7.599998 ],
			"faces": {
				"down": { "uv": [ 7, 9, 8, 9.5 ], "texture": "#bright_gun_texture" },
				"up": { "uv": [ 3, 5, 4, 5.5 ], "texture": "#bright_gun_texture" },
				"north": { "uv": [ 10, 6, 11, 6.7 ], "texture": "#bright_gun_texture" },
				"south": { "uv": [ 5, 11, 6, 11.7 ], "texture": "#bright_gun_texture" },
				"west": { "uv": [ 10, 4, 10.5, 4.7 ], "texture": "#bright_gun_texture" },
				"east": { "uv": [ 8, 3, 8.5, 3.7 ], "texture": "#bright_gun_texture" }
			}
		},
		{
			"from": [ 9.9, 11.6, 8.4 ],
			"to": [ 14.5, 11.9, 8.6 ],
			"faces": {
				"down": { "uv": [ 7, 9, 8, 9.5 ], "texture": "#bright_gun_texture" },
				"up": { "uv": [ 3, 5, 4, 5.5 ], "texture": "#bright_gun_texture" },
				"north": { "uv": [ 10, 6, 11, 6.7 ], "texture": "#bright_gun_texture" },
				"south": { "uv": [ 5, 11, 6, 11.7 ], "texture": "#bright_gun_texture" },
				"west": { "uv": [ 10, 4, 10.5, 4.7 ], "texture": "#bright_gun_texture" },
				"east": { "uv": [ 8, 3, 8.5, 3.7 ], "texture": "#bright_gun_texture" }
			}
		},
		{
			"from": [ 11.3, 11.8, 7.4 ],
			"to": [ 14.5, 12.1, 7.599998 ],
			"faces": {
				"down": { "uv": [ 7, 9, 8, 9.5 ], "texture": "#bright_gun_texture" },
				"up": { "uv": [ 7, 9, 8, 9.5 ], "texture": "#bright_gun_texture" },
				"north": { "uv": [ 7, 9, 8, 9.5 ], "texture": "#bright_gun_texture" },
				"south": { "uv": [ 7, 9, 8, 9.5 ], "texture": "#bright_gun_texture" },
				"west": { "uv": [ 7, 9, 8, 9.5 ], "texture": "#bright_gun_texture" },
				"east": { "uv": [ 7, 9, 8, 9.5 ], "texture": "#bright_gun_texture" }
			}
		},
		{
			"from": [ 11.3, 11.8, 8.4 ],
			"to": [ 14.5, 12.1, 8.6 ],
			"faces": {
				"down": { "uv": [ 7, 9, 8, 9.5 ], "texture": "#bright_gun_texture" },
				"up": { "uv": [ 7, 9, 8, 9.5 ], "texture": "#bright_gun_texture" },
				"north": { "uv": [ 7, 9, 8, 9.5 ], "texture": "#bright_gun_texture" },
				"south": { "uv": [ 7, 9, 8, 9.5 ], "texture": "#bright_gun_texture" },
				"west": { "uv": [ 7, 9, 8, 9.5 ], "texture": "#bright_gun_texture" },
				"east": { "uv": [ 7, 9, 8, 9.5 ], "texture": "#bright_gun_texture" }
			}
		},
		{
			"from": [ 12.7, 12, 7.4 ],
			"to": [ 14.5, 12.3, 7.599998 ],
			"faces": {
				"down": { "uv": [ 7, 9, 8, 9.5 ], "texture": "#bright_gun_texture" },
				"up": { "uv": [ 7, 9, 8, 9.5 ], "texture": "#bright_gun_texture" },
				"north": { "uv": [ 7, 9, 8, 9.5 ], "texture": "#bright_gun_texture" },
				"south": { "uv": [ 7, 9, 8, 9.5 ], "texture": "#bright_gun_texture" },
				"west": { "uv": [ 7, 9, 8, 9.5 ], "texture": "#bright_gun_texture" },
				"east": { "uv": [ 7, 9, 8, 9.5 ], "texture": "#bright_gun_texture" }
			}
		},
		{
			"from": [ 12.7, 12, 8.4 ],
			"to": [ 14.5, 12.3, 8.6 ],
			"faces": {
				"down": { "uv": [ 7, 9, 8, 9.5 ], "texture": "#bright_gun_texture" },
				"up": { "uv": [ 7, 9, 8, 9.5 ], "texture": "#bright_gun_texture" },
				"north": { "uv": [ 7, 9, 8, 9.5 ], "texture": "#bright_gun_texture" },
				"south": { "uv": [ 7, 9, 8, 9.5 ], "texture": "#bright_gun_texture" },
				"west": { "uv": [ 7, 9, 8, 9.5 ], "texture": "#bright_gun_texture" },
				"east": { "uv": [ 7, 9, 8, 9.5 ], "texture": "#bright_gun_texture" }
			}
		}
	],
	"display": {
		"thirdperson_righthand": {
			"rotation":  [ 0, 270, -60 ],
			"translation":  [ 0, 5, 2 ],
			"scale":  [ 0.67, 0.67, 0.67 ]
		},
		"thirdperson_lefthand": {
			"rotation": [ 0, 90, 180 ],
			"translation": [ 0, 1, 12 ],
			"scale":  [ 0.67, 0.67, 0.67 ]
		},
		"firstperson_righthand": {
			"rotation":  [ 0, -90, 0 ],
			"translation":  [ -2, 4, -5 ],
			"scale":  [ 0.9, 0.9, 0.9 ]
		},
		"firstperson_lefthand": {
            "rotation": [ 0, 90, 90 ],
			"translation": [ 5, 5, -5 ],
			"scale":  [ 0.9, 0.9, 0.9 ]
		},
		"gui": {
			"rotation":  [ -20, 30, 0 ],
			"scale":  [ 0.5, 0.5, 0.5 ]
		},
		"head": {
			"rotation": [ 0, -90, 0 ],
			"translation": [ 0, 12, 0 ],
			"scale": [ 0.6, 0.6, 0.6 ]
		},
		"ground": {
			"rotation":  [ 90, 0, 0 ],
			"translation":  [ -2, 0, 0 ],
			"scale":  [ 0.67, 0.67, 0.67 ]
		}
	}
}