{
    "__comment": "© Le0, Mineland.eu 2019 | www.mineland.eu",
    "textures": {
        "light_gun_texture": "guns/automaty/light_gun_texture",
        "birch_planks": "guns/automaty/birch_planks",
        "bright_gun_texture": "guns/automaty/bright_gun_texture"
    },
    "elements": [
        {
            "name": "Front Barrel",
            "from": [ -8.999999985098839, 7.199999988079071, 7.4000000059604645 ], 
            "to": [ 3.000000014901161, 8.399999991059303, 8.600000008940697 ], 
            "faces": {
                "north": { "texture": "#light_gun_texture", "uv": [ 4.0, 5.0, 6.0, 6.4000000059604645 ] },
                "east": { "texture": "#light_gun_texture", "uv": [ 3.0, 3.0, 4.4000000059604645, 4.4000000059604645 ] },
                "south": { "texture": "#light_gun_texture", "uv": [ 8.0, 11.0, 10.0, 12.400000005960464 ] },
                "west": { "texture": "#light_gun_texture", "uv": [ 9.0, 6.0, 10.400000005960464, 7.4000000059604645 ] },
                "up": { "texture": "#light_gun_texture", "uv": [ 12.0, 7.0, 14.0, 8.400000005960464 ] },
                "down": { "texture": "#light_gun_texture", "uv": [ 4.0, 14.0, 6.0, 15.400000005960464 ] }
            }
        },
        {
            "name": "Body",
            "from": [ 3.0, 6.500000007450581, 6.799999997019768 ], 
            "to": [ 18.200000017881393, 9.50000000745058, 9.200000002980232 ], 
            "faces": {
                "north": { "texture": "#birch_planks", "uv": [ 8.0, 4.0, 16.0, 7.499999992549419 ] },
                "east": { "texture": "#birch_planks", "uv": [ 4.0, 5.0, 6.600000008940697, 8.49999999254942 ] },
                "south": { "texture": "#birch_planks", "uv": [ 7.0, 4.0, 15.0, 7.499999992549419 ] },
                "west": { "texture": "#birch_planks", "uv": [ 6.0, 3.0, 8.600000008940697, 6.499999992549419 ] },
                "up": { "texture": "#birch_planks", "uv": [ 2.0, 10.0, 10.0, 12.600000008940697 ] },
                "down": { "texture": "#birch_planks", "uv": [ 7.0, 5.0, 15.0, 7.600000008940697 ] }
            }
        },
        {
            "name": "Back Targeter Main",
            "from": [ 13.999999985098839, 8.0, 6.899999998509884 ], 
            "to": [ 15.999999985098839, 9.799999997019768, 9.100000001490116 ], 
            "faces": {
                "north": { "texture": "#light_gun_texture", "uv": [ 5.0, 5.0, 9.0, 6.799999997019768 ] },
                "east": { "texture": "#light_gun_texture", "uv": [ 1.0, 4.0, 5.0, 7.799999997019768 ] },
                "south": { "texture": "#light_gun_texture", "uv": [ 1.0, 5.0, 6.0, 9.799999997019768 ] },
                "west": { "texture": "#light_gun_texture", "uv": [ 0.0, 10.0, 4.0, 7.799999997019768 ] },
                "up": { "texture": "#light_gun_texture", "uv": [ 1.0, 4.0, 5.0, 8.0 ] },
                "down": { "texture": "#light_gun_texture", "uv": [ 2.0, 0.0, 6.0, 3.0 ] }
            }
        },
        {
            "name": "Back Targeter SL",
            "from": [ 15.300000004470348, 9.49999999254942, 8.30000001937151 ], 
            "to": [ 15.599999994039536, 10.899999998509884, 8.700000010430813 ], 
            "faces": {
                "north": { "texture": "#light_gun_texture", "uv": [ 8.0, 1.0, 8.599999994039536, 2.0 ] },
                "east": { "texture": "#light_gun_texture", "uv": [ 6.0, 4.0, 6.199999988079071, 5.0 ] },
                "south": { "texture": "#light_gun_texture", "uv": [ 4.0, 4.0, 4.5999999940395355, 5.0 ] },
                "west": { "texture": "#light_gun_texture", "uv": [ 3.0, 10.0, 3.199999988079071, 11.0 ] },
                "up": { "texture": "#light_gun_texture", "uv": [ 2.0, 2.0, 2.5999999940395355, 2.199999988079071 ] },
                "down": { "texture": "#light_gun_texture", "uv": [ 10.0, 11.0, 10.599999994039536, 11.199999988079071 ] }
            }
        },
        {
            "name": "Back Targeter SR",
            "from": [ 15.300000004470348, 9.49999999254942, 7.300000004470348 ], 
            "to": [ 15.599999994039536, 10.899999998509884, 7.699999995529652 ], 
            "faces": {
                "north": { "texture": "#light_gun_texture", "uv": [ 0.0, 5.0, 0.5999999940395355, 6.0 ] },
                "east": { "texture": "#light_gun_texture", "uv": [ 3.0, 14.0, 3.199999988079071, 15.0 ] },
                "south": { "texture": "#light_gun_texture", "uv": [ 3.0, 10.0, 3.5999999940395355, 11.0 ] },
                "west": { "texture": "#light_gun_texture", "uv": [ 8.0, 0.0, 8.199999988079071, 1.0 ] },
                "up": { "texture": "#light_gun_texture", "uv": [ 1.0, 0.0, 1.5999999940395355, 0.19999998807907104 ] },
                "down": { "texture": "#light_gun_texture", "uv": [ 13.0, 11.0, 13.599999994039536, 11.199999988079071 ] }
            }
        },
        {
            "name": "Front Targeter L",
            "from": [ 1.5000000074505806, 9.0, 8.200000002980232 ], 
            "to": [ 2.3000000044703484, 10.400000020861626, 8.399999991059303 ], 
            "faces": {
                "north": { "texture": "#light_gun_texture", "uv": [ 4.0, 3.0, 4.799999997019768, 4.400000020861626 ] },
                "east": { "texture": "#light_gun_texture", "uv": [ 5.0, 8.0, 5.199999988079071, 9.400000020861626 ] },
                "south": { "texture": "#light_gun_texture", "uv": [ 8.0, 10.0, 8.799999997019768, 11.400000020861626 ] },
                "west": { "texture": "#light_gun_texture", "uv": [ 10.0, 7.0, 10.199999988079071, 8.400000020861626 ] },
                "up": { "texture": "#light_gun_texture", "uv": [ 10.0, 9.0, 10.799999997019768, 9.199999988079071 ] },
                "down": { "texture": "#light_gun_texture", "uv": [ 7.0, 7.0, 7.799999997019768, 7.199999988079071 ] }
            }
        },
        {
            "name": "Front Targeter R",
            "from": [ 1.5000000074505806, 9.0, 7.5999999940395355 ], 
            "to": [ 2.3000000044703484, 10.400000020861626, 7.799999982118607 ], 
            "faces": {
                "north": { "texture": "#light_gun_texture", "uv": [ 4.0, 3.0, 5.0, 4.400000020861626 ] },
                "east": { "texture": "#light_gun_texture", "uv": [ 5.0, 8.0, 5.199999988079071, 9.400000020861626 ] },
                "south": { "texture": "#light_gun_texture", "uv": [ 8.0, 10.0, 8.799999997019768, 11.400000020861626 ] },
                "west": { "texture": "#light_gun_texture", "uv": [ 10.0, 7.0, 10.199999988079071, 8.400000020861626 ] },
                "up": { "texture": "#light_gun_texture", "uv": [ 10.0, 9.0, 10.799999997019768, 9.199999988079071 ] },
                "down": { "texture": "#light_gun_texture", "uv": [ 7.0, 7.0, 7.799999997019768, 7.199999988079071 ] }
            }
        },
        {
            "name": "Front Targeter Body",
            "from": [ 1.5000000074505806, 7.099999986588955, 7.499999992549419 ], 
            "to": [ 2.5000000074505806, 9.50000000745058, 8.49999999254942 ], 
            "faces": {
                "north": { "texture": "#light_gun_texture", "uv": [ 4.0, 3.0, 4.799999997019768, 6.400000020861626 ] },
                "east": { "texture": "#light_gun_texture", "uv": [ 5.0, 8.0, 6.0, 11.400000020861626 ] },
                "south": { "texture": "#light_gun_texture", "uv": [ 8.0, 10.0, 8.799999997019768, 13.400000020861626 ] },
                "west": { "texture": "#light_gun_texture", "uv": [ 10.0, 7.0, 11.0, 10.400000020861626 ] },
                "up": { "texture": "#light_gun_texture", "uv": [ 10.0, 9.0, 10.799999997019768, 10.0 ] },
                "down": { "texture": "#light_gun_texture", "uv": [ 7.0, 7.0, 7.799999997019768, 8.0 ] }
            }
        },
        {
            "name": "Front Targeter M",
            "from": [ 1.900000013411045, 9.0, 7.899999998509884 ], 
            "to": [ 2.0, 10.200000017881393, 8.099999986588955 ], 
            "faces": {
                "north": { "texture": "#light_gun_texture", "uv": [ 12.0, 10.0, 12.099999986588955, 11.200000017881393 ] },
                "east": { "texture": "#light_gun_texture", "uv": [ 10.0, 11.0, 10.199999988079071, 12.200000017881393 ] },
                "south": { "texture": "#light_gun_texture", "uv": [ 12.0, 10.0, 12.099999986588955, 9.200000017881393 ] },
                "west": { "texture": "#light_gun_texture", "uv": [ 13.0, 5.0, 13.199999988079071, 6.200000017881393 ] },
                "up": { "texture": "#light_gun_texture", "uv": [ 12.0, 9.0, 12.099999986588955, 9.199999988079071 ] },
                "down": { "texture": "#light_gun_texture", "uv": [ 12.0, 6.0, 12.099999986588955, 6.199999988079071 ] }
            }
        },
        {
            "name": "Clip Top",
            "from": [ 10.0, 2.7999999970197678, 7.0 ], 
            "to": [ 12.900000013411045, 5.299999989569187, 9.0 ], 
            "faces": {
                "north": { "texture": "#light_gun_texture", "uv": [ 0.0, 9.0, 2.5000000074505806, 11.49999999254942 ] },
                "east": { "texture": "#light_gun_texture", "uv": [ 0.0, 9.0, 2.0, 11.49999999254942 ] },
                "south": { "texture": "#light_gun_texture", "uv": [ 0.0, 9.0, 2.5000000074505806, 11.49999999254942 ] },
                "west": { "texture": "#light_gun_texture", "uv": [ 0.0, 8.0, 2.0, 10.49999999254942 ] },
                "up": { "texture": "#light_gun_texture", "uv": [ 0.0, 9.0, 2.5000000074505806, 11.0 ] },
                "down": { "texture": "#light_gun_texture", "uv": [ 0.0, 8.0, 2.5000000074505806, 10.0 ] }
            }
        },
        {
            "name": "Clip Bottom",
            "from": [ 10.300000004470348, 0.19999998807907104, 7.0 ], 
            "to": [ 13.200000017881393, 3.6999999955296516, 9.0 ], 
            "rotation": { "origin": [ 11.0, 4.0, 8.0 ], "axis": "z", "angle": -22.5 },
            "faces": {
                "north": { "texture": "#light_gun_texture", "uv": [ 5.0, 6.0, 7.600000008940697, 9.0 ] },
                "east": { "texture": "#light_gun_texture", "uv": [ 0.0, 9.0, 2.0, 12.0 ] },
                "south": { "texture": "#light_gun_texture", "uv": [ 4.0, 8.0, 6.600000008940697, 11.0 ] },
                "west": { "texture": "#light_gun_texture", "uv": [ 14.0, 9.0, 11.0, 12.0 ] },
                "up": { "texture": "#light_gun_texture", "uv": [ 4.0, 8.0, 6.600000008940697, 10.0 ] },
                "down": { "texture": "#light_gun_texture", "uv": [ 0.0, 8.0, 2.6000000089406967, 10.0 ] }
            }
        },
        {
            "name": "Back Handle",
            "from": [ 14.0, -0.800000011920929, 7.0 ], 
            "to": [ 15.799999997019768, 3.4999999925494194, 9.0 ], 
            "rotation": { "origin": [ 8.0, 8.0, 8.0 ], "axis": "z", "angle": 22.5 },
            "faces": {
                "north": { "texture": "#birch_planks", "uv": [ 9.0, 11.0, 11.0, 15.0 ] },
                "east": { "texture": "#birch_planks", "uv": [ 10.0, 10.0, 12.0, 14.0 ] },
                "south": { "texture": "#birch_planks", "uv": [ 8.0, 7.0, 10.0, 11.0 ] },
                "west": { "texture": "#birch_planks", "uv": [ 8.0, 7.0, 10.0, 11.0 ] },
                "up": { "texture": "#birch_planks", "uv": [ 7.0, 9.0, 9.0, 11.0 ] },
                "down": { "texture": "#birch_planks", "uv": [ 8.0, 9.0, 10.0, 11.0 ] }
            }
        },
        {
            "name": "Shooter Vertical Piece",
            "from": [ 12.200000002980232, 2.1000000163912773, 7.700000010430813 ], 
            "to": [ 12.399999991059303, 4.100000016391277, 8.300000004470348 ], 
            "rotation": { "origin": [ 8.0, 8.0, 8.0 ], "axis": "z", "angle": 22.5 },
            "faces": {
                "north": { "texture": "#light_gun_texture", "uv": [ 0.0, 0.0, 0.19999998807907104, 2.0 ] },
                "east": { "texture": "#light_gun_texture", "uv": [ 0.0, 0.0, 0.5999999940395355, 2.0 ] },
                "south": { "texture": "#light_gun_texture", "uv": [ 0.0, 0.0, 0.19999998807907104, 2.0 ] },
                "west": { "texture": "#light_gun_texture", "uv": [ 0.0, 0.0, 0.5999999940395355, 2.0 ] },
                "up": { "texture": "#light_gun_texture", "uv": [ 0.0, 0.0, 0.19999998807907104, 0.5999999940395355 ] },
                "down": { "texture": "#light_gun_texture", "uv": [ 0.0, 0.0, 0.19999998807907104, 0.5999999940395355 ] }
            }
        },
        {
            "name": "Shooter Horizontal Piece",
            "from": [ 14.200000002980232, 4.200000002980232, 7.700000010430813 ], 
            "to": [ 16.100000016391277, 4.399999976158142, 8.300000004470348 ], 
            "faces": {
                "north": { "texture": "#light_gun_texture", "uv": [ 0.0, 0.0, 1.900000013411045, 0.19999997317790985 ] },
                "east": { "texture": "#light_gun_texture", "uv": [ 0.0, 0.0, 0.5999999940395355, 0.19999997317790985 ] },
                "south": { "texture": "#light_gun_texture", "uv": [ 0.0, 0.0, 1.900000013411045, 0.19999997317790985 ] },
                "west": { "texture": "#light_gun_texture", "uv": [ 0.0, 0.0, 0.5999999940395355, 0.19999997317790985 ] },
                "up": { "texture": "#light_gun_texture", "uv": [ 0.0, 0.0, 1.900000013411045, 0.5999999940395355 ] },
                "down": { "texture": "#light_gun_texture", "uv": [ 0.0, 0.0, 1.900000013411045, 0.5999999940395355 ] }
            }
        },
        {
            "name": "Stock Up",
            "from": [ 18.0, 6.500000022351742, 7.0 ], 
            "to": [ 25.0, 8.500000022351742, 9.0 ], 
            "faces": {
                "north": { "texture": "#birch_planks", "uv": [ 6.0, 7.0, 12.0, 9.0 ] },
                "east": { "texture": "#birch_planks", "uv": [ 4.0, 5.0, 6.0, 7.0 ] },
                "south": { "texture": "#birch_planks", "uv": [ 2.0, 3.0, 8.0, 5.0 ] },
                "west": { "texture": "#birch_planks", "uv": [ 2.0, 6.0, 4.0, 8.0 ] },
                "up": { "texture": "#birch_planks", "uv": [ 5.0, 8.0, 11.0, 10.0 ] },
                "down": { "texture": "#birch_planks", "uv": [ 6.0, 5.0, 12.0, 7.0 ] }
            }
        },
        {
            "name": "Stock Side",
            "from": [ 23.0, 4.000000014901161, 7.0 ], 
            "to": [ 25.0, 7.999999985098839, 9.0 ], 
            "faces": {
                "north": { "texture": "#birch_planks", "uv": [ 7.0, 3.0, 9.0, 5.999999970197678 ] },
                "east": { "texture": "#birch_planks", "uv": [ 9.0, 11.0, 11.0, 13.999999970197678 ] },
                "south": { "texture": "#birch_planks", "uv": [ 3.0, 7.0, 5.0, 9.999999970197678 ] },
                "west": { "texture": "#birch_planks", "uv": [ 7.0, 8.0, 9.0, 10.999999970197678 ] },
                "up": { "texture": "#birch_planks", "uv": [ 6.0, 2.0, 8.0, 4.0 ] },
                "down": { "texture": "#birch_planks", "uv": [ 4.0, 11.0, 6.0, 13.0 ] }
            }
        },
        {
            "name": "Stock Under",
            "from": [ 16.799999982118607, 11.300000004470348, 7.0 ], 
            "to": [ 19.399999991059303, 13.299999959766865, 9.0 ], 
            "rotation": { "origin": [ 8.0, 8.0, 8.0 ], "axis": "z", "angle": -22.5 },
            "faces": {
                "north": { "texture": "#birch_planks", "uv": [ 7.0, 8.0, 11.50000000745058, 10.299999959766865 ] },
                "east": { "texture": "#birch_planks", "uv": [ 14.0, 13.0, 16.0, 15.299999959766865 ] },
                "south": { "texture": "#birch_planks", "uv": [ 6.0, 10.0, 10.50000000745058, 12.299999959766865 ] },
                "west": { "texture": "#birch_planks", "uv": [ 7.0, 5.0, 9.0, 7.299999959766865 ] },
                "up": { "texture": "#birch_planks", "uv": [ 4.0, 6.0, 8.50000000745058, 8.0 ] },
                "down": { "texture": "#birch_planks", "uv": [ 5.0, 5.0, 9.50000000745058, 7.0 ] }
            }
        },
        {
            "name": "Under Body",
            "from": [ 9.699999995529652, 5.300000004470348, 7.000000014901161 ], 
            "to": [ 18.0, 7.4000000059604645, 9.0 ], 
            "faces": {
                "north": { "texture": "#birch_planks", "uv": [ 3.0, 11.0, 10.0, 13.799999997019768 ] },
                "east": { "texture": "#birch_planks", "uv": [ 11.0, 0.0, 13.799999997019768, 2.7999999970197678 ] },
                "south": { "texture": "#birch_planks", "uv": [ 3.0, 10.0, 11.0, 12.799999997019768 ] },
                "west": { "texture": "#birch_planks", "uv": [ 8.0, 6.0, 10.799999997019768, 8.799999997019768 ] },
                "up": { "texture": "#birch_planks", "uv": [ 6.0, 4.0, 13.0, 6.799999997019768 ] },
                "down": { "texture": "#birch_planks", "uv": [ 5.0, 7.0, 12.0, 9.799999997019768 ] }
            }
        },
        {
            "name": "Stock Back",
            "from": [ 20.30000000447035, -1.2999999895691872, 7.0 ], 
            "to": [ 21.799999997019768, 2.6999999806284904, 9.0 ], 
            "rotation": { "origin": [ 8.0, 8.0, 8.0 ], "axis": "z", "angle": 22.5 },
            "faces": {
                "north": { "texture": "#birch_planks", "uv": [ 7.0, 3.0, 9.0, 5.999999970197678 ] },
                "east": { "texture": "#birch_planks", "uv": [ 9.0, 11.0, 11.0, 13.999999970197678 ] },
                "south": { "texture": "#birch_planks", "uv": [ 3.0, 7.0, 5.0, 9.999999970197678 ] },
                "west": { "texture": "#birch_planks", "uv": [ 7.0, 8.0, 9.0, 10.999999970197678 ] },
                "up": { "texture": "#birch_planks", "uv": [ 6.0, 2.0, 8.0, 4.0 ] },
                "down": { "texture": "#birch_planks", "uv": [ 4.0, 11.0, 6.0, 13.0 ] }
            }
        },
        {
            "name": "Clip Capper",
            "from": [ 9.899999998509884, 4.700000010430813, 6.899999998509884 ], 
            "to": [ 13.000000001490116, 5.4000000059604645, 9.100000001490116 ], 
            "faces": {
                "north": { "texture": "#birch_planks", "uv": [ 0.0, 9.0, 2.5000000074505806, 10.49999999254942 ] },
                "east": { "texture": "#birch_planks", "uv": [ 0.0, 9.0, 2.0, 10.49999999254942 ] },
                "south": { "texture": "#birch_planks", "uv": [ 0.0, 9.0, 2.5000000074505806, 10.49999999254942 ] },
                "west": { "texture": "#birch_planks", "uv": [ 0.0, 8.0, 2.0, 9.49999999254942 ] },
                "up": { "texture": "#birch_planks", "uv": [ 0.0, 9.0, 2.5000000074505806, 11.0 ] },
                "down": { "texture": "#birch_planks", "uv": [ 0.0, 8.0, 2.5000000074505806, 10.0 ] }
            }
        },
        {
            "name": "Back Targeter Top",
            "from": [ 15.300000004470348, 10.300000004470348, 7.600000008940697 ], 
            "to": [ 15.599999994039536, 10.399999991059303, 8.700000010430813 ], 
            "faces": {
                "north": { "texture": "#bright_gun_texture", "uv": [ 8.0, 1.0, 8.599999994039536, 2.0 ] },
                "east": { "texture": "#bright_gun_texture", "uv": [ 6.0, 4.0, 6.199999988079071, 5.0 ] },
                "south": { "texture": "#bright_gun_texture", "uv": [ 4.0, 4.0, 4.5999999940395355, 5.0 ] },
                "west": { "texture": "#bright_gun_texture", "uv": [ 3.0, 10.0, 3.199999988079071, 11.0 ] },
                "up": { "texture": "#bright_gun_texture", "uv": [ 2.0, 2.0, 2.5999999940395355, 2.199999988079071 ] },
                "down": { "texture": "#bright_gun_texture", "uv": [ 10.0, 11.0, 10.599999994039536, 11.199999988079071 ] }
            }
        },
        {
            "name": "Back Targeter Top2",
            "from": [ 15.300000004470348, 10.800000011920929, 7.600000008940697 ], 
            "to": [ 15.599999994039536, 10.899999998509884, 8.700000010430813 ], 
            "faces": {
                "north": { "texture": "#bright_gun_texture", "uv": [ 8.0, 1.0, 8.599999994039536, 2.0 ] },
                "east": { "texture": "#bright_gun_texture", "uv": [ 6.0, 4.0, 6.199999988079071, 5.0 ] },
                "south": { "texture": "#bright_gun_texture", "uv": [ 4.0, 4.0, 4.5999999940395355, 5.0 ] },
                "west": { "texture": "#bright_gun_texture", "uv": [ 3.0, 10.0, 3.199999988079071, 11.0 ] },
                "up": { "texture": "#bright_gun_texture", "uv": [ 2.0, 2.0, 2.5999999940395355, 2.199999988079071 ] },
                "down": { "texture": "#bright_gun_texture", "uv": [ 10.0, 11.0, 10.599999994039536, 11.199999988079071 ] }
            }
        },
        {
            "name": "Cube",
            "from": [ 2.899999998509884, 7.399999976158142, 6.699999995529652 ], 
            "to": [ 6.899999998509884, 8.399999991059303, 9.299999989569187 ], 
            "faces": {
                "north": { "texture": "#light_gun_texture", "uv": [ 4.0, 3.0, 4.799999997019768, 6.400000020861626 ] },
                "east": { "texture": "#light_gun_texture", "uv": [ 5.0, 8.0, 6.0, 11.400000020861626 ] },
                "south": { "texture": "#light_gun_texture", "uv": [ 8.0, 10.0, 8.799999997019768, 13.400000020861626 ] },
                "west": { "texture": "#light_gun_texture", "uv": [ 10.0, 7.0, 11.0, 10.400000020861626 ] },
                "up": { "texture": "#light_gun_texture", "uv": [ 10.0, 9.0, 10.799999997019768, 10.0 ] },
                "down": { "texture": "#light_gun_texture", "uv": [ 7.0, 7.0, 7.799999997019768, 8.0 ] }
            }
        },
        {
            "name": "Cube",
            "from": [ 9.899999998509884, 7.099999971687794, 6.699999995529652 ], 
            "to": [ 13.899999998509884, 7.599999979138374, 9.299999989569187 ], 
            "faces": {
                "north": { "texture": "#bright_gun_texture", "uv": [ 4.0, 3.0, 4.799999997019768, 6.400000020861626 ] },
                "east": { "texture": "#bright_gun_texture", "uv": [ 5.0, 8.0, 6.0, 11.400000020861626 ] },
                "south": { "texture": "#bright_gun_texture", "uv": [ 8.0, 10.0, 8.799999997019768, 13.400000020861626 ] },
                "west": { "texture": "#bright_gun_texture", "uv": [ 10.0, 7.0, 11.0, 10.400000020861626 ] },
                "up": { "texture": "#bright_gun_texture", "uv": [ 10.0, 9.0, 10.799999997019768, 10.0 ] },
                "down": { "texture": "#bright_gun_texture", "uv": [ 7.0, 7.0, 7.799999997019768, 8.0 ] }
            }
        }
    ],
    "display": {
        "thirdperson_righthand": {
            "rotation": [ 0, 270, -60 ],
            "translation": [ 0, 5.5, 3 ],
            "scale": [ 0.67, 0.67, 0.67 ]
        },
		"thirdperson_lefthand": {
 			"rotation": [ 0, 90, 180 ],
			"translation": [ 0, 1, 12 ],
            "scale": [ 0.67, 0.67, 0.67 ]
        },
        "firstperson_righthand": {
            "rotation": [ 0, -90, 0 ],
              "translation": [ -2, 4, -5 ],
            "scale": [ 0.9, 0.9, 0.9 ]
        },
		"firstperson_lefthand": {
            "rotation": [ 0, 90, 90 ],
			"translation": [ 5, 5, -5 ],
            "scale": [ 0.9, 0.9, 0.9 ]
        },
        "head": {
			"rotation": [ 0, -90, 0 ],
			"translation": [ 0, 12, 0 ],
			"scale": [ 0.6, 0.6, 0.6 ]
        },
        "ground": {
            "rotation": [ 90, 0, 0 ],
            "translation": [ 0, -2, 0 ],
            "scale": [ 0.67, 0.67, 0.67 ]
        },
        "gui": {
            "rotation": [ -20, 30, 0 ],
            "translation": [ 0, 0, 0 ],
            "scale": [ 0.5, 0.5, 0.5 ]
        }
    }
}