{
    "__comment": "© Le0, Mineland.eu 2019 | www.mineland.eu",
    "textures": {
        "normal_gun_texture": "guns/automaty/normal_gun_texture",
        "bright_gun_texture": "guns/automaty/bright_gun_texture"
	},
		"elements": [
        {
            "name": "Front Barrel",
            "from": [ -5.0, 8.100000016391277, 7.700000010430813 ], 
            "to": [ 2.0, 8.700000010430813, 8.300000004470348 ], 
            "faces": {
                "north": { "texture": "#normal_gun_texture", "uv": [ 4.0, 5.0, 6.0, 6.4000000059604645 ] },
                "east": { "texture": "#normal_gun_texture", "uv": [ 3.0, 3.0, 4.4000000059604645, 4.4000000059604645 ] },
                "south": { "texture": "#normal_gun_texture", "uv": [ 8.0, 11.0, 10.0, 12.400000005960464 ] },
                "west": { "texture": "#normal_gun_texture", "uv": [ 9.0, 6.0, 10.400000005960464, 7.4000000059604645 ] },
                "up": { "texture": "#normal_gun_texture", "uv": [ 12.0, 7.0, 14.0, 8.400000005960464 ] },
                "down": { "texture": "#normal_gun_texture", "uv": [ 4.0, 14.0, 6.0, 15.400000005960464 ] }
            }
        },
        {
            "name": "Back Barrel",
            "from": [ -0.20000000298023224, 8.500000022351742, 7.3000000193715096 ], 
            "to": [ 9.000000014901161, 9.799999997019768, 8.699999995529652 ], 
            "faces": {
                "north": { "texture": "#bright_gun_texture", "uv": [ 9.0, 7.0, 16.0, 9.799999997019768 ] },
                "east": { "texture": "#bright_gun_texture", "uv": [ 6.0, 6.0, 8.799999997019768, 8.799999997019768 ] },
                "south": { "texture": "#bright_gun_texture", "uv": [ 5.0, 7.0, 12.0, 9.799999997019768 ] },
                "west": { "texture": "#bright_gun_texture", "uv": [ 3.0, 6.0, 5.799999997019768, 8.799999997019768 ] },
                "up": { "texture": "#bright_gun_texture", "uv": [ 5.0, 13.0, 12.0, 15.799999997019768 ] },
                "down": { "texture": "#bright_gun_texture", "uv": [ 0.0, 12.0, 7.0, 14.799999997019768 ] }
            }
        },
        {
            "name": "Body Main",
            "from": [ 9.0, 7.3000000193715096, 7.200000002980232 ], 
            "to": [ 18.0, 9.099999986588955, 8.799999997019768 ], 
            "faces": {
                "north": { "texture": "#bright_gun_texture", "uv": [ 8.0, 4.0, 16.0, 5.499999992549419 ] },
                "east": { "texture": "#bright_gun_texture", "uv": [ 4.0, 5.0, 6.600000008940697, 8.49999999254942 ] },
                "south": { "texture": "#bright_gun_texture", "uv": [ 7.0, 4.0, 15.0, 5.499999992549419 ] },
                "west": { "texture": "#bright_gun_texture", "uv": [ 6.0, 3.0, 8.600000008940697, 6.499999992549419 ] },
                "up": { "texture": "#bright_gun_texture", "uv": [ 2.0, 10.0, 10.0, 12.600000008940697 ] },
                "down": { "texture": "#bright_gun_texture", "uv": [ 7.0, 5.0, 15.0, 7.600000008940697 ] }
            }
        },
        {
            "name": "Clip",
            "from": [ 10.600000008940697, 4.200000017881393, 7.600000008940697 ], 
            "to": [ 12.800000011920929, 8.200000017881393, 8.399999991059303 ], 
            "faces": {
                "north": { "texture": "#normal_gun_texture", "uv": [ 5.0, 6.0, 7.600000008940697, 9.0 ] },
                "east": { "texture": "#normal_gun_texture", "uv": [ 0.0, 9.0, 2.0, 12.0 ] },
                "south": { "texture": "#normal_gun_texture", "uv": [ 4.0, 8.0, 6.600000008940697, 11.0 ] },
                "west": { "texture": "#normal_gun_texture", "uv": [ 0.0, 8.0, 8.0, 10.0 ] },
                "up": { "texture": "#normal_gun_texture", "uv": [ 4.0, 8.0, 6.600000008940697, 10.0 ] },
                "down": { "texture": "#normal_gun_texture", "uv": [ 0.0, 8.0, 2.6000000089406967, 10.0 ] }
            }
        },
        {
            "name": "Back Handle",
            "from": [ 13.899999998509884, 0.0, 7.500000007450581 ], 
            "to": [ 15.599999994039536, 3.1000000163912773, 8.49999999254942 ], 
            "rotation": { "origin": [ 8.0, 8.0, 8.0 ], "axis": "z", "angle": 22.5 },
            "faces": {
                "north": { "texture": "#normal_gun_texture", "uv": [ 9.0, 11.0, 11.0, 15.0 ] },
                "east": { "texture": "#normal_gun_texture", "uv": [ 10.0, 10.0, 12.0, 14.0 ] },
                "south": { "texture": "#normal_gun_texture", "uv": [ 8.0, 7.0, 5.0, 11.0 ] },
                "west": { "texture": "#normal_gun_texture", "uv": [ 8.0, 7.0, 10.0, 11.0 ] },
                "up": { "texture": "#normal_gun_texture", "uv": [ 7.0, 9.0, 9.0, 11.0 ] },
                "down": { "texture": "#normal_gun_texture", "uv": [ 8.0, 9.0, 10.0, 11.0 ] }
            }
        },
        {
            "name": "Bottom Trigger Guard",
            "from": [ 13.400000005960464, 5.700000025331974, 7.700000010430813 ], 
            "to": [ 15.100000016391277, 5.799999997019768, 8.300000004470348 ], 
            "faces": {
                "north": { "texture": "#normal_gun_texture", "uv": [ 0.0, 0.0, 1.900000013411045, 0.19999997317790985 ] },
                "east": { "texture": "#normal_gun_texture", "uv": [ 0.0, 0.0, 0.5999999940395355, 0.19999997317790985 ] },
                "south": { "texture": "#normal_gun_texture", "uv": [ 0.0, 0.0, 1.900000013411045, 0.19999997317790985 ] },
                "west": { "texture": "#normal_gun_texture", "uv": [ 0.0, 0.0, 0.5999999940395355, 0.19999997317790985 ] },
                "up": { "texture": "#normal_gun_texture", "uv": [ 0.0, 0.0, 1.900000013411045, 0.5999999940395355 ] },
                "down": { "texture": "#normal_gun_texture", "uv": [ 0.0, 0.0, 1.900000013411045, 0.5999999940395355 ] }
            }
        },
        {
            "name": "Stock Up",
            "from": [ 18.49999999254942, 7.700000010430813, 7.300000004470348 ], 
            "to": [ 24.49999999254942, 9.100000001490116, 8.699999995529652 ], 
            "faces": {
                "north": { "texture": "#normal_gun_texture", "uv": [ 6.0, 7.0, 12.0, 9.0 ] },
                "east": { "texture": "#normal_gun_texture", "uv": [ 4.0, 5.0, 6.0, 7.0 ] },
                "south": { "texture": "#normal_gun_texture", "uv": [ 2.0, 3.0, 8.0, 5.0 ] },
                "west": { "texture": "#normal_gun_texture", "uv": [ 2.0, 6.0, 4.0, 8.0 ] },
                "up": { "texture": "#normal_gun_texture", "uv": [ 5.0, 8.0, 11.0, 10.0 ] },
                "down": { "texture": "#normal_gun_texture", "uv": [ 6.0, 5.0, 12.0, 7.0 ] }
            }
        },
        {
            "name": "Stock Side",
            "from": [ 24.49999999254942, 6.400000050663948, 7.100000001490116 ], 
            "to": [ 25.0, 9.400000005960464, 8.899999998509884 ], 
            "faces": {
                "north": { "texture": "#normal_gun_texture", "uv": [ 7.0, 3.0, 9.0, 5.999999970197678 ] },
                "east": { "texture": "#normal_gun_texture", "uv": [ 9.0, 11.0, 11.0, 13.999999970197678 ] },
                "south": { "texture": "#normal_gun_texture", "uv": [ 3.0, 7.0, 5.0, 9.999999970197678 ] },
                "west": { "texture": "#normal_gun_texture", "uv": [ 7.0, 8.0, 9.0, 10.999999970197678 ] },
                "up": { "texture": "#normal_gun_texture", "uv": [ 6.0, 2.0, 8.0, 4.0 ] },
                "down": { "texture": "#normal_gun_texture", "uv": [ 4.0, 11.0, 6.0, 13.0 ] }
            }
        },
        {
            "name": "Stock Under",
            "from": [ 19.799999982118607, 6.600000008940697, 7.500000007450581 ], 
            "to": [ 23.100000001490116, 7.699999935925007, 8.49999999254942 ], 
            "faces": {
                "north": { "texture": "#normal_gun_texture", "uv": [ 7.0, 8.0, 14.50000000745058, 10.299999959766865 ] },
                "east": { "texture": "#normal_gun_texture", "uv": [ 14.0, 13.0, 16.0, 15.299999959766865 ] },
                "south": { "texture": "#normal_gun_texture", "uv": [ 6.0, 10.0, 13.50000000745058, 12.299999959766865 ] },
                "west": { "texture": "#normal_gun_texture", "uv": [ 7.0, 5.0, 10.0, 7.299999959766865 ] },
                "up": { "texture": "#normal_gun_texture", "uv": [ 4.0, 6.0, 11.50000000745058, 8.0 ] },
                "down": { "texture": "#normal_gun_texture", "uv": [ 5.0, 5.0, 14.50000000745058, 7.0 ] }
            }
        },
        {
            "name": "Clip Under",
            "from": [ 11.699999995529652, 3.1000000163912773, 7.600000008940697 ], 
            "to": [ 13.899999998509884, 6.3000000193715096, 8.399999991059303 ], 
            "rotation": { "origin": [ 8.0, 8.0, 8.0 ], "axis": "z", "angle": -22.5 },
            "faces": {
                "north": { "texture": "#normal_gun_texture", "uv": [ 5.0, 6.0, 7.600000008940697, 9.0 ] },
                "east": { "texture": "#normal_gun_texture", "uv": [ 0.0, 9.0, 2.0, 12.0 ] },
                "south": { "texture": "#normal_gun_texture", "uv": [ 4.0, 8.0, 6.600000008940697, 11.0 ] },
                "west": { "texture": "#normal_gun_texture", "uv": [ 0.0, 8.0, 8.0, 10.0 ] },
                "up": { "texture": "#normal_gun_texture", "uv": [ 4.0, 8.0, 6.600000008940697, 10.0 ] },
                "down": { "texture": "#normal_gun_texture", "uv": [ 0.0, 8.0, 2.6000000089406967, 10.0 ] }
            }
        },
        {
            "name": "Scope Under Front",
            "from": [ 11.300000004470348, 10.199999988079071, 7.499999992549419 ], 
            "to": [ 14.300000004470348, 10.599999979138374, 8.49999999254942 ], 
            "faces": {
                "north": { "texture": "#bright_gun_texture", "uv": [ 9.0, 2.0, 13.100000001490116, 2.3999999910593033 ] },
                "east": { "texture": "#bright_gun_texture", "uv": [ 5.0, 11.0, 5.5999999940395355, 11.399999991059303 ] },
                "south": { "texture": "#bright_gun_texture", "uv": [ 3.0, 4.0, 7.100000001490116, 4.399999991059303 ] },
                "west": { "texture": "#bright_gun_texture", "uv": [ 5.0, 11.0, 5.5999999940395355, 11.399999991059303 ] },
                "up": { "texture": "#bright_gun_texture", "uv": [ 3.0, 4.0, 7.100000001490116, 4.5999999940395355 ] },
                "down": { "texture": "#bright_gun_texture", "uv": [ 5.0, 8.0, 9.100000001490116, 8.599999994039536 ] }
            }
        },
        {
            "name": "Scope Front Top",
            "from": [ 10.900000013411045, 12.300000004470348, 7.900000013411045 ], 
            "to": [ 11.099999986588955, 12.699999995529652, 8.100000001490116 ], 
            "faces": {
                "north": { "texture": "#bright_gun_texture", "uv": [ 9.0, 4.0, 9.999999985098839, 4.5999999940395355 ] },
                "east": { "texture": "#bright_gun_texture", "uv": [ 10.0, 12.0, 11.0, 12.599999994039536 ] },
                "south": { "texture": "#bright_gun_texture", "uv": [ 4.0, 9.0, 4.999999985098839, 9.599999994039536 ] },
                "west": { "texture": "#bright_gun_texture", "uv": [ 6.0, 10.0, 7.0, 10.599999994039536 ] },
                "up": { "texture": "#bright_gun_texture", "uv": [ 7.0, 8.0, 7.999999985098839, 9.0 ] },
                "down": { "texture": "#bright_gun_texture", "uv": [ 8.0, 11.0, 8.999999985098839, 12.0 ] }
            }
        },
        {
            "name": "Scope Bottom",
            "from": [ 11.30000001937151, 10.599999994039536, 7.700000010430813 ], 
            "to": [ 14.30000001937151, 10.799999982118607, 8.300000004470348 ], 
            "faces": {
                "north": { "texture": "#bright_gun_texture", "uv": [ 9.0, 4.0, 10.599999994039536, 4.399999991059303 ] },
                "east": { "texture": "#bright_gun_texture", "uv": [ 10.0, 12.0, 11.200000002980232, 12.399999991059303 ] },
                "south": { "texture": "#bright_gun_texture", "uv": [ 4.0, 9.0, 5.5999999940395355, 9.399999991059303 ] },
                "west": { "texture": "#bright_gun_texture", "uv": [ 6.0, 10.0, 7.200000002980232, 10.399999991059303 ] },
                "up": { "texture": "#bright_gun_texture", "uv": [ 7.0, 8.0, 8.599999994039536, 9.200000002980232 ] },
                "down": { "texture": "#bright_gun_texture", "uv": [ 8.0, 11.0, 9.599999994039536, 12.200000002980232 ] }
            }
        },
        {
            "name": "Stock Side2",
            "from": [ 24.299999989569187, 5.200000032782555, 7.100000001490116 ], 
            "to": [ 24.799999997019768, 6.399999991059303, 8.899999998509884 ], 
            "faces": {
                "north": { "texture": "#normal_gun_texture", "uv": [ 7.0, 3.0, 9.0, 5.999999970197678 ] },
                "east": { "texture": "#normal_gun_texture", "uv": [ 9.0, 11.0, 11.0, 13.999999970197678 ] },
                "south": { "texture": "#normal_gun_texture", "uv": [ 3.0, 7.0, 5.0, 9.999999970197678 ] },
                "west": { "texture": "#normal_gun_texture", "uv": [ 7.0, 8.0, 9.0, 10.999999970197678 ] },
                "up": { "texture": "#normal_gun_texture", "uv": [ 6.0, 2.0, 8.0, 4.0 ] },
                "down": { "texture": "#normal_gun_texture", "uv": [ 4.0, 11.0, 6.0, 13.0 ] }
            }
        },
        {
            "name": "Stock Side3",
            "from": [ 24.099999986588955, 4.000000029802322, 7.100000001490116 ], 
            "to": [ 24.599999994039536, 5.199999988079071, 8.899999998509884 ], 
            "faces": {
                "north": { "texture": "#normal_gun_texture", "uv": [ 7.0, 3.0, 9.0, 5.999999970197678 ] },
                "east": { "texture": "#normal_gun_texture", "uv": [ 9.0, 11.0, 11.0, 13.999999970197678 ] },
                "south": { "texture": "#normal_gun_texture", "uv": [ 3.0, 7.0, 5.0, 9.999999970197678 ] },
                "west": { "texture": "#normal_gun_texture", "uv": [ 7.0, 8.0, 9.0, 10.999999970197678 ] },
                "up": { "texture": "#normal_gun_texture", "uv": [ 6.0, 2.0, 8.0, 4.0 ] },
                "down": { "texture": "#normal_gun_texture", "uv": [ 4.0, 11.0, 6.0, 13.0 ] }
            }
        },
        {
            "name": "Stock Under Right",
            "from": [ 22.19999998807907, 6.600000008940697, 7.300000004470348 ], 
            "to": [ 24.50000000745058, 7.3999999314546585, 8.699999995529652 ], 
            "faces": {
                "north": { "texture": "#bright_gun_texture", "uv": [ 7.0, 8.0, 14.50000000745058, 10.299999959766865 ] },
                "east": { "texture": "#bright_gun_texture", "uv": [ 14.0, 13.0, 16.0, 15.299999959766865 ] },
                "south": { "texture": "#bright_gun_texture", "uv": [ 6.0, 10.0, 13.50000000745058, 12.299999959766865 ] },
                "west": { "texture": "#bright_gun_texture", "uv": [ 7.0, 5.0, 10.0, 7.299999959766865 ] },
                "up": { "texture": "#bright_gun_texture", "uv": [ 4.0, 6.0, 11.50000000745058, 8.0 ] },
                "down": { "texture": "#bright_gun_texture", "uv": [ 5.0, 5.0, 14.50000000745058, 7.0 ] }
            }
        },
        {
            "name": "Stock Under 2",
            "from": [ 20.799999982118607, 12.100000016391277, 7.500000007450581 ], 
            "to": [ 24.100000001490116, 13.199999943375587, 8.49999999254942 ], 
            "rotation": { "origin": [ 8.0, 8.0, 8.0 ], "axis": "z", "angle": -22.5 },
            "faces": {
                "north": { "texture": "#normal_gun_texture", "uv": [ 3.0, 9.0, 10.50000000745058, 11.299999959766865 ] },
                "east": { "texture": "#normal_gun_texture", "uv": [ 14.0, 13.0, 16.0, 15.299999959766865 ] },
                "south": { "texture": "#normal_gun_texture", "uv": [ 7.0, 3.0, 14.50000000745058, 5.299999959766865 ] },
                "west": { "texture": "#normal_gun_texture", "uv": [ 7.0, 5.0, 10.0, 7.299999959766865 ] },
                "up": { "texture": "#normal_gun_texture", "uv": [ 4.0, 6.0, 11.50000000745058, 8.0 ] },
                "down": { "texture": "#normal_gun_texture", "uv": [ 5.0, 5.0, 14.50000000745058, 7.0 ] }
            }
        },
        {
            "name": "Stock Under 3",
            "from": [ 18.299999974668026, 17.100000016391277, 7.500000007450581 ], 
            "to": [ 21.599999994039536, 18.199999943375587, 8.299999989569187 ], 
            "rotation": { "origin": [ 8.0, 8.0, 8.0 ], "axis": "z", "angle": -45.0 },
            "faces": {
                "north": { "texture": "#bright_gun_texture", "uv": [ 3.0, 9.0, 10.50000000745058, 11.299999959766865 ] },
                "east": { "texture": "#bright_gun_texture", "uv": [ 14.0, 13.0, 16.0, 15.299999959766865 ] },
                "south": { "texture": "#bright_gun_texture", "uv": [ 7.0, 3.0, 14.50000000745058, 5.299999959766865 ] },
                "west": { "texture": "#bright_gun_texture", "uv": [ 7.0, 5.0, 10.0, 7.299999959766865 ] },
                "up": { "texture": "#bright_gun_texture", "uv": [ 4.0, 6.0, 11.50000000745058, 8.0 ] },
                "down": { "texture": "#bright_gun_texture", "uv": [ 5.0, 5.0, 14.50000000745058, 7.0 ] }
            }
        },
        {
            "name": "Stock Under Deco",
            "from": [ 18.299999974668026, 16.400000020861626, 7.500000007450581 ], 
            "to": [ 19.599999994039536, 16.799999952316284, 8.299999989569187 ], 
            "rotation": { "origin": [ 8.0, 8.0, 8.0 ], "axis": "z", "angle": -45.0 },
            "faces": {
                "north": { "texture": "#normal_gun_texture", "uv": [ 3.0, 9.0, 10.50000000745058, 11.299999959766865 ] },
                "east": { "texture": "#normal_gun_texture", "uv": [ 14.0, 13.0, 16.0, 15.299999959766865 ] },
                "south": { "texture": "#normal_gun_texture", "uv": [ 7.0, 3.0, 14.50000000745058, 5.299999959766865 ] },
                "west": { "texture": "#normal_gun_texture", "uv": [ 7.0, 5.0, 10.0, 7.299999959766865 ] },
                "up": { "texture": "#normal_gun_texture", "uv": [ 4.0, 6.0, 11.50000000745058, 8.0 ] },
                "down": { "texture": "#normal_gun_texture", "uv": [ 5.0, 5.0, 14.50000000745058, 7.0 ] }
            }
        },
        {
            "name": "Stock Under Deco 2",
            "from": [ 20.799999982118607, 6.200000017881393, 7.500000007450581 ], 
            "to": [ 20.99999998509884, 6.599999949336052, 8.299999989569187 ], 
            "faces": {
                "north": { "texture": "#normal_gun_texture", "uv": [ 3.0, 9.0, 10.50000000745058, 11.299999959766865 ] },
                "east": { "texture": "#normal_gun_texture", "uv": [ 14.0, 13.0, 16.0, 15.299999959766865 ] },
                "south": { "texture": "#normal_gun_texture", "uv": [ 7.0, 3.0, 14.50000000745058, 5.299999959766865 ] },
                "west": { "texture": "#normal_gun_texture", "uv": [ 7.0, 5.0, 10.0, 7.299999959766865 ] },
                "up": { "texture": "#normal_gun_texture", "uv": [ 4.0, 6.0, 11.50000000745058, 8.0 ] },
                "down": { "texture": "#normal_gun_texture", "uv": [ 5.0, 5.0, 14.50000000745058, 7.0 ] }
            }
        },
        {
            "name": "Stock Connector Vertical",
            "from": [ 18.499999977648258, 7.100000016391277, 7.600000008940697 ], 
            "to": [ 18.599999979138374, 7.699999950826168, 8.199999988079071 ], 
            "faces": {
                "north": { "texture": "#normal_gun_texture", "uv": [ 3.0, 9.0, 10.50000000745058, 11.299999959766865 ] },
                "east": { "texture": "#normal_gun_texture", "uv": [ 14.0, 13.0, 16.0, 15.299999959766865 ] },
                "south": { "texture": "#normal_gun_texture", "uv": [ 7.0, 3.0, 14.50000000745058, 5.299999959766865 ] },
                "west": { "texture": "#normal_gun_texture", "uv": [ 7.0, 5.0, 10.0, 7.299999959766865 ] },
                "up": { "texture": "#normal_gun_texture", "uv": [ 4.0, 6.0, 11.50000000745058, 8.0 ] },
                "down": { "texture": "#normal_gun_texture", "uv": [ 5.0, 5.0, 14.50000000745058, 7.0 ] }
            }
        },
        {
            "name": "Stock Connector Horizontal",
            "from": [ 18.599999979138374, 7.000000014901161, 7.600000008940697 ], 
            "to": [ 19.799999982118607, 7.099999941885471, 8.199999988079071 ], 
            "faces": {
                "north": { "texture": "#normal_gun_texture", "uv": [ 3.0, 9.0, 10.50000000745058, 11.299999959766865 ] },
                "east": { "texture": "#normal_gun_texture", "uv": [ 14.0, 13.0, 16.0, 15.299999959766865 ] },
                "south": { "texture": "#normal_gun_texture", "uv": [ 7.0, 3.0, 14.50000000745058, 5.299999959766865 ] },
                "west": { "texture": "#normal_gun_texture", "uv": [ 7.0, 5.0, 10.0, 7.299999959766865 ] },
                "up": { "texture": "#normal_gun_texture", "uv": [ 4.0, 6.0, 11.50000000745058, 8.0 ] },
                "down": { "texture": "#normal_gun_texture", "uv": [ 5.0, 5.0, 14.50000000745058, 7.0 ] }
            }
        },
        {
            "name": "Stock Connector To Body",
            "from": [ 17.49999999254942, 7.800000011920929, 7.4000000059604645 ], 
            "to": [ 18.49999999254942, 9.0, 8.599999994039536 ], 
            "faces": {
                "north": { "texture": "#normal_gun_texture", "uv": [ 6.0, 7.0, 12.0, 9.0 ] },
                "east": { "texture": "#normal_gun_texture", "uv": [ 4.0, 5.0, 6.0, 7.0 ] },
                "south": { "texture": "#normal_gun_texture", "uv": [ 2.0, 3.0, 8.0, 5.0 ] },
                "west": { "texture": "#normal_gun_texture", "uv": [ 2.0, 6.0, 4.0, 8.0 ] },
                "up": { "texture": "#normal_gun_texture", "uv": [ 5.0, 8.0, 11.0, 10.0 ] },
                "down": { "texture": "#normal_gun_texture", "uv": [ 6.0, 5.0, 12.0, 7.0 ] }
            }
        },
        {
            "name": "Body Top Down",
            "from": [ 9.0, 9.100000016391277, 7.300000004470348 ], 
            "to": [ 17.200000002980232, 9.499999977648258, 8.699999995529652 ], 
            "faces": {
                "north": { "texture": "#normal_gun_texture", "uv": [ 8.0, 3.0, 15.0, 3.4999999925494194 ] },
                "east": { "texture": "#bright_gun_texture", "uv": [ 4.0, 5.0, 6.600000008940697, 8.49999999254942 ] },
                "south": { "texture": "#normal_gun_texture", "uv": [ 7.0, 3.0, 14.0, 3.4999999925494194 ] },
                "west": { "texture": "#bright_gun_texture", "uv": [ 6.0, 3.0, 8.600000008940697, 6.499999992549419 ] },
                "up": { "texture": "#bright_gun_texture", "uv": [ 2.0, 10.0, 10.0, 12.600000008940697 ] },
                "down": { "texture": "#bright_gun_texture", "uv": [ 7.0, 5.0, 15.0, 7.600000008940697 ] }
            }
        },
        {
            "name": "Body Top Back Slope",
            "from": [ 13.200000002980232, 15.100000016391277, 7.500000007450581 ], 
            "to": [ 14.299999989569187, 15.899999983608723, 8.49999999254942 ], 
            "rotation": { "origin": [ 8.0, 8.0, 8.0 ], "axis": "z", "angle": -45.0 },
            "faces": {
                "north": { "texture": "#bright_gun_texture", "uv": [ 14.0, 3.0, 15.0, 3.4999999925494194 ] },
                "east": { "texture": "#bright_gun_texture", "uv": [ 4.0, 5.0, 6.600000008940697, 8.49999999254942 ] },
                "south": { "texture": "#bright_gun_texture", "uv": [ 14.0, 3.0, 15.0, 3.4999999925494194 ] },
                "west": { "texture": "#bright_gun_texture", "uv": [ 6.0, 3.0, 8.600000008940697, 6.499999992549419 ] },
                "up": { "texture": "#bright_gun_texture", "uv": [ 10.0, 10.0, 11.0, 12.600000008940697 ] },
                "down": { "texture": "#bright_gun_texture", "uv": [ 7.0, 5.0, 15.0, 7.600000008940697 ] }
            }
        },
        {
            "name": "Body Bottom",
            "from": [ 10.400000005960464, 6.80000002682209, 7.300000004470348 ], 
            "to": [ 16.400000005960464, 7.299999989569187, 8.699999995529652 ], 
            "faces": {
                "north": { "texture": "#bright_gun_texture", "uv": [ 8.0, 7.0, 15.0, 7.499999992549419 ] },
                "east": { "texture": "#bright_gun_texture", "uv": [ 4.0, 5.0, 6.600000008940697, 8.49999999254942 ] },
                "south": { "texture": "#bright_gun_texture", "uv": [ 7.0, 7.0, 14.0, 7.499999992549419 ] },
                "west": { "texture": "#bright_gun_texture", "uv": [ 6.0, 3.0, 8.600000008940697, 6.499999992549419 ] },
                "up": { "texture": "#bright_gun_texture", "uv": [ 2.0, 10.0, 10.0, 12.600000008940697 ] },
                "down": { "texture": "#bright_gun_texture", "uv": [ 7.0, 5.0, 15.0, 7.600000008940697 ] }
            }
        },
        {
            "name": "Body Bottom Back Slope",
            "from": [ 15.200000002980232, 3.7000000402331352, 7.300000004470348 ], 
            "to": [ 16.80000001192093, 4.200000002980232, 8.699999995529652 ], 
            "rotation": { "origin": [ 8.0, 8.0, 8.0 ], "axis": "z", "angle": 22.5 },
            "faces": {
                "north": { "texture": "#bright_gun_texture", "uv": [ 8.0, 7.0, 15.0, 7.499999992549419 ] },
                "east": { "texture": "#bright_gun_texture", "uv": [ 4.0, 5.0, 6.600000008940697, 8.49999999254942 ] },
                "south": { "texture": "#bright_gun_texture", "uv": [ 7.0, 7.0, 14.0, 7.499999992549419 ] },
                "west": { "texture": "#bright_gun_texture", "uv": [ 6.0, 3.0, 8.600000008940697, 6.499999992549419 ] },
                "up": { "texture": "#bright_gun_texture", "uv": [ 2.0, 10.0, 10.0, 12.600000008940697 ] },
                "down": { "texture": "#bright_gun_texture", "uv": [ 7.0, 5.0, 15.0, 7.600000008940697 ] }
            }
        },
        {
            "name": "Body Top Up",
            "from": [ 9.0, 9.500000022351742, 7.500000007450581 ], 
            "to": [ 17.200000002980232, 9.899999983608723, 8.49999999254942 ], 
            "faces": {
                "north": { "texture": "#bright_gun_texture", "uv": [ 8.0, 3.0, 15.0, 3.4999999925494194 ] },
                "east": { "texture": "#bright_gun_texture", "uv": [ 4.0, 5.0, 6.600000008940697, 8.49999999254942 ] },
                "south": { "texture": "#bright_gun_texture", "uv": [ 7.0, 3.0, 14.0, 3.4999999925494194 ] },
                "west": { "texture": "#bright_gun_texture", "uv": [ 6.0, 3.0, 8.600000008940697, 6.499999992549419 ] },
                "up": { "texture": "#bright_gun_texture", "uv": [ 2.0, 10.0, 10.0, 12.600000008940697 ] },
                "down": { "texture": "#bright_gun_texture", "uv": [ 7.0, 5.0, 15.0, 7.600000008940697 ] }
            }
        },
        {
            "name": "Body Top Slope L",
            "from": [ 9.0, 9.100000016391277, 9.0 ], 
            "to": [ 17.200000002980232, 9.499999977648258, 9.199999988079071 ], 
            "rotation": { "origin": [ 8.0, 8.0, 8.0 ], "axis": "x", "angle": -22.5 },
            "faces": {
                "north": { "texture": "#normal_gun_texture", "uv": [ 8.0, 3.0, 15.0, 3.4999999925494194 ] },
                "east": { "texture": "#bright_gun_texture", "uv": [ 4.0, 5.0, 6.600000008940697, 8.49999999254942 ] },
                "south": { "texture": "#normal_gun_texture", "uv": [ 7.0, 3.0, 14.0, 3.4999999925494194 ] },
                "west": { "texture": "#bright_gun_texture", "uv": [ 6.0, 3.0, 8.600000008940697, 6.499999992549419 ] },
                "up": { "texture": "#bright_gun_texture", "uv": [ 2.0, 10.0, 10.0, 12.600000008940697 ] },
                "down": { "texture": "#bright_gun_texture", "uv": [ 7.0, 5.0, 15.0, 7.600000008940697 ] }
            }
        },
        {
            "name": "Body Top Slope R",
            "from": [ 9.0, 9.100000016391277, 6.800000011920929 ], 
            "to": [ 17.200000002980232, 9.499999977648258, 7.0 ], 
            "rotation": { "origin": [ 8.0, 8.0, 8.0 ], "axis": "x", "angle": 22.5 },
            "faces": {
                "north": { "texture": "#normal_gun_texture", "uv": [ 8.0, 3.0, 15.0, 3.4999999925494194 ] },
                "east": { "texture": "#bright_gun_texture", "uv": [ 4.0, 5.0, 6.600000008940697, 8.49999999254942 ] },
                "south": { "texture": "#bright_gun_texture", "uv": [ 7.0, 3.0, 14.0, 3.4999999925494194 ] },
                "west": { "texture": "#bright_gun_texture", "uv": [ 6.0, 3.0, 8.600000008940697, 6.499999992549419 ] },
                "up": { "texture": "#bright_gun_texture", "uv": [ 2.0, 10.0, 10.0, 12.600000008940697 ] },
                "down": { "texture": "#bright_gun_texture", "uv": [ 7.0, 5.0, 15.0, 7.600000008940697 ] }
            }
        },
        {
            "name": "Back Handle Top",
            "from": [ 15.299999989569187, 5.700000010430813, 7.500000007450581 ], 
            "to": [ 16.99999998509884, 7.200000017881393, 8.49999999254942 ], 
            "faces": {
                "north": { "texture": "#normal_gun_texture", "uv": [ 9.0, 11.0, 11.0, 15.0 ] },
                "east": { "texture": "#normal_gun_texture", "uv": [ 10.0, 10.0, 12.0, 14.0 ] },
                "south": { "texture": "#normal_gun_texture", "uv": [ 8.0, 7.0, 5.0, 11.0 ] },
                "west": { "texture": "#normal_gun_texture", "uv": [ 8.0, 7.0, 10.0, 11.0 ] },
                "up": { "texture": "#normal_gun_texture", "uv": [ 7.0, 9.0, 9.0, 11.0 ] },
                "down": { "texture": "#normal_gun_texture", "uv": [ 8.0, 9.0, 10.0, 11.0 ] }
            }
        },
        {
            "name": "Back Handle Top Back",
            "from": [ 16.099999971687794, 10.100000001490116, 7.500000007450581 ], 
            "to": [ 16.799999967217445, 11.100000016391277, 8.49999999254942 ], 
            "rotation": { "origin": [ 8.0, 8.0, 8.0 ], "axis": "z", "angle": -22.5 },
            "faces": {
                "north": { "texture": "#normal_gun_texture", "uv": [ 9.0, 11.0, 11.0, 15.0 ] },
                "east": { "texture": "#normal_gun_texture", "uv": [ 10.0, 10.0, 12.0, 14.0 ] },
                "south": { "texture": "#normal_gun_texture", "uv": [ 8.0, 7.0, 5.0, 11.0 ] },
                "west": { "texture": "#normal_gun_texture", "uv": [ 8.0, 7.0, 10.0, 11.0 ] },
                "up": { "texture": "#normal_gun_texture", "uv": [ 7.0, 9.0, 9.0, 11.0 ] },
                "down": { "texture": "#normal_gun_texture", "uv": [ 8.0, 9.0, 10.0, 11.0 ] }
            }
        },
        {
            "name": "Back Handle Back Top",
            "from": [ 12.300000004470348, -0.29999998956918716, 7.500000007450581 ], 
            "to": [ 13.0, 0.9000000283122063, 8.49999999254942 ], 
            "rotation": { "origin": [ 8.0, 8.0, 8.0 ], "axis": "z", "angle": 45.0 },
            "faces": {
                "north": { "texture": "#normal_gun_texture", "uv": [ 9.0, 11.0, 10.0, 13.0 ] },
                "east": { "texture": "#normal_gun_texture", "uv": [ 10.0, 10.0, 12.0, 11.0 ] },
                "south": { "texture": "#normal_gun_texture", "uv": [ 8.0, 7.0, 9.0, 9.0 ] },
                "west": { "texture": "#normal_gun_texture", "uv": [ 8.0, 7.0, 10.0, 8.0 ] },
                "up": { "texture": "#normal_gun_texture", "uv": [ 7.0, 9.0, 9.0, 11.0 ] },
                "down": { "texture": "#normal_gun_texture", "uv": [ 8.0, 9.0, 10.0, 11.0 ] }
            }
        },
        {
            "name": "Back Handle Back Bottom",
            "from": [ 15.50000000745058, 0.0, 7.500000007450581 ], 
            "to": [ 15.899999998509884, 1.4000000208616257, 8.49999999254942 ], 
            "rotation": { "origin": [ 8.0, 8.0, 8.0 ], "axis": "z", "angle": 22.5 },
            "faces": {
                "north": { "texture": "#normal_gun_texture", "uv": [ 9.0, 11.0, 10.0, 13.0 ] },
                "east": { "texture": "#normal_gun_texture", "uv": [ 10.0, 10.0, 12.0, 11.0 ] },
                "south": { "texture": "#normal_gun_texture", "uv": [ 8.0, 7.0, 9.0, 9.0 ] },
                "west": { "texture": "#normal_gun_texture", "uv": [ 8.0, 7.0, 10.0, 8.0 ] },
                "up": { "texture": "#normal_gun_texture", "uv": [ 7.0, 9.0, 9.0, 11.0 ] },
                "down": { "texture": "#normal_gun_texture", "uv": [ 8.0, 9.0, 10.0, 11.0 ] }
            }
        },
        {
            "name": "Back Handle Back Mid",
            "from": [ 15.50000000745058, 1.4000000059604645, 7.500000007450581 ], 
            "to": [ 15.799999997019768, 2.2000000327825546, 8.49999999254942 ], 
            "rotation": { "origin": [ 8.0, 8.0, 8.0 ], "axis": "z", "angle": 22.5 },
            "faces": {
                "north": { "texture": "#normal_gun_texture", "uv": [ 9.0, 11.0, 10.0, 13.0 ] },
                "east": { "texture": "#normal_gun_texture", "uv": [ 10.0, 10.0, 12.0, 11.0 ] },
                "south": { "texture": "#normal_gun_texture", "uv": [ 8.0, 7.0, 9.0, 9.0 ] },
                "west": { "texture": "#normal_gun_texture", "uv": [ 8.0, 7.0, 10.0, 8.0 ] },
                "up": { "texture": "#normal_gun_texture", "uv": [ 7.0, 9.0, 9.0, 11.0 ] },
                "down": { "texture": "#normal_gun_texture", "uv": [ 8.0, 9.0, 10.0, 11.0 ] }
            }
        },
        {
            "name": "Back Handle Bottom",
            "from": [ 13.699999995529652, -0.20000000298023224, 7.500000007450581 ], 
            "to": [ 15.899999998509884, 1.4901161193847656E-8, 8.49999999254942 ], 
            "rotation": { "origin": [ 8.0, 8.0, 8.0 ], "axis": "z", "angle": 22.5 },
            "faces": {
                "north": { "texture": "#normal_gun_texture", "uv": [ 9.0, 11.0, 11.0, 12.0 ] },
                "east": { "texture": "#normal_gun_texture", "uv": [ 10.0, 10.0, 12.0, 11.0 ] },
                "south": { "texture": "#normal_gun_texture", "uv": [ 8.0, 7.0, 5.0, 8.0 ] },
                "west": { "texture": "#normal_gun_texture", "uv": [ 8.0, 7.0, 10.0, 8.0 ] },
                "up": { "texture": "#normal_gun_texture", "uv": [ 9.0, 9.0, 11.0, 11.0 ] },
                "down": { "texture": "#normal_gun_texture", "uv": [ 12.0, 8.0, 14.0, 10.0 ] }
            }
        },
        {
            "name": "Trigger",
            "from": [ 14.800000011920929, 8.600000023841858, 7.800000011920929 ], 
            "to": [ 15.000000014901161, 9.699999995529652, 8.200000002980232 ], 
            "rotation": { "origin": [ 8.0, 8.0, 8.0 ], "axis": "z", "angle": -22.5 },
            "faces": {
                "north": { "texture": "#normal_gun_texture", "uv": [ 0.0, 0.0, 1.900000013411045, 0.19999997317790985 ] },
                "east": { "texture": "#normal_gun_texture", "uv": [ 0.0, 0.0, 0.5999999940395355, 0.19999997317790985 ] },
                "south": { "texture": "#normal_gun_texture", "uv": [ 0.0, 0.0, 1.900000013411045, 0.19999997317790985 ] },
                "west": { "texture": "#normal_gun_texture", "uv": [ 0.0, 0.0, 0.5999999940395355, 0.19999997317790985 ] },
                "up": { "texture": "#normal_gun_texture", "uv": [ 0.0, 0.0, 1.900000013411045, 0.5999999940395355 ] },
                "down": { "texture": "#normal_gun_texture", "uv": [ 0.0, 0.0, 1.900000013411045, 0.5999999940395355 ] }
            }
        },
        {
            "name": "Trigger Front",
            "from": [ 14.700000010430813, 6.3000000193715096, 7.800000011920929 ], 
            "to": [ 14.900000013411045, 7.399999991059303, 8.200000002980232 ], 
            "faces": {
                "north": { "texture": "#normal_gun_texture", "uv": [ 0.0, 0.0, 1.900000013411045, 0.19999997317790985 ] },
                "east": { "texture": "#normal_gun_texture", "uv": [ 0.0, 0.0, 0.5999999940395355, 0.19999997317790985 ] },
                "south": { "texture": "#normal_gun_texture", "uv": [ 0.0, 0.0, 1.900000013411045, 0.19999997317790985 ] },
                "west": { "texture": "#normal_gun_texture", "uv": [ 0.0, 0.0, 0.5999999940395355, 0.19999997317790985 ] },
                "up": { "texture": "#normal_gun_texture", "uv": [ 0.0, 0.0, 1.900000013411045, 0.5999999940395355 ] },
                "down": { "texture": "#normal_gun_texture", "uv": [ 0.0, 0.0, 1.900000013411045, 0.5999999940395355 ] }
            }
        },
        {
            "name": "Trigger Guard Back Slope",
            "from": [ 14.400000008940697, 11.30000001937151, 7.700000010430813 ], 
            "to": [ 14.60000001192093, 11.899999998509884, 8.300000004470348 ], 
            "rotation": { "origin": [ 8.0, 8.0, 8.0 ], "axis": "z", "angle": -45.0 },
            "faces": {
                "north": { "texture": "#normal_gun_texture", "uv": [ 0.0, 0.0, 1.900000013411045, 0.19999997317790985 ] },
                "east": { "texture": "#normal_gun_texture", "uv": [ 0.0, 0.0, 0.5999999940395355, 0.19999997317790985 ] },
                "south": { "texture": "#normal_gun_texture", "uv": [ 0.0, 0.0, 1.900000013411045, 0.19999997317790985 ] },
                "west": { "texture": "#normal_gun_texture", "uv": [ 0.0, 0.0, 0.5999999940395355, 0.19999997317790985 ] },
                "up": { "texture": "#normal_gun_texture", "uv": [ 0.0, 0.0, 1.900000013411045, 0.5999999940395355 ] },
                "down": { "texture": "#normal_gun_texture", "uv": [ 0.0, 0.0, 1.900000013411045, 0.5999999940395355 ] }
            }
        },
        {
            "name": "Trigger Guard Back Base",
            "from": [ 14.900000001490117, 5.600000023841858, 7.700000010430813 ], 
            "to": [ 15.400000008940697, 5.899999998509884, 8.300000004470348 ], 
            "faces": {
                "north": { "texture": "#normal_gun_texture", "uv": [ 0.0, 0.0, 1.900000013411045, 0.19999997317790985 ] },
                "east": { "texture": "#normal_gun_texture", "uv": [ 0.0, 0.0, 0.5999999940395355, 0.19999997317790985 ] },
                "south": { "texture": "#normal_gun_texture", "uv": [ 0.0, 0.0, 1.900000013411045, 0.19999997317790985 ] },
                "west": { "texture": "#normal_gun_texture", "uv": [ 0.0, 0.0, 0.5999999940395355, 0.19999997317790985 ] },
                "up": { "texture": "#normal_gun_texture", "uv": [ 0.0, 0.0, 1.900000013411045, 0.5999999940395355 ] },
                "down": { "texture": "#normal_gun_texture", "uv": [ 0.0, 0.0, 1.900000013411045, 0.5999999940395355 ] }
            }
        },
        {
            "name": "Trigger Guard Front Slope",
            "from": [ 10.000000017881394, 2.600000023841858, 7.700000010430813 ], 
            "to": [ 10.400000023841859, 3.4000000059604645, 8.300000004470348 ], 
            "rotation": { "origin": [ 8.0, 8.0, 8.0 ], "axis": "z", "angle": 45.0 },
            "faces": {
                "north": { "texture": "#normal_gun_texture", "uv": [ 0.0, 0.0, 1.900000013411045, 0.19999997317790985 ] },
                "east": { "texture": "#normal_gun_texture", "uv": [ 0.0, 0.0, 0.5999999940395355, 0.19999997317790985 ] },
                "south": { "texture": "#normal_gun_texture", "uv": [ 0.0, 0.0, 1.900000013411045, 0.19999997317790985 ] },
                "west": { "texture": "#normal_gun_texture", "uv": [ 0.0, 0.0, 0.5999999940395355, 0.19999997317790985 ] },
                "up": { "texture": "#normal_gun_texture", "uv": [ 0.0, 0.0, 1.900000013411045, 0.5999999940395355 ] },
                "down": { "texture": "#normal_gun_texture", "uv": [ 0.0, 0.0, 1.900000013411045, 0.5999999940395355 ] }
            }
        },
        {
            "name": "Trigger Guard Front Base",
            "from": [ 12.900000001490117, 5.600000023841858, 7.700000010430813 ], 
            "to": [ 13.60000001192093, 5.899999998509884, 8.300000004470348 ], 
            "faces": {
                "north": { "texture": "#normal_gun_texture", "uv": [ 0.0, 0.0, 1.900000013411045, 0.19999997317790985 ] },
                "east": { "texture": "#normal_gun_texture", "uv": [ 0.0, 0.0, 0.5999999940395355, 0.19999997317790985 ] },
                "south": { "texture": "#normal_gun_texture", "uv": [ 0.0, 0.0, 1.900000013411045, 0.19999997317790985 ] },
                "west": { "texture": "#normal_gun_texture", "uv": [ 0.0, 0.0, 0.5999999940395355, 0.19999997317790985 ] },
                "up": { "texture": "#normal_gun_texture", "uv": [ 0.0, 0.0, 1.900000013411045, 0.5999999940395355 ] },
                "down": { "texture": "#normal_gun_texture", "uv": [ 0.0, 0.0, 1.900000013411045, 0.5999999940395355 ] }
            }
        },
        {
            "name": "Trigger Guard Front Top",
            "from": [ 13.000000017881394, 8.100000031292439, 7.700000010430813 ], 
            "to": [ 13.400000023841859, 9.000000014901161, 8.300000004470348 ], 
            "rotation": { "origin": [ 8.0, 8.0, 8.0 ], "axis": "z", "angle": -22.5 },
            "faces": {
                "north": { "texture": "#normal_gun_texture", "uv": [ 0.0, 0.0, 1.900000013411045, 0.19999997317790985 ] },
                "east": { "texture": "#normal_gun_texture", "uv": [ 0.0, 0.0, 0.5999999940395355, 0.19999997317790985 ] },
                "south": { "texture": "#normal_gun_texture", "uv": [ 0.0, 0.0, 1.900000013411045, 0.19999997317790985 ] },
                "west": { "texture": "#normal_gun_texture", "uv": [ 0.0, 0.0, 0.5999999940395355, 0.19999997317790985 ] },
                "up": { "texture": "#normal_gun_texture", "uv": [ 0.0, 0.0, 1.900000013411045, 0.5999999940395355 ] },
                "down": { "texture": "#normal_gun_texture", "uv": [ 0.0, 0.0, 1.900000013411045, 0.5999999940395355 ] }
            }
        },
        {
            "name": "Clip Holder",
            "from": [ 10.400000005960464, 5.900000028312206, 7.500000007450581 ], 
            "to": [ 13.000000014901161, 6.80000002682209, 8.699999995529652 ], 
            "faces": {
                "north": { "texture": "#bright_gun_texture", "uv": [ 5.0, 6.0, 7.600000008940697, 9.0 ] },
                "east": { "texture": "#bright_gun_texture", "uv": [ 0.0, 9.0, 2.0, 12.0 ] },
                "south": { "texture": "#bright_gun_texture", "uv": [ 4.0, 8.0, 6.600000008940697, 11.0 ] },
                "west": { "texture": "#bright_gun_texture", "uv": [ 0.0, 8.0, 8.0, 10.0 ] },
                "up": { "texture": "#bright_gun_texture", "uv": [ 4.0, 8.0, 6.600000008940697, 10.0 ] },
                "down": { "texture": "#bright_gun_texture", "uv": [ 0.0, 8.0, 2.6000000089406967, 10.0 ] }
            }
        },
        {
            "name": "Body Bottom Front Slope",
            "from": [ 9.50000000745058, 7.800000041723251, 7.300000004470348 ], 
            "to": [ 10.800000011920929, 8.300000004470348, 8.699999995529652 ], 
            "rotation": { "origin": [ 8.0, 8.0, 8.0 ], "axis": "z", "angle": -22.5 },
            "faces": {
                "north": { "texture": "#bright_gun_texture", "uv": [ 8.0, 7.0, 15.0, 7.499999992549419 ] },
                "east": { "texture": "#bright_gun_texture", "uv": [ 4.0, 5.0, 6.600000008940697, 8.49999999254942 ] },
                "south": { "texture": "#bright_gun_texture", "uv": [ 7.0, 7.0, 14.0, 7.499999992549419 ] },
                "west": { "texture": "#bright_gun_texture", "uv": [ 6.0, 3.0, 8.600000008940697, 6.499999992549419 ] },
                "up": { "texture": "#bright_gun_texture", "uv": [ 2.0, 10.0, 10.0, 12.600000008940697 ] },
                "down": { "texture": "#bright_gun_texture", "uv": [ 7.0, 5.0, 15.0, 7.600000008940697 ] }
            }
        },
        {
            "name": "Clip Holder Bottom 1",
            "from": [ 11.0, 5.80000002682209, 7.500000007450581 ], 
            "to": [ 13.000000014901161, 5.900000013411045, 8.699999995529652 ], 
            "faces": {
                "north": { "texture": "#bright_gun_texture", "uv": [ 5.0, 8.0, 7.600000008940697, 9.0 ] },
                "east": { "texture": "#bright_gun_texture", "uv": [ 0.0, 9.0, 2.0, 12.0 ] },
                "south": { "texture": "#bright_gun_texture", "uv": [ 4.0, 10.0, 6.600000008940697, 11.0 ] },
                "west": { "texture": "#bright_gun_texture", "uv": [ 0.0, 8.0, 8.0, 10.0 ] },
                "up": { "texture": "#bright_gun_texture", "uv": [ 4.0, 8.0, 6.600000008940697, 10.0 ] },
                "down": { "texture": "#bright_gun_texture", "uv": [ 0.0, 8.0, 2.6000000089406967, 10.0 ] }
            }
        },
        {
            "name": "Clip Holder Bottom 2",
            "from": [ 11.600000008940697, 5.700000025331974, 7.500000007450581 ], 
            "to": [ 13.000000014901161, 5.800000011920929, 8.699999995529652 ], 
            "faces": {
                "north": { "texture": "#bright_gun_texture", "uv": [ 5.0, 8.0, 7.600000008940697, 9.0 ] },
                "east": { "texture": "#bright_gun_texture", "uv": [ 0.0, 9.0, 2.0, 12.0 ] },
                "south": { "texture": "#bright_gun_texture", "uv": [ 4.0, 10.0, 6.600000008940697, 11.0 ] },
                "west": { "texture": "#bright_gun_texture", "uv": [ 0.0, 8.0, 8.0, 10.0 ] },
                "up": { "texture": "#bright_gun_texture", "uv": [ 4.0, 8.0, 6.600000008940697, 10.0 ] },
                "down": { "texture": "#bright_gun_texture", "uv": [ 0.0, 8.0, 2.6000000089406967, 10.0 ] }
            }
        },
        {
            "name": "Clip Holder Bottom 3",
            "from": [ 12.200000017881393, 5.600000023841858, 7.500000007450581 ], 
            "to": [ 13.000000014901161, 5.700000010430813, 8.699999995529652 ], 
            "faces": {
                "north": { "texture": "#bright_gun_texture", "uv": [ 5.0, 8.0, 7.600000008940697, 9.0 ] },
                "east": { "texture": "#bright_gun_texture", "uv": [ 0.0, 9.0, 2.0, 12.0 ] },
                "south": { "texture": "#bright_gun_texture", "uv": [ 4.0, 10.0, 6.600000008940697, 11.0 ] },
                "west": { "texture": "#bright_gun_texture", "uv": [ 0.0, 8.0, 8.0, 10.0 ] },
                "up": { "texture": "#bright_gun_texture", "uv": [ 4.0, 8.0, 6.600000008940697, 10.0 ] },
                "down": { "texture": "#bright_gun_texture", "uv": [ 0.0, 8.0, 2.6000000089406967, 10.0 ] }
            }
        },
        {
            "name": "Back Barrel Bottom High",
            "from": [ 5.0, 8.200000017881393, 7.3000000193715096 ], 
            "to": [ 9.000000014901161, 8.49999999254942, 8.699999995529652 ], 
            "faces": {
                "north": { "texture": "#bright_gun_texture", "uv": [ 9.0, 9.0, 16.0, 9.799999997019768 ] },
                "east": { "texture": "#bright_gun_texture", "uv": [ 6.0, 6.0, 8.799999997019768, 6.799999997019768 ] },
                "south": { "texture": "#bright_gun_texture", "uv": [ 5.0, 9.0, 12.0, 9.799999997019768 ] },
                "west": { "texture": "#bright_gun_texture", "uv": [ 3.0, 6.0, 5.799999997019768, 8.799999997019768 ] },
                "up": { "texture": "#bright_gun_texture", "uv": [ 5.0, 13.0, 12.0, 15.799999997019768 ] },
                "down": { "texture": "#bright_gun_texture", "uv": [ 0.0, 12.0, 7.0, 14.799999997019768 ] }
            }
        },
        {
            "name": "Back Barrel Bottom Back",
            "from": [ 8.50000000745058, 7.3000000193715096, 7.3000000193715096 ], 
            "to": [ 9.000000014901161, 8.199999988079071, 8.699999995529652 ], 
            "faces": {
                "north": { "texture": "#bright_gun_texture", "uv": [ 9.0, 9.0, 10.0, 9.799999997019768 ] },
                "east": { "texture": "#bright_gun_texture", "uv": [ 6.0, 6.0, 8.799999997019768, 6.799999997019768 ] },
                "south": { "texture": "#bright_gun_texture", "uv": [ 5.0, 9.0, 6.0, 9.799999997019768 ] },
                "west": { "texture": "#bright_gun_texture", "uv": [ 3.0, 6.0, 5.799999997019768, 8.799999997019768 ] },
                "up": { "texture": "#bright_gun_texture", "uv": [ 5.0, 13.0, 12.0, 15.799999997019768 ] },
                "down": { "texture": "#bright_gun_texture", "uv": [ 0.0, 12.0, 7.0, 14.799999997019768 ] }
            }
        },
        {
            "name": "Back Barrel Bottom Slope",
            "from": [ 8.100000001490116, 7.200000017881393, 7.3000000193715096 ], 
            "to": [ 8.600000008940697, 8.199999988079071, 8.699999995529652 ], 
            "rotation": { "origin": [ 8.0, 8.0, 8.0 ], "axis": "z", "angle": 22.5 },
            "faces": {
                "north": { "texture": "#bright_gun_texture", "uv": [ 9.0, 9.0, 10.0, 9.799999997019768 ] },
                "east": { "texture": "#bright_gun_texture", "uv": [ 6.0, 6.0, 8.799999997019768, 6.799999997019768 ] },
                "south": { "texture": "#bright_gun_texture", "uv": [ 5.0, 9.0, 6.0, 9.799999997019768 ] },
                "west": { "texture": "#bright_gun_texture", "uv": [ 3.0, 6.0, 5.799999997019768, 8.799999997019768 ] },
                "up": { "texture": "#bright_gun_texture", "uv": [ 5.0, 13.0, 12.0, 15.799999997019768 ] },
                "down": { "texture": "#bright_gun_texture", "uv": [ 0.0, 12.0, 7.0, 14.799999997019768 ] }
            }
        },
        {
            "name": "Back Barrel Top Piece",
            "from": [ -0.20000000298023224, 9.80000002682209, 7.500000022351742 ], 
            "to": [ 8.800000011920929, 9.899999998509884, 8.49999999254942 ], 
            "faces": {
                "north": { "texture": "#bright_gun_texture", "uv": [ 6.0, 7.0, 9.0, 7.799999997019768 ] },
                "east": { "texture": "#bright_gun_texture", "uv": [ 6.0, 6.0, 8.799999997019768, 8.799999997019768 ] },
                "south": { "texture": "#bright_gun_texture", "uv": [ 6.0, 8.0, 8.0, 8.799999997019768 ] },
                "west": { "texture": "#bright_gun_texture", "uv": [ 3.0, 6.0, 5.799999997019768, 8.799999997019768 ] },
                "up": { "texture": "#bright_gun_texture", "uv": [ 5.0, 13.0, 12.0, 15.799999997019768 ] },
                "down": { "texture": "#bright_gun_texture", "uv": [ 0.0, 12.0, 7.0, 14.799999997019768 ] }
            }
        },
        {
            "name": "Back Barrel Bottom Dark",
            "from": [ 1.0, 7.3000000193715096, 7.400000020861626 ], 
            "to": [ 9.000000014901161, 8.49999999254942, 8.599999994039536 ], 
            "faces": {
                "north": { "texture": "#normal_gun_texture", "uv": [ 6.0, 5.0, 13.0, 7.799999997019768 ] },
                "east": { "texture": "#normal_gun_texture", "uv": [ 10.0, 6.0, 11.799999997019768, 7.799999997019768 ] },
                "south": { "texture": "#normal_gun_texture", "uv": [ 7.0, 10.0, 14.0, 12.799999997019768 ] },
                "west": { "texture": "#normal_gun_texture", "uv": [ 6.0, 9.0, 7.799999997019768, 10.799999997019768 ] },
                "up": { "texture": "#normal_gun_texture", "uv": [ 5.0, 13.0, 12.0, 15.799999997019768 ] },
                "down": { "texture": "#normal_gun_texture", "uv": [ 0.0, 12.0, 7.0, 14.799999997019768 ] }
            }
        },
        {
            "name": "Back Barrel Dark Slope",
            "from": [ 1.2000000029802322, 10.100000016391277, 7.400000020861626 ], 
            "to": [ 2.2000000178813934, 11.299999989569187, 8.599999994039536 ], 
            "rotation": { "origin": [ 8.0, 8.0, 8.0 ], "axis": "z", "angle": 22.5 },
            "faces": {
                "north": { "texture": "#normal_gun_texture", "uv": [ 6.0, 5.0, 7.0, 7.799999997019768 ] },
                "east": { "texture": "#normal_gun_texture", "uv": [ 10.0, 6.0, 11.799999997019768, 7.799999997019768 ] },
                "south": { "texture": "#normal_gun_texture", "uv": [ 7.0, 10.0, 8.0, 12.799999997019768 ] },
                "west": { "texture": "#normal_gun_texture", "uv": [ 6.0, 9.0, 7.799999997019768, 10.799999997019768 ] },
                "up": { "texture": "#normal_gun_texture", "uv": [ 5.0, 13.0, 12.0, 15.799999997019768 ] },
                "down": { "texture": "#normal_gun_texture", "uv": [ 0.0, 12.0, 7.0, 14.799999997019768 ] }
            }
        },
        {
            "name": "Back Barrel Bottom Piece",
            "from": [ 0.10000000149011612, 7.000000014901161, 7.700000010430813 ], 
            "to": [ 7.100000001490116, 7.300000004470348, 8.300000004470348 ], 
            "faces": {
                "north": { "texture": "#bright_gun_texture", "uv": [ 4.0, 5.0, 6.0, 6.4000000059604645 ] },
                "east": { "texture": "#bright_gun_texture", "uv": [ 3.0, 3.0, 4.4000000059604645, 4.4000000059604645 ] },
                "south": { "texture": "#bright_gun_texture", "uv": [ 8.0, 11.0, 10.0, 12.400000005960464 ] },
                "west": { "texture": "#bright_gun_texture", "uv": [ 9.0, 6.0, 10.400000005960464, 7.4000000059604645 ] },
                "up": { "texture": "#bright_gun_texture", "uv": [ 12.0, 7.0, 14.0, 8.400000005960464 ] },
                "down": { "texture": "#bright_gun_texture", "uv": [ 4.0, 14.0, 6.0, 15.400000005960464 ] }
            }
        },
        {
            "name": "Back Barrel Bottom Front",
            "from": [ -0.20000000298023224, 7.700000010430813, 7.600000008940697 ], 
            "to": [ 0.7999999970197678, 8.50000000745058, 8.400000005960464 ], 
            "faces": {
                "north": { "texture": "#bright_gun_texture", "uv": [ 4.0, 5.0, 6.0, 6.4000000059604645 ] },
                "east": { "texture": "#bright_gun_texture", "uv": [ 3.0, 3.0, 4.4000000059604645, 4.4000000059604645 ] },
                "south": { "texture": "#bright_gun_texture", "uv": [ 8.0, 11.0, 10.0, 12.400000005960464 ] },
                "west": { "texture": "#bright_gun_texture", "uv": [ 9.0, 6.0, 10.400000005960464, 7.4000000059604645 ] },
                "up": { "texture": "#bright_gun_texture", "uv": [ 12.0, 7.0, 14.0, 8.400000005960464 ] },
                "down": { "texture": "#bright_gun_texture", "uv": [ 4.0, 14.0, 6.0, 15.400000005960464 ] }
            }
        },
        {
            "name": "Back Barrel BF Connector",
            "from": [ 0.0, 7.3000000193715096, 7.700000010430813 ], 
            "to": [ 0.4000000059604645, 8.100000016391277, 8.300000004470348 ], 
            "faces": {
                "north": { "texture": "#bright_gun_texture", "uv": [ 4.0, 5.0, 6.0, 6.4000000059604645 ] },
                "east": { "texture": "#bright_gun_texture", "uv": [ 3.0, 3.0, 4.4000000059604645, 4.4000000059604645 ] },
                "south": { "texture": "#bright_gun_texture", "uv": [ 8.0, 11.0, 10.0, 12.400000005960464 ] },
                "west": { "texture": "#bright_gun_texture", "uv": [ 9.0, 6.0, 10.400000005960464, 7.4000000059604645 ] },
                "up": { "texture": "#bright_gun_texture", "uv": [ 12.0, 7.0, 14.0, 8.400000005960464 ] },
                "down": { "texture": "#bright_gun_texture", "uv": [ 4.0, 14.0, 6.0, 15.400000005960464 ] }
            }
        },
        {
            "name": "Front Sight Base",
            "from": [ -0.9000000134110451, 7.900000013411045, 7.300000004470348 ], 
            "to": [ -0.20000001788139343, 10.000000014901161, 8.700000010430813 ], 
            "faces": {
                "north": { "texture": "#normal_gun_texture", "uv": [ 4.0, 5.0, 6.0, 6.4000000059604645 ] },
                "east": { "texture": "#normal_gun_texture", "uv": [ 3.0, 3.0, 4.4000000059604645, 4.4000000059604645 ] },
                "south": { "texture": "#normal_gun_texture", "uv": [ 8.0, 11.0, 10.0, 12.400000005960464 ] },
                "west": { "texture": "#normal_gun_texture", "uv": [ 9.0, 6.0, 11.400000005960464, 8.400000005960464 ] },
                "up": { "texture": "#normal_gun_texture", "uv": [ 12.0, 7.0, 14.0, 9.400000005960464 ] },
                "down": { "texture": "#normal_gun_texture", "uv": [ 4.0, 14.0, 6.0, 15.400000005960464 ] }
            }
        },
        {
            "name": "Front Sight Mid",
            "from": [ -0.9000000134110451, 10.000000029802322, 7.700000010430813 ], 
            "to": [ -0.20000001788139343, 10.500000019371509, 8.300000004470348 ], 
            "faces": {
                "north": { "texture": "#normal_gun_texture", "uv": [ 4.0, 5.0, 6.0, 6.4000000059604645 ] },
                "east": { "texture": "#normal_gun_texture", "uv": [ 3.0, 3.0, 4.4000000059604645, 4.4000000059604645 ] },
                "south": { "texture": "#normal_gun_texture", "uv": [ 8.0, 11.0, 10.0, 12.400000005960464 ] },
                "west": { "texture": "#normal_gun_texture", "uv": [ 9.0, 6.0, 11.400000005960464, 8.400000005960464 ] },
                "up": { "texture": "#normal_gun_texture", "uv": [ 12.0, 7.0, 14.0, 9.400000005960464 ] },
                "down": { "texture": "#normal_gun_texture", "uv": [ 4.0, 14.0, 6.0, 15.400000005960464 ] }
            }
        },
        {
            "name": "Front Sight Mid Upper",
            "from": [ -0.800000011920929, 10.500000037252903, 7.800000011920929 ], 
            "to": [ -0.30000001937150955, 11.00000002682209, 8.200000002980232 ], 
            "faces": {
                "north": { "texture": "#normal_gun_texture", "uv": [ 4.0, 4.0, 5.0, 5.4000000059604645 ] },
                "east": { "texture": "#normal_gun_texture", "uv": [ 3.0, 2.0, 4.4000000059604645, 3.4000000059604645 ] },
                "south": { "texture": "#normal_gun_texture", "uv": [ 8.0, 11.0, 10.0, 12.400000005960464 ] },
                "west": { "texture": "#normal_gun_texture", "uv": [ 9.0, 4.0, 10.400000005960464, 5.4000000059604645 ] },
                "up": { "texture": "#normal_gun_texture", "uv": [ 12.0, 7.0, 14.0, 9.400000005960464 ] },
                "down": { "texture": "#normal_gun_texture", "uv": [ 4.0, 14.0, 6.0, 15.400000005960464 ] }
            }
        },
        {
            "name": "Front Sight Main Bottom",
            "from": [ -0.800000011920929, 11.000000044703484, 7.800000011920929 ], 
            "to": [ -0.30000001937150955, 11.100000028312206, 8.200000002980232 ], 
            "faces": {
                "north": { "texture": "#normal_gun_texture", "uv": [ 4.0, 5.0, 6.0, 6.4000000059604645 ] },
                "east": { "texture": "#normal_gun_texture", "uv": [ 3.0, 3.0, 4.4000000059604645, 4.4000000059604645 ] },
                "south": { "texture": "#normal_gun_texture", "uv": [ 8.0, 11.0, 10.0, 12.400000005960464 ] },
                "west": { "texture": "#normal_gun_texture", "uv": [ 9.0, 6.0, 11.400000005960464, 8.400000005960464 ] },
                "up": { "texture": "#normal_gun_texture", "uv": [ 12.0, 7.0, 14.0, 9.400000005960464 ] },
                "down": { "texture": "#normal_gun_texture", "uv": [ 4.0, 14.0, 6.0, 15.400000005960464 ] }
            }
        },
        {
            "name": "Front Sight Main Top",
            "from": [ -0.800000011920929, 11.500000052154064, 7.800000011920929 ], 
            "to": [ -0.30000001937150955, 11.600000035762786, 8.200000002980232 ], 
            "faces": {
                "north": { "texture": "#normal_gun_texture", "uv": [ 4.0, 5.0, 6.0, 6.4000000059604645 ] },
                "east": { "texture": "#normal_gun_texture", "uv": [ 3.0, 3.0, 4.4000000059604645, 4.4000000059604645 ] },
                "south": { "texture": "#normal_gun_texture", "uv": [ 8.0, 11.0, 10.0, 12.400000005960464 ] },
                "west": { "texture": "#normal_gun_texture", "uv": [ 9.0, 6.0, 11.400000005960464, 8.400000005960464 ] },
                "up": { "texture": "#normal_gun_texture", "uv": [ 12.0, 7.0, 14.0, 9.400000005960464 ] },
                "down": { "texture": "#normal_gun_texture", "uv": [ 4.0, 14.0, 6.0, 15.400000005960464 ] }
            }
        },
        {
            "name": "Front Sight Main Right",
            "from": [ -0.800000011920929, 11.1000000461936, 7.700000010430813 ], 
            "to": [ -0.30000001937150955, 11.50000003427267, 7.799999997019768 ], 
            "faces": {
                "north": { "texture": "#normal_gun_texture", "uv": [ 4.0, 5.0, 6.0, 6.4000000059604645 ] },
                "east": { "texture": "#normal_gun_texture", "uv": [ 3.0, 3.0, 4.4000000059604645, 4.4000000059604645 ] },
                "south": { "texture": "#normal_gun_texture", "uv": [ 8.0, 11.0, 10.0, 12.400000005960464 ] },
                "west": { "texture": "#normal_gun_texture", "uv": [ 9.0, 6.0, 11.400000005960464, 8.400000005960464 ] },
                "up": { "texture": "#normal_gun_texture", "uv": [ 12.0, 7.0, 14.0, 9.400000005960464 ] },
                "down": { "texture": "#normal_gun_texture", "uv": [ 4.0, 14.0, 6.0, 15.400000005960464 ] }
            }
        },
        {
            "name": "Front Sight Main Left",
            "from": [ -0.800000011920929, 11.1000000461936, 8.200000017881393 ], 
            "to": [ -0.30000001937150955, 11.50000003427267, 8.300000004470348 ], 
            "faces": {
                "north": { "texture": "#normal_gun_texture", "uv": [ 4.0, 5.0, 6.0, 6.4000000059604645 ] },
                "east": { "texture": "#normal_gun_texture", "uv": [ 3.0, 3.0, 4.4000000059604645, 4.4000000059604645 ] },
                "south": { "texture": "#normal_gun_texture", "uv": [ 8.0, 11.0, 10.0, 12.400000005960464 ] },
                "west": { "texture": "#normal_gun_texture", "uv": [ 9.0, 6.0, 11.400000005960464, 8.400000005960464 ] },
                "up": { "texture": "#normal_gun_texture", "uv": [ 12.0, 7.0, 14.0, 9.400000005960464 ] },
                "down": { "texture": "#normal_gun_texture", "uv": [ 4.0, 14.0, 6.0, 15.400000005960464 ] }
            }
        },
        {
            "name": "Front Barrel BF Deco",
            "from": [ -0.7000000104308128, 7.400000020861626, 7.900000013411045 ], 
            "to": [ -0.4000000059604645, 8.200000017881393, 8.100000001490116 ], 
            "faces": {
                "north": { "texture": "#bright_gun_texture", "uv": [ 4.0, 5.0, 6.0, 6.4000000059604645 ] },
                "east": { "texture": "#bright_gun_texture", "uv": [ 3.0, 3.0, 4.4000000059604645, 4.4000000059604645 ] },
                "south": { "texture": "#bright_gun_texture", "uv": [ 8.0, 11.0, 10.0, 12.400000005960464 ] },
                "west": { "texture": "#bright_gun_texture", "uv": [ 9.0, 6.0, 10.400000005960464, 7.4000000059604645 ] },
                "up": { "texture": "#bright_gun_texture", "uv": [ 12.0, 7.0, 14.0, 8.400000005960464 ] },
                "down": { "texture": "#bright_gun_texture", "uv": [ 4.0, 14.0, 6.0, 15.400000005960464 ] }
            }
        },
        {
            "name": "Back Barrel Front",
            "from": [ -1.1000000014901161, 8.900000013411045, 7.300000004470348 ], 
            "to": [ -0.8999999985098839, 9.900000013411045, 8.700000010430813 ], 
            "faces": {
                "north": { "texture": "#bright_gun_texture", "uv": [ 4.0, 5.0, 5.0, 6.4000000059604645 ] },
                "east": { "texture": "#bright_gun_texture", "uv": [ 3.0, 3.0, 4.4000000059604645, 4.4000000059604645 ] },
                "south": { "texture": "#bright_gun_texture", "uv": [ 8.0, 11.0, 10.0, 12.400000005960464 ] },
                "west": { "texture": "#bright_gun_texture", "uv": [ 9.0, 6.0, 11.400000005960464, 6.4000000059604645 ] },
                "up": { "texture": "#bright_gun_texture", "uv": [ 12.0, 7.0, 14.0, 9.400000005960464 ] },
                "down": { "texture": "#bright_gun_texture", "uv": [ 4.0, 14.0, 6.0, 15.400000005960464 ] }
            }
        },
        {
            "name": "Front Attachment",
            "from": [ -1.5000000074505806, 9.200000017881393, 7.800000011920929 ], 
            "to": [ -1.0000000149011612, 9.70000000745058, 8.200000002980232 ], 
            "faces": {
                "north": { "texture": "#normal_gun_texture", "uv": [ 4.0, 4.0, 5.0, 5.4000000059604645 ] },
                "east": { "texture": "#normal_gun_texture", "uv": [ 3.0, 2.0, 4.4000000059604645, 3.4000000059604645 ] },
                "south": { "texture": "#normal_gun_texture", "uv": [ 8.0, 11.0, 10.0, 12.400000005960464 ] },
                "west": { "texture": "#normal_gun_texture", "uv": [ 9.0, 4.0, 10.400000005960464, 5.4000000059604645 ] },
                "up": { "texture": "#normal_gun_texture", "uv": [ 12.0, 7.0, 14.0, 9.400000005960464 ] },
                "down": { "texture": "#normal_gun_texture", "uv": [ 4.0, 14.0, 6.0, 15.400000005960464 ] }
            }
        },
        {
            "name": "Flash Suppressor",
            "from": [ -6.100000001490116, 8.000000014901161, 7.600000008940697 ], 
            "to": [ -4.100000001490116, 8.800000011920929, 8.400000005960464 ], 
            "faces": {
                "north": { "texture": "#normal_gun_texture", "uv": [ 4.0, 5.0, 6.0, 6.4000000059604645 ] },
                "east": { "texture": "#normal_gun_texture", "uv": [ 3.0, 3.0, 4.4000000059604645, 4.4000000059604645 ] },
                "south": { "texture": "#normal_gun_texture", "uv": [ 8.0, 11.0, 10.0, 12.400000005960464 ] },
                "west": { "texture": "#normal_gun_texture", "uv": [ 9.0, 6.0, 10.400000005960464, 7.4000000059604645 ] },
                "up": { "texture": "#normal_gun_texture", "uv": [ 12.0, 7.0, 14.0, 8.400000005960464 ] },
                "down": { "texture": "#normal_gun_texture", "uv": [ 4.0, 14.0, 6.0, 15.400000005960464 ] }
            }
        },
        {
            "name": "Body Top Piece",
            "from": [ 8.999999985098839, 9.900000028312206, 7.500000022351742 ], 
            "to": [ 17.100000001490116, 10.200000002980232, 8.49999999254942 ], 
            "faces": {
                "north": { "texture": "#normal_gun_texture", "uv": [ 6.0, 7.0, 9.0, 7.799999997019768 ] },
                "east": { "texture": "#normal_gun_texture", "uv": [ 6.0, 6.0, 8.799999997019768, 8.799999997019768 ] },
                "south": { "texture": "#normal_gun_texture", "uv": [ 6.0, 8.0, 8.0, 8.799999997019768 ] },
                "west": { "texture": "#normal_gun_texture", "uv": [ 3.0, 6.0, 5.799999997019768, 8.799999997019768 ] },
                "up": { "texture": "#normal_gun_texture", "uv": [ 5.0, 13.0, 12.0, 15.799999997019768 ] },
                "down": { "texture": "#normal_gun_texture", "uv": [ 0.0, 12.0, 7.0, 14.799999997019768 ] }
            }
        },
        {
            "name": "Scope Mid Top",
            "from": [ 10.599999994039536, 12.300000004470348, 7.600000008940697 ], 
            "to": [ 15.999999985098839, 12.400000005960464, 8.400000005960464 ], 
            "faces": {
                "north": { "texture": "#bright_gun_texture", "uv": [ 6.0, 10.0, 9.299999989569187, 10.600000008940697 ] },
                "east": { "texture": "#bright_gun_texture", "uv": [ 4.0, 9.0, 5.600000008940697, 10.600000008940697 ] },
                "south": { "texture": "#bright_gun_texture", "uv": [ 5.0, 10.0, 8.299999989569187, 10.600000008940697 ] },
                "west": { "texture": "#bright_gun_texture", "uv": [ 4.0, 11.0, 5.600000008940697, 12.600000008940697 ] },
                "up": { "texture": "#bright_gun_texture", "uv": [ 4.0, 11.0, 7.299999989569187, 11.600000008940697 ] },
                "down": { "texture": "#bright_gun_texture", "uv": [ 2.0, 9.0, 5.299999989569187, 9.600000008940697 ] }
            }
        },
        {
            "name": "Scope Mid Bottom Right",
            "from": [ 11.000000029802322, 10.799999997019768, 7.700000010430813 ], 
            "to": [ 16.00000001490116, 10.899999998509884, 8.300000004470348 ], 
            "rotation": { "origin": [ 13.0, 11.599999994039536, 8.0 ], "axis": "x", "angle": 45.0 },
            "faces": {
                "north": { "texture": "#bright_gun_texture", "uv": [ 6.0, 10.0, 9.299999989569187, 10.600000008940697 ] },
                "east": { "texture": "#bright_gun_texture", "uv": [ 4.0, 9.0, 5.600000008940697, 10.600000008940697 ] },
                "south": { "texture": "#bright_gun_texture", "uv": [ 5.0, 10.0, 8.299999989569187, 10.600000008940697 ] },
                "west": { "texture": "#bright_gun_texture", "uv": [ 4.0, 11.0, 5.600000008940697, 12.600000008940697 ] },
                "up": { "texture": "#bright_gun_texture", "uv": [ 4.0, 11.0, 7.299999989569187, 11.600000008940697 ] },
                "down": { "texture": "#bright_gun_texture", "uv": [ 2.0, 9.0, 5.299999989569187, 9.600000008940697 ] }
            }
        },
        {
            "name": "Scope Mid Bottom Left",
            "from": [ 11.000000029802322, 10.799999997019768, 7.700000010430813 ], 
            "to": [ 16.00000001490116, 10.899999998509884, 8.300000004470348 ], 
            "rotation": { "origin": [ 13.0, 11.599999994039536, 8.0 ], "axis": "x", "angle": -45.0 },
            "faces": {
                "north": { "texture": "#bright_gun_texture", "uv": [ 6.0, 10.0, 9.299999989569187, 10.600000008940697 ] },
                "east": { "texture": "#bright_gun_texture", "uv": [ 4.0, 9.0, 5.600000008940697, 10.600000008940697 ] },
                "south": { "texture": "#bright_gun_texture", "uv": [ 5.0, 10.0, 8.299999989569187, 10.600000008940697 ] },
                "west": { "texture": "#bright_gun_texture", "uv": [ 4.0, 11.0, 5.600000008940697, 12.600000008940697 ] },
                "up": { "texture": "#bright_gun_texture", "uv": [ 4.0, 11.0, 7.299999989569187, 11.600000008940697 ] },
                "down": { "texture": "#bright_gun_texture", "uv": [ 2.0, 9.0, 5.299999989569187, 9.600000008940697 ] }
            }
        },
        {
            "name": "Scope Mid Bottom",
            "from": [ 11.000000029802322, 10.799999997019768, 7.600000008940697 ], 
            "to": [ 16.00000001490116, 10.899999998509884, 8.400000005960464 ], 
            "faces": {
                "north": { "texture": "#bright_gun_texture", "uv": [ 6.0, 10.0, 9.299999989569187, 10.600000008940697 ] },
                "east": { "texture": "#bright_gun_texture", "uv": [ 4.0, 9.0, 5.600000008940697, 10.600000008940697 ] },
                "south": { "texture": "#bright_gun_texture", "uv": [ 5.0, 10.0, 8.299999989569187, 10.600000008940697 ] },
                "west": { "texture": "#bright_gun_texture", "uv": [ 4.0, 11.0, 5.600000008940697, 12.600000008940697 ] },
                "up": { "texture": "#bright_gun_texture", "uv": [ 4.0, 11.0, 7.299999989569187, 11.600000008940697 ] },
                "down": { "texture": "#bright_gun_texture", "uv": [ 2.0, 9.0, 5.299999989569187, 9.600000008940697 ] }
            }
        },
        {
            "name": "Scope Mid Top Left",
            "from": [ 10.600000023841858, 12.300000004470348, 7.700000010430813 ], 
            "to": [ 16.00000001490116, 12.400000005960464, 8.300000004470348 ], 
            "rotation": { "origin": [ 13.0, 11.599999994039536, 8.0 ], "axis": "x", "angle": 45.0 },
            "faces": {
                "north": { "texture": "#bright_gun_texture", "uv": [ 6.0, 10.0, 9.299999989569187, 10.600000008940697 ] },
                "east": { "texture": "#bright_gun_texture", "uv": [ 4.0, 9.0, 5.600000008940697, 10.600000008940697 ] },
                "south": { "texture": "#bright_gun_texture", "uv": [ 5.0, 10.0, 8.299999989569187, 10.600000008940697 ] },
                "west": { "texture": "#bright_gun_texture", "uv": [ 4.0, 11.0, 5.600000008940697, 12.600000008940697 ] },
                "up": { "texture": "#bright_gun_texture", "uv": [ 4.0, 11.0, 7.299999989569187, 11.600000008940697 ] },
                "down": { "texture": "#bright_gun_texture", "uv": [ 2.0, 9.0, 5.299999989569187, 9.600000008940697 ] }
            }
        },
        {
            "name": "Scope Mid Top Right",
            "from": [ 10.600000023841858, 12.300000004470348, 7.700000010430813 ], 
            "to": [ 16.00000001490116, 12.400000005960464, 8.300000004470348 ], 
            "rotation": { "origin": [ 13.0, 11.599999994039536, 8.0 ], "axis": "x", "angle": -45.0 },
            "faces": {
                "north": { "texture": "#bright_gun_texture", "uv": [ 6.0, 10.0, 9.299999989569187, 10.600000008940697 ] },
                "east": { "texture": "#bright_gun_texture", "uv": [ 4.0, 9.0, 5.600000008940697, 10.600000008940697 ] },
                "south": { "texture": "#bright_gun_texture", "uv": [ 5.0, 10.0, 8.299999989569187, 10.600000008940697 ] },
                "west": { "texture": "#bright_gun_texture", "uv": [ 4.0, 11.0, 5.600000008940697, 12.600000008940697 ] },
                "up": { "texture": "#bright_gun_texture", "uv": [ 4.0, 11.0, 7.299999989569187, 11.600000008940697 ] },
                "down": { "texture": "#bright_gun_texture", "uv": [ 2.0, 9.0, 5.299999989569187, 9.600000008940697 ] }
            }
        },
        {
            "name": "Scope Mid Left",
            "from": [ 10.80000002682209, 11.200000002980232, 8.700000010430813 ], 
            "to": [ 16.00000001490116, 12.000000014901161, 8.799999997019768 ], 
            "faces": {
                "north": { "texture": "#bright_gun_texture", "uv": [ 6.0, 10.0, 9.299999989569187, 10.600000008940697 ] },
                "east": { "texture": "#bright_gun_texture", "uv": [ 4.0, 9.0, 5.600000008940697, 10.600000008940697 ] },
                "south": { "texture": "#bright_gun_texture", "uv": [ 5.0, 10.0, 8.299999989569187, 10.600000008940697 ] },
                "west": { "texture": "#bright_gun_texture", "uv": [ 4.0, 11.0, 5.600000008940697, 12.600000008940697 ] },
                "up": { "texture": "#bright_gun_texture", "uv": [ 4.0, 11.0, 7.299999989569187, 11.600000008940697 ] },
                "down": { "texture": "#bright_gun_texture", "uv": [ 2.0, 9.0, 5.299999989569187, 9.600000008940697 ] }
            }
        },
        {
            "name": "Scope Mid Right",
            "from": [ 10.80000002682209, 11.200000002980232, 7.199999988079071 ], 
            "to": [ 16.00000001490116, 12.000000005960464, 7.299999974668026 ], 
            "faces": {
                "north": { "texture": "#bright_gun_texture", "uv": [ 6.0, 10.0, 9.299999989569187, 10.600000008940697 ] },
                "east": { "texture": "#bright_gun_texture", "uv": [ 4.0, 9.0, 5.600000008940697, 10.600000008940697 ] },
                "south": { "texture": "#bright_gun_texture", "uv": [ 5.0, 10.0, 8.299999989569187, 10.600000008940697 ] },
                "west": { "texture": "#bright_gun_texture", "uv": [ 4.0, 11.0, 5.600000008940697, 12.600000008940697 ] },
                "up": { "texture": "#bright_gun_texture", "uv": [ 4.0, 11.0, 7.299999989569187, 11.600000008940697 ] },
                "down": { "texture": "#bright_gun_texture", "uv": [ 2.0, 9.0, 5.299999989569187, 9.600000008940697 ] }
            }
        },
        {
            "name": "ss1",
            "from": [ 13.600000008940697, 12.400000005960464, 7.600000008940697 ], 
            "to": [ 14.199999988079071, 12.50000000745058, 8.400000005960464 ], 
            "faces": {
                "north": { "texture": "#normal_gun_texture", "uv": [ 6.0, 10.0, 9.299999989569187, 10.600000008940697 ] },
                "east": { "texture": "#normal_gun_texture", "uv": [ 4.0, 9.0, 5.600000008940697, 10.600000008940697 ] },
                "south": { "texture": "#normal_gun_texture", "uv": [ 5.0, 10.0, 8.299999989569187, 10.600000008940697 ] },
                "west": { "texture": "#normal_gun_texture", "uv": [ 4.0, 11.0, 5.600000008940697, 12.600000008940697 ] },
                "up": { "texture": "#normal_gun_texture", "uv": [ 4.0, 11.0, 7.299999989569187, 11.600000008940697 ] },
                "down": { "texture": "#normal_gun_texture", "uv": [ 2.0, 9.0, 5.299999989569187, 9.600000008940697 ] }
            }
        },
        {
            "name": "ss2",
            "from": [ 13.600000038743019, 10.699999995529652, 7.600000008940697 ], 
            "to": [ 14.200000017881393, 10.799999997019768, 8.400000005960464 ], 
            "rotation": { "origin": [ 13.0, 11.599999994039536, 8.0 ], "axis": "x", "angle": 45.0 },
            "faces": {
                "north": { "texture": "#normal_gun_texture", "uv": [ 6.0, 10.0, 9.299999989569187, 10.600000008940697 ] },
                "east": { "texture": "#normal_gun_texture", "uv": [ 4.0, 9.0, 5.600000008940697, 10.600000008940697 ] },
                "south": { "texture": "#normal_gun_texture", "uv": [ 5.0, 10.0, 8.299999989569187, 10.600000008940697 ] },
                "west": { "texture": "#normal_gun_texture", "uv": [ 4.0, 11.0, 5.600000008940697, 12.600000008940697 ] },
                "up": { "texture": "#normal_gun_texture", "uv": [ 4.0, 11.0, 7.299999989569187, 11.600000008940697 ] },
                "down": { "texture": "#normal_gun_texture", "uv": [ 2.0, 9.0, 5.299999989569187, 9.600000008940697 ] }
            }
        },
        {
            "name": "ss3",
            "from": [ 13.600000008940697, 10.699999995529652, 7.600000008940697 ], 
            "to": [ 14.199999988079071, 10.799999997019768, 8.400000005960464 ], 
            "rotation": { "origin": [ 13.0, 11.599999994039536, 8.0 ], "axis": "x", "angle": -45.0 },
            "faces": {
                "north": { "texture": "#normal_gun_texture", "uv": [ 6.0, 10.0, 9.299999989569187, 10.600000008940697 ] },
                "east": { "texture": "#normal_gun_texture", "uv": [ 4.0, 9.0, 5.600000008940697, 10.600000008940697 ] },
                "south": { "texture": "#normal_gun_texture", "uv": [ 5.0, 10.0, 8.299999989569187, 10.600000008940697 ] },
                "west": { "texture": "#normal_gun_texture", "uv": [ 4.0, 11.0, 5.600000008940697, 12.600000008940697 ] },
                "up": { "texture": "#normal_gun_texture", "uv": [ 4.0, 11.0, 7.299999989569187, 11.600000008940697 ] },
                "down": { "texture": "#normal_gun_texture", "uv": [ 2.0, 9.0, 5.299999989569187, 9.600000008940697 ] }
            }
        },
        {
            "name": "ss4",
            "from": [ 13.600000023841858, 10.699999995529652, 7.600000008940697 ], 
            "to": [ 14.200000002980232, 10.799999997019768, 8.400000005960464 ], 
            "faces": {
                "north": { "texture": "#normal_gun_texture", "uv": [ 6.0, 10.0, 9.299999989569187, 10.600000008940697 ] },
                "east": { "texture": "#normal_gun_texture", "uv": [ 4.0, 9.0, 5.600000008940697, 10.600000008940697 ] },
                "south": { "texture": "#normal_gun_texture", "uv": [ 5.0, 10.0, 8.299999989569187, 10.600000008940697 ] },
                "west": { "texture": "#normal_gun_texture", "uv": [ 4.0, 11.0, 5.600000008940697, 12.600000008940697 ] },
                "up": { "texture": "#normal_gun_texture", "uv": [ 4.0, 11.0, 7.299999989569187, 11.600000008940697 ] },
                "down": { "texture": "#normal_gun_texture", "uv": [ 2.0, 9.0, 5.299999989569187, 9.600000008940697 ] }
            }
        },
        {
            "name": "ss5",
            "from": [ 13.600000023841858, 12.400000005960464, 7.600000008940697 ], 
            "to": [ 14.200000002980232, 12.50000000745058, 8.400000005960464 ], 
            "rotation": { "origin": [ 13.0, 11.599999994039536, 8.0 ], "axis": "x", "angle": 45.0 },
            "faces": {
                "north": { "texture": "#normal_gun_texture", "uv": [ 6.0, 10.0, 9.299999989569187, 10.600000008940697 ] },
                "east": { "texture": "#normal_gun_texture", "uv": [ 4.0, 9.0, 5.600000008940697, 10.600000008940697 ] },
                "south": { "texture": "#normal_gun_texture", "uv": [ 5.0, 10.0, 8.299999989569187, 10.600000008940697 ] },
                "west": { "texture": "#normal_gun_texture", "uv": [ 4.0, 11.0, 5.600000008940697, 12.600000008940697 ] },
                "up": { "texture": "#normal_gun_texture", "uv": [ 4.0, 11.0, 7.299999989569187, 11.600000008940697 ] },
                "down": { "texture": "#normal_gun_texture", "uv": [ 2.0, 9.0, 5.299999989569187, 9.600000008940697 ] }
            }
        },
        {
            "name": "ss6",
            "from": [ 13.599999994039536, 12.400000005960464, 7.600000008940697 ], 
            "to": [ 14.19999997317791, 12.50000000745058, 8.400000005960464 ], 
            "rotation": { "origin": [ 13.0, 11.599999994039536, 8.0 ], "axis": "x", "angle": -45.0 },
            "faces": {
                "north": { "texture": "#normal_gun_texture", "uv": [ 6.0, 10.0, 9.299999989569187, 10.600000008940697 ] },
                "east": { "texture": "#normal_gun_texture", "uv": [ 4.0, 9.0, 5.600000008940697, 10.600000008940697 ] },
                "south": { "texture": "#normal_gun_texture", "uv": [ 5.0, 10.0, 8.299999989569187, 10.600000008940697 ] },
                "west": { "texture": "#normal_gun_texture", "uv": [ 4.0, 11.0, 5.600000008940697, 12.600000008940697 ] },
                "up": { "texture": "#normal_gun_texture", "uv": [ 4.0, 11.0, 7.299999989569187, 11.600000008940697 ] },
                "down": { "texture": "#normal_gun_texture", "uv": [ 2.0, 9.0, 5.299999989569187, 9.600000008940697 ] }
            }
        },
        {
            "name": "ssL",
            "from": [ 13.600000023841858, 11.200000002980232, 8.800000011920929 ], 
            "to": [ 14.200000002980232, 12.000000014901161, 8.899999998509884 ], 
            "faces": {
                "north": { "texture": "#normal_gun_texture", "uv": [ 6.0, 10.0, 9.299999989569187, 10.600000008940697 ] },
                "east": { "texture": "#normal_gun_texture", "uv": [ 4.0, 9.0, 5.600000008940697, 10.600000008940697 ] },
                "south": { "texture": "#normal_gun_texture", "uv": [ 5.0, 10.0, 8.299999989569187, 10.600000008940697 ] },
                "west": { "texture": "#normal_gun_texture", "uv": [ 4.0, 11.0, 5.600000008940697, 12.600000008940697 ] },
                "up": { "texture": "#normal_gun_texture", "uv": [ 4.0, 11.0, 7.299999989569187, 11.600000008940697 ] },
                "down": { "texture": "#normal_gun_texture", "uv": [ 2.0, 9.0, 5.299999989569187, 9.600000008940697 ] }
            }
        },
        {
            "name": "ssR",
            "from": [ 13.600000023841858, 11.200000002980232, 7.099999986588955 ], 
            "to": [ 14.200000002980232, 12.000000005960464, 7.19999997317791 ], 
            "faces": {
                "north": { "texture": "#normal_gun_texture", "uv": [ 6.0, 10.0, 9.299999989569187, 10.600000008940697 ] },
                "east": { "texture": "#normal_gun_texture", "uv": [ 4.0, 9.0, 5.600000008940697, 10.600000008940697 ] },
                "south": { "texture": "#normal_gun_texture", "uv": [ 5.0, 10.0, 8.299999989569187, 10.600000008940697 ] },
                "west": { "texture": "#normal_gun_texture", "uv": [ 4.0, 11.0, 5.600000008940697, 12.600000008940697 ] },
                "up": { "texture": "#normal_gun_texture", "uv": [ 4.0, 11.0, 7.299999989569187, 11.600000008940697 ] },
                "down": { "texture": "#normal_gun_texture", "uv": [ 2.0, 9.0, 5.299999989569187, 9.600000008940697 ] }
            }
        },
        {
            "name": "Scope Top Piece",
            "from": [ 13.600000008940697, 12.50000000745058, 7.700000010430813 ], 
            "to": [ 14.199999988079071, 12.700000010430813, 8.300000004470348 ], 
            "faces": {
                "north": { "texture": "#normal_gun_texture", "uv": [ 6.0, 10.0, 9.299999989569187, 10.600000008940697 ] },
                "east": { "texture": "#normal_gun_texture", "uv": [ 4.0, 9.0, 5.600000008940697, 10.600000008940697 ] },
                "south": { "texture": "#normal_gun_texture", "uv": [ 5.0, 10.0, 8.299999989569187, 10.600000008940697 ] },
                "west": { "texture": "#normal_gun_texture", "uv": [ 4.0, 11.0, 5.600000008940697, 12.600000008940697 ] },
                "up": { "texture": "#normal_gun_texture", "uv": [ 4.0, 11.0, 7.299999989569187, 11.600000008940697 ] },
                "down": { "texture": "#normal_gun_texture", "uv": [ 2.0, 9.0, 5.299999989569187, 9.600000008940697 ] }
            }
        },
        {
            "name": "Scope Targeter",
            "from": [ 15.400000005960464, 12.400000005960464, 7.800000011920929 ], 
            "to": [ 15.599999979138374, 13.0, 8.200000002980232 ], 
            "faces": {
                "north": { "texture": "#normal_gun_texture", "uv": [ 6.0, 10.0, 9.299999989569187, 10.600000008940697 ] },
                "east": { "texture": "#normal_gun_texture", "uv": [ 4.0, 9.0, 5.600000008940697, 10.600000008940697 ] },
                "south": { "texture": "#normal_gun_texture", "uv": [ 5.0, 10.0, 8.299999989569187, 10.600000008940697 ] },
                "west": { "texture": "#normal_gun_texture", "uv": [ 4.0, 11.0, 5.600000008940697, 12.600000008940697 ] },
                "up": { "texture": "#normal_gun_texture", "uv": [ 4.0, 11.0, 7.299999989569187, 11.600000008940697 ] },
                "down": { "texture": "#normal_gun_texture", "uv": [ 2.0, 9.0, 5.299999989569187, 9.600000008940697 ] }
            }
        }
    ],
    "display": {
        "thirdperson_righthand": {
            "rotation": [ 0, 270, -60 ],
            "translation": [ 0, 5, 3 ],
            "scale": [ 0.67, 0.67, 0.67 ]
        },
		"thirdperson_lefthand": {
			"rotation": [ 0, 90, 180 ],
			"translation": [ 0, 1, 12 ],
            "scale": [ 0.67, 0.67, 0.67 ]
        },
        "firstperson_righthand": {
            "rotation": [ 0, -90, 0 ],
            "translation": [ -2, 4, -5 ],
            "scale": [ 0.9, 0.9, 0.9 ]
        },
		"firstperson_lefthand": {
            "rotation": [ 0, 90, 90 ],
			"translation": [ 5, 5, -5 ],
            "scale": [ 0.9, 0.9, 0.9 ]
        },
        "head": {
			"rotation": [ 0, -90, 0 ],
			"translation": [ 0, 12, 0 ],
			"scale": [ 0.6, 0.6, 0.6 ]
        },
        "ground": {
            "rotation": [ 90, 0, 0 ],
            "translation": [ 0, -2, 0 ],
            "scale": [ 0.67, 0.67, 0.67 ]
        },
        "gui": {
            "rotation": [ -20, 30, 0 ],
            "translation": [ 0, 0, 0 ],
            "scale": [ 0.5, 0.5, 0.5 ]
        }
    }
}