{
"__comment": "© Le0, Mineland.eu 2019 | www.mineland.eu",
"textures": {
    "bright_gun_texture": "guns/automaty/bright_gun_texture",
    "wood": "guns/automaty/wood"
},
"elements": [ 
{
    "from": [ 0, 8, 7.25 ],
    "to": [ 16, 9, 8.75 ],
    "faces": {
        "down":  { "uv": [ 4, 11.25, 12, 12 ], "texture": "#bright_gun_texture" },
        "up":    { "uv": [ 4, 11.25, 12, 12 ], "texture": "#bright_gun_texture" },
        "north": { "uv": [ 12, 11.5, 4, 12 ], "texture": "#bright_gun_texture" },
        "south": { "uv": [ 4, 11.5, 12, 12 ], "texture": "#bright_gun_texture" },
        "west":  { "uv": [ 7.625, 11.5, 8.375, 12 ], "texture": "#bright_gun_texture" },
        "east":  { "uv": [ 7.625, 11.5, 8.375, 12 ], "texture": "#bright_gun_texture" }
    }
},
{
    "from": [ -10, 7, 7.5 ],
    "to": [ 0, 8.875, 8.5 ],
    "faces": {
        "down":  { "uv": [ 0.125, 12.125, 5.125, 12.625 ], "texture": "#bright_gun_texture" },
        "up":    { "uv": [ 0.125, 11.375, 5.125, 11.875 ], "texture": "#bright_gun_texture" },
        "north": { "uv": [ 5, 11.5625, 0, 12.5 ], "texture": "#bright_gun_texture" },
        "south": { "uv": [ 0, 11.5625, 5, 12.5 ], "texture": "#bright_gun_texture" },
        "west":  { "uv": [ 7.75, 11.5625, 8.25, 12.5 ], "texture": "#bright_gun_texture" },
        "east":  { "uv": [ 7.75, 11.5625, 8.25, 12.5 ], "texture": "#bright_gun_texture" }
    }
},
{
    "from": [ 0, 6.5, 7 ],
    "to": [ 7, 8, 9 ],
    "faces": {
        "down":  { "uv": [ 12, 8.5, 8.5, 7.5 ], "texture": "#bright_gun_texture" },
        "up":    { "uv": [ 4, 7.5, 7.5, 8.5 ], "texture": "#bright_gun_texture" },
        "north": { "uv": [ 8.5, 12, 12, 12.75 ], "texture": "#bright_gun_texture" },
        "south": { "uv": [ 4, 12, 7.5, 12.75 ], "texture": "#bright_gun_texture" },
        "west":  { "uv": [ 7.5, 12, 8.5, 12.75 ], "texture": "#bright_gun_texture" },
        "east":  { "uv": [ 7.5, 12, 8.5, 12.75 ], "texture": "#bright_gun_texture" }
    }
},
{
    "from": [ -7.625, 7, 7.25 ],
    "to": [ 0, 8, 8.75 ],
    "faces": {
        "down":  { "uv": [ 15.8125, 8.375, 12, 7.625 ], "texture": "#bright_gun_texture" },
        "up":    { "uv": [ 0.1875, 7.625, 4, 8.375 ], "texture": "#bright_gun_texture" },
        "north": { "uv": [ 12, 12, 15.8125, 12.5 ], "texture": "#bright_gun_texture" },
        "south": { "uv": [ 0.1875, 12, 4, 12.5 ], "texture": "#bright_gun_texture" },
        "west":  { "uv": [ 7.625, 12, 8.375, 12.5 ], "texture": "#bright_gun_texture" },
        "east":  { "uv": [ 7.625, 12, 8.375, 12.5 ], "texture": "#bright_gun_texture" }
    }
},
{
    "from": [ -15, 7.125, 7.6875 ],
    "to": [ -10, 7.75, 8.3125 ],
    "faces": {
        "down":  { "uv": [ 0, 7.8125, 2.5, 8.125 ], "texture": "#bright_gun_texture" },
        "up":    { "uv": [ 0, 7.8125, 2.5, 8.125 ], "texture": "#bright_gun_texture" },
        "north": { "uv": [ 0, 12.125, 2.5, 12.4375 ], "texture": "#bright_gun_texture" },
        "south": { "uv": [ 0, 12.125, 2.5, 12.4375 ], "texture": "#bright_gun_texture" },
        "west":  { "uv": [ 7.8125, 12.125, 8.125, 12.4375 ], "texture": "#bright_gun_texture" },
        "east":  { "uv": [ 7.8125, 12.125, 8.125, 12.4375 ], "texture": "#bright_gun_texture" }
    }
},
{
    "from": [ -12, 8.375, 7.875 ],
    "to": [ -10, 8.625, 8.125 ],
    "faces": {
        "down":  { "uv": [ 16, 8.0625, 16, 7.9375 ], "texture": "#bright_gun_texture" },
        "up":    { "uv": [ 0, 7.9375, 0, 8.0625 ], "texture": "#bright_gun_texture" },
        "north": { "uv": [ 16, 11.6875, 16, 11.8125 ], "texture": "#bright_gun_texture" },
        "south": { "uv": [ 0, 11.6875, 0, 11.8125 ], "texture": "#bright_gun_texture" },
        "west":  { "uv": [ 7.9375, 11.6875, 8.0625, 11.8125 ], "texture": "#bright_gun_texture" },
        "east":  { "uv": [ 7.9375, 11.6875, 8.0625, 11.8125 ], "texture": "#bright_gun_texture" }
    }
},
{
    "from": [ 7, 7, 7.25 ],
    "to": [ 16, 7.75, 8.75 ],
    "faces": {
        "down":  { "uv": [ 8.5, 8.375, 4, 7.625 ], "texture": "#bright_gun_texture" },
        "up":    { "uv": [ 7.5, 7.625, 12, 8.375 ], "texture": "#bright_gun_texture" },
        "north": { "uv": [ 12, 12.125, 7.5, 12.5 ], "texture": "#bright_gun_texture" },
        "south": { "uv": [ 7.5, 12.125, 12, 12.5 ], "texture": "#bright_gun_texture" },
        "west":  { "uv": [ 7.625, 12.125, 8.375, 12.5 ], "texture": "#bright_gun_texture" },
        "east":  { "uv": [ 7.625, 12.125, 8.375, 12.5 ], "texture": "#bright_gun_texture" }
    }
},
{
    "from": [ 7, 7.75, 7.375 ],
    "to": [ 16, 8, 8.625 ],
    "faces": {
        "down":  { "uv": [ 8.5, 8.3125, 4, 7.6875 ], "texture": "#bright_gun_texture" },
        "up":    { "uv": [ 7.5, 7.6875, 12, 8.3125 ], "texture": "#bright_gun_texture" },
        "north": { "uv": [ 12, 12, 7.5, 12.125 ], "texture": "#bright_gun_texture" },
        "south": { "uv": [ 7.5, 12, 12, 12.125 ], "texture": "#bright_gun_texture" },
        "west":  { "uv": [ 7.6875, 12, 8.3125, 12.125 ], "texture": "#bright_gun_texture" },
        "east":  { "uv": [ 7.6875, 12, 8.3125, 12.125 ], "texture": "#bright_gun_texture" }
    }
},
{
    "from": [ 7, 6, 7.125 ],
    "to": [ 14, 7, 8.875 ],
    "faces": {
        "down":  { "uv": [ 8.5, 8.4375, 5, 7.5625 ], "texture": "#bright_gun_texture" },
        "up":    { "uv": [ 7.5, 7.5625, 11, 8.4375 ], "texture": "#bright_gun_texture" },
        "north": { "uv": [ 5, 12.5, 8.5, 13 ], "texture": "#bright_gun_texture" },
        "south": { "uv": [ 7.5, 12.5, 11, 13 ], "texture": "#bright_gun_texture" },
        "west":  { "uv": [ 7.5625, 12.5, 8.4375, 13 ], "texture": "#bright_gun_texture" },
        "east":  { "uv": [ 7.5625, 12.5, 8.4375, 13 ], "texture": "#bright_gun_texture" }
    }
},
{
    "from": [ 2, 5.625, 7 ],
    "to": [ 7, 6.5, 9 ],
    "faces": {
        "down":  { "uv": [ 11, 8.5, 8.5, 7.5 ], "texture": "#bright_gun_texture" },
        "up":    { "uv": [ 5, 7.5, 7.5, 8.5 ], "texture": "#bright_gun_texture" },
        "north": { "uv": [ 8.5, 12.75, 11, 13.1875 ], "texture": "#bright_gun_texture" },
        "south": { "uv": [ 5, 12.75, 7.5, 13.1875 ], "texture": "#bright_gun_texture" },
        "west":  { "uv": [ 7.5, 12.75, 8.5, 13.1875 ], "texture": "#bright_gun_texture" },
        "east":  { "uv": [ 7.5, 12.75, 8.5, 13.1875 ], "texture": "#bright_gun_texture" }
    }
},
{
    "from": [ 2, 5, 7 ],
    "to": [ 6.75, 5.625, 9 ],
    "faces": {
        "down":  { "uv": [ 11, 8.5, 8.625, 7.5 ], "texture": "#bright_gun_texture" },
        "up":    { "uv": [ 5, 7.5, 7.375, 8.5 ], "texture": "#bright_gun_texture" },
        "north": { "uv": [ 8.625, 13.1875, 11, 13.5 ], "texture": "#bright_gun_texture" },
        "south": { "uv": [ 5, 13.1875, 7.375, 13.5 ], "texture": "#bright_gun_texture" },
        "west":  { "uv": [ 7.5, 13.1875, 8.5, 13.5 ], "texture": "#bright_gun_texture" },
        "east":  { "uv": [ 7.5, 13.1875, 8.5, 13.5 ], "texture": "#bright_gun_texture" }
    }
},
{
    "from": [ 7, 5.375, 7.125 ],
    "to": [ 13.75, 6, 8.875 ],
    "faces": {
        "down":  { "uv": [ 8.5, 8.4375, 5.125, 7.5625 ], "texture": "#bright_gun_texture" },
        "up":    { "uv": [ 7.5, 7.5625, 10.875, 8.4375 ], "texture": "#bright_gun_texture" },
        "north": { "uv": [ 5.125, 13, 8.5, 13.3125 ], "texture": "#bright_gun_texture" },
        "south": { "uv": [ 7.5, 13, 10.875, 13.3125 ], "texture": "#bright_gun_texture" },
        "west":  { "uv": [ 7.5625, 13, 8.4375, 13.3125 ], "texture": "#bright_gun_texture" },
        "east":  { "uv": [ 7.5625, 13, 8.4375, 13.3125 ], "texture": "#bright_gun_texture" }
    }
},
{
    "from": [ 6.75, 4.875, 7.375 ],
    "to": [ 13.625, 5.625, 8.625 ],
    "faces": {
        "down":  { "uv": [ 8.625, 8.3125, 5.1875, 7.6875 ], "texture": "#bright_gun_texture" },
        "up":    { "uv": [ 7.375, 7.6875, 10.8125, 8.3125 ], "texture": "#bright_gun_texture" },
        "north": { "uv": [ 5.1875, 13.1875, 8.625, 13.5625 ], "texture": "#bright_gun_texture" },
        "south": { "uv": [ 7.375, 13.1875, 10.8125, 13.5625 ], "texture": "#bright_gun_texture" },
        "west":  { "uv": [ 7.6875, 13.1875, 8.3125, 13.5625 ], "texture": "#bright_gun_texture" },
        "east":  { "uv": [ 7.6875, 13.1875, 8.3125, 13.5625 ], "texture": "#bright_gun_texture" }
    }
},
{
    "from": [ 6.125, 4.375, 7 ],
    "to": [ 6.75, 5, 9 ],
    "faces": {
        "down":  { "uv": [ 8.9375, 8.5, 8.625, 7.5 ], "texture": "#bright_gun_texture" },
        "up":    { "uv": [ 7.0625, 7.5, 7.375, 8.5 ], "texture": "#bright_gun_texture" },
        "north": { "uv": [ 8.625, 13.5, 8.9375, 13.8125 ], "texture": "#bright_gun_texture" },
        "south": { "uv": [ 7.0625, 13.5, 7.375, 13.8125 ], "texture": "#bright_gun_texture" },
        "west":  { "uv": [ 7.5, 13.5, 8.5, 13.8125 ], "texture": "#bright_gun_texture" },
        "east":  { "uv": [ 7.5, 13.5, 8.5, 13.8125 ], "texture": "#bright_gun_texture" }
    }
},
{
    "from": [ 2.875, 3, 7.375 ],
    "to": [ 5.875, 5, 8.625 ],
    "faces": {
        "down":  { "uv": [ 10.25, 13.5, 11.75, 14.125 ], "texture": "#bright_gun_texture" },
        "up":    { "uv": [ 8.375, 13.25, 9.875, 13.875 ], "texture": "#bright_gun_texture" },
        "north": { "uv": [ 9.0625, 13.5, 10.5625, 14.5 ], "texture": "#bright_gun_texture" },
        "south": { "uv": [ 10.5625, 13.5, 9.0625, 14.5 ], "texture": "#bright_gun_texture" },
        "west":  { "uv": [ 7.6875, 13.5, 8.3125, 14.5 ], "texture": "#bright_gun_texture" },
        "east":  { "uv": [ 7.6875, 13.5, 8.3125, 14.5 ], "texture": "#bright_gun_texture" }
    }
},
{
    "from": [ 6.75, 4.125, 7.375 ],
    "to": [ 8.625, 4.875, 8.625 ],
    "faces": {
        "down":  { "uv": [ 8.625, 8.3125, 7.6875, 7.6875 ], "texture": "#bright_gun_texture" },
        "up":    { "uv": [ 7.375, 7.6875, 8.3125, 8.3125 ], "texture": "#bright_gun_texture" },
        "north": { "uv": [ 7.6875, 13.5625, 8.625, 13.9375 ], "texture": "#bright_gun_texture" },
        "south": { "uv": [ 7.375, 13.5625, 8.3125, 13.9375 ], "texture": "#bright_gun_texture" },
        "west":  { "uv": [ 7.6875, 13.5625, 8.3125, 13.9375 ], "texture": "#bright_gun_texture" },
        "east":  { "uv": [ 7.6875, 13.5625, 8.3125, 13.9375 ], "texture": "#bright_gun_texture" }
    }
},
{
    "from": [ 11.625, -0.125, 7.375 ],
    "to": [ 13.75, 4.875, 8.625 ],
    "rotation": { "origin": [ 11.625, 4.875, 7.375 ], "axis": "z", "angle": 22.5 },
    "faces": {
        "down":  { "uv": [ 6.1875, 8.3125, 5.125, 7.6875 ], "texture": "#bright_gun_texture" },
        "up":    { "uv": [ 9.8125, 7.6875, 10.875, 8.3125 ], "texture": "#bright_gun_texture" },
        "north": { "uv": [ 5.125, 13.5625, 6.1875, 16 ], "texture": "#bright_gun_texture" },
        "south": { "uv": [ 9.8125, 13.5625, 10.875, 16 ], "texture": "#bright_gun_texture" },
        "west":  { "uv": [ 7.6875, 13.5625, 8.3125, 16 ], "texture": "#bright_gun_texture" },
        "east":  { "uv": [ 7.6875, 13.5625, 8.3125, 16 ], "texture": "#bright_gun_texture" }
    }
},
{
    "from": [ 11.625, 0, 7.3125 ],
    "to": [ 13.5, 5.25, 8.6875 ],
    "rotation": { "origin": [ 11.625, 5.25, 7.3125 ], "axis": "z", "angle": 22.5 },
    "faces": {
        "down":  { "uv": [ 6.1875, 8.34375, 5.25, 7.65625 ], "texture": "#wood" },
        "up":    { "uv": [ 9.8125, 7.65625, 10.75, 8.34375 ], "texture": "#wood" },
        "north": { "uv": [ 5.25, 13.375, 6.1875, 16 ], "texture": "#wood" },
        "south": { "uv": [ 9.8125, 13.375, 10.75, 16 ], "texture": "#wood" },
        "west":  { "uv": [ 7.65625, 13.375, 8.34375, 16 ], "texture": "#wood" },
        "east":  { "uv": [ 7.65625, 13.375, 8.34375, 16 ], "texture": "#wood" }
    }
},
{
    "from": [ 2.75, 1, 7.375 ],
    "to": [ 5.75, 3, 8.625 ],
    "faces": {
        "down":  { "uv": [ 10.25, 13.5, 11.75, 14.125 ], "texture": "#bright_gun_texture" },
        "up":    { "uv": [ 8.375, 13.25, 9.875, 13.875 ], "texture": "#bright_gun_texture" },
        "north": { "uv": [ 9.0625, 13.5, 10.5625, 14.5 ], "texture": "#bright_gun_texture" },
        "south": { "uv": [ 10.5625, 13.5, 9.0625, 14.5 ], "texture": "#bright_gun_texture" },
        "west":  { "uv": [ 7.6875, 13.5, 8.3125, 14.5 ], "texture": "#bright_gun_texture" },
        "east":  { "uv": [ 7.6875, 13.5, 8.3125, 14.5 ], "texture": "#bright_gun_texture" }
    }
},
{
    "from": [ 2.625, -0.125, 7.375 ],
    "to": [ 5.625, 1, 8.625 ],
    "faces": {
        "down":  { "uv": [ 10.25, 13.5, 11.75, 14.125 ], "texture": "#bright_gun_texture" },
        "up":    { "uv": [ 8.375, 13.25, 9.875, 13.875 ], "texture": "#bright_gun_texture" },
        "north": { "uv": [ 9.0625, 13.5, 10.5625, 14.5 ], "texture": "#bright_gun_texture" },
        "south": { "uv": [ 10.5625, 13.5, 9.0625, 14.5 ], "texture": "#bright_gun_texture" },
        "west":  { "uv": [ 7.6875, 13.5, 8.3125, 14.5 ], "texture": "#bright_gun_texture" },
        "east":  { "uv": [ 7.6875, 13.5, 8.3125, 14.5 ], "texture": "#bright_gun_texture" }
    }
},
{
    "from": [ 2.5, -1.125, 7.375 ],
    "to": [ 5.5, -0.125, 8.625 ],
    "faces": {
        "down":  { "uv": [ 10.25, 13.5, 11.75, 14.125 ], "texture": "#bright_gun_texture" },
        "up":    { "uv": [ 8.375, 13.25, 9.875, 13.875 ], "texture": "#bright_gun_texture" },
        "north": { "uv": [ 9.0625, 13.5, 10.5625, 14.5 ], "texture": "#bright_gun_texture" },
        "south": { "uv": [ 10.5625, 13.5, 9.0625, 14.5 ], "texture": "#bright_gun_texture" },
        "west":  { "uv": [ 7.6875, 13.5, 8.3125, 14.5 ], "texture": "#bright_gun_texture" },
        "east":  { "uv": [ 7.6875, 13.5, 8.3125, 14.5 ], "texture": "#bright_gun_texture" }
    }
},
{
    "from": [ 2.125, -3.625, 7.375 ],
    "to": [ 4.875, -3.125, 8.625 ],
    "faces": {
        "down":  { "uv": [ 10.25, 13.5, 11.75, 14.125 ], "texture": "#bright_gun_texture" },
        "up":    { "uv": [ 8.375, 13.25, 9.875, 13.875 ], "texture": "#bright_gun_texture" },
        "north": { "uv": [ 9.0625, 13.5, 10.5625, 14.5 ], "texture": "#bright_gun_texture" },
        "south": { "uv": [ 10.5625, 13.5, 9.0625, 14.5 ], "texture": "#bright_gun_texture" },
        "west":  { "uv": [ 7.6875, 13.5, 8.3125, 14.5 ], "texture": "#bright_gun_texture" },
        "east":  { "uv": [ 7.6875, 13.5, 8.3125, 14.5 ], "texture": "#bright_gun_texture" }
    }
},
{
    "from": [ 2.375, -2.125, 7.375 ],
    "to": [ 5.375, -1.125, 8.625 ],
    "faces": {
        "down":  { "uv": [ 10.25, 13.5, 11.75, 14.125 ], "texture": "#bright_gun_texture" },
        "up":    { "uv": [ 8.375, 13.25, 9.875, 13.875 ], "texture": "#bright_gun_texture" },
        "north": { "uv": [ 9.0625, 13.5, 10.5625, 14.5 ], "texture": "#bright_gun_texture" },
        "south": { "uv": [ 10.5625, 13.5, 9.0625, 14.5 ], "texture": "#bright_gun_texture" },
        "west":  { "uv": [ 7.6875, 13.5, 8.3125, 14.5 ], "texture": "#bright_gun_texture" },
        "east":  { "uv": [ 7.6875, 13.5, 8.3125, 14.5 ], "texture": "#bright_gun_texture" }
    }
},
{
    "from": [ 2.25, -3.125, 7.375 ],
    "to": [ 5.125, -2.125, 8.625 ],
    "faces": {
        "down":  { "uv": [ 10.25, 13.5, 11.75, 14.125 ], "texture": "#bright_gun_texture" },
        "up":    { "uv": [ 8.375, 13.25, 9.875, 13.875 ], "texture": "#bright_gun_texture" },
        "north": { "uv": [ 9.0625, 13.5, 10.5625, 14.5 ], "texture": "#bright_gun_texture" },
        "south": { "uv": [ 10.5625, 13.5, 9.0625, 14.5 ], "texture": "#bright_gun_texture" },
        "west":  { "uv": [ 7.6875, 13.5, 8.3125, 14.5 ], "texture": "#bright_gun_texture" },
        "east":  { "uv": [ 7.6875, 13.5, 8.3125, 14.5 ], "texture": "#bright_gun_texture" }
    }
},
{
    "from": [ 4.875, -3.375, 7.375 ],
    "to": [ 5.125, -3.125, 8.625 ],
    "faces": {
        "down":  { "uv": [ 9.125, 13.625, 9.25, 14.25 ], "texture": "#bright_gun_texture" },
        "up":    { "uv": [ 9.125, 13.625, 9.25, 14.25 ], "texture": "#bright_gun_texture" },
        "north": { "uv": [ 9.625, 14, 9.75, 14.125 ], "texture": "#bright_gun_texture" },
        "south": { "uv": [ 9.625, 14, 9.75, 14.125 ], "texture": "#bright_gun_texture" },
        "west":  { "uv": [ 8, 14.5, 8.625, 14.625 ], "texture": "#bright_gun_texture" },
        "east":  { "uv": [ 8, 14.5, 8.625, 14.625 ], "texture": "#bright_gun_texture" }
    }
},
{
    "from": [ 5.125, -2.875, 7.375 ],
    "to": [ 5.25, -2.125, 8.625 ],
    "faces": {
        "down":  { "uv": [ 9.125, 13.625, 9.25, 14.25 ], "texture": "#bright_gun_texture" },
        "up":    { "uv": [ 9.125, 13.625, 9.25, 14.25 ], "texture": "#bright_gun_texture" },
        "north": { "uv": [ 9.625, 14, 9.75, 14.125 ], "texture": "#bright_gun_texture" },
        "south": { "uv": [ 9.625, 14, 9.75, 14.125 ], "texture": "#bright_gun_texture" },
        "west":  { "uv": [ 8, 14.5, 8.625, 14.625 ], "texture": "#bright_gun_texture" },
        "east":  { "uv": [ 8, 14.5, 8.625, 14.625 ], "texture": "#bright_gun_texture" }
    }
},
{
    "from": [ 8.875, 3, 7.375 ],
    "to": [ 11.625, 3.25, 8.625 ],
    "faces": {
        "down":  { "uv": [ 7.5625, 8.3125, 6.1875, 7.6875 ], "texture": "#bright_gun_texture" },
        "up":    { "uv": [ 8.4375, 7.6875, 9.8125, 8.3125 ], "texture": "#bright_gun_texture" },
        "north": { "uv": [ 6.1875, 14.375, 7.5625, 14.5 ], "texture": "#bright_gun_texture" },
        "south": { "uv": [ 8.4375, 14.375, 9.8125, 14.5 ], "texture": "#bright_gun_texture" },
        "west":  { "uv": [ 7.6875, 14.375, 8.3125, 14.5 ], "texture": "#bright_gun_texture" },
        "east":  { "uv": [ 7.6875, 14.375, 8.3125, 14.5 ], "texture": "#bright_gun_texture" }
    }
},
{
    "from": [ 11.625, 4.8125, 7.375 ],
    "to": [ 12.25, 5.1875, 8.625 ],
    "rotation": { "origin": [ 11.625, 5.1875, 7.375 ], "axis": "z", "angle": -45 },
    "faces": {
        "down":  { "uv": [ 6.1875, 8.3125, 5.875, 7.6875 ], "texture": "#bright_gun_texture" },
        "up":    { "uv": [ 9.8125, 7.6875, 10.125, 8.3125 ], "texture": "#bright_gun_texture" },
        "north": { "uv": [ 5.875, 13.4063, 6.1875, 13.5938 ], "texture": "#bright_gun_texture" },
        "south": { "uv": [ 9.8125, 13.4063, 10.125, 13.5938 ], "texture": "#bright_gun_texture" },
        "west":  { "uv": [ 7.6875, 13.4063, 8.3125, 13.5938 ], "texture": "#bright_gun_texture" },
        "east":  { "uv": [ 7.6875, 13.4063, 8.3125, 13.5938 ], "texture": "#bright_gun_texture" }
    }
},
{
    "from": [ 8.3125, 4.375, 7.375 ],
    "to": [ 8.9375, 4.75, 8.625 ],
    "rotation": { "origin": [ 8.3125, 4.75, 7.375 ], "axis": "z", "angle": 45 },
    "faces": {
        "down":  { "uv": [ 7.84375, 8.3125, 7.53125, 7.6875 ], "texture": "#bright_gun_texture" },
        "up":    { "uv": [ 8.15625, 7.6875, 8.46875, 8.3125 ], "texture": "#bright_gun_texture" },
        "north": { "uv": [ 7.53125, 13.625, 7.84375, 13.8125 ], "texture": "#bright_gun_texture" },
        "south": { "uv": [ 8.15625, 13.625, 8.46875, 13.8125 ], "texture": "#bright_gun_texture" },
        "west":  { "uv": [ 7.6875, 13.625, 8.3125, 13.8125 ], "texture": "#bright_gun_texture" },
        "east":  { "uv": [ 7.6875, 13.625, 8.3125, 13.8125 ], "texture": "#bright_gun_texture" }
    }
},
{
    "from": [ 11.875, 3.5625, 7.375 ],
    "to": [ 12.125, 4.5, 8.625 ],
    "faces": {
        "down":  { "uv": [ 6.0625, 8.3125, 5.9375, 7.6875 ], "texture": "#bright_gun_texture" },
        "up":    { "uv": [ 9.9375, 7.6875, 10.0625, 8.3125 ], "texture": "#bright_gun_texture" },
        "north": { "uv": [ 5.9375, 13.75, 6.0625, 14.2188 ], "texture": "#bright_gun_texture" },
        "south": { "uv": [ 9.9375, 13.75, 10.0625, 14.2188 ], "texture": "#bright_gun_texture" },
        "west":  { "uv": [ 7.6875, 13.75, 8.3125, 14.2188 ], "texture": "#bright_gun_texture" },
        "east":  { "uv": [ 7.6875, 13.75, 8.3125, 14.2188 ], "texture": "#bright_gun_texture" }
    }
},
{
    "from": [ 8.375, 3.5, 7.375 ],
    "to": [ 8.625, 4.125, 8.625 ],
    "faces": {
        "down":  { "uv": [ 7.8125, 8.3125, 7.6875, 7.6875 ], "texture": "#bright_gun_texture" },
        "up":    { "uv": [ 8.1875, 7.6875, 8.3125, 8.3125 ], "texture": "#bright_gun_texture" },
        "north": { "uv": [ 7.6875, 13.9375, 7.8125, 14.25 ], "texture": "#bright_gun_texture" },
        "south": { "uv": [ 8.1875, 13.9375, 8.3125, 14.25 ], "texture": "#bright_gun_texture" },
        "west":  { "uv": [ 7.6875, 13.9375, 8.3125, 14.25 ], "texture": "#bright_gun_texture" },
        "east":  { "uv": [ 7.6875, 13.9375, 8.3125, 14.25 ], "texture": "#bright_gun_texture" }
    }
},
{
    "from": [ 8.5525, 3.4275, 7.375 ],
    "to": [ 9.2625, 3.6775, 8.625 ],
    "rotation": { "origin": [ 8.5525, 3.6775, 7.375 ], "axis": "z", "angle": -45 },
    "faces": {
        "down":  { "uv": [ 7.72375, 8.3125, 7.36875, 7.6875 ], "texture": "#bright_gun_texture" },
        "up":    { "uv": [ 8.27625, 7.6875, 8.63125, 8.3125 ], "texture": "#bright_gun_texture" },
        "north": { "uv": [ 7.36875, 14.1612, 7.72375, 14.2862 ], "texture": "#bright_gun_texture" },
        "south": { "uv": [ 8.27625, 14.1612, 8.63125, 14.2862 ], "texture": "#bright_gun_texture" },
        "west":  { "uv": [ 7.6875, 14.1612, 8.3125, 14.2862 ], "texture": "#bright_gun_texture" },
        "east":  { "uv": [ 7.6875, 14.1612, 8.3125, 14.2862 ], "texture": "#bright_gun_texture" }
    }
},
{
    "from": [ 11.4475, 2.9275, 7.375 ],
    "to": [ 12.3225, 3.1775, 8.625 ],
    "rotation": { "origin": [ 11.4475, 3.1775, 7.375 ], "axis": "z", "angle": 45 },
    "faces": {
        "down":  { "uv": [ 6.27625, 8.3125, 5.83875, 7.6875 ], "texture": "#bright_gun_texture" },
        "up":    { "uv": [ 9.72375, 7.6875, 10.1612, 8.3125 ], "texture": "#bright_gun_texture" },
        "north": { "uv": [ 5.83875, 14.4112, 6.27625, 14.5362 ], "texture": "#bright_gun_texture" },
        "south": { "uv": [ 9.72375, 14.4112, 10.1612, 14.5362 ], "texture": "#bright_gun_texture" },
        "west":  { "uv": [ 7.6875, 14.4112, 8.3125, 14.5362 ], "texture": "#bright_gun_texture" },
        "east":  { "uv": [ 7.6875, 14.4112, 8.3125, 14.5362 ], "texture": "#bright_gun_texture" }
    }
},
{
    "from": [ 12.155, 3.0025, 7.375 ],
    "to": [ 12.78, 3.3775, 8.625 ],
    "rotation": { "origin": [ 12.155, 3.3775, 7.375 ], "axis": "z", "angle": -22.5 },
    "faces": {
        "down":  { "uv": [ 5.9225, 8.3125, 5.61, 7.6875 ], "texture": "#bright_gun_texture" },
        "up":    { "uv": [ 10.0775, 7.6875, 10.39, 8.3125 ], "texture": "#bright_gun_texture" },
        "north": { "uv": [ 5.61, 14.3112, 5.9225, 14.4987 ], "texture": "#bright_gun_texture" },
        "south": { "uv": [ 10.0775, 14.3112, 10.39, 14.4987 ], "texture": "#bright_gun_texture" },
        "west":  { "uv": [ 7.6875, 14.3112, 8.3125, 14.4987 ], "texture": "#bright_gun_texture" },
        "east":  { "uv": [ 7.6875, 14.3112, 8.3125, 14.4987 ], "texture": "#bright_gun_texture" }
    }
},
{
    "from": [ 12.1875, 3.0625, 7.375 ],
    "to": [ 12.4375, 3.5625, 8.625 ],
    "rotation": { "origin": [ 12.1875, 3.5625, 7.375 ], "axis": "z", "angle": -45 },
    "faces": {
        "down":  { "uv": [ 5.90625, 8.3125, 5.78125, 7.6875 ], "texture": "#bright_gun_texture" },
        "up":    { "uv": [ 10.0938, 7.6875, 10.2188, 8.3125 ], "texture": "#bright_gun_texture" },
        "north": { "uv": [ 5.78125, 14.2188, 5.90625, 14.4688 ], "texture": "#bright_gun_texture" },
        "south": { "uv": [ 10.0938, 14.2188, 10.2188, 14.4688 ], "texture": "#bright_gun_texture" },
        "west":  { "uv": [ 7.6875, 14.2188, 8.3125, 14.4688 ], "texture": "#bright_gun_texture" },
        "east":  { "uv": [ 7.6875, 14.2188, 8.3125, 14.4688 ], "texture": "#bright_gun_texture" }
    }
},
{
    "from": [ 10.5, 4.125, 7.625 ],
    "to": [ 10.875, 4.875, 8.375 ],
    "faces": {
        "down":  { "uv": [ 6.75, 8.1875, 6.5625, 7.8125 ], "texture": "#bright_gun_texture" },
        "up":    { "uv": [ 9.25, 7.8125, 9.4375, 8.1875 ], "texture": "#bright_gun_texture" },
        "north": { "uv": [ 6.5625, 13.5625, 6.75, 13.9375 ], "texture": "#bright_gun_texture" },
        "south": { "uv": [ 9.25, 13.5625, 9.4375, 13.9375 ], "texture": "#bright_gun_texture" },
        "west":  { "uv": [ 7.8125, 13.5625, 8.1875, 13.9375 ], "texture": "#bright_gun_texture" },
        "east":  { "uv": [ 7.8125, 13.5625, 8.1875, 13.9375 ], "texture": "#bright_gun_texture" }
    }
},
{
    "from": [ 10.53, 3.5225, 7.625 ],
    "to": [ 10.905, 4.2725, 8.375 ],
    "rotation": { "origin": [ 10.53, 4.2725, 7.625 ], "axis": "z", "angle": -22.5 },
    "faces": {
        "down":  { "uv": [ 6.735, 8.1875, 6.5475, 7.8125 ], "texture": "#bright_gun_texture" },
        "up":    { "uv": [ 9.265, 7.8125, 9.4525, 8.1875 ], "texture": "#bright_gun_texture" },
        "north": { "uv": [ 6.5475, 13.8638, 6.735, 14.2388 ], "texture": "#bright_gun_texture" },
        "south": { "uv": [ 9.265, 13.8638, 9.4525, 14.2388 ], "texture": "#bright_gun_texture" },
        "west":  { "uv": [ 7.8125, 13.8638, 8.1875, 14.2388 ], "texture": "#bright_gun_texture" },
        "east":  { "uv": [ 7.8125, 13.8638, 8.1875, 14.2388 ], "texture": "#bright_gun_texture" }
    }
},
{
    "from": [ 8.3125, 4.0625, 7.375 ],
    "to": [ 8.6875, 4.3125, 8.625 ],
    "rotation": { "origin": [ 8.3125, 4.3125, 7.375 ], "axis": "z", "angle": -45 },
    "faces": {
        "down":  { "uv": [ 7.84375, 8.3125, 7.65625, 7.6875 ], "texture": "#bright_gun_texture" },
        "up":    { "uv": [ 8.15625, 7.6875, 8.34375, 8.3125 ], "texture": "#bright_gun_texture" },
        "north": { "uv": [ 7.65625, 13.8438, 7.84375, 13.9688 ], "texture": "#bright_gun_texture" },
        "south": { "uv": [ 8.15625, 13.8438, 8.34375, 13.9688 ], "texture": "#bright_gun_texture" },
        "west":  { "uv": [ 7.6875, 13.8438, 8.3125, 13.9688 ], "texture": "#bright_gun_texture" },
        "east":  { "uv": [ 7.6875, 13.8438, 8.3125, 13.9688 ], "texture": "#bright_gun_texture" }
    }
},
{
    "from": [ 13.655, 5.4775, 7.125 ],
    "to": [ 14.03, 6.1475, 8.875 ],
    "rotation": { "origin": [ 13.655, 6.1475, 7.125 ], "axis": "z", "angle": -22.5 },
    "faces": {
        "down":  { "uv": [ 5.1725, 8.4375, 4.985, 7.5625 ], "texture": "#bright_gun_texture" },
        "up":    { "uv": [ 10.8275, 7.5625, 11.015, 8.4375 ], "texture": "#bright_gun_texture" },
        "north": { "uv": [ 4.985, 12.9263, 5.1725, 13.2613 ], "texture": "#bright_gun_texture" },
        "south": { "uv": [ 10.8275, 12.9263, 11.015, 13.2613 ], "texture": "#bright_gun_texture" },
        "west":  { "uv": [ 7.5625, 12.9263, 8.4375, 13.2613 ], "texture": "#bright_gun_texture" },
        "east":  { "uv": [ 7.5625, 12.9263, 8.4375, 13.2613 ], "texture": "#bright_gun_texture" }
    }
},
{
    "from": [ 14, 6, 7.25 ],
    "to": [ 16, 7, 8.75 ],
    "faces": {
        "down":  { "uv": [ 10.875, 7.125, 11.875, 7.875 ], "texture": "#bright_gun_texture" },
        "up":    { "uv": [ 10.875, 7.125, 11.875, 7.875 ], "texture": "#bright_gun_texture" },
        "north": { "uv": [ 11, 12.5, 12, 13 ], "texture": "#bright_gun_texture" },
        "south": { "uv": [ 11, 12.5, 12, 13 ], "texture": "#bright_gun_texture" },
        "west":  { "uv": [ 7.625, 12.5, 8.375, 13 ], "texture": "#bright_gun_texture" },
        "east":  { "uv": [ 7.625, 12.5, 8.375, 13 ], "texture": "#bright_gun_texture" }
    }
},
{
    "from": [ 16, 8, 7.25 ],
    "to": [ 16.75, 9, 8.75 ],
    "faces": {
        "down":  { "uv": [ 11.25, 11.375, 11.625, 12.125 ], "texture": "#bright_gun_texture" },
        "up":    { "uv": [ 11.25, 11.375, 11.625, 12.125 ], "texture": "#bright_gun_texture" },
        "north": { "uv": [ 12, 11.5, 12.375, 12 ], "texture": "#bright_gun_texture" },
        "south": { "uv": [ 12, 11.5, 12.375, 12 ], "texture": "#bright_gun_texture" },
        "west":  { "uv": [ 7.625, 11.5, 8.375, 12 ], "texture": "#bright_gun_texture" },
        "east":  { "uv": [ 7.625, 11.5, 8.375, 12 ], "texture": "#bright_gun_texture" }
    }
},
{
    "from": [ 16, 7, 7.1875 ],
    "to": [ 16.75, 8, 8.8125 ],
    "faces": {
        "down":  { "uv": [ 11.25, 11.375, 11.625, 12.125 ], "texture": "#bright_gun_texture" },
        "up":    { "uv": [ 11.25, 11.375, 11.625, 12.125 ], "texture": "#bright_gun_texture" },
        "north": { "uv": [ 12, 11.5, 12.375, 12 ], "texture": "#bright_gun_texture" },
        "south": { "uv": [ 12, 11.5, 12.375, 12 ], "texture": "#bright_gun_texture" },
        "west":  { "uv": [ 7.625, 11.5, 8.375, 12 ], "texture": "#bright_gun_texture" },
        "east":  { "uv": [ 7.625, 11.5, 8.375, 12 ], "texture": "#bright_gun_texture" }
    }
},
{
    "from": [ 16, 6, 7.125 ],
    "to": [ 16.75, 7, 8.875 ],
    "faces": {
        "down":  { "uv": [ 11.25, 11.375, 11.625, 12.125 ], "texture": "#bright_gun_texture" },
        "up":    { "uv": [ 11.25, 11.375, 11.625, 12.125 ], "texture": "#bright_gun_texture" },
        "north": { "uv": [ 12, 11.5, 12.375, 12 ], "texture": "#bright_gun_texture" },
        "south": { "uv": [ 12, 11.5, 12.375, 12 ], "texture": "#bright_gun_texture" },
        "west":  { "uv": [ 7.625, 11.5, 8.375, 12 ], "texture": "#bright_gun_texture" },
        "east":  { "uv": [ 7.625, 11.5, 8.375, 12 ], "texture": "#bright_gun_texture" }
    }
},
{
    "from": [ 16.75, 8, 7.25 ],
    "to": [ 17.5, 9, 8.75 ],
    "faces": {
        "down":  { "uv": [ 3.625, 8.375, 3.25, 7.625 ], "texture": "#wood" },
        "up":    { "uv": [ 12.375, 7.625, 12.75, 8.375 ], "texture": "#wood" },
        "north": { "uv": [ 3.25, 11.5, 3.625, 12 ], "texture": "#wood" },
        "south": { "uv": [ 12.375, 11.5, 12.75, 12 ], "texture": "#wood" },
        "west":  { "uv": [ 7.625, 11.5, 8.375, 12 ], "texture": "#wood" },
        "east":  { "uv": [ 7.625, 11.5, 8.375, 12 ], "texture": "#wood" }
    }
},
{
    "from": [ 16.75, 7, 7.1875 ],
    "to": [ 17.5, 8, 8.8125 ],
    "faces": {
        "down":  { "uv": [ 3.625, 8.40625, 3.25, 7.59375 ], "texture": "#wood" },
        "up":    { "uv": [ 12.375, 7.59375, 12.75, 8.40625 ], "texture": "#wood" },
        "north": { "uv": [ 3.25, 12, 3.625, 12.5 ], "texture": "#wood" },
        "south": { "uv": [ 12.375, 12, 12.75, 12.5 ], "texture": "#wood" },
        "west":  { "uv": [ 7.59375, 12, 8.40625, 12.5 ], "texture": "#wood" },
        "east":  { "uv": [ 7.59375, 12, 8.40625, 12.5 ], "texture": "#wood" }
    }
},
{
    "from": [ 16.75, 6, 7.125 ],
    "to": [ 17.5, 7, 8.875 ],
    "faces": {
        "down":  { "uv": [ 3.625, 8.4375, 3.25, 7.5625 ], "texture": "#wood" },
        "up":    { "uv": [ 12.375, 7.5625, 12.75, 8.4375 ], "texture": "#wood" },
        "north": { "uv": [ 3.25, 12.5, 3.625, 13 ], "texture": "#wood" },
        "south": { "uv": [ 12.375, 12.5, 12.75, 13 ], "texture": "#wood" },
        "west":  { "uv": [ 7.5625, 12.5, 8.4375, 13 ], "texture": "#wood" },
        "east":  { "uv": [ 7.5625, 12.5, 8.4375, 13 ], "texture": "#wood" }
    }
},
{
    "from": [ 18, 6, 7.3125 ],
    "to": [ 27.875, 8.875, 8.6875 ],
    "rotation": { "origin": [ 18, 8.875, 7.3125 ], "axis": "z", "angle": -22.5 },
    "faces": {
        "down":  { "uv": [ 3, 8.34375, 0, 7.65625 ], "texture": "#wood" },
        "up":    { "uv": [ 13, 7.65625, 16, 8.34375 ], "texture": "#wood" },
        "north": { "uv": [ 0, 11.5625, 3, 13 ], "texture": "#wood" },
        "south": { "uv": [ 13, 11.5625, 16, 13 ], "texture": "#wood" },
        "west":  { "uv": [ 7.65625, 11.5625, 8.34375, 13 ], "texture": "#wood" },
        "east":  { "uv": [ 7.65625, 11.5625, 8.34375, 13 ], "texture": "#wood" }
    }
},
{
    "from": [ 20.75, 6.875, 7.3125 ],
    "to": [ 24, 7.75, 8.6875 ],
    "faces": {
        "down":  { "uv": [ 3.625, 8.3125, 2, 7.625 ], "texture": "#wood" },
        "up":    { "uv": [ 12.375, 7.625, 14, 8.3125 ], "texture": "#wood" },
        "north": { "uv": [ 0, 11.5, 1.625, 11.9375 ], "texture": "#wood" },
        "south": { "uv": [ 14.375, 11.625, 16, 12.0625 ], "texture": "#wood" },
        "west":  { "uv": [ 7.625, 10.125, 8.3125, 10.5625 ], "texture": "#wood" },
        "east":  { "uv": [ 7.625, 10.125, 8.3125, 10.5625 ], "texture": "#wood" }
    }
},
{
    "from": [ 22.875, 6, 7.3125 ],
    "to": [ 27.125, 6.875, 8.6875 ],
    "faces": {
        "down":  { "uv": [ 2.5625, 8.3125, 0.4375, 7.625 ], "texture": "#wood" },
        "up":    { "uv": [ 13.4375, 7.625, 15.5625, 8.3125 ], "texture": "#bright_gun_texture" },
        "north": { "uv": [ 0, 11.5, 2.125, 11.9375 ], "texture": "#wood" },
        "south": { "uv": [ 13.75, 11.5, 15.875, 11.9375 ], "texture": "#wood" },
        "west":  { "uv": [ 7.625, 10.5625, 8.3125, 11 ], "texture": "#wood" },
        "east":  { "uv": [ 7.625, 10.5625, 8.3125, 11 ], "texture": "#bright_gun_texture" }
    }
},
{
    "from": [ 25, 5.125, 7.3125 ],
    "to": [ 27.125, 6, 8.6875 ],
    "faces": {
        "down":  { "uv": [ 1.5, 8.3125, 0.4375, 7.625 ], "texture": "#wood" },
        "up":    { "uv": [ 14.5, 7.625, 15.5625, 8.3125 ], "texture": "#wood" },
        "north": { "uv": [ 0, 11.5, 1.0625, 11.9375 ], "texture": "#wood" },
        "south": { "uv": [ 14.875, 11.625, 15.9375, 12.0625 ], "texture": "#wood" },
        "west":  { "uv": [ 7.625, 11, 8.3125, 11.4375 ], "texture": "#wood" },
        "east":  { "uv": [ 7.625, 11, 8.3125, 11.4375 ], "texture": "#wood" }
    }
},
{
    "from": [ 24, 6.875, 7.3125 ],
    "to": [ 26, 7.375, 8.6875 ],
    "faces": {
        "down":  { "uv": [ 2, 8.3125, 1, 7.625 ], "texture": "#wood" },
        "up":    { "uv": [ 14, 7.625, 15, 8.3125 ], "texture": "#wood" },
        "north": { "uv": [ 0, 11.5, 1, 11.75 ], "texture": "#wood" },
        "south": { "uv": [ 14.875, 11.5, 15.875, 11.75 ], "texture": "#wood" },
        "west":  { "uv": [ 7.625, 10.3125, 8.3125, 10.5625 ], "texture": "#wood" },
        "east":  { "uv": [ 7.625, 10.3125, 8.3125, 10.5625 ], "texture": "#wood" }
    }
},
{
    "from": [ 17.5, 7.75, 7.3125 ],
    "to": [ 18, 8.875, 8.6875 ],
    "faces": {
        "down":  { "uv": [ 3.25, 8.34375, 3, 7.65625 ], "texture": "#wood" },
        "up":    { "uv": [ 12.75, 7.65625, 13, 8.34375 ], "texture": "#wood" },
        "north": { "uv": [ 3, 11.5625, 3.25, 12.125 ], "texture": "#wood" },
        "south": { "uv": [ 12.75, 11.5625, 13, 12.125 ], "texture": "#wood" },
        "west":  { "uv": [ 7.65625, 11.5625, 8.34375, 12.125 ], "texture": "#wood" },
        "east":  { "uv": [ 7.65625, 11.5625, 8.34375, 12.125 ], "texture": "#wood" }
    }
},
{
    "from": [ 26, 6.875, 7.3125 ],
    "to": [ 26.625, 7.125, 8.6875 ],
    "faces": {
        "down":  { "uv": [ 1, 8.34375, 0.6875, 7.65625 ], "texture": "#wood" },
        "up":    { "uv": [ 15, 7.65625, 15.3125, 8.34375 ], "texture": "#bright_gun_texture" },
        "north": { "uv": [ 0.6875, 10.4375, 1, 10.5625 ], "texture": "#wood" },
        "south": { "uv": [ 15, 10.4375, 15.3125, 10.5625 ], "texture": "#wood" },
        "west":  { "uv": [ 7.65625, 10.4375, 8.34375, 10.5625 ], "texture": "#wood" },
        "east":  { "uv": [ 7.65625, 10.4375, 8.34375, 10.5625 ], "texture": "#bright_gun_texture" }
    }
},
{
    "from": [ 24, 7.375, 7.3125 ],
    "to": [ 25, 7.625, 8.6875 ],
    "faces": {
        "down":  { "uv": [ 2, 8.34375, 1.5, 7.65625 ], "texture": "#wood" },
        "up":    { "uv": [ 14, 7.65625, 14.5, 8.34375 ], "texture": "#wood" },
        "north": { "uv": [ 1.5, 10.1875, 2, 10.3125 ], "texture": "#wood" },
        "south": { "uv": [ 14, 10.1875, 14.5, 10.3125 ], "texture": "#wood" },
        "west":  { "uv": [ 7.65625, 10.1875, 8.34375, 10.3125 ], "texture": "#wood" },
        "east":  { "uv": [ 7.65625, 10.1875, 8.34375, 10.3125 ], "texture": "#wood" }
    }
},
{
    "from": [ 27.125, 5.625, 7.3125 ],
    "to": [ 27.375, 6.375, 8.6875 ],
    "faces": {
        "down":  { "uv": [ 0.4375, 8.34375, 0.3125, 7.65625 ], "texture": "#wood" },
        "up":    { "uv": [ 15.5625, 7.65625, 15.6875, 8.34375 ], "texture": "#bright_gun_texture" },
        "north": { "uv": [ 0.3125, 10.8125, 0.4375, 11.1875 ], "texture": "#wood" },
        "south": { "uv": [ 15.5625, 10.8125, 15.6875, 11.1875 ], "texture": "#wood" },
        "west":  { "uv": [ 7.65625, 10.8125, 8.34375, 11.1875 ], "texture": "#wood" },
        "east":  { "uv": [ 7.65625, 10.8125, 8.34375, 11.1875 ], "texture": "#bright_gun_texture" }
    }
},
{
    "from": [ 26, 2.4375, 7.3125 ],
    "to": [ 27, 3.3125, 8.6875 ],
    "faces": {
        "down":  { "uv": [ 1, 8.3125, 0.5, 7.625 ], "texture": "#bright_gun_texture" },
        "up":    { "uv": [ 15, 7.625, 15.5, 8.3125 ], "texture": "#wood" },
        "north": { "uv": [ 0.5, 12.3125, 1, 12.75 ], "texture": "#wood" },
        "south": { "uv": [ 15, 12.3125, 15.5, 12.75 ], "texture": "#wood" },
        "west":  { "uv": [ 7.625, 12.3125, 8.3125, 12.75 ], "texture": "#wood" },
        "east":  { "uv": [ 7.625, 12.3125, 8.3125, 12.75 ], "texture": "#bright_gun_texture" }
    }
},
{
    "from": [ 26.375, 3.25, 7.3125 ],
    "to": [ 27, 4.125, 8.6875 ],
    "faces": {
        "down":  { "uv": [ 0.8125, 8.34375, 0.5, 7.65625 ], "texture": "#wood" },
        "up":    { "uv": [ 15.1875, 7.65625, 15.5, 8.34375 ], "texture": "#wood" },
        "north": { "uv": [ 0.5, 11.9375, 0.8125, 12.375 ], "texture": "#wood" },
        "south": { "uv": [ 15.1875, 11.9375, 15.5, 12.375 ], "texture": "#wood" },
        "west":  { "uv": [ 7.65625, 11.9375, 8.34375, 12.375 ], "texture": "#wood" },
        "east":  { "uv": [ 7.65625, 11.9375, 8.34375, 12.375 ], "texture": "#wood" }
    }
},
{
    "from": [ 26.75, 4.125, 7.3125 ],
    "to": [ 27, 4.875, 8.6875 ],
    "faces": {
        "down":  { "uv": [ 0.625, 8.34375, 0.5, 7.65625 ], "texture": "#wood" },
        "up":    { "uv": [ 15.375, 7.65625, 15.5, 8.34375 ], "texture": "#wood" },
        "north": { "uv": [ 0.5, 11.5625, 0.625, 11.9375 ], "texture": "#wood" },
        "south": { "uv": [ 15.375, 11.5625, 15.5, 11.9375 ], "texture": "#wood" },
        "west":  { "uv": [ 7.65625, 11.5625, 8.34375, 11.9375 ], "texture": "#wood" },
        "east":  { "uv": [ 7.65625, 11.5625, 8.34375, 11.9375 ], "texture": "#wood" }
    }
},
{
    "from": [ 27, 2.625, 7.3125 ],
    "to": [ 27.25, 3.5, 8.6875 ],
    "faces": {
        "down":  { "uv": [ 0.5, 8.34375, 0.375, 7.65625 ], "texture": "#bright_gun_texture" },
        "up":    { "uv": [ 15.5, 7.65625, 15.625, 8.34375 ], "texture": "#wood" },
        "north": { "uv": [ 0.375, 12.25, 0.5, 12.6875 ], "texture": "#wood" },
        "south": { "uv": [ 15.5, 12.25, 15.625, 12.6875 ], "texture": "#wood" },
        "west":  { "uv": [ 7.65625, 12.25, 8.34375, 12.6875 ], "texture": "#wood" },
        "east":  { "uv": [ 7.65625, 12.25, 8.34375, 12.6875 ], "texture": "#bright_gun_texture" }
    }
},
{
    "from": [ 1.75, 9, 7.3125 ],
    "to": [ 4.5, 9.5, 8.6875 ],
    "faces": {
        "down":  { "uv": [ 11.125, 8.34375, 9.75, 7.65625 ], "texture": "#bright_gun_texture" },
        "up":    { "uv": [ 4.875, 7.65625, 6.25, 8.34375 ], "texture": "#bright_gun_texture" },
        "north": { "uv": [ 9.75, 11.25, 11.125, 11.5 ], "texture": "#bright_gun_texture" },
        "south": { "uv": [ 4.875, 11.25, 6.25, 11.5 ], "texture": "#bright_gun_texture" },
        "west":  { "uv": [ 7.65625, 11.25, 8.34375, 11.5 ], "texture": "#bright_gun_texture" },
        "east":  { "uv": [ 7.65625, 11.25, 8.34375, 11.5 ], "texture": "#bright_gun_texture" }
    }
},
{
    "from": [ 1.875, 9.5, 7.625 ],
    "to": [ 4.375, 9.75, 7.875 ],
    "faces": {
        "down":  { "uv": [ 11.0625, 7.9375, 9.8125, 7.8125 ], "texture": "#bright_gun_texture" },
        "up":    { "uv": [ 4.9375, 7.8125, 6.1875, 7.9375 ], "texture": "#bright_gun_texture" },
        "north": { "uv": [ 9.8125, 11.125, 11.0625, 11.25 ], "texture": "#bright_gun_texture" },
        "south": { "uv": [ 4.9375, 11.125, 6.1875, 11.25 ], "texture": "#bright_gun_texture" },
        "west":  { "uv": [ 7.8125, 11.125, 7.9375, 11.25 ], "texture": "#bright_gun_texture" },
        "east":  { "uv": [ 8.0625, 11.125, 8.1875, 11.25 ], "texture": "#bright_gun_texture" }
    }
},
{
    "from": [ 1.75, 9.5, 8.375 ],
    "to": [ 2.25, 10, 8.625 ],
    "faces": {
        "down":  { "uv": [ 11.125, 8.3125, 10.875, 8.1875 ], "texture": "#bright_gun_texture" },
        "up":    { "uv": [ 4.875, 8.1875, 5.125, 8.3125 ], "texture": "#bright_gun_texture" },
        "north": { "uv": [ 10.875, 11, 11.125, 11.25 ], "texture": "#bright_gun_texture" },
        "south": { "uv": [ 4.875, 11, 5.125, 11.25 ], "texture": "#bright_gun_texture" },
        "west":  { "uv": [ 8.1875, 11, 8.3125, 11.25 ], "texture": "#bright_gun_texture" },
        "east":  { "uv": [ 7.6875, 11, 7.8125, 11.25 ], "texture": "#bright_gun_texture" }
    }
},
{
    "from": [ 1.75, 9.5, 7.375 ],
    "to": [ 2.25, 10, 7.625 ],
    "faces": {
        "down":  { "uv": [ 11.125, 7.8125, 10.875, 7.6875 ], "texture": "#bright_gun_texture" },
        "up":    { "uv": [ 4.875, 7.6875, 5.125, 7.8125 ], "texture": "#bright_gun_texture" },
        "north": { "uv": [ 10.875, 11, 11.125, 11.25 ], "texture": "#bright_gun_texture" },
        "south": { "uv": [ 4.875, 11, 5.125, 11.25 ], "texture": "#bright_gun_texture" },
        "west":  { "uv": [ 7.6875, 11, 7.8125, 11.25 ], "texture": "#bright_gun_texture" },
        "east":  { "uv": [ 8.1875, 11, 8.3125, 11.25 ], "texture": "#bright_gun_texture" }
    }
},
{
    "from": [ 1.875, 9.5, 8.125 ],
    "to": [ 4.375, 9.75, 8.375 ],
    "faces": {
        "down":  { "uv": [ 11.0625, 8.1875, 9.8125, 8.0625 ], "texture": "#bright_gun_texture" },
        "up":    { "uv": [ 4.9375, 8.0625, 6.1875, 8.1875 ], "texture": "#bright_gun_texture" },
        "north": { "uv": [ 9.8125, 11.125, 11.0625, 11.25 ], "texture": "#bright_gun_texture" },
        "south": { "uv": [ 4.9375, 11.125, 6.1875, 11.25 ], "texture": "#bright_gun_texture" },
        "west":  { "uv": [ 8.0625, 11.125, 8.1875, 11.25 ], "texture": "#bright_gun_texture" },
        "east":  { "uv": [ 7.8125, 11.125, 7.9375, 11.25 ], "texture": "#bright_gun_texture" }
    }
},
{
    "from": [ 4.375, 9.5, 7.625 ],
    "to": [ 4.625, 9.75, 8.375 ],
    "faces": {
        "down":  { "uv": [ 9.8125, 8.1875, 9.6875, 7.8125 ], "texture": "#bright_gun_texture" },
        "up":    { "uv": [ 6.1875, 7.8125, 6.3125, 8.1875 ], "texture": "#bright_gun_texture" },
        "north": { "uv": [ 9.6875, 11.125, 9.8125, 11.25 ], "texture": "#bright_gun_texture" },
        "south": { "uv": [ 6.1875, 11.125, 6.3125, 11.25 ], "texture": "#bright_gun_texture" },
        "west":  { "uv": [ 7.8125, 11.125, 8.1875, 11.25 ], "texture": "#bright_gun_texture" },
        "east":  { "uv": [ 7.8125, 11.125, 8.1875, 11.25 ], "texture": "#bright_gun_texture" }
    }
},
{
    "from": [ 4.375, 9.75, 7.625 ],
    "to": [ 4.625, 10, 7.875 ],
    "faces": {
        "down":  { "uv": [ 9.8125, 7.9375, 9.6875, 7.8125 ], "texture": "#bright_gun_texture" },
        "up":    { "uv": [ 6.1875, 7.8125, 6.3125, 7.9375 ], "texture": "#bright_gun_texture" },
        "north": { "uv": [ 9.6875, 11, 9.8125, 11.125 ], "texture": "#bright_gun_texture" },
        "south": { "uv": [ 6.1875, 11, 6.3125, 11.125 ], "texture": "#bright_gun_texture" },
        "west":  { "uv": [ 7.8125, 11, 7.9375, 11.125 ], "texture": "#bright_gun_texture" },
        "east":  { "uv": [ 8.0625, 11, 8.1875, 11.125 ], "texture": "#bright_gun_texture" }
    }
},
{
    "from": [ 4.375, 9.75, 8.125 ],
    "to": [ 4.625, 10, 8.375 ],
    "faces": {
        "down":  { "uv": [ 9.8125, 8.1875, 9.6875, 8.0625 ], "texture": "#bright_gun_texture" },
        "up":    { "uv": [ 6.1875, 8.0625, 6.3125, 8.1875 ], "texture": "#bright_gun_texture" },
        "north": { "uv": [ 9.6875, 11, 9.8125, 11.125 ], "texture": "#bright_gun_texture" },
        "south": { "uv": [ 6.1875, 11, 6.3125, 11.125 ], "texture": "#bright_gun_texture" },
        "west":  { "uv": [ 8.0625, 11, 8.1875, 11.125 ], "texture": "#bright_gun_texture" },
        "east":  { "uv": [ 7.8125, 11, 7.9375, 11.125 ], "texture": "#bright_gun_texture" }
    }
},
{
    "from": [ 3.75, 9.5, 7.375 ],
    "to": [ 4, 9.75, 7.625 ],
    "faces": {
        "down":  { "uv": [ 10.125, 7.8125, 10, 7.6875 ], "texture": "#bright_gun_texture" },
        "up":    { "uv": [ 5.875, 7.6875, 6, 7.8125 ], "texture": "#bright_gun_texture" },
        "north": { "uv": [ 10, 11.125, 10.125, 11.25 ], "texture": "#bright_gun_texture" },
        "south": { "uv": [ 5.875, 11.125, 6, 11.25 ], "texture": "#bright_gun_texture" },
        "west":  { "uv": [ 7.6875, 11.125, 7.8125, 11.25 ], "texture": "#bright_gun_texture" },
        "east":  { "uv": [ 8.1875, 11.125, 8.3125, 11.25 ], "texture": "#bright_gun_texture" }
    }
},
{
    "from": [ -14.75, 7.75, 7.75 ],
    "to": [ -14.25, 9.375, 8.25 ],
    "faces": {
        "down":  { "uv": [ 0.5, 7.25, 0.75, 7.5 ], "texture": "#bright_gun_texture" },
        "up":    { "uv": [ 0.5, 7.25, 0.75, 7.5 ], "texture": "#bright_gun_texture" },
        "north": { "uv": [ 0.875, 7.375, 1.125, 7.625 ], "texture": "#bright_gun_texture" },
        "south": { "uv": [ 0.875, 7.375, 1.125, 7.625 ], "texture": "#bright_gun_texture" },
        "west":  { "uv": [ 1, 7.25, 1.25, 7.5 ], "texture": "#bright_gun_texture" },
        "east":  { "uv": [ 1, 7.25, 1.25, 7.5 ], "texture": "#bright_gun_texture" }
    }
},
{
    "from": [ -14.25, 7.75, 7.75 ],
    "to": [ -14, 8.625, 8.25 ],
    "faces": {
        "down":  { "uv": [ 0.5, 7.25, 0.75, 7.5 ], "texture": "#bright_gun_texture" },
        "up":    { "uv": [ 0.5, 7.25, 0.75, 7.5 ], "texture": "#bright_gun_texture" },
        "north": { "uv": [ 0.875, 7.375, 1.125, 7.625 ], "texture": "#bright_gun_texture" },
        "south": { "uv": [ 0.875, 7.375, 1.125, 7.625 ], "texture": "#bright_gun_texture" },
        "west":  { "uv": [ 1, 7.25, 1.25, 7.5 ], "texture": "#bright_gun_texture" },
        "east":  { "uv": [ 1, 7.25, 1.25, 7.5 ], "texture": "#bright_gun_texture" }
    }
},
{
    "from": [ -14.25, 8.625, 7.75 ],
    "to": [ -14.125, 9, 8.25 ],
    "faces": {
        "down":  { "uv": [ 0.5, 7.25, 0.75, 7.5 ], "texture": "#bright_gun_texture" },
        "up":    { "uv": [ 0.5, 7.25, 0.75, 7.5 ], "texture": "#bright_gun_texture" },
        "north": { "uv": [ 0.875, 7.375, 1.125, 7.625 ], "texture": "#bright_gun_texture" },
        "south": { "uv": [ 0.875, 7.375, 1.125, 7.625 ], "texture": "#bright_gun_texture" },
        "west":  { "uv": [ 1, 7.25, 1.25, 7.5 ], "texture": "#bright_gun_texture" },
        "east":  { "uv": [ 1, 7.25, 1.25, 7.5 ], "texture": "#bright_gun_texture" }
    }
},
{
    "from": [ -14, 7.75, 7.75 ],
    "to": [ -13.875, 8.125, 8.25 ],
    "faces": {
        "down":  { "uv": [ 0.5, 7.25, 0.75, 7.5 ], "texture": "#bright_gun_texture" },
        "up":    { "uv": [ 0.5, 7.25, 0.75, 7.5 ], "texture": "#bright_gun_texture" },
        "north": { "uv": [ 0.875, 7.375, 1.125, 7.625 ], "texture": "#bright_gun_texture" },
        "south": { "uv": [ 0.875, 7.375, 1.125, 7.625 ], "texture": "#bright_gun_texture" },
        "west":  { "uv": [ 1, 7.25, 1.25, 7.5 ], "texture": "#bright_gun_texture" },
        "east":  { "uv": [ 1, 7.25, 1.25, 7.5 ], "texture": "#bright_gun_texture" }
    }
},
{
    "from": [ -14.75, 10.125, 7.75 ],
    "to": [ -14.25, 10.25, 8.25 ],
    "faces": {
        "down":  { "uv": [ 0.5, 7.25, 0.75, 7.5 ], "texture": "#bright_gun_texture" },
        "up":    { "uv": [ 0.5, 7.25, 0.75, 7.5 ], "texture": "#bright_gun_texture" },
        "north": { "uv": [ 0.875, 7.375, 1.125, 7.625 ], "texture": "#bright_gun_texture" },
        "south": { "uv": [ 0.875, 7.375, 1.125, 7.625 ], "texture": "#bright_gun_texture" },
        "west":  { "uv": [ 1, 7.25, 1.25, 7.5 ], "texture": "#bright_gun_texture" },
        "east":  { "uv": [ 1, 7.25, 1.25, 7.5 ], "texture": "#bright_gun_texture" }
    }
},
{
    "from": [ -14.75, 9.375, 7.625 ],
    "to": [ -14.25, 10.125, 7.75 ],
    "faces": {
        "down":  { "uv": [ 0.5, 7.25, 0.75, 7.5 ], "texture": "#bright_gun_texture" },
        "up":    { "uv": [ 0.5, 7.25, 0.75, 7.5 ], "texture": "#bright_gun_texture" },
        "north": { "uv": [ 0.875, 7.375, 1.125, 7.625 ], "texture": "#bright_gun_texture" },
        "south": { "uv": [ 0.875, 7.375, 1.125, 7.625 ], "texture": "#bright_gun_texture" },
        "west":  { "uv": [ 1, 7.25, 1.25, 7.5 ], "texture": "#bright_gun_texture" },
        "east":  { "uv": [ 1, 7.25, 1.25, 7.5 ], "texture": "#bright_gun_texture" }
    }
},
{
    "from": [ -14.75, 9.375, 8.25 ],
    "to": [ -14.25, 10.125, 8.375 ],
    "faces": {
        "down":  { "uv": [ 0.5, 7.25, 0.75, 7.5 ], "texture": "#bright_gun_texture" },
        "up":    { "uv": [ 0.5, 7.25, 0.75, 7.5 ], "texture": "#bright_gun_texture" },
        "north": { "uv": [ 0.875, 7.375, 1.125, 7.625 ], "texture": "#bright_gun_texture" },
        "south": { "uv": [ 0.875, 7.375, 1.125, 7.625 ], "texture": "#bright_gun_texture" },
        "west":  { "uv": [ 1, 7.25, 1.25, 7.5 ], "texture": "#bright_gun_texture" },
        "east":  { "uv": [ 1, 7.25, 1.25, 7.5 ], "texture": "#bright_gun_texture" }
    }
},
{
    "from": [ 5.125, 8.25, 8.75 ],
    "to": [ 5.5, 8.625, 9.125 ],
    "faces": {
        "down":  { "uv": [ 6.5625, 8.375, 6.75, 8.5625 ], "texture": "#bright_gun_texture" },
        "up":    { "uv": [ 6.5625, 8.375, 6.75, 8.5625 ], "texture": "#bright_gun_texture" },
        "north": { "uv": [ 6.5625, 11.6875, 6.75, 11.875 ], "texture": "#bright_gun_texture" },
        "south": { "uv": [ 6.5625, 11.6875, 6.75, 11.875 ], "texture": "#bright_gun_texture" },
        "west":  { "uv": [ 8.375, 11.6875, 8.5625, 11.875 ], "texture": "#bright_gun_texture" },
        "east":  { "uv": [ 8.375, 11.6875, 8.5625, 11.875 ], "texture": "#bright_gun_texture" }
    }
},
{
    "from": [ -14.5625, 9.3125, 7.9375 ],
    "to": [ -14.4375, 9.6875, 8.0625 ],
    "faces": {
        "down":  { "uv": [ 0.5, 7.25, 0.75, 7.5 ], "texture": "#bright_gun_texture" },
        "up":    { "uv": [ 0.5, 7.25, 0.75, 7.5 ], "texture": "#bright_gun_texture" },
        "north": { "uv": [ 0.875, 7.375, 1.125, 7.625 ], "texture": "#bright_gun_texture" },
        "south": { "uv": [ 0.875, 7.375, 1.125, 7.625 ], "texture": "#bright_gun_texture" },
        "west":  { "uv": [ 1, 7.25, 1.25, 7.5 ], "texture": "#bright_gun_texture" },
        "east":  { "uv": [ 1, 7.25, 1.25, 7.5 ], "texture": "#bright_gun_texture" }
    }
}
],
"display": {
    "thirdperson_righthand": {
        "rotation": [ -180, -90, 130 ],
        "translation": [ 0, 4, 4 ],
        "scale": [ 0.7, 0.7, 0.7 ]
    },
    "thirdperson_lefthand": {
        "rotation": [ 0, 90, 140 ],
        "translation": [ 0, 0, 5 ],
        "scale": [ 0.7, 0.7, 0.7 ]
    },
    "head": {
        "rotation": [ 0, -90, 0 ],
        "translation": [ 0, 15, 0 ],
        "scale": [ 0.6, 0.6, 0.6 ]
    },
    "ground": {
        "rotation": [ 90, 0, 0 ],
        "translation": [ 1, 0, 0 ],
        "scale": [ 0.6, 0.6, 0.6 ]
    },
    "fixed": {
        "rotation": [ 0, 0, 0 ],
        "translation": [ 0, 0, -1 ],
        "scale": [ 1, 1, 1 ]
    },
    "firstperson_righthand": {
        "rotation": [ 0, -90, 0 ],
        "translation": [ -2.5, 4.25, -3.5 ],
        "scale": [ 0.8, 0.8, 0.8 ]
    },
    "firstperson_lefthand": {
        "rotation": [ 0, 90, 80 ],
        "translation": [ 5, 4, -5 ],
        "scale": [ 0.8, 0.8, 0.8 ]
    },
    "gui": {
        "rotation": [ -15, 40, 0 ],
        "translation": [ 0.5, 0, 0 ],
        "scale": [ 0.5, 0.5, 0.5 ]
    }
}
}