{
    "__comment": "© Le0, Mineland.eu 2019 | www.mineland.eu",
    "textures": {
		"bright_gun_texture": "guns/tezke_kulomety/bright_gun_texture",
		"light_gun_texture": "guns/tezke_kulomety/light_gun_texture",
        "gold_cover": "guns/tezke_kulomety/gold_cover",
        "iron_cover": "guns/tezke_kulomety/iron_cover"
    },
    "elements": [
        {
            "name": "Front Barrel",
            "from": [ -12.0, 8.0, 7.300000004470348 ], 
            "to": [ 0.0, 9.400000005960464, 8.700000010430813 ], 
            "faces": {
                "north": { "texture": "#bright_gun_texture", "uv": [ 4.0, 5.0, 6.0, 6.4000000059604645 ] },
                "east": { "texture": "#bright_gun_texture", "uv": [ 3.0, 3.0, 4.4000000059604645, 4.4000000059604645 ] },
                "south": { "texture": "#bright_gun_texture", "uv": [ 8.0, 11.0, 10.0, 12.400000005960464 ] },
                "west": { "texture": "#bright_gun_texture", "uv": [ 9.0, 6.0, 10.400000005960464, 7.4000000059604645 ] },
                "up": { "texture": "#bright_gun_texture", "uv": [ 12.0, 7.0, 14.0, 8.400000005960464 ] },
                "down": { "texture": "#bright_gun_texture", "uv": [ 4.0, 14.0, 6.0, 15.400000005960464 ] }
            }
        },
        {
            "name": "Back Barrel",
            "from": [ -1.0, 6.4000000059604645, 6.600000008940697 ], 
            "to": [ 9.0, 9.600000008940697, 9.400000005960464 ], 
            "faces": {
                "north": { "texture": "#bright_gun_texture", "uv": [ 9.0, 7.0, 16.0, 9.799999997019768 ] },
                "east": { "texture": "#bright_gun_texture", "uv": [ 6.0, 6.0, 8.799999997019768, 8.799999997019768 ] },
                "south": { "texture": "#bright_gun_texture", "uv": [ 5.0, 7.0, 12.0, 9.799999997019768 ] },
                "west": { "texture": "#bright_gun_texture", "uv": [ 3.0, 6.0, 5.799999997019768, 8.799999997019768 ] },
                "up": { "texture": "#bright_gun_texture", "uv": [ 5.0, 13.0, 12.0, 15.799999997019768 ] },
                "down": { "texture": "#bright_gun_texture", "uv": [ 0.0, 12.0, 7.0, 14.799999997019768 ] }
            }
        },
        {
            "name": "Body",
            "from": [ 8.0, 6.0, 6.499999992549419 ], 
            "to": [ 18.0, 9.49999999254942, 9.50000000745058 ], 
            "faces": {
                "north": { "texture": "#bright_gun_texture", "uv": [ 8.0, 4.0, 16.0, 7.499999992549419 ] },
                "east": { "texture": "#bright_gun_texture", "uv": [ 4.0, 5.0, 6.600000008940697, 8.49999999254942 ] },
                "south": { "texture": "#bright_gun_texture", "uv": [ 7.0, 4.0, 15.0, 7.499999992549419 ] },
                "west": { "texture": "#bright_gun_texture", "uv": [ 6.0, 3.0, 8.600000008940697, 6.499999992549419 ] },
                "up": { "texture": "#bright_gun_texture", "uv": [ 2.0, 10.0, 10.0, 12.600000008940697 ] },
                "down": { "texture": "#bright_gun_texture", "uv": [ 7.0, 5.0, 15.0, 7.600000008940697 ] }
            }
        },
        {
            "name": "Clip Top",
            "from": [ 9.50000000745058, 9.50000000745058, 7.0 ], 
            "to": [ 17.00000001490116, 10.0, 9.0 ], 
            "faces": {
                "north": { "texture": "#bright_gun_texture", "uv": [ 0.0, 9.0, 2.5000000074505806, 11.49999999254942 ] },
                "east": { "texture": "#bright_gun_texture", "uv": [ 0.0, 9.0, 2.0, 11.49999999254942 ] },
                "south": { "texture": "#bright_gun_texture", "uv": [ 0.0, 9.0, 2.5000000074505806, 11.49999999254942 ] },
                "west": { "texture": "#bright_gun_texture", "uv": [ 0.0, 8.0, 2.0, 10.49999999254942 ] },
                "up": { "texture": "#bright_gun_texture", "uv": [ 0.0, 9.0, 2.5000000074505806, 11.0 ] },
                "down": { "texture": "#bright_gun_texture", "uv": [ 0.0, 8.0, 2.5000000074505806, 10.0 ] }
            }
        },
        {
            "name": "Back Handle",
            "from": [ 13.799999997019768, -0.5999999940395355, 7.0 ], 
            "to": [ 15.799999997019768, 3.4000000059604645, 9.0 ], 
            "rotation": { "origin": [ 8.0, 8.0, 8.0 ], "axis": "z", "angle": 22.5 },
            "faces": {
                "north": { "texture": "#bright_gun_texture", "uv": [ 9.0, 11.0, 11.0, 15.0 ] },
                "east": { "texture": "#bright_gun_texture", "uv": [ 10.0, 10.0, 12.0, 14.0 ] },
                "south": { "texture": "#bright_gun_texture", "uv": [ 8.0, 7.0, 10.0, 11.0 ] },
                "west": { "texture": "#bright_gun_texture", "uv": [ 8.0, 7.0, 10.0, 11.0 ] },
                "up": { "texture": "#bright_gun_texture", "uv": [ 7.0, 9.0, 9.0, 11.0 ] },
                "down": { "texture": "#bright_gun_texture", "uv": [ 8.0, 9.0, 10.0, 11.0 ] }
            }
        },
        {
            "name": "Shooter Vertical Piece",
            "from": [ 12.100000001490116, 2.800000011920929, 7.700000010430813 ], 
            "to": [ 12.299999989569187, 4.800000011920929, 8.300000004470348 ], 
            "rotation": { "origin": [ 8.0, 8.0, 8.0 ], "axis": "z", "angle": 22.5 },
            "faces": {
                "north": { "texture": "#bright_gun_texture", "uv": [ 0.0, 0.0, 0.19999998807907104, 2.0 ] },
                "east": { "texture": "#bright_gun_texture", "uv": [ 0.0, 0.0, 0.5999999940395355, 2.0 ] },
                "south": { "texture": "#bright_gun_texture", "uv": [ 0.0, 0.0, 0.19999998807907104, 2.0 ] },
                "west": { "texture": "#bright_gun_texture", "uv": [ 0.0, 0.0, 0.5999999940395355, 2.0 ] },
                "up": { "texture": "#bright_gun_texture", "uv": [ 0.0, 0.0, 0.19999998807907104, 0.5999999940395355 ] },
                "down": { "texture": "#bright_gun_texture", "uv": [ 0.0, 0.0, 0.19999998807907104, 0.5999999940395355 ] }
            }
        },
        {
            "name": "Shooter Horizontal Piece",
            "from": [ 13.899999998509884, 4.800000011920929, 7.700000010430813 ], 
            "to": [ 15.800000011920929, 4.999999985098839, 8.300000004470348 ], 
            "faces": {
                "north": { "texture": "#bright_gun_texture", "uv": [ 0.0, 0.0, 1.900000013411045, 0.19999997317790985 ] },
                "east": { "texture": "#bright_gun_texture", "uv": [ 0.0, 0.0, 0.5999999940395355, 0.19999997317790985 ] },
                "south": { "texture": "#bright_gun_texture", "uv": [ 0.0, 0.0, 1.900000013411045, 0.19999997317790985 ] },
                "west": { "texture": "#bright_gun_texture", "uv": [ 0.0, 0.0, 0.5999999940395355, 0.19999997317790985 ] },
                "up": { "texture": "#bright_gun_texture", "uv": [ 0.0, 0.0, 1.900000013411045, 0.5999999940395355 ] },
                "down": { "texture": "#bright_gun_texture", "uv": [ 0.0, 0.0, 1.900000013411045, 0.5999999940395355 ] }
            }
        },
        {
            "name": "Stock Up",
            "from": [ 18.0, 6.300000004470348, 7.200000002980232 ], 
            "to": [ 23.0, 8.200000002980232, 8.799999997019768 ], 
            "faces": {
                "north": { "texture": "#bright_gun_texture", "uv": [ 6.0, 7.0, 12.0, 9.0 ] },
                "east": { "texture": "#bright_gun_texture", "uv": [ 4.0, 5.0, 6.0, 7.0 ] },
                "south": { "texture": "#bright_gun_texture", "uv": [ 2.0, 3.0, 8.0, 5.0 ] },
                "west": { "texture": "#bright_gun_texture", "uv": [ 2.0, 6.0, 4.0, 8.0 ] },
                "up": { "texture": "#bright_gun_texture", "uv": [ 5.0, 8.0, 11.0, 10.0 ] },
                "down": { "texture": "#bright_gun_texture", "uv": [ 6.0, 5.0, 12.0, 7.0 ] }
            }
        },
        {
            "name": "Stock Side",
            "from": [ 26.0, 4.1000000312924385, 7.100000001490116 ], 
            "to": [ 27.30000000447035, 8.999999985098839, 8.899999998509884 ], 
            "faces": {
                "north": { "texture": "#bright_gun_texture", "uv": [ 7.0, 3.0, 9.0, 5.999999970197678 ] },
                "east": { "texture": "#bright_gun_texture", "uv": [ 9.0, 11.0, 11.0, 13.999999970197678 ] },
                "south": { "texture": "#bright_gun_texture", "uv": [ 3.0, 7.0, 5.0, 9.999999970197678 ] },
                "west": { "texture": "#bright_gun_texture", "uv": [ 7.0, 8.0, 9.0, 10.999999970197678 ] },
                "up": { "texture": "#bright_gun_texture", "uv": [ 6.0, 2.0, 8.0, 4.0 ] },
                "down": { "texture": "#bright_gun_texture", "uv": [ 4.0, 11.0, 6.0, 13.0 ] }
            }
        },
        {
            "name": "Stock Under",
            "from": [ 20.799999997019768, 11.600000023841858, 7.300000004470348 ], 
            "to": [ 25.80000001192093, 12.899999968707561, 8.699999995529652 ], 
            "rotation": { "origin": [ 8.0, 8.0, 8.0 ], "axis": "z", "angle": -22.5 },
            "faces": {
                "north": { "texture": "#bright_gun_texture", "uv": [ 7.0, 8.0, 11.50000000745058, 10.299999959766865 ] },
                "east": { "texture": "#bright_gun_texture", "uv": [ 14.0, 13.0, 16.0, 15.299999959766865 ] },
                "south": { "texture": "#bright_gun_texture", "uv": [ 6.0, 10.0, 10.50000000745058, 12.299999959766865 ] },
                "west": { "texture": "#bright_gun_texture", "uv": [ 7.0, 5.0, 9.0, 7.299999959766865 ] },
                "up": { "texture": "#bright_gun_texture", "uv": [ 4.0, 6.0, 8.50000000745058, 8.0 ] },
                "down": { "texture": "#bright_gun_texture", "uv": [ 5.0, 5.0, 9.50000000745058, 7.0 ] }
            }
        },
        {
            "name": "Front Targeter Base",
            "from": [ -2.900000013411045, 7.200000002980232, 7.200000002980232 ], 
            "to": [ -1.900000013411045, 8.799999997019768, 8.799999997019768 ], 
            "faces": {
                "north": { "texture": "#bright_gun_texture", "uv": [ 2.0, 1.0, 3.0, 2.5999999940395355 ] },
                "east": { "texture": "#bright_gun_texture", "uv": [ 6.0, 4.0, 7.5999999940395355, 5.5999999940395355 ] },
                "south": { "texture": "#bright_gun_texture", "uv": [ 4.0, 6.0, 5.0, 7.5999999940395355 ] },
                "west": { "texture": "#bright_gun_texture", "uv": [ 7.0, 10.0, 8.599999994039536, 11.599999994039536 ] },
                "up": { "texture": "#bright_gun_texture", "uv": [ 8.0, 11.0, 9.0, 12.599999994039536 ] },
                "down": { "texture": "#bright_gun_texture", "uv": [ 8.0, 6.0, 9.0, 7.5999999940395355 ] }
            }
        },
        {
            "name": "Stock TOP",
            "from": [ 17.50000000745058, 7.799999997019768, 7.300000004470348 ], 
            "to": [ 26.00000001490116, 8.799999997019768, 8.899999998509884 ], 
            "faces": {
                "north": { "texture": "#bright_gun_texture", "uv": [ 0.0, 9.0, 2.5000000074505806, 11.49999999254942 ] },
                "east": { "texture": "#bright_gun_texture", "uv": [ 0.0, 9.0, 2.0, 11.49999999254942 ] },
                "south": { "texture": "#bright_gun_texture", "uv": [ 0.0, 9.0, 2.5000000074505806, 11.49999999254942 ] },
                "west": { "texture": "#bright_gun_texture", "uv": [ 0.0, 8.0, 2.0, 10.49999999254942 ] },
                "up": { "texture": "#bright_gun_texture", "uv": [ 0.0, 9.0, 2.5000000074505806, 11.0 ] },
                "down": { "texture": "#bright_gun_texture", "uv": [ 0.0, 8.0, 2.5000000074505806, 10.0 ] }
            }
        },
        {
            "name": "line3",
            "from": [ 6.100000001490116, 9.700000010430813, 7.800000011920929 ], 
            "to": [ 6.499999992549419, 12.700000010430813, 8.200000002980232 ], 
            "rotation": { "origin": [ 8.0, 8.0, 8.0 ], "axis": "x", "angle": -22.5 },
            "faces": {
                "north": { "texture": "#bright_gun_texture", "uv": [ 0.0, 0.0, 0.3999999910593033, 2.0 ] },
                "east": { "texture": "#bright_gun_texture", "uv": [ 0.0, 0.0, 0.3999999910593033, 2.0 ] },
                "south": { "texture": "#bright_gun_texture", "uv": [ 0.0, 0.0, 0.3999999910593033, 2.0 ] },
                "west": { "texture": "#bright_gun_texture", "uv": [ 0.0, 0.0, 0.3999999910593033, 2.0 ] },
                "up": { "texture": "#bright_gun_texture", "uv": [ 0.0, 0.0, 0.3999999910593033, 0.3999999910593033 ] },
                "down": { "texture": "#bright_gun_texture", "uv": [ 0.0, 0.0, 0.3999999910593033, 0.3999999910593033 ] }
            }
        },
        {
            "name": "line4",
            "from": [ 6.300000004470348, 12.000000014901161, 7.600000008940697 ], 
            "to": [ 9.300000004470348, 12.800000011920929, 8.400000005960464 ], 
            "rotation": { "origin": [ 8.0, 8.0, 8.0 ], "axis": "x", "angle": -22.5 },
            "faces": {
                "north": { "texture": "#light_gun_texture", "uv": [ 7.0, 6.0, 10.0, 6.799999997019768 ] },
                "east": { "texture": "#light_gun_texture", "uv": [ 7.0, 4.0, 7.799999997019768, 4.799999997019768 ] },
                "south": { "texture": "#light_gun_texture", "uv": [ 4.0, 8.0, 7.0, 8.799999997019768 ] },
                "west": { "texture": "#light_gun_texture", "uv": [ 6.0, 12.0, 6.799999997019768, 12.799999997019768 ] },
                "up": { "texture": "#light_gun_texture", "uv": [ 5.0, 9.0, 8.0, 9.799999997019768 ] },
                "down": { "texture": "#light_gun_texture", "uv": [ 8.0, 3.0, 11.0, 3.7999999970197678 ] }
            }
        },
        {
            "name": "Front Targeter",
            "from": [ -5.0, 9.000000014901161, 7.499999992549419 ], 
            "to": [ -4.4000000059604645, 11.000000019371509, 8.49999999254942 ], 
            "faces": {
                "north": { "texture": "#bright_gun_texture", "uv": [ 0.0, 0.0, 0.5999999940395355, 2.0000000044703485 ] },
                "east": { "texture": "#bright_gun_texture", "uv": [ 0.0, 0.0, 1.0, 2.0000000044703485 ] },
                "south": { "texture": "#bright_gun_texture", "uv": [ 0.0, 0.0, 0.5999999940395355, 2.0000000044703485 ] },
                "west": { "texture": "#bright_gun_texture", "uv": [ 0.0, 0.0, 1.0, 2.0000000044703485 ] },
                "up": { "texture": "#bright_gun_texture", "uv": [ 0.0, 0.0, 0.5999999940395355, 1.0 ] },
                "down": { "texture": "#bright_gun_texture", "uv": [ 0.0, 0.0, 0.5999999940395355, 1.0 ] }
            }
        },
        {
            "name": "Back Targeter Base",
            "from": [ 14.0, 9.500000022351742, 7.299999989569187 ], 
            "to": [ 15.999999985098839, 10.500000022351742, 8.699999995529652 ], 
            "faces": {
                "north": { "texture": "#bright_gun_texture", "uv": [ 6.0, 4.0, 6.5999999940395355, 6.0000000044703485 ] },
                "east": { "texture": "#bright_gun_texture", "uv": [ 6.0, 12.0, 7.0, 14.000000004470348 ] },
                "south": { "texture": "#bright_gun_texture", "uv": [ 4.0, 9.0, 4.5999999940395355, 11.000000004470348 ] },
                "west": { "texture": "#bright_gun_texture", "uv": [ 7.0, 10.0, 8.0, 12.000000004470348 ] },
                "up": { "texture": "#bright_gun_texture", "uv": [ 8.0, 2.0, 8.599999994039536, 3.0 ] },
                "down": { "texture": "#bright_gun_texture", "uv": [ 3.0, 6.0, 3.5999999940395355, 7.0 ] }
            }
        },
        {
            "name": "Back Targeter",
            "from": [ 15.0, 9.500000022351742, 7.5999999940395355 ], 
            "to": [ 15.399999976158142, 11.000000029802322, 8.400000005960464 ], 
            "faces": {
                "north": { "texture": "#bright_gun_texture", "uv": [ 6.0, 6.0, 6.5999999940395355, 8.000000004470348 ] },
                "east": { "texture": "#bright_gun_texture", "uv": [ 6.0, 7.0, 7.0, 9.000000004470348 ] },
                "south": { "texture": "#bright_gun_texture", "uv": [ 5.0, 10.0, 5.5999999940395355, 12.000000004470348 ] },
                "west": { "texture": "#bright_gun_texture", "uv": [ 5.0, 4.0, 6.0, 6.0000000044703485 ] },
                "up": { "texture": "#bright_gun_texture", "uv": [ 5.0, 14.0, 5.5999999940395355, 15.0 ] },
                "down": { "texture": "#bright_gun_texture", "uv": [ 1.0, 3.0, 1.5999999940395355, 4.0 ] }
            }
        },
        {
            "name": "Bipod R",
            "from": [ -2.5000000074505806, 0.0, 8.000000014901161 ], 
            "to": [ -1.900000013411045, 7.500000007450581, 8.600000008940697 ], 
            "rotation": { "origin": [ 8.0, 8.0, 8.0 ], "axis": "x", "angle": 22.5 },
            "faces": {
                "north": { "texture": "#bright_gun_texture", "uv": [ 15.0, 0.0, 15.599999994039536, 7.500000007450581 ] },
                "east": { "texture": "#bright_gun_texture", "uv": [ 10.0, 4.0, 10.599999994039536, 11.50000000745058 ] },
                "south": { "texture": "#bright_gun_texture", "uv": [ 6.0, 7.0, 6.5999999940395355, 14.50000000745058 ] },
                "west": { "texture": "#bright_gun_texture", "uv": [ 12.0, 5.0, 12.599999994039536, 12.50000000745058 ] },
                "up": { "texture": "#bright_gun_texture", "uv": [ 2.0, 6.0, 2.5999999940395355, 6.5999999940395355 ] },
                "down": { "texture": "#bright_gun_texture", "uv": [ 6.0, 6.0, 6.5999999940395355, 6.5999999940395355 ] }
            }
        },
        {
            "name": "Bipod L",
            "from": [ -2.5000000074505806, 0.0, 7.700000010430813 ], 
            "to": [ -1.900000013411045, 7.500000007450581, 8.300000004470348 ], 
            "rotation": { "origin": [ 8.0, 8.0, 8.0 ], "axis": "x", "angle": -22.5 },
            "faces": {
                "north": { "texture": "#bright_gun_texture", "uv": [ 5.0, 5.0, 5.5999999940395355, 12.50000000745058 ] },
                "east": { "texture": "#bright_gun_texture", "uv": [ 8.0, 8.0, 8.599999994039536, 15.50000000745058 ] },
                "south": { "texture": "#bright_gun_texture", "uv": [ 5.0, 8.0, 5.5999999940395355, 15.50000000745058 ] },
                "west": { "texture": "#bright_gun_texture", "uv": [ 7.0, 4.0, 7.5999999940395355, 11.50000000745058 ] },
                "up": { "texture": "#bright_gun_texture", "uv": [ 12.0, 3.0, 12.599999994039536, 3.5999999940395355 ] },
                "down": { "texture": "#bright_gun_texture", "uv": [ 4.0, 8.0, 4.5999999940395355, 8.599999994039536 ] }
            }
        },
        {
            "name": "Cube",
            "from": [ 8.599999994039536, 7.0, 10.200000017881393 ], 
            "to": [ 10.599999994039536, 7.5999999940395355, 10.800000011920929 ], 
            "faces": {
                "north": { "texture": "#gold_cover", "uv": [ 6.0, 9.0, 8.0, 9.599999994039536 ] },
                "east": { "texture": "#gold_cover", "uv": [ 6.0, 10.0, 6.5999999940395355, 10.599999994039536 ] },
                "south": { "texture": "#gold_cover", "uv": [ 3.0, 11.0, 5.0, 11.599999994039536 ] },
                "west": { "texture": "#gold_cover", "uv": [ 1.0, 8.0, 1.5999999940395355, 8.599999994039536 ] },
                "up": { "texture": "#gold_cover", "uv": [ 7.0, 9.0, 9.0, 9.599999994039536 ] },
                "down": { "texture": "#gold_cover", "uv": [ 9.0, 13.0, 11.0, 13.599999994039536 ] }
            }
        },
        {
            "name": "Cube",
            "from": [ 8.599999994039536, 7.700000010430813, 10.000000014901161 ], 
            "to": [ 10.599999994039536, 8.300000004470348, 10.600000008940697 ], 
            "faces": {
                "north": { "texture": "#gold_cover", "uv": [ 6.0, 9.0, 8.0, 9.599999994039536 ] },
                "east": { "texture": "#gold_cover", "uv": [ 6.0, 10.0, 6.5999999940395355, 10.599999994039536 ] },
                "south": { "texture": "#gold_cover", "uv": [ 3.0, 11.0, 5.0, 11.599999994039536 ] },
                "west": { "texture": "#gold_cover", "uv": [ 1.0, 8.0, 1.5999999940395355, 8.599999994039536 ] },
                "up": { "texture": "#gold_cover", "uv": [ 7.0, 9.0, 9.0, 9.599999994039536 ] },
                "down": { "texture": "#gold_cover", "uv": [ 9.0, 13.0, 11.0, 13.599999994039536 ] }
            }
        },
        {
            "name": "Cube",
            "from": [ 8.599999994039536, 8.400000020861626, 9.800000011920929 ], 
            "to": [ 10.599999994039536, 9.000000014901161, 10.400000005960464 ], 
            "faces": {
                "north": { "texture": "#gold_cover", "uv": [ 6.0, 9.0, 8.0, 9.599999994039536 ] },
                "east": { "texture": "#gold_cover", "uv": [ 6.0, 10.0, 6.5999999940395355, 10.599999994039536 ] },
                "south": { "texture": "#gold_cover", "uv": [ 3.0, 11.0, 5.0, 11.599999994039536 ] },
                "west": { "texture": "#gold_cover", "uv": [ 1.0, 8.0, 1.5999999940395355, 8.599999994039536 ] },
                "up": { "texture": "#gold_cover", "uv": [ 7.0, 9.0, 9.0, 9.599999994039536 ] },
                "down": { "texture": "#gold_cover", "uv": [ 9.0, 13.0, 11.0, 13.599999994039536 ] }
            }
        },
        {
            "name": "Cube",
            "from": [ 8.599999994039536, 9.000000029802322, 9.400000005960464 ], 
            "to": [ 10.599999994039536, 9.600000023841858, 10.0 ], 
            "faces": {
                "north": { "texture": "#gold_cover", "uv": [ 6.0, 9.0, 8.0, 9.599999994039536 ] },
                "east": { "texture": "#gold_cover", "uv": [ 6.0, 10.0, 6.5999999940395355, 10.599999994039536 ] },
                "south": { "texture": "#gold_cover", "uv": [ 3.0, 11.0, 5.0, 11.599999994039536 ] },
                "west": { "texture": "#gold_cover", "uv": [ 1.0, 8.0, 1.5999999940395355, 8.599999994039536 ] },
                "up": { "texture": "#gold_cover", "uv": [ 7.0, 9.0, 9.0, 9.599999994039536 ] },
                "down": { "texture": "#gold_cover", "uv": [ 9.0, 13.0, 11.0, 13.599999994039536 ] }
            }
        },
        {
            "name": "Cube",
            "from": [ 8.599999994039536, 6.299999989569187, 10.30000001937151 ], 
            "to": [ 10.599999994039536, 6.899999983608723, 10.900000013411045 ], 
            "faces": {
                "north": { "texture": "#gold_cover", "uv": [ 6.0, 9.0, 8.0, 9.599999994039536 ] },
                "east": { "texture": "#gold_cover", "uv": [ 6.0, 10.0, 6.5999999940395355, 10.599999994039536 ] },
                "south": { "texture": "#gold_cover", "uv": [ 3.0, 11.0, 5.0, 11.599999994039536 ] },
                "west": { "texture": "#gold_cover", "uv": [ 1.0, 8.0, 1.5999999940395355, 8.599999994039536 ] },
                "up": { "texture": "#gold_cover", "uv": [ 7.0, 9.0, 9.0, 9.599999994039536 ] },
                "down": { "texture": "#gold_cover", "uv": [ 9.0, 13.0, 11.0, 13.599999994039536 ] }
            }
        },
        {
            "name": "Cube",
            "from": [ 9.599999994039536, 5.499999992549419, 10.000000014901161 ], 
            "to": [ 10.199999988079071, 9.099999986588955, 10.600000008940697 ], 
            "rotation": { "origin": [ 8.0, 8.0, 8.0 ], "axis": "x", "angle": -22.5 },
            "faces": {
                "north": { "texture": "#bright_gun_texture", "uv": [ 6.0, 9.0, 6.5999999940395355, 12.599999994039536 ] },
                "east": { "texture": "#bright_gun_texture", "uv": [ 6.0, 10.0, 6.5999999940395355, 13.599999994039536 ] },
                "south": { "texture": "#bright_gun_texture", "uv": [ 3.0, 11.0, 3.5999999940395355, 14.599999994039536 ] },
                "west": { "texture": "#bright_gun_texture", "uv": [ 1.0, 8.0, 1.5999999940395355, 11.599999994039536 ] },
                "up": { "texture": "#bright_gun_texture", "uv": [ 7.0, 9.0, 7.5999999940395355, 9.599999994039536 ] },
                "down": { "texture": "#bright_gun_texture", "uv": [ 9.0, 13.0, 9.599999994039536, 13.599999994039536 ] }
            }
        },
        {
            "name": "Cube",
            "from": [ 8.0, 2.0, 6.499999992549419 ], 
            "to": [ 11.0, 7.0, 11.49999999254942 ], 
            "faces": {
                "north": { "texture": "#iron_cover", "uv": [ 6.0, 9.0, 9.0, 14.0 ] },
                "east": { "texture": "#iron_cover", "uv": [ 4.0, 10.0, 9.0, 15.0 ] },
                "south": { "texture": "#iron_cover", "uv": [ 4.0, 10.0, 7.0, 14.0 ] },
                "west": { "texture": "#iron_cover", "uv": [ 5.0, 10.0, 10.0, 15.0 ] },
                "up": { "texture": "#iron_cover", "uv": [ 2.0, 10.0, 5.0, 15.0 ] },
                "down": { "texture": "#iron_cover", "uv": [ 12.0, 11.0, 15.0, 16.0 ] }
            }
        }
    ],
    "display": {
        "thirdperson_righthand": {
            "rotation": [ 0, 270, -60 ],
            "translation": [ 0, 6, 3 ],
            "scale": [ 0.67, 0.67, 0.67 ]
        },
		"thirdperson_lefthand": {
            "rotation": [ -180, 90, -90 ],
			"translation": [ 0, 0, -1 ],
            "scale": [ 0.67, 0.67, 0.67 ]
        },
        "firstperson_righthand": {
            "rotation": [ 0, -90, 0 ],
            "translation": [ -2, 4, -5 ],
            "scale": [ 0.9, 0.9, 0.9 ]
        },
		"firstperson_lefthand": {
            "rotation": [ 20, 90, 0 ],
			"translation": [ -2.5, -3, -7 ],
            "scale": [ 0.9, 0.9, 0.9 ]
        },
		"head": {
			"rotation": [ 0, -90, 0 ],
			"translation": [ 0, 12, 0 ],
			"scale": [ 0.6, 0.6, 0.6 ]
		},
        "ground": {
            "rotation": [ 90, 0, 0 ],
            "translation": [ 0, -2, 0 ],
            "scale": [ 0.67, 0.67, 0.67 ]
        },
        "gui": {
            "rotation": [ -20, 30, 0 ],
            "translation": [ 0, 0, 0 ],
            "scale": [ 0.5, 0.5, 0.5 ]
        }
    }
}