{
"__comment": "© Le0, Mineland.eu 2019 | www.mineland.eu",
"textures": {
    "anvil_base": "guns/tezke_kulomety/anvil_base",
    "iron_cover": "guns/tezke_kulomety/iron_cover",
    "gold_block": "guns/tezke_kulomety/gold_block",
    "normal_gun_texture": "guns/tezke_kulomety/normal_gun_texture"
},
"elements":[
{
"from":[7,7,7],
"to":[20,8.5,9],
"faces":{
"down":{"uv":[7,7,16,9],"texture":"#anvil_base"},
"up":{"uv":[7,7,16,9],"texture":"#anvil_base"},
"north":{"uv":[0,7.5,9,9],"texture":"#anvil_base"},
"south":{"uv":[7,7.5,16,9],"texture":"#anvil_base"},
"west":{"uv":[7,7.5,9,9],"texture":"#anvil_base"},
"east":{"uv":[7,7.5,9,9],"texture":"#anvil_base"}
}
},
{
"from":[12,8.5,7],
"to":[20,9,9],
"faces":{
"down":{"uv":[12,7,16,9],"texture":"#anvil_base"},
"up":{"uv":[12,7,16,9],"texture":"#anvil_base"},
"north":{"uv":[0,7,4,7.5],"texture":"#anvil_base"},
"south":{"uv":[12,7,16,7.5],"texture":"#anvil_base"},
"west":{"uv":[7,7,9,7.5],"texture":"#anvil_base"},
"east":{"uv":[7,7,9,7.5],"texture":"#anvil_base"}
}
},
{
"from":[7,8.5,7],
"to":[8,9.125,9],
"faces":{
"down":{"uv":[7,7,8,9],"texture":"#anvil_base"},
"up":{"uv":[7,7,8,9],"texture":"#anvil_base"},
"north":{"uv":[8,6.875,9,7.5],"texture":"#anvil_base"},
"south":{"uv":[7,6.875,8,7.5],"texture":"#anvil_base"},
"west":{"uv":[7,6.875,9,7.5],"texture":"#anvil_base"},
"east":{"uv":[7,6.875,9,7.5],"texture":"#anvil_base"}
}
},
{
"from":[7,9.125,7],
"to":[12,9.625,9],
"faces":{
"down":{"uv":[7,7,12,9],"texture":"#anvil_base"},
"up":{"uv":[7,7,12,9],"texture":"#anvil_base"},
"north":{"uv":[4,6.375,9,6.875],"texture":"#anvil_base"},
"south":{"uv":[7,6.375,12,6.875],"texture":"#anvil_base"},
"west":{"uv":[7,6.375,9,6.875],"texture":"#anvil_base"},
"east":{"uv":[7,6.375,9,6.875],"texture":"#anvil_base"}
}
},
{
"from":[12,9,7],
"to":[14.8125,9.5,9],
"faces":{
"down":{"uv":[12,7,14.8125,9],"texture":"#anvil_base"},
"up":{"uv":[12,7,14.8125,9],"texture":"#anvil_base"},
"north":{"uv":[1.1875,6.5,4,7],"texture":"#anvil_base"},
"south":{"uv":[12,6.5,14.8125,7],"texture":"#anvil_base"},
"west":{"uv":[7,6.5,9,7],"texture":"#anvil_base"},
"east":{"uv":[7,6.5,9,7],"texture":"#anvil_base"}
}
},
{
"from":[8,9.125,9],
"to":[12,9.625,9.625],
"faces":{
"down":{"uv":[8,6.375,12,7],"texture":"#anvil_base"},
"up":{"uv":[8,9,12,9.625],"texture":"#anvil_base"},
"north":{"uv":[4,6.375,8,6.875],"texture":"#anvil_base"},
"south":{"uv":[8,6.375,12,6.875],"texture":"#anvil_base"},
"west":{"uv":[9,6.375,9.625,6.875],"texture":"#anvil_base"},
"east":{"uv":[6.375,6.375,7,6.875],"texture":"#anvil_base"}
}
},
{
"from":[8,8,9],
"to":[12,8.5,9.625],
"faces":{
"down":{"uv":[8,6.375,12,7],"texture":"#anvil_base"},
"up":{"uv":[8,9,12,9.625],"texture":"#anvil_base"},
"north":{"uv":[4,7.5,8,8],"texture":"#anvil_base"},
"south":{"uv":[8,7.5,12,8],"texture":"#anvil_base"},
"west":{"uv":[9,7.5,9.625,8],"texture":"#anvil_base"},
"east":{"uv":[6.375,7.5,7,8],"texture":"#anvil_base"}
}
},
{
"from":[7.875,8,9],
"to":[8,9.625,9.625],
"faces":{
"down":{"uv":[7.875,6.375,8,7],"texture":"#anvil_base"},
"up":{"uv":[7.875,9,8,9.625],"texture":"#anvil_base"},
"north":{"uv":[8,6.375,8.125,8],"texture":"#anvil_base"},
"south":{"uv":[7.875,6.375,8,8],"texture":"#anvil_base"},
"west":{"uv":[9,6.375,9.625,8],"texture":"#anvil_base"},
"east":{"uv":[6.375,6.375,7,8],"texture":"#anvil_base"}
}
},
{
"from":[11.5625,8,9.1875],
"to":[12.5625,8.5,9.8125],
"rotation":{"origin":[11.5625,8,9.1875],"axis":"y","angle":45},
"faces":{
"down":{"uv":[11.5625,6.1875,12.5625,6.8125],"texture":"#anvil_base"},
"up":{"uv":[11.5625,9.1875,12.5625,9.8125],"texture":"#anvil_base"},
"north":{"uv":[3.4375,7.5,4.4375,8],"texture":"#anvil_base"},
"south":{"uv":[11.5625,7.5,12.5625,8],"texture":"#anvil_base"},
"west":{"uv":[9.1875,7.5,9.8125,8],"texture":"#anvil_base"},
"east":{"uv":[6.1875,7.5,6.8125,8],"texture":"#anvil_base"}
}
},
{
"from":[8,9.25,6.75],
"to":[12,9.625,7],
"faces":{
"down":{"uv":[8,9,12,9.25],"texture":"#anvil_base"},
"up":{"uv":[8,6.75,12,7],"texture":"#anvil_base"},
"north":{"uv":[4,6.375,8,6.75],"texture":"#anvil_base"},
"south":{"uv":[8,6.375,12,6.75],"texture":"#anvil_base"},
"west":{"uv":[6.75,6.375,7,6.75],"texture":"#anvil_base"},
"east":{"uv":[9,6.375,9.25,6.75],"texture":"#anvil_base"}
}
},
{
"from":[8,8.125,6.75],
"to":[12,8.5,7],
"faces":{
"down":{"uv":[8,9,12,9.25],"texture":"#anvil_base"},
"up":{"uv":[8,6.75,12,7],"texture":"#anvil_base"},
"north":{"uv":[4,7.5,8,7.875],"texture":"#anvil_base"},
"south":{"uv":[8,7.5,12,7.875],"texture":"#anvil_base"},
"west":{"uv":[6.75,7.5,7,7.875],"texture":"#anvil_base"},
"east":{"uv":[9,7.5,9.25,7.875],"texture":"#anvil_base"}
}
},
{
"from":[18.6875,9.1875,7],
"to":[19,9.5,9],
"faces":{
"down":{"uv":[2.6875,7,3,9],"texture":"#anvil_base"},
"up":{"uv":[2.6875,7,3,9],"texture":"#anvil_base"},
"north":{"uv":[13,6.5,13.3125,6.8125],"texture":"#anvil_base"},
"south":{"uv":[2.6875,6.5,3,6.8125],"texture":"#anvil_base"},
"west":{"uv":[7,6.5,9,6.8125],"texture":"#anvil_base"},
"east":{"uv":[7,6.5,9,6.8125],"texture":"#anvil_base"}
}
},
{
"from":[14.75,6.8125,6.75],
"to":[15.25,7.25,7.5],
"faces":{
"down":{"uv":[14.75,8.5,15.25,9.25],"texture":"#anvil_base"},
"up":{"uv":[14.75,6.75,15.25,7.5],"texture":"#anvil_base"},
"north":{"uv":[0.75,8.75,1.25,9.1875],"texture":"#anvil_base"},
"south":{"uv":[14.75,8.75,15.25,9.1875],"texture":"#anvil_base"},
"west":{"uv":[6.75,8.75,7.5,9.1875],"texture":"#anvil_base"},
"east":{"uv":[8.5,8.75,9.25,9.1875],"texture":"#anvil_base"}
}
},
{
"from":[13.625,3,7.5],
"to":[15.25,7,8.5],
"rotation":{"origin":[13.625,7,7.5],"axis":"z","angle":22.5},
"faces":{
"down":{"uv":[15.15573,7.5,16,8.5],"texture":"#normal_gun_texture"},
"up":{"uv":[15.15573,7.5,16,8.5],"texture":"#normal_gun_texture"},
"north":{"uv":[0,8.695518,0.8442659,12.69552],"texture":"#normal_gun_texture"},
"south":{"uv":[15.15573,8.695518,16,12.69552],"texture":"#normal_gun_texture"},
"west":{"uv":[7.5,8.695518,8.5,12.69552],"texture":"#normal_gun_texture"},
"east":{"uv":[7.5,8.695518,8.5,12.69552],"texture":"#normal_gun_texture"}
}
},
{
"from":[15.375,6.125,7.5],
"to":[15.75,7,8.5],
"faces":{
"down":{"uv":[15.375,7.5,15.75,8.5],"texture":"#normal_gun_texture"},
"up":{"uv":[15.375,7.5,15.75,8.5],"texture":"#normal_gun_texture"},
"north":{"uv":[0.25,9,0.625,9.875],"texture":"#normal_gun_texture"},
"south":{"uv":[15.375,9,15.75,9.875],"texture":"#normal_gun_texture"},
"west":{"uv":[7.5,9,8.5,9.875],"texture":"#normal_gun_texture"},
"east":{"uv":[7.5,9,8.5,9.875],"texture":"#normal_gun_texture"}
}
},
{
"from":[11.6875,6.625,7.5625],
"to":[13.875,7,8.4375],
"faces":{
"down":{"uv":[11.6875,7.5625,13.875,8.4375],"texture":"#anvil_base"},
"up":{"uv":[11.6875,7.5625,13.875,8.4375],"texture":"#anvil_base"},
"north":{"uv":[2.125,9,4.3125,9.375],"texture":"#anvil_base"},
"south":{"uv":[11.6875,9,13.875,9.375],"texture":"#anvil_base"},
"west":{"uv":[7.5625,9,8.4375,9.375],"texture":"#anvil_base"},
"east":{"uv":[7.5625,9,8.4375,9.375],"texture":"#anvil_base"}
}
},
{
"from":[15.6875,6.5,7.5625],
"to":[17.8125,7.0625,8.4375],
"faces":{
"down":{"uv":[15.6875,7.5625,16,8.4375],"texture":"#anvil_base"},
"up":{"uv":[15.6875,7.5625,16,8.4375],"texture":"#anvil_base"},
"north":{"uv":[0,8.9375,0.3125,9.5],"texture":"#anvil_base"},
"south":{"uv":[15.6875,8.9375,16,9.5],"texture":"#anvil_base"},
"west":{"uv":[7.5625,8.9375,8.4375,9.5],"texture":"#anvil_base"},
"east":{"uv":[7.5625,8.9375,8.4375,9.5],"texture":"#anvil_base"}
}
},
{
"from":[12,5.75,7.5625],
"to":[12.125,6.625,8.4375],
"faces":{
"down":{"uv":[12,7.5625,12.125,8.4375],"texture":"#anvil_base"},
"up":{"uv":[12,7.5625,12.125,8.4375],"texture":"#anvil_base"},
"north":{"uv":[3.875,9.375,4,10.25],"texture":"#anvil_base"},
"south":{"uv":[12,9.375,12.125,10.25],"texture":"#anvil_base"},
"west":{"uv":[7.5625,9.375,8.4375,10.25],"texture":"#anvil_base"},
"east":{"uv":[7.5625,9.375,8.4375,10.25],"texture":"#anvil_base"}
}
},
{
"from":[12,5.25,7.5625],
"to":[12.125,5.75,8.4375],
"rotation":{"origin":[12,5.75,7.5625],"axis":"z","angle":22.5},
"faces":{
"down":{"uv":[12.19134,7.5625,12.31634,8.4375],"texture":"#anvil_base"},
"up":{"uv":[12.19134,7.5625,12.31634,8.4375],"texture":"#anvil_base"},
"north":{"uv":[3.683659,10.21194,3.808659,10.71194],"texture":"#anvil_base"},
"south":{"uv":[12.19134,10.21194,12.31634,10.71194],"texture":"#anvil_base"},
"west":{"uv":[7.5625,10.21194,8.4375,10.71194],"texture":"#anvil_base"},
"east":{"uv":[7.5625,10.21194,8.4375,10.71194],"texture":"#anvil_base"}
}
},
{
"from":[12.1887,4.8488,7.5625],
"to":[12.3137,5.2863,8.4375],
"rotation":{"origin":[12.1887,5.28625,7.5625],"axis":"z","angle":45},
"faces":{
"down":{"uv":[12.49806,7.5625,12.62306,8.4375],"texture":"#anvil_base"},
"up":{"uv":[12.49806,7.5625,12.62306,8.4375],"texture":"#anvil_base"},
"north":{"uv":[3.376941,10.58561,3.501941,11.02311],"texture":"#anvil_base"},
"south":{"uv":[12.49806,10.58561,12.62306,11.02311],"texture":"#anvil_base"},
"west":{"uv":[7.5625,10.58561,8.4375,11.02311],"texture":"#anvil_base"},
"east":{"uv":[7.5625,10.58561,8.4375,11.02311],"texture":"#anvil_base"}
}
},
{
"from":[13.7288,4.8538,7.5625],
"to":[14.1038,5.1038,8.4375],
"rotation":{"origin":[13.7288,5.10375,7.5625],"axis":"z","angle":22.5},
"faces":{
"down":{"uv":[13.82447,7.5625,14.19947,8.4375],"texture":"#anvil_base"},
"up":{"uv":[13.82447,7.5625,14.19947,8.4375],"texture":"#anvil_base"},
"north":{"uv":[1.800529,10.87722,2.175529,11.12722],"texture":"#anvil_base"},
"south":{"uv":[13.82447,10.87722,14.19947,11.12722],"texture":"#anvil_base"},
"west":{"uv":[7.5625,10.87722,8.4375,11.12722],"texture":"#anvil_base"},
"east":{"uv":[7.5625,10.87722,8.4375,11.12722],"texture":"#anvil_base"}
}
},
{
"from":[13.3175,4.875,7.5625],
"to":[13.8175,5.125,8.4375],
"faces":{
"down":{"uv":[13.3175,7.5625,13.8175,8.4375],"texture":"#anvil_base"},
"up":{"uv":[13.3175,7.5625,13.8175,8.4375],"texture":"#anvil_base"},
"north":{"uv":[2.1825,10.875,2.6825,11.125],"texture":"#anvil_base"},
"south":{"uv":[13.3175,10.875,13.8175,11.125],"texture":"#anvil_base"},
"west":{"uv":[7.5625,10.875,8.4375,11.125],"texture":"#anvil_base"},
"east":{"uv":[7.5625,10.875,8.4375,11.125],"texture":"#anvil_base"}
}
},
{
"from":[12.8438,4.9212,7.5625],
"to":[13.3438,5.1087,8.4375],
"faces":{
"down":{"uv":[12.8438,7.5625,13.3438,8.4375],"texture":"#anvil_base"},
"up":{"uv":[12.8438,7.5625,13.3438,8.4375],"texture":"#anvil_base"},
"north":{"uv":[2.6562,10.89125,3.1562,11.07875],"texture":"#anvil_base"},
"south":{"uv":[12.8438,10.89125,13.3438,11.07875],"texture":"#anvil_base"},
"west":{"uv":[7.5625,10.89125,8.4375,11.07875],"texture":"#anvil_base"},
"east":{"uv":[7.5625,10.89125,8.4375,11.07875],"texture":"#anvil_base"}
}
},
{
"from":[12.5,4.9688,7.5625],
"to":[12.875,5.0938,8.4375],
"faces":{
"down":{"uv":[12.5,7.5625,12.875,8.4375],"texture":"#anvil_base"},
"up":{"uv":[12.5,7.5625,12.875,8.4375],"texture":"#anvil_base"},
"north":{"uv":[3.125,10.90625,3.5,11.03125],"texture":"#anvil_base"},
"south":{"uv":[12.5,10.90625,12.875,11.03125],"texture":"#anvil_base"},
"west":{"uv":[7.5625,10.90625,8.4375,11.03125],"texture":"#anvil_base"},
"east":{"uv":[7.5625,10.90625,8.4375,11.03125],"texture":"#anvil_base"}
}
},
{
"from":[14.1875,5.0625,7.5625],
"to":[14.5,5.625,8.4375],
"rotation":{"origin":[14.1875,5.625,7.5625],"axis":"z","angle":-22.5},
"faces":{
"down":{"uv":[13.97224,7.5625,14.28474,8.4375],"texture":"#anvil_base"},
"up":{"uv":[13.97224,7.5625,14.28474,8.4375],"texture":"#anvil_base"},
"north":{"uv":[1.71526,10.33218,2.02776,10.89468],"texture":"#anvil_base"},
"south":{"uv":[13.97224,10.33218,14.28474,10.89468],"texture":"#anvil_base"},
"west":{"uv":[7.5625,10.33218,8.4375,10.89468],"texture":"#anvil_base"},
"east":{"uv":[7.5625,10.33218,8.4375,10.89468],"texture":"#anvil_base"}
}
},
{
"from":[13.5938,6.2812,7.5625],
"to":[13.7813,6.6562,8.4375],
"rotation":{"origin":[13.5938,6.65625,7.5625],"axis":"z","angle":45},
"faces":{
"down":{"uv":[13.85896,7.5625,14.04646,8.4375],"texture":"#anvil_base"},
"up":{"uv":[13.85896,7.5625,14.04646,8.4375],"texture":"#anvil_base"},
"north":{"uv":[1.953535,9.233915,2.141035,9.608915],"texture":"#anvil_base"},
"south":{"uv":[13.85896,9.233915,14.04646,9.608915],"texture":"#anvil_base"},
"west":{"uv":[7.5625,9.233915,8.4375,9.608915],"texture":"#anvil_base"},
"east":{"uv":[7.5625,9.233915,8.4375,9.608915],"texture":"#anvil_base"}
}
},
{
"from":[12.0938,6.3438,7.625],
"to":[12.2813,6.7188,8.375],
"rotation":{"origin":[12.0938,6.71875,7.625],"axis":"z","angle":-22.5},
"faces":{
"down":{"uv":[11.95029,7.625,12.13779,8.375],"texture":"#anvil_base"},
"up":{"uv":[11.95029,7.625,12.13779,8.375],"texture":"#anvil_base"},
"north":{"uv":[3.862206,9.252705,4.049706,9.627705],"texture":"#anvil_base"},
"south":{"uv":[11.95029,9.252705,12.13779,9.627705],"texture":"#anvil_base"},
"west":{"uv":[7.625,9.252705,8.375,9.627705],"texture":"#anvil_base"},
"east":{"uv":[7.625,9.252705,8.375,9.627705],"texture":"#anvil_base"}
}
},
{
"from":[12.125,6.5,7.625],
"to":[12.4375,6.6875,8.375],
"rotation":{"origin":[12.125,6.6875,7.625],"axis":"z","angle":22.5},
"faces":{
"down":{"uv":[12.19675,7.625,12.50925,8.375],"texture":"#anvil_base"},
"up":{"uv":[12.19675,7.625,12.50925,8.375],"texture":"#anvil_base"},
"north":{"uv":[3.490746,9.298227,3.803246,9.485727],"texture":"#anvil_base"},
"south":{"uv":[12.19675,9.298227,12.50925,9.485727],"texture":"#anvil_base"},
"west":{"uv":[7.625,9.298227,8.375,9.485727],"texture":"#anvil_base"},
"east":{"uv":[7.625,9.298227,8.375,9.485727],"texture":"#anvil_base"}
}
},
{
"from":[13.25,5.875,7.625],
"to":[13.5,6.6875,8.375],
"faces":{
"down":{"uv":[13.25,7.625,13.5,8.375],"texture":"#normal_gun_texture"},
"up":{"uv":[13.25,7.625,13.5,8.375],"texture":"#normal_gun_texture"},
"north":{"uv":[2.5,9.3125,2.75,10.125],"texture":"#normal_gun_texture"},
"south":{"uv":[13.25,9.3125,13.5,10.125],"texture":"#normal_gun_texture"},
"west":{"uv":[7.625,9.3125,8.375,10.125],"texture":"#normal_gun_texture"},
"east":{"uv":[7.625,9.3125,8.375,10.125],"texture":"#normal_gun_texture"}
}
},
{
"from":[13.2813,5.5312,7.625],
"to":[13.5313,5.9687,8.375],
"rotation":{"origin":[13.2813,5.96875,7.625],"axis":"z","angle":-22.5},
"faces":{
"down":{"uv":[13.11388,7.625,13.36388,8.375],"texture":"#normal_gun_texture"},
"up":{"uv":[13.11388,7.625,13.36388,8.375],"texture":"#normal_gun_texture"},
"north":{"uv":[2.636125,9.997948,2.886125,10.43545],"texture":"#normal_gun_texture"},
"south":{"uv":[13.11388,9.997948,13.36388,10.43545],"texture":"#normal_gun_texture"},
"west":{"uv":[7.625,9.997948,8.375,10.43545],"texture":"#normal_gun_texture"},
"east":{"uv":[7.625,9.997948,8.375,10.43545],"texture":"#normal_gun_texture"}
}
},
{
"from":[14.6875,3.1562,7.5],
"to":[15.0625,3.5937,8.5],
"rotation":{"origin":[14.6875,3.59375,7.5],"axis":"z","angle":22.5},
"faces":{
"down":{"uv":[14.85492,7.5,15.22992,8.5],"texture":"#normal_gun_texture"},
"up":{"uv":[14.85492,7.5,15.22992,8.5],"texture":"#normal_gun_texture"},
"north":{"uv":[0.7700758,12.37295,1.145076,12.81045],"texture":"#normal_gun_texture"},
"south":{"uv":[14.85492,12.37295,15.22992,12.81045],"texture":"#normal_gun_texture"},
"west":{"uv":[7.5,12.37295,8.5,12.81045],"texture":"#normal_gun_texture"},
"east":{"uv":[7.5,12.37295,8.5,12.81045],"texture":"#normal_gun_texture"}
}
},
{
"from":[14.8125,9.25,7],
"to":[16.25,9.375,9],
"faces":{
"down":{"uv":[14.8125,7,16,9],"texture":"#anvil_base"},
"up":{"uv":[14.8125,7,16,9],"texture":"#anvil_base"},
"north":{"uv":[0,6.625,1.1875,6.75],"texture":"#anvil_base"},
"south":{"uv":[14.8125,6.625,16,6.75],"texture":"#anvil_base"},
"west":{"uv":[7,6.625,9,6.75],"texture":"#anvil_base"},
"east":{"uv":[7,6.625,9,6.75],"texture":"#anvil_base"}
}
},
{
"from":[5,6.9688,7.1875],
"to":[7,8.62505,8.875],
"faces":{
"down":{"uv":[5,7.125,7,8.8125],"texture":"#anvil_base"},
"up":{"uv":[5,7.1875,7,8.875],"texture":"#anvil_base"},
"north":{"uv":[9,7.375,11,9.03125],"texture":"#anvil_base"},
"south":{"uv":[5,7.375,7,9.03125],"texture":"#anvil_base"},
"west":{"uv":[7.1875,7.375,8.875,9.03125],"texture":"#anvil_base"},
"east":{"uv":[7.125,7.375,8.8125,9.03125],"texture":"#anvil_base"}
}
},
{
"from":[-9.5625,7,7.2812],
"to":[5,7.5,7.7812],
"faces":{
"down":{"uv":[0,8.21875,5,8.71875],"texture":"#anvil_base"},
"up":{"uv":[0,7.28125,5,7.78125],"texture":"#anvil_base"},
"north":{"uv":[11,8.5,16,9],"texture":"#anvil_base"},
"south":{"uv":[0,8.5,5,9],"texture":"#anvil_base"},
"west":{"uv":[7.28125,8.5,7.78125,9],"texture":"#anvil_base"},
"east":{"uv":[8.21875,8.5,8.71875,9],"texture":"#anvil_base"}
}
},
{
"from":[6.375,9.375,7.8125],
"to":[6.5,9.625,8.1875],
"faces":{
"down":{"uv":[6.375,7.8125,6.5,8.1875],"texture":"#anvil_base"},
"up":{"uv":[6.375,7.8125,6.5,8.1875],"texture":"#anvil_base"},
"north":{"uv":[9.5,6.375,9.625,6.625],"texture":"#anvil_base"},
"south":{"uv":[6.375,6.375,6.5,6.625],"texture":"#anvil_base"},
"west":{"uv":[7.8125,6.375,8.1875,6.625],"texture":"#anvil_base"},
"east":{"uv":[7.8125,6.375,8.1875,6.625],"texture":"#anvil_base"}
}
},
{
"from":[-9.5625,8.125,8.3125],
"to":[5,8.625,8.8125],
"faces":{
"down":{"uv":[0,7.1875,5,7.6875],"texture":"#anvil_base"},
"up":{"uv":[0,8.3125,5,8.8125],"texture":"#anvil_base"},
"north":{"uv":[11,7.375,16,7.875],"texture":"#anvil_base"},
"south":{"uv":[0,7.375,5,7.875],"texture":"#anvil_base"},
"west":{"uv":[8.3125,7.375,8.8125,7.875],"texture":"#anvil_base"},
"east":{"uv":[7.1875,7.375,7.6875,7.875],"texture":"#anvil_base"}
}
},
{
"from":[-9.5625,7,8.281199],
"to":[5,7.5,8.781199],
"faces":{
"down":{"uv":[0,7.21875,5,7.71875],"texture":"#anvil_base"},
"up":{"uv":[0,8.28125,5,8.78125],"texture":"#anvil_base"},
"north":{"uv":[11,8.5,16,9],"texture":"#anvil_base"},
"south":{"uv":[0,8.5,5,9],"texture":"#anvil_base"},
"west":{"uv":[8.28125,8.5,8.78125,9],"texture":"#anvil_base"},
"east":{"uv":[7.21875,8.5,7.71875,9],"texture":"#anvil_base"}
}
},
{
"from":[-9.5625,8.125,7.2812],
"to":[5,8.625,7.7812],
"faces":{
"down":{"uv":[0,8.21875,5,8.71875],"texture":"#anvil_base"},
"up":{"uv":[0,7.28125,5,7.78125],"texture":"#anvil_base"},
"north":{"uv":[11,7.375,16,7.875],"texture":"#anvil_base"},
"south":{"uv":[0,7.375,5,7.875],"texture":"#anvil_base"},
"west":{"uv":[7.28125,7.375,7.78125,7.875],"texture":"#anvil_base"},
"east":{"uv":[8.21875,7.375,8.71875,7.875],"texture":"#anvil_base"}
}
},
{
"from":[4.75,8.625,7.625],
"to":[6.5,9,8.375],
"faces":{
"down":{"uv":[4.75,7.625,6.5,8.375],"texture":"#anvil_base"},
"up":{"uv":[4.75,7.625,6.5,8.375],"texture":"#anvil_base"},
"north":{"uv":[9.5,7,11.25,7.375],"texture":"#anvil_base"},
"south":{"uv":[4.75,7,6.5,7.375],"texture":"#anvil_base"},
"west":{"uv":[7.625,7,8.375,7.375],"texture":"#anvil_base"},
"east":{"uv":[7.625,7,8.375,7.375],"texture":"#anvil_base"}
}
},
{
"from":[4.75,9,7.6875],
"to":[5.1875,9.1875,8.3125],
"faces":{
"down":{"uv":[4.75,7.6875,5.1875,8.3125],"texture":"#anvil_base"},
"up":{"uv":[4.75,7.6875,5.1875,8.3125],"texture":"#anvil_base"},
"north":{"uv":[10.8125,6.8125,11.25,7],"texture":"#anvil_base"},
"south":{"uv":[4.75,6.8125,5.1875,7],"texture":"#anvil_base"},
"west":{"uv":[7.6875,6.8125,8.3125,7],"texture":"#anvil_base"},
"east":{"uv":[7.6875,6.8125,8.3125,7],"texture":"#anvil_base"}
}
},
{
"from":[5.875,9.0625,7.625],
"to":[6.1875,9.375,8.375],
"faces":{
"down":{"uv":[5.875,7.625,6.1875,8.375],"texture":"#anvil_base"},
"up":{"uv":[5.875,7.625,6.1875,8.375],"texture":"#anvil_base"},
"north":{"uv":[9.8125,6.625,10.125,6.9375],"texture":"#anvil_base"},
"south":{"uv":[5.875,6.625,6.1875,6.9375],"texture":"#anvil_base"},
"west":{"uv":[7.625,6.625,8.375,6.9375],"texture":"#anvil_base"},
"east":{"uv":[7.625,6.625,8.375,6.9375],"texture":"#anvil_base"}
}
},
{
"from":[6.375,9.625,7.8125],
"to":[6.5,10.125,7.9375],
"faces":{
"down":{"uv":[6.375,8.0625,6.5,8.1875],"texture":"#anvil_base"},
"up":{"uv":[6.375,7.8125,6.5,7.9375],"texture":"#anvil_base"},
"north":{"uv":[9.5,5.875,9.625,6.375],"texture":"#anvil_base"},
"south":{"uv":[6.375,5.875,6.5,6.375],"texture":"#anvil_base"},
"west":{"uv":[7.8125,5.875,7.9375,6.375],"texture":"#anvil_base"},
"east":{"uv":[8.0625,5.875,8.1875,6.375],"texture":"#anvil_base"}
}
},
{
"from":[6.375,9.625,8.0625],
"to":[6.5,10.125,8.1875],
"faces":{
"down":{"uv":[6.375,7.8125,6.5,7.9375],"texture":"#anvil_base"},
"up":{"uv":[6.375,8.0625,6.5,8.1875],"texture":"#anvil_base"},
"north":{"uv":[9.5,5.875,9.625,6.375],"texture":"#anvil_base"},
"south":{"uv":[6.375,5.875,6.5,6.375],"texture":"#anvil_base"},
"west":{"uv":[8.0625,5.875,8.1875,6.375],"texture":"#anvil_base"},
"east":{"uv":[7.8125,5.875,7.9375,6.375],"texture":"#anvil_base"}
}
},
{
"from":[-11.5562,7.4125,7.1],
"to":[-10.0562,8.2,8.9],
"faces":{
"down":{"uv":[4.4438,7.1,5.9438,8.9],"texture":"#anvil_base"},
"up":{"uv":[4.4438,7.1,5.9438,8.9],"texture":"#anvil_base"},
"north":{"uv":[10.0562,7.8,11.5562,8.5875],"texture":"#anvil_base"},
"south":{"uv":[4.4438,7.8,5.9438,8.5875],"texture":"#anvil_base"},
"west":{"uv":[7.1,7.8,8.9,8.5875],"texture":"#anvil_base"},
"east":{"uv":[7.1,7.8,8.9,8.5875],"texture":"#anvil_base"}
}
},
{
"from":[-11.5562,6.9062,7.6344],
"to":[-10.0562,8.7062,8.4219],
"faces":{
"down":{"uv":[4.4438,7.57812,5.9438,8.36562],"texture":"#anvil_base"},
"up":{"uv":[4.4438,7.63438,5.9438,8.42188],"texture":"#anvil_base"},
"north":{"uv":[10.0562,7.29375,11.5562,9.09375],"texture":"#anvil_base"},
"south":{"uv":[4.4438,7.29375,5.9438,9.09375],"texture":"#anvil_base"},
"west":{"uv":[7.63438,7.29375,8.42188,9.09375],"texture":"#anvil_base"},
"east":{"uv":[7.57812,7.29375,8.36562,9.09375],"texture":"#anvil_base"}
}
},
{
"from":[-11.5562,8.2,7.2969],
"to":[-10.0562,8.5375,7.6344],
"faces":{
"down":{"uv":[4.4438,8.36562,5.9438,8.70312],"texture":"#anvil_base"},
"up":{"uv":[4.4438,7.29688,5.9438,7.63438],"texture":"#anvil_base"},
"north":{"uv":[10.0562,7.4625,11.5562,7.8],"texture":"#anvil_base"},
"south":{"uv":[4.4438,7.4625,5.9438,7.8],"texture":"#anvil_base"},
"west":{"uv":[7.29688,7.4625,7.63438,7.8],"texture":"#anvil_base"},
"east":{"uv":[8.36562,7.4625,8.70312,7.8],"texture":"#anvil_base"}
}
},
{
"from":[-11.5562,7.075,8.4219],
"to":[-10.0562,7.4125,8.7594],
"faces":{
"down":{"uv":[4.4438,7.24062,5.9438,7.57812],"texture":"#anvil_base"},
"up":{"uv":[4.4438,8.42188,5.9438,8.75938],"texture":"#anvil_base"},
"north":{"uv":[10.0562,8.5875,11.5562,8.925],"texture":"#anvil_base"},
"south":{"uv":[4.4438,8.5875,5.9438,8.925],"texture":"#anvil_base"},
"west":{"uv":[8.42188,8.5875,8.75938,8.925],"texture":"#anvil_base"},
"east":{"uv":[7.24062,8.5875,7.57812,8.925],"texture":"#anvil_base"}
}
},
{
"from":[-11.5562,8.2,8.4219],
"to":[-10.0562,8.5375,8.7594],
"faces":{
"down":{"uv":[4.4438,7.24062,5.9438,7.57812],"texture":"#anvil_base"},
"up":{"uv":[4.4438,8.42188,5.9438,8.75938],"texture":"#anvil_base"},
"north":{"uv":[10.0562,7.4625,11.5562,7.8],"texture":"#anvil_base"},
"south":{"uv":[4.4438,7.4625,5.9438,7.8],"texture":"#anvil_base"},
"west":{"uv":[8.42188,7.4625,8.75938,7.8],"texture":"#anvil_base"},
"east":{"uv":[7.24062,7.4625,7.57812,7.8],"texture":"#anvil_base"}
}
},
{
"from":[-11.5562,7.075,7.2969],
"to":[-10.0562,7.4125,7.6344],
"faces":{
"down":{"uv":[4.4438,8.36562,5.9438,8.70312],"texture":"#anvil_base"},
"up":{"uv":[4.4438,7.29688,5.9438,7.63438],"texture":"#anvil_base"},
"north":{"uv":[10.0562,8.5875,11.5562,8.925],"texture":"#anvil_base"},
"south":{"uv":[4.4438,8.5875,5.9438,8.925],"texture":"#anvil_base"},
"west":{"uv":[7.29688,8.5875,7.63438,8.925],"texture":"#anvil_base"},
"east":{"uv":[8.36562,8.5875,8.70312,8.925],"texture":"#anvil_base"}
}
},
{
"from":[14.25,5,7.5625],
"to":[14.625,5.25,8.4375],
"rotation":{"origin":[14.25,5.25,7.5625],"axis":"z","angle":-22.5},
"faces":{
"down":{"uv":[14.15433,7.5625,14.52933,8.4375],"texture":"#anvil_base"},
"up":{"uv":[14.15433,7.5625,14.52933,8.4375],"texture":"#anvil_base"},
"north":{"uv":[1.470671,10.73097,1.845671,10.98097],"texture":"#anvil_base"},
"south":{"uv":[14.15433,10.73097,14.52933,10.98097],"texture":"#anvil_base"},
"west":{"uv":[7.5625,10.73097,8.4375,10.98097],"texture":"#anvil_base"},
"east":{"uv":[7.5625,10.73097,8.4375,10.98097],"texture":"#anvil_base"}
}
},
{
"from":[-10.0625,7.375,7],
"to":[-9.5625,8.25,9],
"faces":{
"down":{"uv":[5.9375,7,6.4375,9],"texture":"#anvil_base"},
"up":{"uv":[5.9375,7,6.4375,9],"texture":"#anvil_base"},
"north":{"uv":[9.5625,7.75,10.0625,8.625],"texture":"#anvil_base"},
"south":{"uv":[5.9375,7.75,6.4375,8.625],"texture":"#anvil_base"},
"west":{"uv":[7,7.75,9,8.625],"texture":"#anvil_base"},
"east":{"uv":[7,7.75,9,8.625],"texture":"#anvil_base"}
}
},
{
"from":[-10.0625,6.8125,7.5938],
"to":[-9.5625,8.8125,8.4688],
"faces":{
"down":{"uv":[5.9375,7.53125,6.4375,8.40625],"texture":"#anvil_base"},
"up":{"uv":[5.9375,7.59375,6.4375,8.46875],"texture":"#anvil_base"},
"north":{"uv":[9.5625,7.1875,10.0625,9.1875],"texture":"#anvil_base"},
"south":{"uv":[5.9375,7.1875,6.4375,9.1875],"texture":"#anvil_base"},
"west":{"uv":[7.59375,7.1875,8.46875,9.1875],"texture":"#anvil_base"},
"east":{"uv":[7.53125,7.1875,8.40625,9.1875],"texture":"#anvil_base"}
}
},
{
"from":[-10.0625,8.25,7.2188],
"to":[-9.5625,8.625,7.5938],
"faces":{
"down":{"uv":[5.9375,8.40625,6.4375,8.78125],"texture":"#anvil_base"},
"up":{"uv":[5.9375,7.21875,6.4375,7.59375],"texture":"#anvil_base"},
"north":{"uv":[9.5625,7.375,10.0625,7.75],"texture":"#anvil_base"},
"south":{"uv":[5.9375,7.375,6.4375,7.75],"texture":"#anvil_base"},
"west":{"uv":[7.21875,7.375,7.59375,7.75],"texture":"#anvil_base"},
"east":{"uv":[8.40625,7.375,8.78125,7.75],"texture":"#anvil_base"}
}
},
{
"from":[-10.0625,7,8.4688],
"to":[-9.5625,7.375,8.8438],
"faces":{
"down":{"uv":[5.9375,7.15625,6.4375,7.53125],"texture":"#anvil_base"},
"up":{"uv":[5.9375,8.46875,6.4375,8.84375],"texture":"#anvil_base"},
"north":{"uv":[9.5625,8.625,10.0625,9],"texture":"#anvil_base"},
"south":{"uv":[5.9375,8.625,6.4375,9],"texture":"#anvil_base"},
"west":{"uv":[8.46875,8.625,8.84375,9],"texture":"#anvil_base"},
"east":{"uv":[7.15625,8.625,7.53125,9],"texture":"#anvil_base"}
}
},
{
"from":[-10.0625,8.25,8.4688],
"to":[-9.5625,8.625,8.8438],
"faces":{
"down":{"uv":[5.9375,7.15625,6.4375,7.53125],"texture":"#anvil_base"},
"up":{"uv":[5.9375,8.46875,6.4375,8.84375],"texture":"#anvil_base"},
"north":{"uv":[9.5625,7.375,10.0625,7.75],"texture":"#anvil_base"},
"south":{"uv":[5.9375,7.375,6.4375,7.75],"texture":"#anvil_base"},
"west":{"uv":[8.46875,7.375,8.84375,7.75],"texture":"#anvil_base"},
"east":{"uv":[7.15625,7.375,7.53125,7.75],"texture":"#anvil_base"}
}
},
{
"from":[-10.0625,7,7.2188],
"to":[-9.5625,7.375,7.5938],
"faces":{
"down":{"uv":[5.9375,8.40625,6.4375,8.78125],"texture":"#anvil_base"},
"up":{"uv":[5.9375,7.21875,6.4375,7.59375],"texture":"#anvil_base"},
"north":{"uv":[9.5625,8.625,10.0625,9],"texture":"#anvil_base"},
"south":{"uv":[5.9375,8.625,6.4375,9],"texture":"#anvil_base"},
"west":{"uv":[7.21875,8.625,7.59375,9],"texture":"#anvil_base"},
"east":{"uv":[8.40625,8.625,8.78125,9],"texture":"#anvil_base"}
}
},
{
"from":[-9.5625,7.375,7.5938],
"to":[5,8.25,8.4688],
"faces":{
"down":{"uv":[0,7.53125,5,8.40625],"texture":"#anvil_base"},
"up":{"uv":[0,7.59375,5,8.46875],"texture":"#anvil_base"},
"north":{"uv":[11,7.75,16,8.625],"texture":"#anvil_base"},
"south":{"uv":[0,7.75,5,8.625],"texture":"#anvil_base"},
"west":{"uv":[7.59375,7.75,8.46875,8.625],"texture":"#anvil_base"},
"east":{"uv":[7.53125,7.75,8.40625,8.625],"texture":"#anvil_base"}
}
},
{
"from":[-8.9375,7.5,8.406199],
"to":[-8.375,8.125,8.781199],
"faces":{
"down":{"uv":[7.0625,7.21875,7.625,7.59375],"texture":"#anvil_base"},
"up":{"uv":[7.0625,8.40625,7.625,8.78125],"texture":"#anvil_base"},
"north":{"uv":[8.375,7.875,8.9375,8.5],"texture":"#anvil_base"},
"south":{"uv":[7.0625,7.875,7.625,8.5],"texture":"#anvil_base"},
"west":{"uv":[8.40625,7.875,8.78125,8.5],"texture":"#anvil_base"},
"east":{"uv":[7.21875,7.875,7.59375,8.5],"texture":"#anvil_base"}
}
},
{
"from":[-10.0625,6.3125,7.75],
"to":[-9.5625,6.8125,8.25],
"faces":{
"down":{"uv":[5.9375,7.75,6.4375,8.25],"texture":"#anvil_base"},
"up":{"uv":[5.9375,7.75,6.4375,8.25],"texture":"#anvil_base"},
"north":{"uv":[9.5625,9.1875,10.0625,9.6875],"texture":"#anvil_base"},
"south":{"uv":[5.9375,9.1875,6.4375,9.6875],"texture":"#anvil_base"},
"west":{"uv":[7.75,9.1875,8.25,9.6875],"texture":"#anvil_base"},
"east":{"uv":[7.75,9.1875,8.25,9.6875],"texture":"#anvil_base"}
}
},
{
"from":[-5.0312,6.1875,8.5],
"to":[-4.5312,6.6875,9.125],
"rotation":{"origin":[-5.03125,6.1875,8.5],"axis":"y","angle":22.5},
"faces":{
"down":{"uv":[10.96875,6.875,11.46875,7.5],"texture":"#anvil_base"},
"up":{"uv":[10.96875,8.5,11.46875,9.125],"texture":"#anvil_base"},
"north":{"uv":[4.53125,9.3125,5.03125,9.8125],"texture":"#anvil_base"},
"south":{"uv":[10.96875,9.3125,11.46875,9.8125],"texture":"#anvil_base"},
"west":{"uv":[8.5,9.3125,9.125,9.8125],"texture":"#anvil_base"},
"east":{"uv":[6.875,9.3125,7.5,9.8125],"texture":"#anvil_base"}
}
},
{
"from":[-10.0625,6.1875,7.4375],
"to":[-4.5625,6.6875,7.9375],
"faces":{
"down":{"uv":[5.9375,8.0625,11.4375,8.5625],"texture":"#anvil_base"},
"up":{"uv":[5.9375,7.4375,11.4375,7.9375],"texture":"#anvil_base"},
"north":{"uv":[4.5625,9.3125,10.0625,9.8125],"texture":"#anvil_base"},
"south":{"uv":[5.9375,9.3125,11.4375,9.8125],"texture":"#anvil_base"},
"west":{"uv":[7.4375,9.3125,7.9375,9.8125],"texture":"#anvil_base"},
"east":{"uv":[8.0625,9.3125,8.5625,9.8125],"texture":"#anvil_base"}
}
},
{
"from":[-10.0625,6.1875,8.0625],
"to":[-4.5625,6.6875,8.5625],
"faces":{
"down":{"uv":[5.9375,7.4375,11.4375,7.9375],"texture":"#anvil_base"},
"up":{"uv":[5.9375,8.0625,11.4375,8.5625],"texture":"#anvil_base"},
"north":{"uv":[4.5625,9.3125,10.0625,9.8125],"texture":"#anvil_base"},
"south":{"uv":[5.9375,9.3125,11.4375,9.8125],"texture":"#anvil_base"},
"west":{"uv":[8.0625,9.3125,8.5625,9.8125],"texture":"#anvil_base"},
"east":{"uv":[7.4375,9.3125,7.9375,9.8125],"texture":"#anvil_base"}
}
},
{
"from":[-4.7812,6.1875,6.875],
"to":[-4.2812,6.6875,7.5],
"rotation":{"origin":[-4.78125,6.1875,6.875],"axis":"y","angle":-22.5},
"faces":{
"down":{"uv":[11.21875,8.5,11.71875,9.125],"texture":"#anvil_base"},
"up":{"uv":[11.21875,6.875,11.71875,7.5],"texture":"#anvil_base"},
"north":{"uv":[4.28125,9.3125,4.78125,9.8125],"texture":"#anvil_base"},
"south":{"uv":[11.21875,9.3125,11.71875,9.8125],"texture":"#anvil_base"},
"west":{"uv":[6.875,9.3125,7.5,9.8125],"texture":"#anvil_base"},
"east":{"uv":[8.5,9.3125,9.125,9.8125],"texture":"#anvil_base"}
}
},
{
"from":[-11.875,7.375,7.6125],
"to":[-11.5,8.1875,8.424999],
"faces":{
"down":{"uv":[4.125,7.575,4.5,8.3875],"texture":"#normal_gun_texture"},
"up":{"uv":[4.125,7.6125,4.5,8.425],"texture":"#normal_gun_texture"},
"north":{"uv":[11.5,7.8125,11.875,8.625],"texture":"#normal_gun_texture"},
"south":{"uv":[4.125,7.8125,4.5,8.625],"texture":"#normal_gun_texture"},
"west":{"uv":[7.6125,7.8125,8.425,8.625],"texture":"#normal_gun_texture"},
"east":{"uv":[7.575,7.8125,8.3875,8.625],"texture":"#normal_gun_texture"}
}
},
{
"from":[-12.1875,7.375,7.425],
"to":[-11.875,8.1875,7.6125],
"faces":{
"down":{"uv":[3.8125,8.3875,4.125,8.575],"texture":"#normal_gun_texture"},
"up":{"uv":[3.8125,7.425,4.125,7.6125],"texture":"#normal_gun_texture"},
"north":{"uv":[11.875,7.8125,12.1875,8.625],"texture":"#normal_gun_texture"},
"south":{"uv":[3.8125,7.8125,4.125,8.625],"texture":"#normal_gun_texture"},
"west":{"uv":[7.425,7.8125,7.6125,8.625],"texture":"#normal_gun_texture"},
"east":{"uv":[8.3875,7.8125,8.575,8.625],"texture":"#normal_gun_texture"}
}
},
{
"from":[-12.5,7.375,7.2375],
"to":[-12.1875,8.1875,7.425],
"faces":{
"down":{"uv":[3.5,8.575,3.8125,8.7625],"texture":"#normal_gun_texture"},
"up":{"uv":[3.5,7.2375,3.8125,7.425],"texture":"#normal_gun_texture"},
"north":{"uv":[12.1875,7.8125,12.5,8.625],"texture":"#normal_gun_texture"},
"south":{"uv":[3.5,7.8125,3.8125,8.625],"texture":"#normal_gun_texture"},
"west":{"uv":[7.2375,7.8125,7.425,8.625],"texture":"#normal_gun_texture"},
"east":{"uv":[8.575,7.8125,8.7625,8.625],"texture":"#normal_gun_texture"}
}
},
{
"from":[-12.1875,7.375,8.425],
"to":[-11.875,8.1875,8.6125],
"faces":{
"down":{"uv":[3.8125,7.3875,4.125,7.575],"texture":"#normal_gun_texture"},
"up":{"uv":[3.8125,8.425,4.125,8.6125],"texture":"#normal_gun_texture"},
"north":{"uv":[11.875,7.8125,12.1875,8.625],"texture":"#normal_gun_texture"},
"south":{"uv":[3.8125,7.8125,4.125,8.625],"texture":"#normal_gun_texture"},
"west":{"uv":[8.425,7.8125,8.6125,8.625],"texture":"#normal_gun_texture"},
"east":{"uv":[7.3875,7.8125,7.575,8.625],"texture":"#normal_gun_texture"}
}
},
{
"from":[-12.5,7.375,8.6125],
"to":[-12.1875,8.1875,8.8],
"faces":{
"down":{"uv":[3.5,7.2,3.8125,7.3875],"texture":"#normal_gun_texture"},
"up":{"uv":[3.5,8.6125,3.8125,8.8],"texture":"#normal_gun_texture"},
"north":{"uv":[12.1875,7.8125,12.5,8.625],"texture":"#normal_gun_texture"},
"south":{"uv":[3.5,7.8125,3.8125,8.625],"texture":"#normal_gun_texture"},
"west":{"uv":[8.6125,7.8125,8.8,8.625],"texture":"#normal_gun_texture"},
"east":{"uv":[7.2,7.8125,7.3875,8.625],"texture":"#normal_gun_texture"}
}
},
{
"from":[-12.1875,8.1875,7.6125],
"to":[-11.875,8.375,8.424999],
"faces":{
"down":{"uv":[3.8125,7.575,4.125,8.3875],"texture":"#normal_gun_texture"},
"up":{"uv":[3.8125,7.6125,4.125,8.425],"texture":"#normal_gun_texture"},
"north":{"uv":[11.875,7.625,12.1875,7.8125],"texture":"#normal_gun_texture"},
"south":{"uv":[3.8125,7.625,4.125,7.8125],"texture":"#normal_gun_texture"},
"west":{"uv":[7.6125,7.625,8.425,7.8125],"texture":"#normal_gun_texture"},
"east":{"uv":[7.575,7.625,8.3875,7.8125],"texture":"#normal_gun_texture"}
}
},
{
"from":[-12.1875,7.1875,7.6125],
"to":[-11.875,7.375,8.424999],
"faces":{
"down":{"uv":[3.8125,7.575,4.125,8.3875],"texture":"#normal_gun_texture"},
"up":{"uv":[3.8125,7.6125,4.125,8.425],"texture":"#normal_gun_texture"},
"north":{"uv":[11.875,8.625,12.1875,8.8125],"texture":"#normal_gun_texture"},
"south":{"uv":[3.8125,8.625,4.125,8.8125],"texture":"#normal_gun_texture"},
"west":{"uv":[7.6125,8.625,8.425,8.8125],"texture":"#normal_gun_texture"},
"east":{"uv":[7.575,8.625,8.3875,8.8125],"texture":"#normal_gun_texture"}
}
},
{
"from":[-12.5,8.1875,8.425],
"to":[-12.1875,8.375,8.6125],
"faces":{
"down":{"uv":[3.5,7.3875,3.8125,7.575],"texture":"#normal_gun_texture"},
"up":{"uv":[3.5,8.425,3.8125,8.6125],"texture":"#normal_gun_texture"},
"north":{"uv":[12.1875,7.625,12.5,7.8125],"texture":"#normal_gun_texture"},
"south":{"uv":[3.5,7.625,3.8125,7.8125],"texture":"#normal_gun_texture"},
"west":{"uv":[8.425,7.625,8.6125,7.8125],"texture":"#normal_gun_texture"},
"east":{"uv":[7.3875,7.625,7.575,7.8125],"texture":"#normal_gun_texture"}
}
},
{
"from":[-12.5,7.1875,8.425],
"to":[-12.1875,7.375,8.6125],
"faces":{
"down":{"uv":[3.5,7.3875,3.8125,7.575],"texture":"#normal_gun_texture"},
"up":{"uv":[3.5,8.425,3.8125,8.6125],"texture":"#normal_gun_texture"},
"north":{"uv":[12.1875,8.625,12.5,8.8125],"texture":"#normal_gun_texture"},
"south":{"uv":[3.5,8.625,3.8125,8.8125],"texture":"#normal_gun_texture"},
"west":{"uv":[8.425,8.625,8.6125,8.8125],"texture":"#normal_gun_texture"},
"east":{"uv":[7.3875,8.625,7.575,8.8125],"texture":"#normal_gun_texture"}
}
},
{
"from":[-12.5,7.1875,7.425],
"to":[-12.1875,7.375,7.6125],
"faces":{
"down":{"uv":[3.5,8.3875,3.8125,8.575],"texture":"#normal_gun_texture"},
"up":{"uv":[3.5,7.425,3.8125,7.6125],"texture":"#normal_gun_texture"},
"north":{"uv":[12.1875,8.625,12.5,8.8125],"texture":"#normal_gun_texture"},
"south":{"uv":[3.5,8.625,3.8125,8.8125],"texture":"#normal_gun_texture"},
"west":{"uv":[7.425,8.625,7.6125,8.8125],"texture":"#normal_gun_texture"},
"east":{"uv":[8.3875,8.625,8.575,8.8125],"texture":"#normal_gun_texture"}
}
},
{
"from":[-12.5,8.1875,7.425],
"to":[-12.1875,8.375,7.6125],
"faces":{
"down":{"uv":[3.5,8.3875,3.8125,8.575],"texture":"#normal_gun_texture"},
"up":{"uv":[3.5,7.425,3.8125,7.6125],"texture":"#normal_gun_texture"},
"north":{"uv":[12.1875,7.625,12.5,7.8125],"texture":"#normal_gun_texture"},
"south":{"uv":[3.5,7.625,3.8125,7.8125],"texture":"#normal_gun_texture"},
"west":{"uv":[7.425,7.625,7.6125,7.8125],"texture":"#normal_gun_texture"},
"east":{"uv":[8.3875,7.625,8.575,7.8125],"texture":"#normal_gun_texture"}
}
},
{
"from":[-12.5,8.375,7.6125],
"to":[-12.1875,8.5625,8.424999],
"faces":{
"down":{"uv":[3.5,7.575,3.8125,8.3875],"texture":"#normal_gun_texture"},
"up":{"uv":[3.5,7.6125,3.8125,8.425],"texture":"#normal_gun_texture"},
"north":{"uv":[12.1875,7.4375,12.5,7.625],"texture":"#normal_gun_texture"},
"south":{"uv":[3.5,7.4375,3.8125,7.625],"texture":"#normal_gun_texture"},
"west":{"uv":[7.6125,7.4375,8.425,7.625],"texture":"#normal_gun_texture"},
"east":{"uv":[7.575,7.4375,8.3875,7.625],"texture":"#normal_gun_texture"}
}
},
{
"from":[-12.5,7,7.6125],
"to":[-12.1875,7.1875,8.424999],
"faces":{
"down":{"uv":[3.5,7.575,3.8125,8.3875],"texture":"#normal_gun_texture"},
"up":{"uv":[3.5,7.6125,3.8125,8.425],"texture":"#normal_gun_texture"},
"north":{"uv":[12.1875,8.8125,12.5,9],"texture":"#normal_gun_texture"},
"south":{"uv":[3.5,8.8125,3.8125,9],"texture":"#normal_gun_texture"},
"west":{"uv":[7.6125,8.8125,8.425,9],"texture":"#normal_gun_texture"},
"east":{"uv":[7.575,8.8125,8.3875,9],"texture":"#normal_gun_texture"}
}
},
{
"from":[-9.875,8.9375,7.75],
"to":[-9.75,9.9375,8.25],
"faces":{
"down":{"uv":[6.125,7.75,6.25,8.25],"texture":"#anvil_base"},
"up":{"uv":[6.125,7.75,6.25,8.25],"texture":"#anvil_base"},
"north":{"uv":[9.75,6.0625,9.875,7.0625],"texture":"#anvil_base"},
"south":{"uv":[6.125,6.0625,6.25,7.0625],"texture":"#anvil_base"},
"west":{"uv":[7.75,6.0625,8.25,7.0625],"texture":"#anvil_base"},
"east":{"uv":[7.75,6.0625,8.25,7.0625],"texture":"#anvil_base"}
}
},
{
"from":[-11.3125,8.625,7.75],
"to":[-10.75,8.8125,8.25],
"faces":{
"down":{"uv":[4.6875,7.75,5.25,8.25],"texture":"#anvil_base"},
"up":{"uv":[4.6875,7.75,5.25,8.25],"texture":"#anvil_base"},
"north":{"uv":[10.75,7.1875,11.3125,7.375],"texture":"#anvil_base"},
"south":{"uv":[4.6875,7.1875,5.25,7.375],"texture":"#anvil_base"},
"west":{"uv":[7.75,7.1875,8.25,7.375],"texture":"#anvil_base"},
"east":{"uv":[7.75,7.1875,8.25,7.375],"texture":"#anvil_base"}
}
},
{
"from":[-9.8125,9.9375,7.9062],
"to":[-9.6875,10.125,8.0937],
"faces":{
"down":{"uv":[6.1875,7.90625,6.3125,8.09375],"texture":"#anvil_base"},
"up":{"uv":[6.1875,7.90625,6.3125,8.09375],"texture":"#anvil_base"},
"north":{"uv":[9.6875,5.875,9.8125,6.0625],"texture":"#anvil_base"},
"south":{"uv":[6.1875,5.875,6.3125,6.0625],"texture":"#anvil_base"},
"west":{"uv":[7.90625,5.875,8.09375,6.0625],"texture":"#anvil_base"},
"east":{"uv":[7.90625,5.875,8.09375,6.0625],"texture":"#anvil_base"}
}
},
{
"from":[20,7.3125,7],
"to":[20.5,8.6875,9],
"faces":{
"down":{"uv":[4,7,4.5,9],"texture":"#anvil_base"},
"up":{"uv":[4,7,4.5,9],"texture":"#anvil_base"},
"north":{"uv":[11.5,7.3125,12,8.6875],"texture":"#anvil_base"},
"south":{"uv":[4,7.3125,4.5,8.6875],"texture":"#anvil_base"},
"west":{"uv":[7,7.3125,9,8.6875],"texture":"#anvil_base"},
"east":{"uv":[7,7.3125,9,8.6875],"texture":"#anvil_base"}
}
},
{
"from":[20,7,7.3125],
"to":[20.5,9,8.6875],
"faces":{
"down":{"uv":[4,7.3125,4.5,8.6875],"texture":"#anvil_base"},
"up":{"uv":[4,7.3125,4.5,8.6875],"texture":"#anvil_base"},
"north":{"uv":[11.5,7,12,9],"texture":"#anvil_base"},
"south":{"uv":[4,7,4.5,9],"texture":"#anvil_base"},
"west":{"uv":[7.3125,7,8.6875,9],"texture":"#anvil_base"},
"east":{"uv":[7.3125,7,8.6875,9],"texture":"#anvil_base"}
}
},
{
"from":[20.5,7.3125,7],
"to":[25.375,8.6875,9],
"faces":{
"down":{"uv":[4.5,7,9.375,9],"texture":"#normal_gun_texture"},
"up":{"uv":[4.5,7,9.375,9],"texture":"#normal_gun_texture"},
"north":{"uv":[6.625,7.3125,11.5,8.6875],"texture":"#normal_gun_texture"},
"south":{"uv":[4.5,7.3125,9.375,8.6875],"texture":"#normal_gun_texture"},
"west":{"uv":[7,7.3125,9,8.6875],"texture":"#normal_gun_texture"},
"east":{"uv":[7,7.3125,9,8.6875],"texture":"#normal_gun_texture"}
}
},
{
"from":[20.5,7,7.3125],
"to":[21.875,9,8.6875],
"faces":{
"down":{"uv":[4.5,7.3125,5.875,8.6875],"texture":"#normal_gun_texture"},
"up":{"uv":[4.5,7.3125,5.875,8.6875],"texture":"#normal_gun_texture"},
"north":{"uv":[10.125,7,11.5,9],"texture":"#normal_gun_texture"},
"south":{"uv":[4.5,7,5.875,9],"texture":"#normal_gun_texture"},
"west":{"uv":[7.3125,7,8.6875,9],"texture":"#normal_gun_texture"},
"east":{"uv":[7.3125,7,8.6875,9],"texture":"#normal_gun_texture"}
}
},
{
"from":[21.6875,7.6875,7.3125],
"to":[25.8125,9,8.6875],
"rotation":{"origin":[21.6875,9,7.3125],"axis":"z","angle":22.5},
"faces":{
"down":{"uv":[6.189772,7.3125,10.31477,8.6875],"texture":"#normal_gun_texture"},
"up":{"uv":[6.189772,7.3125,10.31477,8.6875],"texture":"#normal_gun_texture"},
"north":{"uv":[5.685228,6.900092,9.810228,8.212592],"texture":"#normal_gun_texture"},
"south":{"uv":[6.189772,6.900092,10.31477,8.212592],"texture":"#normal_gun_texture"},
"west":{"uv":[7.3125,6.900092,8.6875,8.212592],"texture":"#normal_gun_texture"},
"east":{"uv":[7.3125,6.900092,8.6875,8.212592],"texture":"#normal_gun_texture"}
}
},
{
"from":[22.125,6.875,7.3125],
"to":[25.625,8.1875,8.6875],
"rotation":{"origin":[22.125,8.1875,7.3125],"axis":"z","angle":-22.5},
"faces":{
"down":{"uv":[5.622728,7.3125,9.122728,8.6875],"texture":"#normal_gun_texture"},
"up":{"uv":[5.622728,7.3125,9.122728,8.6875],"texture":"#normal_gun_texture"},
"north":{"uv":[6.877272,7.712592,10.37727,9.025092],"texture":"#normal_gun_texture"},
"south":{"uv":[5.622728,7.712592,9.122728,9.025092],"texture":"#normal_gun_texture"},
"west":{"uv":[7.3125,7.712592,8.6875,9.025092],"texture":"#normal_gun_texture"},
"east":{"uv":[7.3125,7.712592,8.6875,9.025092],"texture":"#normal_gun_texture"}
}
},
{
"from":[24.8438,5.625,7.3125],
"to":[25.4063,8.625,8.6875],
"faces":{
"down":{"uv":[8.8438,7.3125,9.4063,8.6875],"texture":"#normal_gun_texture"},
"up":{"uv":[8.8438,7.3125,9.4063,8.6875],"texture":"#normal_gun_texture"},
"north":{"uv":[6.5937,7.375,7.1562,10.375],"texture":"#normal_gun_texture"},
"south":{"uv":[8.8438,7.375,9.4063,10.375],"texture":"#normal_gun_texture"},
"west":{"uv":[7.3125,7.375,8.6875,10.375],"texture":"#normal_gun_texture"},
"east":{"uv":[7.3125,7.375,8.6875,10.375],"texture":"#normal_gun_texture"}
}
},
{
"from":[25.4375,9.375,7.3125],
"to":[26.3125,10.5625,8.6875],
"faces":{
"down":{"uv":[9.4375,7.3125,10.3125,8.6875],"texture":"#normal_gun_texture"},
"up":{"uv":[9.4375,7.3125,10.3125,8.6875],"texture":"#normal_gun_texture"},
"north":{"uv":[5.6875,5.4375,6.5625,6.625],"texture":"#normal_gun_texture"},
"south":{"uv":[9.4375,5.4375,10.3125,6.625],"texture":"#normal_gun_texture"},
"west":{"uv":[7.3125,5.4375,8.6875,6.625],"texture":"#normal_gun_texture"},
"east":{"uv":[7.3125,5.4375,8.6875,6.625],"texture":"#normal_gun_texture"}
}
},
{
"from":[25.5625,7.3125,7.3125],
"to":[26.375,9.6875,8.6875],
"rotation":{"origin":[25.5625,9.6875,7.3125],"axis":"z","angle":-22.5},
"faces":{
"down":{"uv":[8.653627,7.3125,9.466127,8.6875],"texture":"#normal_gun_texture"},
"up":{"uv":[8.653627,7.3125,9.466127,8.6875],"texture":"#normal_gun_texture"},
"north":{"uv":[6.533873,6.131714,7.346373,8.506714],"texture":"#normal_gun_texture"},
"south":{"uv":[8.653627,6.131714,9.466127,8.506714],"texture":"#normal_gun_texture"},
"west":{"uv":[7.3125,6.131714,8.6875,8.506714],"texture":"#normal_gun_texture"},
"east":{"uv":[7.3125,6.131714,8.6875,8.506714],"texture":"#normal_gun_texture"}
}
},
{
"from":[22.5,7.625,7],
"to":[25.5,8.6875,9],
"rotation":{"origin":[22.5,8.6875,7],"axis":"z","angle":22.5},
"faces":{
"down":{"uv":[6.906601,7,9.906601,9],"texture":"#normal_gun_texture"},
"up":{"uv":[6.906601,7,9.906601,9],"texture":"#normal_gun_texture"},
"north":{"uv":[6.093399,7.231622,9.093399,8.294122],"texture":"#normal_gun_texture"},
"south":{"uv":[6.906601,7.231622,9.906601,8.294122],"texture":"#normal_gun_texture"},
"west":{"uv":[7,7.231622,9,8.294122],"texture":"#normal_gun_texture"},
"east":{"uv":[7,7.231622,9,8.294122],"texture":"#normal_gun_texture"}
}
},
{
"from":[22.5,7.3125,7],
"to":[25.625,8.5,9],
"rotation":{"origin":[22.5,8.5,7],"axis":"z","angle":-22.5},
"faces":{
"down":{"uv":[6.045563,7,9.170563,9],"texture":"#normal_gun_texture"},
"up":{"uv":[6.045563,7,9.170563,9],"texture":"#normal_gun_texture"},
"north":{"uv":[6.829437,7.409607,9.954437,8.597107],"texture":"#normal_gun_texture"},
"south":{"uv":[6.045563,7.409607,9.170563,8.597107],"texture":"#normal_gun_texture"},
"west":{"uv":[7,7.409607,9,8.597107],"texture":"#normal_gun_texture"},
"east":{"uv":[7,7.409607,9,8.597107],"texture":"#normal_gun_texture"}
}
},
{
"from":[25.4375,8.1875,7],
"to":[25.875,9.375,9],
"rotation":{"origin":[25.4375,9.375,7],"axis":"z","angle":-22.5},
"faces":{
"down":{"uv":[8.983063,7,9.420563,9],"texture":"#normal_gun_texture"},
"up":{"uv":[8.983063,7,9.420563,9],"texture":"#normal_gun_texture"},
"north":{"uv":[6.579437,6.534607,7.016937,7.722107],"texture":"#normal_gun_texture"},
"south":{"uv":[8.983063,6.534607,9.420563,7.722107],"texture":"#normal_gun_texture"},
"west":{"uv":[7,6.534607,9,7.722107],"texture":"#normal_gun_texture"},
"east":{"uv":[7,6.534607,9,7.722107],"texture":"#normal_gun_texture"}
}
},
{
"from":[25.2813,9.2188,7],
"to":[25.8438,9.8438,9],
"faces":{
"down":{"uv":[9.2813,7,9.8438,9],"texture":"#normal_gun_texture"},
"up":{"uv":[9.2813,7,9.8438,9],"texture":"#normal_gun_texture"},
"north":{"uv":[6.1562,6.15625,6.7187,6.78125],"texture":"#normal_gun_texture"},
"south":{"uv":[9.2813,6.15625,9.8438,6.78125],"texture":"#normal_gun_texture"},
"west":{"uv":[7,6.15625,9,6.78125],"texture":"#normal_gun_texture"},
"east":{"uv":[7,6.15625,9,6.78125],"texture":"#normal_gun_texture"}
}
},
{
"from":[7.875,3.0625,7],
"to":[12.0625,3.3125,10.75],
"faces":{
"down":{"uv":[7.875,5.25,12.0625,9],"texture":"#iron_cover"},
"up":{"uv":[7.875,7,12.0625,10.75],"texture":"#iron_cover"},
"north":{"uv":[3.9375,12.6875,8.125,12.9375],"texture":"#iron_cover"},
"south":{"uv":[7.875,12.6875,12.0625,12.9375],"texture":"#iron_cover"},
"west":{"uv":[7,12.6875,10.75,12.9375],"texture":"#iron_cover"},
"east":{"uv":[5.25,12.6875,9,12.9375],"texture":"#iron_cover"}
}
},
{
"from":[7.875,3.3125,10.5625],
"to":[12.0625,6.75,10.75],
"faces":{
"down":{"uv":[7.875,5.25,12.0625,5.4375],"texture":"#iron_cover"},
"up":{"uv":[7.875,10.5625,12.0625,10.75],"texture":"#iron_cover"},
"north":{"uv":[3.9375,9.25,8.125,12.6875],"texture":"#iron_cover"},
"south":{"uv":[7.875,9.25,12.0625,12.6875],"texture":"#iron_cover"},
"west":{"uv":[10.5625,9.25,10.75,12.6875],"texture":"#iron_cover"},
"east":{"uv":[5.25,9.25,5.4375,12.6875],"texture":"#iron_cover"}
}
},
{
"from":[7.875,3.25,7],
"to":[12.0625,5.0625,7.1875],
"faces":{
"down":{"uv":[7.875,8.8125,12.0625,9],"texture":"#iron_cover"},
"up":{"uv":[7.875,7,12.0625,7.1875],"texture":"#iron_cover"},
"north":{"uv":[3.9375,10.9375,8.125,12.75],"texture":"#iron_cover"},
"south":{"uv":[7.875,10.9375,12.0625,12.75],"texture":"#iron_cover"},
"west":{"uv":[7,10.9375,7.1875,12.75],"texture":"#iron_cover"},
"east":{"uv":[8.8125,10.9375,9,12.75],"texture":"#iron_cover"}
}
},
{
"from":[7.875,3.3125,7.1875],
"to":[8.0625,5.0625,10.6875],
"faces":{
"down":{"uv":[7.875,5.3125,8.0625,8.8125],"texture":"#iron_cover"},
"up":{"uv":[7.875,7.1875,8.0625,10.6875],"texture":"#iron_cover"},
"north":{"uv":[7.9375,10.9375,8.125,12.6875],"texture":"#iron_cover"},
"south":{"uv":[7.875,10.9375,8.0625,12.6875],"texture":"#iron_cover"},
"west":{"uv":[7.1875,10.9375,10.6875,12.6875],"texture":"#iron_cover"},
"east":{"uv":[5.3125,10.9375,8.8125,12.6875],"texture":"#iron_cover"}
}
},
{
"from":[11.875,3.3125,7.1875],
"to":[12.0625,5.0625,10.5625],
"faces":{
"down":{"uv":[11.875,5.4375,12.0625,8.8125],"texture":"#iron_cover"},
"up":{"uv":[11.875,7.1875,12.0625,10.5625],"texture":"#iron_cover"},
"north":{"uv":[3.9375,10.9375,4.125,12.6875],"texture":"#iron_cover"},
"south":{"uv":[11.875,10.9375,12.0625,12.6875],"texture":"#iron_cover"},
"west":{"uv":[7.1875,10.9375,10.5625,12.6875],"texture":"#iron_cover"},
"east":{"uv":[5.4375,10.9375,8.8125,12.6875],"texture":"#iron_cover"}
}
},
{
"from":[7.875,4.875,7.0062],
"to":[12.0625,5.0625,8.943701],
"rotation":{"origin":[7.875,5.0625,7.00625],"axis":"x","angle":-22.5},
"faces":{
"down":{"uv":[7.875,6.984497,12.0625,8.921997],"texture":"#iron_cover"},
"up":{"uv":[7.875,7.078003,12.0625,9.015503],"texture":"#iron_cover"},
"north":{"uv":[3.9375,10.92323,8.125,11.11073],"texture":"#iron_cover"},
"south":{"uv":[7.875,10.92323,12.0625,11.11073],"texture":"#iron_cover"},
"west":{"uv":[7.078003,10.92323,9.015503,11.11073],"texture":"#iron_cover"},
"east":{"uv":[6.984497,10.92323,8.921997,11.11073],"texture":"#iron_cover"}
}
},
{
"from":[7.875,5,8.8125],
"to":[8.0625,6.75,10.625],
"faces":{
"down":{"uv":[7.875,5.375,8.0625,7.1875],"texture":"#iron_cover"},
"up":{"uv":[7.875,8.8125,8.0625,10.625],"texture":"#iron_cover"},
"north":{"uv":[7.9375,9.25,8.125,11],"texture":"#iron_cover"},
"south":{"uv":[7.875,9.25,8.0625,11],"texture":"#iron_cover"},
"west":{"uv":[8.8125,9.25,10.625,11],"texture":"#iron_cover"},
"east":{"uv":[5.375,9.25,7.1875,11],"texture":"#iron_cover"}
}
},
{
"from":[11.875,5,8.75],
"to":[12.0625,6.75,10.5625],
"faces":{
"down":{"uv":[11.875,5.4375,12.0625,7.25],"texture":"#iron_cover"},
"up":{"uv":[11.875,8.75,12.0625,10.5625],"texture":"#iron_cover"},
"north":{"uv":[3.9375,9.25,4.125,11],"texture":"#iron_cover"},
"south":{"uv":[11.875,9.25,12.0625,11],"texture":"#iron_cover"},
"west":{"uv":[8.75,9.25,10.5625,11],"texture":"#iron_cover"},
"east":{"uv":[5.4375,9.25,7.25,11],"texture":"#iron_cover"}
}
},
{
"from":[7.875,5.625,8.75],
"to":[12.0625,6.75,8.875],
"faces":{
"down":{"uv":[7.875,7.125,12.0625,7.25],"texture":"#iron_cover"},
"up":{"uv":[7.875,8.75,12.0625,8.875],"texture":"#iron_cover"},
"north":{"uv":[3.9375,9.25,8.125,10.375],"texture":"#iron_cover"},
"south":{"uv":[7.875,9.25,12.0625,10.375],"texture":"#iron_cover"},
"west":{"uv":[8.75,9.25,8.875,10.375],"texture":"#iron_cover"},
"east":{"uv":[7.125,9.25,7.25,10.375],"texture":"#iron_cover"}
}
},
{
"from":[7.875,4.5625,7.4688],
"to":[8.0625,5.0625,8.9063],
"rotation":{"origin":[7.875,5.0625,7.46875],"axis":"x","angle":-22.5},
"faces":{
"down":{"uv":[7.875,6.902409,8.0625,8.339909],"texture":"#iron_cover"},
"up":{"uv":[7.875,7.660091,8.0625,9.097591],"texture":"#iron_cover"},
"north":{"uv":[7.9375,10.89944,8.125,11.39944],"texture":"#iron_cover"},
"south":{"uv":[7.875,10.89944,8.0625,11.39944],"texture":"#iron_cover"},
"west":{"uv":[7.660092,10.89944,9.097591,11.39944],"texture":"#iron_cover"},
"east":{"uv":[6.902408,10.89944,8.339909,11.39944],"texture":"#iron_cover"}
}
},
{
"from":[11.875,4.5625,7.4688],
"to":[12.0625,5.0625,8.9063],
"rotation":{"origin":[11.875,5.0625,7.46875],"axis":"x","angle":-22.5},
"faces":{
"down":{"uv":[11.875,6.902409,12.0625,8.339909],"texture":"#iron_cover"},
"up":{"uv":[11.875,7.660091,12.0625,9.097591],"texture":"#iron_cover"},
"north":{"uv":[3.9375,10.89944,4.125,11.39944],"texture":"#iron_cover"},
"south":{"uv":[11.875,10.89944,12.0625,11.39944],"texture":"#iron_cover"},
"west":{"uv":[7.660092,10.89944,9.097591,11.39944],"texture":"#iron_cover"},
"east":{"uv":[6.902408,10.89944,8.339909,11.39944],"texture":"#iron_cover"}
}
},
{
"from":[8.5625,5.125,7.625],
"to":[9.125,7.0625,8.1875],
"faces":{
"down":{"uv":[8.5625,7.8125,9.125,8.375],"texture":"#iron_cover"},
"up":{"uv":[8.5625,7.625,9.125,8.1875],"texture":"#iron_cover"},
"north":{"uv":[6.875,8.9375,7.4375,10.875],"texture":"#iron_cover"},
"south":{"uv":[8.5625,8.9375,9.125,10.875],"texture":"#iron_cover"},
"west":{"uv":[7.625,8.9375,8.1875,10.875],"texture":"#iron_cover"},
"east":{"uv":[7.8125,8.9375,8.375,10.875],"texture":"#iron_cover"}
}
},
{
"from":[11,5.125,7.625],
"to":[11.5625,7.0625,8.1875],
"faces":{
"down":{"uv":[11,7.8125,11.5625,8.375],"texture":"#iron_cover"},
"up":{"uv":[11,7.625,11.5625,8.1875],"texture":"#iron_cover"},
"north":{"uv":[4.4375,8.9375,5,10.875],"texture":"#iron_cover"},
"south":{"uv":[11,8.9375,11.5625,10.875],"texture":"#iron_cover"},
"west":{"uv":[7.625,8.9375,8.1875,10.875],"texture":"#iron_cover"},
"east":{"uv":[7.8125,8.9375,8.375,10.875],"texture":"#iron_cover"}
}
},
{
"from":[8.0625,5.8125,8.875],
"to":[11.875,6.3125,10.5],
"faces":{
"down":{"uv":[8.0625,5.5,11.875,7.125],"texture":"#gold_block"},
"up":{"uv":[8.0625,8.875,11.875,10.5],"texture":"#gold_block"},
"north":{"uv":[4.125,9.6875,7.9375,10.1875],"texture":"#gold_block"},
"south":{"uv":[8.0625,9.6875,11.875,10.1875],"texture":"#gold_block"},
"west":{"uv":[8.875,9.6875,10.5,10.1875],"texture":"#gold_block"},
"east":{"uv":[5.5,9.6875,7.125,10.1875],"texture":"#gold_block"}
}
},
{
"from":[8.375,8.5,8.5625],
"to":[11.5,8.9375,9],
"faces":{
"down":{"uv":[8.375,7,11.5,7.4375],"texture":"#gold_block"},
"up":{"uv":[8.375,8.5625,11.5,9],"texture":"#gold_block"},
"north":{"uv":[4.5,7.0625,7.625,7.5],"texture":"#gold_block"},
"south":{"uv":[8.375,7.0625,11.5,7.5],"texture":"#gold_block"},
"west":{"uv":[8.5625,7.0625,9,7.5],"texture":"#gold_block"},
"east":{"uv":[7,7.0625,7.4375,7.5],"texture":"#gold_block"}
}
},
{
"from":[8.375,8.5,9.375],
"to":[11.5,8.9375,9.8125],
"faces":{
"down":{"uv":[8.375,6.1875,11.5,6.625],"texture":"#gold_block"},
"up":{"uv":[8.375,9.375,11.5,9.8125],"texture":"#gold_block"},
"north":{"uv":[4.5,7.0625,7.625,7.5],"texture":"#gold_block"},
"south":{"uv":[8.375,7.0625,11.5,7.5],"texture":"#gold_block"},
"west":{"uv":[9.375,7.0625,9.8125,7.5],"texture":"#gold_block"},
"east":{"uv":[6.1875,7.0625,6.625,7.5],"texture":"#gold_block"}
}
},
{
"from":[8.375,7.9375,9.8125],
"to":[11.5,8.375,10.25],
"faces":{
"down":{"uv":[8.375,5.75,11.5,6.1875],"texture":"#gold_block"},
"up":{"uv":[8.375,9.8125,11.5,10.25],"texture":"#gold_block"},
"north":{"uv":[4.5,7.625,7.625,8.0625],"texture":"#gold_block"},
"south":{"uv":[8.375,7.625,11.5,8.0625],"texture":"#gold_block"},
"west":{"uv":[9.8125,7.625,10.25,8.0625],"texture":"#gold_block"},
"east":{"uv":[5.75,7.625,6.1875,8.0625],"texture":"#gold_block"}
}
},
{
"from":[8.375,7.125,9.8125],
"to":[11.5,7.5625,10.25],
"faces":{
"down":{"uv":[8.375,5.75,11.5,6.1875],"texture":"#gold_block"},
"up":{"uv":[8.375,9.8125,11.5,10.25],"texture":"#gold_block"},
"north":{"uv":[4.5,8.4375,7.625,8.875],"texture":"#gold_block"},
"south":{"uv":[8.375,8.4375,11.5,8.875],"texture":"#gold_block"},
"west":{"uv":[9.8125,8.4375,10.25,8.875],"texture":"#gold_block"},
"east":{"uv":[5.75,8.4375,6.1875,8.875],"texture":"#gold_block"}
}
},
{
"from":[8.375,6.3125,10],
"to":[11.5,6.75,10.4375],
"faces":{
"down":{"uv":[8.375,5.5625,11.5,6],"texture":"#gold_block"},
"up":{"uv":[8.375,10,11.5,10.4375],"texture":"#gold_block"},
"north":{"uv":[4.5,9.25,7.625,9.6875],"texture":"#gold_block"},
"south":{"uv":[8.375,9.25,11.5,9.6875],"texture":"#gold_block"},
"west":{"uv":[10,9.25,10.4375,9.6875],"texture":"#gold_block"},
"east":{"uv":[5.5625,9.25,6,9.6875],"texture":"#gold_block"}
}
},
{
"from":[8.375,6.3125,9.3125],
"to":[11.5,6.75,9.75],
"faces":{
"down":{"uv":[8.375,6.25,11.5,6.6875],"texture":"#gold_block"},
"up":{"uv":[8.375,9.3125,11.5,9.75],"texture":"#gold_block"},
"north":{"uv":[4.5,9.25,7.625,9.6875],"texture":"#gold_block"},
"south":{"uv":[8.375,9.25,11.5,9.6875],"texture":"#gold_block"},
"west":{"uv":[9.3125,9.25,9.75,9.6875],"texture":"#gold_block"},
"east":{"uv":[6.25,9.25,6.6875,9.6875],"texture":"#gold_block"}
}
},
{
"from":[9.25,8.4375,9.3125],
"to":[11.25,9,9.875],
"faces":{
"down":{"uv":[9.25,6.125,11.25,6.6875],"texture":"#normal_gun_texture"},
"up":{"uv":[9.25,9.3125,11.25,9.875],"texture":"#normal_gun_texture"},
"north":{"uv":[4.75,7,6.75,7.5625],"texture":"#normal_gun_texture"},
"south":{"uv":[9.25,7,11.25,7.5625],"texture":"#normal_gun_texture"},
"west":{"uv":[9.3125,7,9.875,7.5625],"texture":"#normal_gun_texture"},
"east":{"uv":[6.125,7,6.6875,7.5625],"texture":"#normal_gun_texture"}
}
},
{
"from":[9.25,8.4375,8.5],
"to":[11.25,9,9.0625],
"faces":{
"down":{"uv":[9.25,6.9375,11.25,7.5],"texture":"#normal_gun_texture"},
"up":{"uv":[9.25,8.5,11.25,9.0625],"texture":"#normal_gun_texture"},
"north":{"uv":[4.75,7,6.75,7.5625],"texture":"#normal_gun_texture"},
"south":{"uv":[9.25,7,11.25,7.5625],"texture":"#normal_gun_texture"},
"west":{"uv":[8.5,7,9.0625,7.5625],"texture":"#normal_gun_texture"},
"east":{"uv":[6.9375,7,7.5,7.5625],"texture":"#normal_gun_texture"}
}
},
{
"from":[9.25,7.875,9.75],
"to":[11.25,8.4375,10.3125],
"faces":{
"down":{"uv":[9.25,5.6875,11.25,6.25],"texture":"#normal_gun_texture"},
"up":{"uv":[9.25,9.75,11.25,10.3125],"texture":"#normal_gun_texture"},
"north":{"uv":[4.75,7.5625,6.75,8.125],"texture":"#normal_gun_texture"},
"south":{"uv":[9.25,7.5625,11.25,8.125],"texture":"#normal_gun_texture"},
"west":{"uv":[9.75,7.5625,10.3125,8.125],"texture":"#normal_gun_texture"},
"east":{"uv":[5.6875,7.5625,6.25,8.125],"texture":"#normal_gun_texture"}
}
},
{
"from":[9.1875,7.0625,9.75],
"to":[11.1875,7.625,10.3125],
"faces":{
"down":{"uv":[9.1875,5.6875,11.1875,6.25],"texture":"#normal_gun_texture"},
"up":{"uv":[9.1875,9.75,11.1875,10.3125],"texture":"#normal_gun_texture"},
"north":{"uv":[4.8125,8.375,6.8125,8.9375],"texture":"#normal_gun_texture"},
"south":{"uv":[9.1875,8.375,11.1875,8.9375],"texture":"#normal_gun_texture"},
"west":{"uv":[9.75,8.375,10.3125,8.9375],"texture":"#normal_gun_texture"},
"east":{"uv":[5.6875,8.375,6.25,8.9375],"texture":"#normal_gun_texture"}
}
},
{
"from":[9.25,6.25,9.9375],
"to":[11.25,6.8125,10.5],
"faces":{
"down":{"uv":[9.25,5.5,11.25,6.0625],"texture":"#normal_gun_texture"},
"up":{"uv":[9.25,9.9375,11.25,10.5],"texture":"#normal_gun_texture"},
"north":{"uv":[4.75,9.1875,6.75,9.75],"texture":"#normal_gun_texture"},
"south":{"uv":[9.25,9.1875,11.25,9.75],"texture":"#normal_gun_texture"},
"west":{"uv":[9.9375,9.1875,10.5,9.75],"texture":"#normal_gun_texture"},
"east":{"uv":[5.5,9.1875,6.0625,9.75],"texture":"#normal_gun_texture"}
}
},
{
"from":[9.25,6.25,9.25],
"to":[11.25,6.8125,9.8125],
"faces":{
"down":{"uv":[9.25,6.1875,11.25,6.75],"texture":"#normal_gun_texture"},
"up":{"uv":[9.25,9.25,11.25,9.8125],"texture":"#normal_gun_texture"},
"north":{"uv":[4.75,9.1875,6.75,9.75],"texture":"#normal_gun_texture"},
"south":{"uv":[9.25,9.1875,11.25,9.75],"texture":"#normal_gun_texture"},
"west":{"uv":[9.25,9.1875,9.8125,9.75],"texture":"#normal_gun_texture"},
"east":{"uv":[6.1875,9.1875,6.75,9.75],"texture":"#normal_gun_texture"}
}
},
{
"from":[10.25,7.625,9.875],
"to":[10.8125,7.9375,10.1875],
"faces":{
"down":{"uv":[10.25,5.8125,10.8125,6.125],"texture":"#normal_gun_texture"},
"up":{"uv":[10.25,9.875,10.8125,10.1875],"texture":"#normal_gun_texture"},
"north":{"uv":[5.1875,8.0625,5.75,8.375],"texture":"#normal_gun_texture"},
"south":{"uv":[10.25,8.0625,10.8125,8.375],"texture":"#normal_gun_texture"},
"west":{"uv":[9.875,8.0625,10.1875,8.375],"texture":"#normal_gun_texture"},
"east":{"uv":[5.8125,8.0625,6.125,8.375],"texture":"#normal_gun_texture"}
}
},
{
"from":[10.25,8.4375,9.875],
"to":[10.8125,8.75,10.1875],
"faces":{
"down":{"uv":[10.25,5.8125,10.8125,6.125],"texture":"#normal_gun_texture"},
"up":{"uv":[10.25,9.875,10.8125,10.1875],"texture":"#normal_gun_texture"},
"north":{"uv":[5.1875,7.25,5.75,7.5625],"texture":"#normal_gun_texture"},
"south":{"uv":[10.25,7.25,10.8125,7.5625],"texture":"#normal_gun_texture"},
"west":{"uv":[9.875,7.25,10.1875,7.5625],"texture":"#normal_gun_texture"},
"east":{"uv":[5.8125,7.25,6.125,7.5625],"texture":"#normal_gun_texture"}
}
},
{
"from":[10.25,8.625,9.025],
"to":[10.8125,8.9375,9.3375],
"faces":{
"down":{"uv":[10.25,6.6625,10.8125,6.975],"texture":"#normal_gun_texture"},
"up":{"uv":[10.25,9.025,10.8125,9.3375],"texture":"#normal_gun_texture"},
"north":{"uv":[5.1875,7.0625,5.75,7.375],"texture":"#normal_gun_texture"},
"south":{"uv":[10.25,7.0625,10.8125,7.375],"texture":"#normal_gun_texture"},
"west":{"uv":[9.025,7.0625,9.3375,7.375],"texture":"#normal_gun_texture"},
"east":{"uv":[6.6625,7.0625,6.975,7.375],"texture":"#normal_gun_texture"}
}
},
{
"from":[10.25,6.75,10],
"to":[10.8125,7.0625,10.3125],
"faces":{
"down":{"uv":[10.25,5.6875,10.8125,6],"texture":"#normal_gun_texture"},
"up":{"uv":[10.25,10,10.8125,10.3125],"texture":"#normal_gun_texture"},
"north":{"uv":[5.1875,8.9375,5.75,9.25],"texture":"#normal_gun_texture"},
"south":{"uv":[10.25,8.9375,10.8125,9.25],"texture":"#normal_gun_texture"},
"west":{"uv":[10,8.9375,10.3125,9.25],"texture":"#normal_gun_texture"},
"east":{"uv":[5.6875,8.9375,6,9.25],"texture":"#normal_gun_texture"}
}
},
{
"from":[10.25,6.375,9.6875],
"to":[10.8125,6.6875,10],
"faces":{
"down":{"uv":[10.25,6,10.8125,6.3125],"texture":"#normal_gun_texture"},
"up":{"uv":[10.25,9.6875,10.8125,10],"texture":"#normal_gun_texture"},
"north":{"uv":[5.1875,9.3125,5.75,9.625],"texture":"#normal_gun_texture"},
"south":{"uv":[10.25,9.3125,10.8125,9.625],"texture":"#normal_gun_texture"},
"west":{"uv":[9.6875,9.3125,10,9.625],"texture":"#normal_gun_texture"},
"east":{"uv":[6,9.3125,6.3125,9.625],"texture":"#normal_gun_texture"}
}
},
{
"from":[14.8125,9,7],
"to":[17.625,9.25,9],
"faces":{
"down":{"uv":[14.8125,7,16,9],"texture":"#anvil_base"},
"up":{"uv":[14.8125,7,16,9],"texture":"#anvil_base"},
"north":{"uv":[0,6.75,1.1875,7],"texture":"#anvil_base"},
"south":{"uv":[14.8125,6.75,16,7],"texture":"#anvil_base"},
"west":{"uv":[7,6.75,9,7],"texture":"#anvil_base"},
"east":{"uv":[7,6.75,9,7],"texture":"#anvil_base"}
}
},
{
"from":[17.625,9,7],
"to":[19.0625,9.125,9],
"faces":{
"down":{"uv":[1.625,7,3.0625,9],"texture":"#anvil_base"},
"up":{"uv":[1.625,7,3.0625,9],"texture":"#anvil_base"},
"north":{"uv":[12.9375,6.875,14.375,7],"texture":"#anvil_base"},
"south":{"uv":[1.625,6.875,3.0625,7],"texture":"#anvil_base"},
"west":{"uv":[7,6.875,9,7],"texture":"#anvil_base"},
"east":{"uv":[7,6.875,9,7],"texture":"#anvil_base"}
}
},
{
"from":[12,9.5,7],
"to":[13.5,9.625,9],
"faces":{
"down":{"uv":[12,7,13.5,9],"texture":"#anvil_base"},
"up":{"uv":[12,7,13.5,9],"texture":"#anvil_base"},
"north":{"uv":[2.5,6.375,4,6.5],"texture":"#anvil_base"},
"south":{"uv":[12,6.375,13.5,6.5],"texture":"#anvil_base"},
"west":{"uv":[7,6.375,9,6.5],"texture":"#anvil_base"},
"east":{"uv":[7,6.375,9,6.5],"texture":"#anvil_base"}
}
},
{
"from":[-7.3125,7.5,8.406199],
"to":[-6.75,8.125,8.781199],
"faces":{
"down":{"uv":[8.6875,7.21875,9.25,7.59375],"texture":"#anvil_base"},
"up":{"uv":[8.6875,8.40625,9.25,8.78125],"texture":"#anvil_base"},
"north":{"uv":[6.75,7.875,7.3125,8.5],"texture":"#anvil_base"},
"south":{"uv":[8.6875,7.875,9.25,8.5],"texture":"#anvil_base"},
"west":{"uv":[8.40625,7.875,8.78125,8.5],"texture":"#anvil_base"},
"east":{"uv":[7.21875,7.875,7.59375,8.5],"texture":"#anvil_base"}
}
},
{
"from":[-5.625,7.5,8.406199],
"to":[-5.0625,8.125,8.781199],
"faces":{
"down":{"uv":[10.375,7.21875,10.9375,7.59375],"texture":"#anvil_base"},
"up":{"uv":[10.375,8.40625,10.9375,8.78125],"texture":"#anvil_base"},
"north":{"uv":[5.0625,7.875,5.625,8.5],"texture":"#anvil_base"},
"south":{"uv":[10.375,7.875,10.9375,8.5],"texture":"#anvil_base"},
"west":{"uv":[8.40625,7.875,8.78125,8.5],"texture":"#anvil_base"},
"east":{"uv":[7.21875,7.875,7.59375,8.5],"texture":"#anvil_base"}
}
},
{
"from":[-3.9375,7.5,8.406199],
"to":[-3.375,8.125,8.781199],
"faces":{
"down":{"uv":[12.0625,7.21875,12.625,7.59375],"texture":"#anvil_base"},
"up":{"uv":[12.0625,8.40625,12.625,8.78125],"texture":"#anvil_base"},
"north":{"uv":[3.375,7.875,3.9375,8.5],"texture":"#anvil_base"},
"south":{"uv":[12.0625,7.875,12.625,8.5],"texture":"#anvil_base"},
"west":{"uv":[8.40625,7.875,8.78125,8.5],"texture":"#anvil_base"},
"east":{"uv":[7.21875,7.875,7.59375,8.5],"texture":"#anvil_base"}
}
},
{
"from":[-2.1875,7.5,8.406199],
"to":[-1.625,8.125,8.781199],
"faces":{
"down":{"uv":[13.8125,7.21875,14.375,7.59375],"texture":"#anvil_base"},
"up":{"uv":[13.8125,8.40625,14.375,8.78125],"texture":"#anvil_base"},
"north":{"uv":[1.625,7.875,2.1875,8.5],"texture":"#anvil_base"},
"south":{"uv":[13.8125,7.875,14.375,8.5],"texture":"#anvil_base"},
"west":{"uv":[8.40625,7.875,8.78125,8.5],"texture":"#anvil_base"},
"east":{"uv":[7.21875,7.875,7.59375,8.5],"texture":"#anvil_base"}
}
},
{
"from":[-0.4375,7.5,8.406199],
"to":[0.125,8.125,8.781199],
"faces":{
"down":{"uv":[0,7.21875,0.125,7.59375],"texture":"#anvil_base"},
"up":{"uv":[0,8.40625,0.125,8.78125],"texture":"#anvil_base"},
"north":{"uv":[15.875,7.875,16,8.5],"texture":"#anvil_base"},
"south":{"uv":[0,7.875,0.125,8.5],"texture":"#anvil_base"},
"west":{"uv":[8.40625,7.875,8.78125,8.5],"texture":"#anvil_base"},
"east":{"uv":[7.21875,7.875,7.59375,8.5],"texture":"#anvil_base"}
}
},
{
"from":[1.1875,7.5,8.406199],
"to":[1.75,8.125,8.781199],
"faces":{
"down":{"uv":[1.1875,7.21875,1.75,7.59375],"texture":"#anvil_base"},
"up":{"uv":[1.1875,8.40625,1.75,8.78125],"texture":"#anvil_base"},
"north":{"uv":[14.25,7.875,14.8125,8.5],"texture":"#anvil_base"},
"south":{"uv":[1.1875,7.875,1.75,8.5],"texture":"#anvil_base"},
"west":{"uv":[8.40625,7.875,8.78125,8.5],"texture":"#anvil_base"},
"east":{"uv":[7.21875,7.875,7.59375,8.5],"texture":"#anvil_base"}
}
},
{
"from":[3,7.5,8.406199],
"to":[3.5625,8.125,8.781199],
"faces":{
"down":{"uv":[3,7.21875,3.5625,7.59375],"texture":"#anvil_base"},
"up":{"uv":[3,8.40625,3.5625,8.78125],"texture":"#anvil_base"},
"north":{"uv":[12.4375,7.875,13,8.5],"texture":"#anvil_base"},
"south":{"uv":[3,7.875,3.5625,8.5],"texture":"#anvil_base"},
"west":{"uv":[8.40625,7.875,8.78125,8.5],"texture":"#anvil_base"},
"east":{"uv":[7.21875,7.875,7.59375,8.5],"texture":"#anvil_base"}
}
},
{
"from":[-7.75,8.3125,7.75],
"to":[-5.125,8.625,8.3125],
"faces":{
"down":{"uv":[8.25,7.6875,10.875,8.25],"texture":"#anvil_base"},
"up":{"uv":[8.25,7.75,10.875,8.3125],"texture":"#anvil_base"},
"north":{"uv":[5.125,7.375,7.75,7.6875],"texture":"#anvil_base"},
"south":{"uv":[8.25,7.375,10.875,7.6875],"texture":"#anvil_base"},
"west":{"uv":[7.75,7.375,8.3125,7.6875],"texture":"#anvil_base"},
"east":{"uv":[7.6875,7.375,8.25,7.6875],"texture":"#anvil_base"}
}
},
{
"from":[2.3125,8.3125,7.75],
"to":[2.875,8.625,8.3125],
"faces":{
"down":{"uv":[2.3125,7.6875,2.875,8.25],"texture":"#anvil_base"},
"up":{"uv":[2.3125,7.75,2.875,8.3125],"texture":"#anvil_base"},
"north":{"uv":[13.125,7.375,13.6875,7.6875],"texture":"#anvil_base"},
"south":{"uv":[2.3125,7.375,2.875,7.6875],"texture":"#anvil_base"},
"west":{"uv":[7.75,7.375,8.3125,7.6875],"texture":"#anvil_base"},
"east":{"uv":[7.6875,7.375,8.25,7.6875],"texture":"#anvil_base"}
}
},
{
"from":[-0.6875,8.3125,7.7812],
"to":[-0.15625,8.625,8.31245],
"faces":{
"down":{"uv":[15.3125,7.6875,15.84375,8.21875],"texture":"#anvil_base"},
"up":{"uv":[15.3125,7.78125,15.84375,8.3125],"texture":"#anvil_base"},
"north":{"uv":[0.15625,7.375,0.6875,7.6875],"texture":"#anvil_base"},
"south":{"uv":[15.3125,7.375,15.84375,7.6875],"texture":"#anvil_base"},
"west":{"uv":[7.78125,7.375,8.3125,7.6875],"texture":"#anvil_base"},
"east":{"uv":[7.6875,7.375,8.21875,7.6875],"texture":"#anvil_base"}
}
},
{
"from":[-2.3125,8.3125,7.75],
"to":[-1.75,8.625,8.3125],
"faces":{
"down":{"uv":[13.6875,7.6875,14.25,8.25],"texture":"#anvil_base"},
"up":{"uv":[13.6875,7.75,14.25,8.3125],"texture":"#anvil_base"},
"north":{"uv":[1.75,7.375,2.3125,7.6875],"texture":"#anvil_base"},
"south":{"uv":[13.6875,7.375,14.25,7.6875],"texture":"#anvil_base"},
"west":{"uv":[7.75,7.375,8.3125,7.6875],"texture":"#anvil_base"},
"east":{"uv":[7.6875,7.375,8.25,7.6875],"texture":"#anvil_base"}
}
},
{
"from":[-4.0625,8.3125,7.7812],
"to":[-3.46875,8.625,8.31245],
"faces":{
"down":{"uv":[11.9375,7.6875,12.53125,8.21875],"texture":"#anvil_base"},
"up":{"uv":[11.9375,7.78125,12.53125,8.3125],"texture":"#anvil_base"},
"north":{"uv":[3.46875,7.375,4.0625,7.6875],"texture":"#anvil_base"},
"south":{"uv":[11.9375,7.375,12.53125,7.6875],"texture":"#anvil_base"},
"west":{"uv":[7.78125,7.375,8.3125,7.6875],"texture":"#anvil_base"},
"east":{"uv":[7.6875,7.375,8.21875,7.6875],"texture":"#anvil_base"}
}
},
{
"from":[3.5,8.3125,7.7812],
"to":[4.75,8.625,8.3437],
"faces":{
"down":{"uv":[3.5,7.65625,4.75,8.21875],"texture":"#anvil_base"},
"up":{"uv":[3.5,7.78125,4.75,8.34375],"texture":"#anvil_base"},
"north":{"uv":[11.25,7.375,12.5,7.6875],"texture":"#anvil_base"},
"south":{"uv":[3.5,7.375,4.75,7.6875],"texture":"#anvil_base"},
"west":{"uv":[7.78125,7.375,8.34375,7.6875],"texture":"#anvil_base"},
"east":{"uv":[7.65625,7.375,8.21875,7.6875],"texture":"#anvil_base"}
}
},
{
"from":[-9.5,8.3125,7.75],
"to":[-8.9375,8.625,8.3125],
"faces":{
"down":{"uv":[6.5,7.6875,7.0625,8.25],"texture":"#anvil_base"},
"up":{"uv":[6.5,7.75,7.0625,8.3125],"texture":"#anvil_base"},
"north":{"uv":[8.9375,7.375,9.5,7.6875],"texture":"#anvil_base"},
"south":{"uv":[6.5,7.375,7.0625,7.6875],"texture":"#anvil_base"},
"west":{"uv":[7.75,7.375,8.3125,7.6875],"texture":"#anvil_base"},
"east":{"uv":[7.6875,7.375,8.25,7.6875],"texture":"#anvil_base"}
}
},
{
"from":[-9.5625,7,7.75],
"to":[-6.5,7.3125,8.3125],
"faces":{
"down":{"uv":[6.4375,7.6875,9.5,8.25],"texture":"#anvil_base"},
"up":{"uv":[6.4375,7.75,9.5,8.3125],"texture":"#anvil_base"},
"north":{"uv":[6.5,8.6875,9.5625,9],"texture":"#anvil_base"},
"south":{"uv":[6.4375,8.6875,9.5,9],"texture":"#anvil_base"},
"west":{"uv":[7.75,8.6875,8.3125,9],"texture":"#anvil_base"},
"east":{"uv":[7.6875,8.6875,8.25,9],"texture":"#anvil_base"}
}
},
{
"from":[-5.1875,7,7.75],
"to":[-4.5625,7.3125,8.3125],
"faces":{
"down":{"uv":[10.8125,7.6875,11.4375,8.25],"texture":"#anvil_base"},
"up":{"uv":[10.8125,7.75,11.4375,8.3125],"texture":"#anvil_base"},
"north":{"uv":[4.5625,8.6875,5.1875,9],"texture":"#anvil_base"},
"south":{"uv":[10.8125,8.6875,11.4375,9],"texture":"#anvil_base"},
"west":{"uv":[7.75,8.6875,8.3125,9],"texture":"#anvil_base"},
"east":{"uv":[7.6875,8.6875,8.25,9],"texture":"#anvil_base"}
}
},
{
"from":[-3.5,7,7.75],
"to":[-2.875,7.3125,8.3125],
"faces":{
"down":{"uv":[12.5,7.6875,13.125,8.25],"texture":"#anvil_base"},
"up":{"uv":[12.5,7.75,13.125,8.3125],"texture":"#anvil_base"},
"north":{"uv":[2.875,8.6875,3.5,9],"texture":"#anvil_base"},
"south":{"uv":[12.5,8.6875,13.125,9],"texture":"#anvil_base"},
"west":{"uv":[7.75,8.6875,8.3125,9],"texture":"#anvil_base"},
"east":{"uv":[7.6875,8.6875,8.25,9],"texture":"#anvil_base"}
}
},
{
"from":[-1.75,7,7.75],
"to":[2.5625,7.3125,8.3125],
"faces":{
"down":{"uv":[0,7.6875,2.5625,8.25],"texture":"#anvil_base"},
"up":{"uv":[0,7.75,2.5625,8.3125],"texture":"#anvil_base"},
"north":{"uv":[13.4375,8.6875,16,9],"texture":"#anvil_base"},
"south":{"uv":[0,8.6875,2.5625,9],"texture":"#anvil_base"},
"west":{"uv":[7.75,8.6875,8.3125,9],"texture":"#anvil_base"},
"east":{"uv":[7.6875,8.6875,8.25,9],"texture":"#anvil_base"}
}
},
{
"from":[4,7,7.75],
"to":[5,7.3125,8.3125],
"faces":{
"down":{"uv":[4,7.6875,5,8.25],"texture":"#anvil_base"},
"up":{"uv":[4,7.75,5,8.3125],"texture":"#anvil_base"},
"north":{"uv":[11,8.6875,12,9],"texture":"#anvil_base"},
"south":{"uv":[4,8.6875,5,9],"texture":"#anvil_base"},
"west":{"uv":[7.75,8.6875,8.3125,9],"texture":"#anvil_base"},
"east":{"uv":[7.6875,8.6875,8.25,9],"texture":"#anvil_base"}
}
},
{
"from":[15.375,6,7.5625],
"to":[15.875,6.4375,8.4375],
"rotation":{"origin":[15.375,6.4375,7.5625],"axis":"z","angle":45},
"faces":{
"down":{"uv":[15.68436,7.5625,16,8.4375],"texture":"#anvil_base"},
"up":{"uv":[15.68436,7.5625,16,8.4375],"texture":"#anvil_base"},
"north":{"uv":[0,9.434359,0.3156404,9.871859],"texture":"#anvil_base"},
"south":{"uv":[15.68436,9.434359,16,9.871859],"texture":"#anvil_base"},
"west":{"uv":[7.5625,9.434359,8.4375,9.871859],"texture":"#anvil_base"},
"east":{"uv":[7.5625,9.434359,8.4375,9.871859],"texture":"#anvil_base"}
}
},
{
"from":[22.4375,5.5,7.3125],
"to":[23.4375,6.0625,8.6875],
"rotation":{"origin":[22.4375,6.0625,7.3125],"axis":"z","angle":45},
"faces":{
"down":{"uv":[6.835247,7.3125,7.835247,8.6875],"texture":"#normal_gun_texture"},
"up":{"uv":[6.835247,7.3125,7.835247,8.6875],"texture":"#normal_gun_texture"},
"north":{"uv":[8.164753,9.772747,9.164753,10.33525],"texture":"#normal_gun_texture"},
"south":{"uv":[6.835247,9.772747,7.835247,10.33525],"texture":"#normal_gun_texture"},
"west":{"uv":[7.3125,9.772747,8.6875,10.33525],"texture":"#normal_gun_texture"},
"east":{"uv":[7.3125,9.772747,8.6875,10.33525],"texture":"#normal_gun_texture"}
}
},
{
"from":[22.6563,6.0625,7.3125],
"to":[23.0938,6.6875,8.6875],
"rotation":{"origin":[22.6563,6.6875,7.3125],"axis":"z","angle":-22.5},
"faces":{
"down":{"uv":[6.417122,7.3125,6.854622,8.6875],"texture":"#normal_gun_texture"},
"up":{"uv":[6.417122,7.3125,6.854622,8.6875],"texture":"#normal_gun_texture"},
"north":{"uv":[9.145378,9.264925,9.582878,9.889925],"texture":"#normal_gun_texture"},
"south":{"uv":[6.417122,9.264925,6.854622,9.889925],"texture":"#normal_gun_texture"},
"west":{"uv":[7.3125,9.264925,8.6875,9.889925],"texture":"#normal_gun_texture"},
"east":{"uv":[7.3125,9.264925,8.6875,9.889925],"texture":"#normal_gun_texture"}
}
},
{
"from":[11.875,8.5,9],
"to":[12,9.125,9.4375],
"faces":{
"down":{"uv":[11.875,6.5625,12,7],"texture":"#anvil_base"},
"up":{"uv":[11.875,9,12,9.4375],"texture":"#anvil_base"},
"north":{"uv":[4,6.875,4.125,7.5],"texture":"#anvil_base"},
"south":{"uv":[11.875,6.875,12,7.5],"texture":"#anvil_base"},
"west":{"uv":[9,6.875,9.4375,7.5],"texture":"#anvil_base"},
"east":{"uv":[6.5625,6.875,7,7.5],"texture":"#anvil_base"}
}
},
{
"from":[5.1875,9.0625,7.6875],
"to":[5.625,9.25,8.3125],
"faces":{
"down":{"uv":[5.1875,7.6875,5.625,8.3125],"texture":"#anvil_base"},
"up":{"uv":[5.1875,7.6875,5.625,8.3125],"texture":"#anvil_base"},
"north":{"uv":[10.375,6.75,10.8125,6.9375],"texture":"#anvil_base"},
"south":{"uv":[5.1875,6.75,5.625,6.9375],"texture":"#anvil_base"},
"west":{"uv":[7.6875,6.75,8.3125,6.9375],"texture":"#anvil_base"},
"east":{"uv":[7.6875,6.75,8.3125,6.9375],"texture":"#anvil_base"}
}
},
{
"from":[5.625,9.125,7.6875],
"to":[6.0625,9.3125,8.3125],
"faces":{
"down":{"uv":[5.625,7.6875,6.0625,8.3125],"texture":"#anvil_base"},
"up":{"uv":[5.625,7.6875,6.0625,8.3125],"texture":"#anvil_base"},
"north":{"uv":[9.9375,6.6875,10.375,6.875],"texture":"#anvil_base"},
"south":{"uv":[5.625,6.6875,6.0625,6.875],"texture":"#anvil_base"},
"west":{"uv":[7.6875,6.6875,8.3125,6.875],"texture":"#anvil_base"},
"east":{"uv":[7.6875,6.6875,8.3125,6.875],"texture":"#anvil_base"}
}
},
{
"from":[6.0625,9.1875,7.6875],
"to":[6.5,9.375,8.3125],
"faces":{
"down":{"uv":[6.0625,7.6875,6.5,8.3125],"texture":"#anvil_base"},
"up":{"uv":[6.0625,7.6875,6.5,8.3125],"texture":"#anvil_base"},
"north":{"uv":[9.5,6.625,9.9375,6.8125],"texture":"#anvil_base"},
"south":{"uv":[6.0625,6.625,6.5,6.8125],"texture":"#anvil_base"},
"west":{"uv":[7.6875,6.625,8.3125,6.8125],"texture":"#anvil_base"},
"east":{"uv":[7.6875,6.625,8.3125,6.8125],"texture":"#anvil_base"}
}
},
{
"from":[12.5,6.1875,6.375],
"to":[13,8.6875,6.875],
"faces":{
"down":{"uv":[12.5,9.125,13,9.625],"texture":"#anvil_base"},
"up":{"uv":[12.5,6.375,13,6.875],"texture":"#anvil_base"},
"north":{"uv":[3,7.3125,3.5,9.8125],"texture":"#anvil_base"},
"south":{"uv":[12.5,7.3125,13,9.8125],"texture":"#anvil_base"},
"west":{"uv":[6.375,7.3125,6.875,9.8125],"texture":"#anvil_base"},
"east":{"uv":[9.125,7.3125,9.625,9.8125],"texture":"#anvil_base"}
}
},
{
"from":[13.6875,6.8125,6.625],
"to":[14.0625,7.25,6.875],
"faces":{
"down":{"uv":[13.6875,9.125,14.0625,9.375],"texture":"#anvil_base"},
"up":{"uv":[13.6875,6.625,14.0625,6.875],"texture":"#anvil_base"},
"north":{"uv":[1.9375,8.75,2.3125,9.1875],"texture":"#anvil_base"},
"south":{"uv":[13.6875,8.75,14.0625,9.1875],"texture":"#anvil_base"},
"west":{"uv":[6.625,8.75,6.875,9.1875],"texture":"#anvil_base"},
"east":{"uv":[9.125,8.75,9.375,9.1875],"texture":"#anvil_base"}
}
},
{
"from":[14.4375,6.8125,6.75],
"to":[14.75,7.25,7],
"faces":{
"down":{"uv":[14.4375,9,14.75,9.25],"texture":"#anvil_base"},
"up":{"uv":[14.4375,6.75,14.75,7],"texture":"#anvil_base"},
"north":{"uv":[1.25,8.75,1.5625,9.1875],"texture":"#anvil_base"},
"south":{"uv":[14.4375,8.75,14.75,9.1875],"texture":"#anvil_base"},
"west":{"uv":[6.75,8.75,7,9.1875],"texture":"#anvil_base"},
"east":{"uv":[9,8.75,9.25,9.1875],"texture":"#anvil_base"}
}
},
{
"from":[14.0625,6.8125,6.6875],
"to":[14.4375,7.25,6.9375],
"faces":{
"down":{"uv":[14.0625,9.0625,14.4375,9.3125],"texture":"#anvil_base"},
"up":{"uv":[14.0625,6.6875,14.4375,6.9375],"texture":"#anvil_base"},
"north":{"uv":[1.5625,8.75,1.9375,9.1875],"texture":"#anvil_base"},
"south":{"uv":[14.0625,8.75,14.4375,9.1875],"texture":"#anvil_base"},
"west":{"uv":[6.6875,8.75,6.9375,9.1875],"texture":"#anvil_base"},
"east":{"uv":[9.0625,8.75,9.3125,9.1875],"texture":"#anvil_base"}
}
},
{
"from":[13.3125,6.8125,6.5625],
"to":[13.6875,7.25,6.8125],
"faces":{
"down":{"uv":[13.3125,9.1875,13.6875,9.4375],"texture":"#anvil_base"},
"up":{"uv":[13.3125,6.5625,13.6875,6.8125],"texture":"#anvil_base"},
"north":{"uv":[2.3125,8.75,2.6875,9.1875],"texture":"#anvil_base"},
"south":{"uv":[13.3125,8.75,13.6875,9.1875],"texture":"#anvil_base"},
"west":{"uv":[6.5625,8.75,6.8125,9.1875],"texture":"#anvil_base"},
"east":{"uv":[9.1875,8.75,9.4375,9.1875],"texture":"#anvil_base"}
}
},
{
"from":[13,6.8125,6.5],
"to":[13.3125,7.25,6.75],
"faces":{
"down":{"uv":[13,9.25,13.3125,9.5],"texture":"#anvil_base"},
"up":{"uv":[13,6.5,13.3125,6.75],"texture":"#anvil_base"},
"north":{"uv":[2.6875,8.75,3,9.1875],"texture":"#anvil_base"},
"south":{"uv":[13,8.75,13.3125,9.1875],"texture":"#anvil_base"},
"west":{"uv":[6.5,8.75,6.75,9.1875],"texture":"#anvil_base"},
"east":{"uv":[9.25,8.75,9.5,9.1875],"texture":"#anvil_base"}
}
},
{
"from":[5.1875,7.3125,6.9375],
"to":[6.75,7.75,7.1875],
"faces":{
"down":{"uv":[5.1875,8.8125,6.75,9.0625],"texture":"#anvil_base"},
"up":{"uv":[5.1875,6.9375,6.75,7.1875],"texture":"#anvil_base"},
"north":{"uv":[9.25,8.25,10.8125,8.6875],"texture":"#anvil_base"},
"south":{"uv":[5.1875,8.25,6.75,8.6875],"texture":"#anvil_base"},
"west":{"uv":[6.9375,8.25,7.1875,8.6875],"texture":"#anvil_base"},
"east":{"uv":[8.8125,8.25,9.0625,8.6875],"texture":"#anvil_base"}
}
},
{
"from":[5.875,7.3125,6.8125],
"to":[6.5,7.75,6.9375],
"faces":{
"down":{"uv":[5.875,9.0625,6.5,9.1875],"texture":"#anvil_base"},
"up":{"uv":[5.875,6.8125,6.5,6.9375],"texture":"#anvil_base"},
"north":{"uv":[9.5,8.25,10.125,8.6875],"texture":"#anvil_base"},
"south":{"uv":[5.875,8.25,6.5,8.6875],"texture":"#anvil_base"},
"west":{"uv":[6.8125,8.25,6.9375,8.6875],"texture":"#anvil_base"},
"east":{"uv":[9.0625,8.25,9.1875,8.6875],"texture":"#anvil_base"}
}
},
{
"from":[6.5,7.3125,6.75],
"to":[7.125,7.75,6.875],
"faces":{
"down":{"uv":[6.5,9.125,7.125,9.25],"texture":"#anvil_base"},
"up":{"uv":[6.5,6.75,7.125,6.875],"texture":"#anvil_base"},
"north":{"uv":[8.875,8.25,9.5,8.6875],"texture":"#anvil_base"},
"south":{"uv":[6.5,8.25,7.125,8.6875],"texture":"#anvil_base"},
"west":{"uv":[6.75,8.25,6.875,8.6875],"texture":"#anvil_base"},
"east":{"uv":[9.125,8.25,9.25,8.6875],"texture":"#anvil_base"}
}
},
{
"from":[7.125,7.0625,6.625],
"to":[7.4375,8,6.9375],
"faces":{
"down":{"uv":[7.125,9.0625,7.4375,9.375],"texture":"#anvil_base"},
"up":{"uv":[7.125,6.625,7.4375,6.9375],"texture":"#anvil_base"},
"north":{"uv":[8.5625,8,8.875,8.9375],"texture":"#anvil_base"},
"south":{"uv":[7.125,8,7.4375,8.9375],"texture":"#anvil_base"},
"west":{"uv":[6.625,8,6.9375,8.9375],"texture":"#anvil_base"},
"east":{"uv":[9.0625,8,9.375,8.9375],"texture":"#anvil_base"}
}
},
{
"from":[-10.75,8.6875,7.75],
"to":[-10.1875,8.875,8.25],
"faces":{
"down":{"uv":[5.25,7.75,5.8125,8.25],"texture":"#anvil_base"},
"up":{"uv":[5.25,7.75,5.8125,8.25],"texture":"#anvil_base"},
"north":{"uv":[10.1875,7.125,10.75,7.3125],"texture":"#anvil_base"},
"south":{"uv":[5.25,7.125,5.8125,7.3125],"texture":"#anvil_base"},
"west":{"uv":[7.75,7.125,8.25,7.3125],"texture":"#anvil_base"},
"east":{"uv":[7.75,7.125,8.25,7.3125],"texture":"#anvil_base"}
}
},
{
"from":[-10.1875,8.75,7.75],
"to":[-9.625,8.9375,8.25],
"faces":{
"down":{"uv":[5.8125,7.75,6.375,8.25],"texture":"#anvil_base"},
"up":{"uv":[5.8125,7.75,6.375,8.25],"texture":"#anvil_base"},
"north":{"uv":[9.625,7.0625,10.1875,7.25],"texture":"#anvil_base"},
"south":{"uv":[5.8125,7.0625,6.375,7.25],"texture":"#anvil_base"},
"west":{"uv":[7.75,7.0625,8.25,7.25],"texture":"#anvil_base"},
"east":{"uv":[7.75,7.0625,8.25,7.25],"texture":"#anvil_base"}
}
},
{
"from":[-9.625,8.6875,7.75],
"to":[-9.375,8.875,8.25],
"faces":{
"down":{"uv":[6.375,7.75,6.625,8.25],"texture":"#anvil_base"},
"up":{"uv":[6.375,7.75,6.625,8.25],"texture":"#anvil_base"},
"north":{"uv":[9.375,7.125,9.625,7.3125],"texture":"#anvil_base"},
"south":{"uv":[6.375,7.125,6.625,7.3125],"texture":"#anvil_base"},
"west":{"uv":[7.75,7.125,8.25,7.3125],"texture":"#anvil_base"},
"east":{"uv":[7.75,7.125,8.25,7.3125],"texture":"#anvil_base"}
}
},
{
"from":[-9.375,8.625,7.75],
"to":[-9.1875,8.8125,8.25],
"faces":{
"down":{"uv":[6.625,7.75,6.8125,8.25],"texture":"#anvil_base"},
"up":{"uv":[6.625,7.75,6.8125,8.25],"texture":"#anvil_base"},
"north":{"uv":[9.1875,7.1875,9.375,7.375],"texture":"#anvil_base"},
"south":{"uv":[6.625,7.1875,6.8125,7.375],"texture":"#anvil_base"},
"west":{"uv":[7.75,7.1875,8.25,7.375],"texture":"#anvil_base"},
"east":{"uv":[7.75,7.1875,8.25,7.375],"texture":"#anvil_base"}
}
},
{
"from":[-9.1875,8.5625,7.75],
"to":[-9,8.75,8.25],
"faces":{
"down":{"uv":[6.8125,7.75,7,8.25],"texture":"#anvil_base"},
"up":{"uv":[6.8125,7.75,7,8.25],"texture":"#anvil_base"},
"north":{"uv":[9,7.25,9.1875,7.4375],"texture":"#anvil_base"},
"south":{"uv":[6.8125,7.25,7,7.4375],"texture":"#anvil_base"},
"west":{"uv":[7.75,7.25,8.25,7.4375],"texture":"#anvil_base"},
"east":{"uv":[7.75,7.25,8.25,7.4375],"texture":"#anvil_base"}
}
},
{
"from":[-9,8.5,7.75],
"to":[-8.8125,8.6875,8.25],
"faces":{
"down":{"uv":[7,7.75,7.1875,8.25],"texture":"#anvil_base"},
"up":{"uv":[7,7.75,7.1875,8.25],"texture":"#anvil_base"},
"north":{"uv":[8.8125,7.3125,9,7.5],"texture":"#anvil_base"},
"south":{"uv":[7,7.3125,7.1875,7.5],"texture":"#anvil_base"},
"west":{"uv":[7.75,7.3125,8.25,7.5],"texture":"#anvil_base"},
"east":{"uv":[7.75,7.3125,8.25,7.5],"texture":"#anvil_base"}
}
},
{
"from":[-9.75,8.9375,7.75],
"to":[-9.625,9.25,8.25],
"faces":{
"down":{"uv":[6.25,7.75,6.375,8.25],"texture":"#anvil_base"},
"up":{"uv":[6.25,7.75,6.375,8.25],"texture":"#anvil_base"},
"north":{"uv":[9.625,6.75,9.75,7.0625],"texture":"#anvil_base"},
"south":{"uv":[6.25,6.75,6.375,7.0625],"texture":"#anvil_base"},
"west":{"uv":[7.75,6.75,8.25,7.0625],"texture":"#anvil_base"},
"east":{"uv":[7.75,6.75,8.25,7.0625],"texture":"#anvil_base"}
}
},
{
"from":[-9.75,9.75,7.75],
"to":[-9.625,9.9375,8.25],
"faces":{
"down":{"uv":[6.25,7.75,6.375,8.25],"texture":"#anvil_base"},
"up":{"uv":[6.25,7.75,6.375,8.25],"texture":"#anvil_base"},
"north":{"uv":[9.625,6.0625,9.75,6.25],"texture":"#anvil_base"},
"south":{"uv":[6.25,6.0625,6.375,6.25],"texture":"#anvil_base"},
"west":{"uv":[7.75,6.0625,8.25,6.25],"texture":"#anvil_base"},
"east":{"uv":[7.75,6.0625,8.25,6.25],"texture":"#anvil_base"}
}
},
{
"from":[17.9375,9.125,7.5625],
"to":[19,9.25,8.5],
"faces":{
"down":{"uv":[1.9375,7.5,3,8.4375],"texture":"#anvil_base"},
"up":{"uv":[1.9375,7.5625,3,8.5],"texture":"#anvil_base"},
"north":{"uv":[13,6.75,14.0625,6.875],"texture":"#anvil_base"},
"south":{"uv":[1.9375,6.75,3,6.875],"texture":"#anvil_base"},
"west":{"uv":[7.5625,6.75,8.5,6.875],"texture":"#anvil_base"},
"east":{"uv":[7.5,6.75,8.4375,6.875],"texture":"#anvil_base"}
}
},
{
"from":[0.8125,8.3125,7.7812],
"to":[1.34375,8.625,8.31245],
"faces":{
"down":{"uv":[0.8125,7.6875,1.34375,8.21875],"texture":"#anvil_base"},
"up":{"uv":[0.8125,7.78125,1.34375,8.3125],"texture":"#anvil_base"},
"north":{"uv":[14.65625,7.375,15.1875,7.6875],"texture":"#anvil_base"},
"south":{"uv":[0.8125,7.375,1.34375,7.6875],"texture":"#anvil_base"},
"west":{"uv":[7.78125,7.375,8.3125,7.6875],"texture":"#anvil_base"},
"east":{"uv":[7.6875,7.375,8.21875,7.6875],"texture":"#anvil_base"}
}
}
],
"display": {
    "thirdperson_righthand": {
        "rotation": [ -170, -90, 130 ],
        "translation": [ 0, 6, 2 ],
        "scale": [ 0.9, 0.9, 0.9 ]
    },
    "thirdperson_lefthand": {
        "rotation": [ -180, 90, -90 ],
        "translation": [ 0, 1, -1 ],
        "scale": [ 0.9, 0.9, 0.9 ]
    },
    "head": {
        "rotation": [ 0, -90, 0 ],
        "translation": [ 0, 12, 0 ],
        "scale": [ 0.7, 0.7, 0.7 ]
    },
    "ground": {
        "rotation": [ 90, 0, 0 ],
        "translation": [ 1, 0, 0 ],
        "scale": [ 0.7, 0.7, 0.7 ]
    },
    "fixed": {
        "rotation": [ 0, 0, 0 ],
        "translation": [ 0, 0, -2 ],
        "scale": [ 1.3, 1.3, 1.3 ]
    },
    "firstperson_righthand": {
        "rotation": [ 0, -90, 0 ],
        "translation": [ -3.5, 4.25, -2 ],
        "scale": [ 1.1, 1.1, 1.1 ]
    },
    "firstperson_lefthand": {
        "rotation": [ 20, 90, 0 ],
        "translation": [ -2.5, -3, 3 ],
        "scale": [ 1.1, 1.1, 1.1 ]
    },
    "gui": {
        "rotation": [ -15, 40, 0 ],
        "translation": [ 0.5, 0, 0 ],
        "scale": [ 0.55, 0.55, 0.55 ]
    }
}
}