{
	"__comment": "© Le0, Mineland.eu 2019 | www.mineland.eu",
	"textures": {
		"pewdiepie_brofist": "other/pewdiepie_brofist",
		"pewdiepie_headphones": "other/pewdiepie_headphones"
	},
	"elements": [ 	 
		{
			"__comment": "Element",
			"from": [ 11.8305, 3.8458, 6.7344 ],
			"to": [ 13.03053, 4.349297, 9.26565 ],
			"rotation": { "origin": [ 12.2395, 4.097561, 8 ], "axis": "x", "angle": 22.5 },
			"faces": {
				"north": { "uv": [ 0, 0.1999998, 15, 1.8 ], "texture": "#pewdiepie_headphones" },
				"south": { "uv": [ 0, 0.1999998, 15, 1.8 ], "texture": "#pewdiepie_headphones", "rotation": 180 },
				"west": { "uv": [ 15.5, 3, 14.5, 4 ], "texture": "#pewdiepie_headphones" },
				"east": { "uv": [ 0, 0.1999998, 1, 15.8 ], "texture": "#pewdiepie_headphones", "rotation": 90 }
			}
		},
		{
			"__comment": "Element",
			"from": [ 11.8336, 2.8319, 7.7483 ],
			"to": [ 13.03363, 5.36315, 8.251797 ],
			"faces": {
				"down": { "uv": [ 0, 0, 15, 1 ], "texture": "#pewdiepie_headphones", "rotation": 180 },
				"up": { "uv": [ 0, 0, 14.5, 1 ], "texture": "#pewdiepie_headphones", "rotation": 180 },
				"north": { "uv": [ 0, 0, 15, 16 ], "texture": "#pewdiepie_headphones" },
				"south": { "uv": [ 0, 0, 15, 16 ], "texture": "#pewdiepie_headphones", "rotation": 180 },
				"west": { "uv": [ 15.5, 3, 14.5, 4 ], "texture": "#pewdiepie_headphones" },
				"east": { "uv": [ 0, 0, 1, 16 ], "texture": "#pewdiepie_headphones" }
			}
		},
		{
			"__comment": "Element",
			"from": [ 11.8336, 2.8319, 7.7483 ],
			"to": [ 13.03363, 5.36315, 8.251797 ],
			"rotation": { "origin": [ 12.24259, 4.097561, 8 ], "axis": "x", "angle": 45 },
			"faces": {
				"down": { "uv": [ 0, 0, 15, 1 ], "texture": "#pewdiepie_headphones", "rotation": 180 },
				"up": { "uv": [ 0, 0, 15, 1 ], "texture": "#pewdiepie_headphones", "rotation": 180 },
				"north": { "uv": [ 0, 0, 15, 16 ], "texture": "#pewdiepie_headphones" },
				"south": { "uv": [ 0, 0, 15, 16 ], "texture": "#pewdiepie_headphones", "rotation": 180 },
				"west": { "uv": [ 15.5, 3, 14.5, 4 ], "texture": "#pewdiepie_headphones" },
				"east": { "uv": [ 0, 0, 1, 16 ], "texture": "#pewdiepie_headphones" }
			}
		},
		{
			"__comment": "Element",
			"from": [ 11.8336, 3.8458, 6.7344 ],
			"to": [ 13.03363, 4.349297, 9.26565 ],
			"faces": {
				"down": { "uv": [ 0, 0, 15, 16 ], "texture": "#pewdiepie_headphones", "rotation": 180 },
				"up": { "uv": [ 0, 0, 15, 16 ], "texture": "#pewdiepie_headphones", "rotation": 180 },
				"north": { "uv": [ 0, 0, 15, 1 ], "texture": "#pewdiepie_headphones" },
				"south": { "uv": [ 0, 0, 15, 1 ], "texture": "#pewdiepie_headphones", "rotation": 180 },
				"west": { "uv": [ 15.5, 3, 14.5, 4 ], "texture": "#pewdiepie_headphones" },
				"east": { "uv": [ 0, 0, 1, 16 ], "texture": "#pewdiepie_headphones", "rotation": 270 }
			}
		},
		{
			"__comment": "Element",
			"from": [ 11.8336, 3.8458, 6.7344 ],
			"to": [ 13.03363, 4.349297, 9.26565 ],
			"rotation": { "origin": [ 12.24259, 4.097561, 8 ], "axis": "x", "angle": 45 },
			"faces": {
				"down": { "uv": [ 0, 0, 15, 16 ], "texture": "#pewdiepie_headphones", "rotation": 180 },
				"up": { "uv": [ 0, 0, 15, 16 ], "texture": "#pewdiepie_headphones", "rotation": 180 },
				"north": { "uv": [ 0, 0, 15, 1 ], "texture": "#pewdiepie_headphones" },
				"south": { "uv": [ 0, 0, 15, 1 ], "texture": "#pewdiepie_headphones", "rotation": 180 },
				"west": { "uv": [ 15.5, 3, 14.5, 4 ], "texture": "#pewdiepie_headphones" },
				"east": { "uv": [ 0, 0, 1, 16 ], "texture": "#pewdiepie_headphones", "rotation": 270 }
			}
		},
		{
			"__comment": "Element",
			"from": [ 11.8305, 3.8458, 6.7344 ],
			"to": [ 13.03053, 4.349297, 9.26565 ],
			"rotation": { "origin": [ 12.2395, 4.097561, 8 ], "axis": "x", "angle": -22.5 },
			"faces": {
				"north": { "uv": [ 0, 0.1999998, 15, 1.8 ], "texture": "#pewdiepie_headphones" },
				"south": { "uv": [ 0, 0.1999998, 15, 1.8 ], "texture": "#pewdiepie_headphones", "rotation": 180 },
				"west": { "uv": [ 15.5, 3, 14.5, 4 ], "texture": "#pewdiepie_headphones" },
				"east": { "uv": [ 0, 0.1999998, 1, 15.8 ], "texture": "#pewdiepie_headphones", "rotation": 90 }
			}
		},
		{
			"__comment": "Element",
			"from": [ 11.8305, 2.8319, 7.7483 ],
			"to": [ 13.03053, 5.36315, 8.251797 ],
			"rotation": { "origin": [ 12.2395, 4.097561, 8 ], "axis": "x", "angle": 22.5 },
			"faces": {
				"down": { "uv": [ 0, 0.1999998, 15, 1.8 ], "texture": "#pewdiepie_headphones", "rotation": 180 },
				"up": { "uv": [ 0, 0.1999998, 15, 1.8 ], "texture": "#pewdiepie_headphones", "rotation": 180 },
				"west": { "uv": [ 15.5, 3, 14.5, 4 ], "texture": "#pewdiepie_headphones" },
				"east": { "uv": [ 0, 0.1999998, 1, 15.8 ], "texture": "#pewdiepie_headphones", "rotation": 180 }
			}
		},
		{
			"__comment": "Element",
			"from": [ 11.8305, 2.8319, 7.7483 ],
			"to": [ 13.03053, 5.36315, 8.251797 ],
			"rotation": { "origin": [ 12.2395, 4.097561, 8 ], "axis": "x", "angle": -22.5 },
			"faces": {
				"down": { "uv": [ 0, 0.1999998, 15, 1.8 ], "texture": "#pewdiepie_headphones", "rotation": 180 },
				"up": { "uv": [ 0, 0.1999998, 15, 1.8 ], "texture": "#pewdiepie_headphones", "rotation": 180 },
				"west": { "uv": [ 15.5, 3, 14.5, 4 ], "texture": "#pewdiepie_headphones" },
				"east": { "uv": [ 0, 0.1999998, 1, 15.8 ], "texture": "#pewdiepie_headphones", "rotation": 180 }
			}
		},
		{
			"__comment": "Element",
			"from": [ 11.2411, 3.7199, 6.1016 ],
			"to": [ 12.06684, 4.475145, 6.734412 ],
			"rotation": { "origin": [ 11.43399, 4.097561, 8 ], "axis": "x", "angle": -45 },
			"faces": {
				"north": { "uv": [ 5, 6, 5.5, 6.5 ], "texture": "#pewdiepie_headphones", "rotation": 90 },
				"south": { "uv": [ 5, 6, 5.5, 6.5 ], "texture": "#pewdiepie_headphones" },
				"west": { "uv": [ 5, 6, 5.5, 6.5 ], "texture": "#pewdiepie_headphones" },
				"east": { "uv": [ 5, 6, 5.5, 6.5 ], "texture": "#pewdiepie_headphones" }
			}
		},
		{
			"__comment": "Element",
			"from": [ 11.2411, 3.7199, 6.1016 ],
			"to": [ 12.06684, 4.475145, 6.734412 ],
			"rotation": { "origin": [ 11.43399, 4.097561, 8 ], "axis": "x", "angle": -22.5 },
			"faces": {
				"north": { "uv": [ 5, 6, 5.5, 6.5 ], "texture": "#pewdiepie_headphones", "rotation": 90 },
				"south": { "uv": [ 5, 6, 5.5, 6.5 ], "texture": "#pewdiepie_headphones" },
				"west": { "uv": [ 5, 6, 5.5, 6.5 ], "texture": "#pewdiepie_headphones" },
				"east": { "uv": [ 5, 6, 5.5, 6.5 ], "texture": "#pewdiepie_headphones" }
			}
		},
		{
			"__comment": "Element",
			"from": [ 11.2411, 3.7199, 6.1016 ],
			"to": [ 12.06684, 4.475145, 6.734412 ],
			"faces": {
				"north": { "uv": [ 5, 6, 5.5, 6.5 ], "texture": "#pewdiepie_headphones", "rotation": 90 },
				"south": { "uv": [ 5, 6, 5.5, 6.5 ], "texture": "#pewdiepie_headphones" },
				"west": { "uv": [ 5, 6, 5.5, 6.5 ], "texture": "#pewdiepie_headphones" },
				"east": { "uv": [ 5, 6, 5.5, 6.5 ], "texture": "#pewdiepie_headphones" }
			}
		},
		{
			"__comment": "Element",
			"from": [ 11.2411, 3.7199, 6.1016 ],
			"to": [ 12.06684, 4.475145, 6.734412 ],
			"rotation": { "origin": [ 11.43399, 4.097561, 8 ], "axis": "x", "angle": 22.5 },
			"faces": {
				"north": { "uv": [ 5, 6, 5.5, 6.5 ], "texture": "#pewdiepie_headphones", "rotation": 90 },
				"south": { "uv": [ 5, 6, 5.5, 6.5 ], "texture": "#pewdiepie_headphones" },
				"west": { "uv": [ 5, 6, 5.5, 6.5 ], "texture": "#pewdiepie_headphones" },
				"east": { "uv": [ 5, 6, 5.5, 6.5 ], "texture": "#pewdiepie_headphones" }
			}
		},
		{
			"__comment": "Element",
			"from": [ 11.2411, 3.7199, 6.1016 ],
			"to": [ 12.06684, 4.475145, 6.734412 ],
			"rotation": { "origin": [ 11.43399, 4.097561, 8 ], "axis": "x", "angle": 45 },
			"faces": {
				"north": { "uv": [ 5, 6, 5.5, 6.5 ], "texture": "#pewdiepie_headphones", "rotation": 90 },
				"south": { "uv": [ 5, 6, 5.5, 6.5 ], "texture": "#pewdiepie_headphones" },
				"west": { "uv": [ 5, 6, 5.5, 6.5 ], "texture": "#pewdiepie_headphones" },
				"east": { "uv": [ 5, 6, 5.5, 6.5 ], "texture": "#pewdiepie_headphones" }
			}
		},
		{
			"__comment": "Element",
			"from": [ 11.2411, 3.7199, 9.2656 ],
			"to": [ 12.06684, 4.475145, 9.898413 ],
			"rotation": { "origin": [ 11.43399, 4.097561, 8 ], "axis": "x", "angle": -45 },
			"faces": {
				"north": { "uv": [ 5, 6, 5.5, 6.5 ], "texture": "#pewdiepie_headphones", "rotation": 90 },
				"south": { "uv": [ 5, 6, 5.5, 6.5 ], "texture": "#pewdiepie_headphones" },
				"west": { "uv": [ 5, 6, 5.5, 6.5 ], "texture": "#pewdiepie_headphones" },
				"east": { "uv": [ 5, 6, 5.5, 6.5 ], "texture": "#pewdiepie_headphones" }
			}
		},
		{
			"__comment": "Element",
			"from": [ 11.2411, 3.7199, 9.2656 ],
			"to": [ 12.06684, 4.475145, 9.898413 ],
			"rotation": { "origin": [ 11.43399, 4.097561, 8 ], "axis": "x", "angle": -22.5 },
			"faces": {
				"north": { "uv": [ 5, 6, 5.5, 6.5 ], "texture": "#pewdiepie_headphones", "rotation": 90 },
				"south": { "uv": [ 5, 6, 5.5, 6.5 ], "texture": "#pewdiepie_headphones" },
				"west": { "uv": [ 5, 6, 5.5, 6.5 ], "texture": "#pewdiepie_headphones" },
				"east": { "uv": [ 5, 6, 5.5, 6.5 ], "texture": "#pewdiepie_headphones" }
			}
		},
		{
			"__comment": "Element",
			"from": [ 11.2411, 3.7199, 9.2656 ],
			"to": [ 12.06684, 4.475145, 9.898413 ],
			"faces": {
				"north": { "uv": [ 5, 6, 5.5, 6.5 ], "texture": "#pewdiepie_headphones", "rotation": 90 },
				"south": { "uv": [ 5, 6, 5.5, 6.5 ], "texture": "#pewdiepie_headphones" },
				"west": { "uv": [ 5, 6, 5.5, 6.5 ], "texture": "#pewdiepie_headphones" },
				"east": { "uv": [ 5, 6, 5.5, 6.5 ], "texture": "#pewdiepie_headphones" }
			}
		},
		{
			"__comment": "Element",
			"from": [ 11.2411, 3.7199, 9.2656 ],
			"to": [ 12.06684, 4.475145, 9.898413 ],
			"rotation": { "origin": [ 11.43399, 4.097561, 8 ], "axis": "x", "angle": 22.5 },
			"faces": {
				"north": { "uv": [ 5, 6, 5.5, 6.5 ], "texture": "#pewdiepie_headphones", "rotation": 90 },
				"south": { "uv": [ 5, 6, 5.5, 6.5 ], "texture": "#pewdiepie_headphones" },
				"west": { "uv": [ 5, 6, 5.5, 6.5 ], "texture": "#pewdiepie_headphones" },
				"east": { "uv": [ 5, 6, 5.5, 6.5 ], "texture": "#pewdiepie_headphones" }
			}
		},
		{
			"__comment": "Element",
			"from": [ 11.2411, 3.7199, 9.2656 ],
			"to": [ 12.06684, 4.475145, 9.898413 ],
			"rotation": { "origin": [ 11.43399, 4.097561, 8 ], "axis": "x", "angle": 45 },
			"faces": {
				"north": { "uv": [ 5, 6, 5.5, 6.5 ], "texture": "#pewdiepie_headphones", "rotation": 90 },
				"south": { "uv": [ 5, 6, 5.5, 6.5 ], "texture": "#pewdiepie_headphones" },
				"west": { "uv": [ 5, 6, 5.5, 6.5 ], "texture": "#pewdiepie_headphones" },
				"east": { "uv": [ 5, 6, 5.5, 6.5 ], "texture": "#pewdiepie_headphones" }
			}
		},
		{
			"__comment": "Element",
			"from": [ 11.2411, 2.1991, 7.6224 ],
			"to": [ 12.06684, 2.831913, 8.377645 ],
			"rotation": { "origin": [ 11.43399, 4.097561, 8 ], "axis": "x", "angle": -22.5 },
			"faces": {
				"down": { "uv": [ 5, 6, 5.5, 6.5 ], "texture": "#pewdiepie_headphones" },
				"up": { "uv": [ 5, 6, 5.5, 6.5 ], "texture": "#pewdiepie_headphones" },
				"west": { "uv": [ 5, 6, 5.5, 6.5 ], "texture": "#pewdiepie_headphones" },
				"east": { "uv": [ 5, 6, 5.5, 6.5 ], "texture": "#pewdiepie_headphones" }
			}
		},
		{
			"__comment": "Element",
			"from": [ 11.2411, 2.1991, 7.6224 ],
			"to": [ 12.06684, 2.831913, 8.377645 ],
			"faces": {
				"down": { "uv": [ 5, 6, 5.5, 6.5 ], "texture": "#pewdiepie_headphones" },
				"up": { "uv": [ 5, 6, 5.5, 6.5 ], "texture": "#pewdiepie_headphones" },
				"west": { "uv": [ 5, 6, 5.5, 6.5 ], "texture": "#pewdiepie_headphones" },
				"east": { "uv": [ 5, 6, 5.5, 6.5 ], "texture": "#pewdiepie_headphones" }
			}
		},
		{
			"__comment": "Element",
			"from": [ 11.2411, 2.1991, 7.6224 ],
			"to": [ 12.06684, 2.831913, 8.377645 ],
			"rotation": { "origin": [ 11.43399, 4.097561, 8 ], "axis": "x", "angle": 22.5 },
			"faces": {
				"down": { "uv": [ 5, 6, 5.5, 6.5 ], "texture": "#pewdiepie_headphones" },
				"up": { "uv": [ 5, 6, 5.5, 6.5 ], "texture": "#pewdiepie_headphones" },
				"west": { "uv": [ 5, 6, 5.5, 6.5 ], "texture": "#pewdiepie_headphones" },
				"east": { "uv": [ 5, 6, 5.5, 6.5 ], "texture": "#pewdiepie_headphones" }
			}
		},
		{
			"__comment": "Element",
			"from": [ 11.2411, 5.3632, 7.6224 ],
			"to": [ 12.06684, 5.996012, 8.377645 ],
			"rotation": { "origin": [ 11.43399, 4.097561, 8 ], "axis": "x", "angle": -22.5 },
			"faces": {
				"down": { "uv": [ 5, 6, 5.5, 6.5 ], "texture": "#pewdiepie_headphones" },
				"up": { "uv": [ 5, 6, 5.5, 6.5 ], "texture": "#pewdiepie_headphones" },
				"west": { "uv": [ 5, 6, 5.5, 6.5 ], "texture": "#pewdiepie_headphones" },
				"east": { "uv": [ 5, 6, 5.5, 6.5 ], "texture": "#pewdiepie_headphones" }
			}
		},
		{
			"__comment": "Element",
			"from": [ 11.2411, 5.3632, 7.6224 ],
			"to": [ 12.06684, 5.996012, 8.377645 ],
			"faces": {
				"down": { "uv": [ 5, 6, 5.5, 6.5 ], "texture": "#pewdiepie_headphones" },
				"up": { "uv": [ 5, 6, 5.5, 6.5 ], "texture": "#pewdiepie_headphones" },
				"west": { "uv": [ 5, 6, 5.5, 6.5 ], "texture": "#pewdiepie_headphones" },
				"east": { "uv": [ 5, 6, 5.5, 6.5 ], "texture": "#pewdiepie_headphones" }
			}
		},
		{
			"__comment": "Element",
			"from": [ 11.2411, 5.3632, 7.6224 ],
			"to": [ 12.06684, 5.996012, 8.377645 ],
			"rotation": { "origin": [ 11.43399, 4.097561, 8 ], "axis": "x", "angle": 22.5 },
			"faces": {
				"down": { "uv": [ 5, 6, 5.5, 6.5 ], "texture": "#pewdiepie_headphones" },
				"up": { "uv": [ 5, 6, 5.5, 6.5 ], "texture": "#pewdiepie_headphones" },
				"west": { "uv": [ 5, 6, 5.5, 6.5 ], "texture": "#pewdiepie_headphones" },
				"east": { "uv": [ 5, 6, 5.5, 6.5 ], "texture": "#pewdiepie_headphones" }
			}
		},
		{
			"__comment": "Element",
			"from": [ 12.2422, 3.7619, 6.3125 ],
			"to": [ 12.8047, 4.433229, 9.6875 ],
			"rotation": { "origin": [ 12.52349, 4.097561, 8 ], "axis": "x", "angle": -45 },
			"faces": {
				"north": { "uv": [ 0.5, 3.5, 1, 4 ], "texture": "#pewdiepie_headphones" },
				"south": { "uv": [ 0.5, 3.5, 1, 4 ], "texture": "#pewdiepie_headphones" },
				"west": { "uv": [ 0.5, 3.5, 1, 4 ], "texture": "#pewdiepie_headphones" },
				"east": { "uv": [ 0.5, 3.5, 1, 4 ], "texture": "#pewdiepie_headphones" }
			}
		},
		{
			"__comment": "Element",
			"from": [ 12.2422, 3.7619, 6.3125 ],
			"to": [ 12.8047, 4.433229, 9.6875 ],
			"rotation": { "origin": [ 12.52349, 4.097561, 8 ], "axis": "x", "angle": -22.5 },
			"faces": {
				"north": { "uv": [ 0.5, 3.5, 1, 4 ], "texture": "#pewdiepie_headphones" },
				"south": { "uv": [ 0.5, 3.5, 1, 4 ], "texture": "#pewdiepie_headphones" },
				"west": { "uv": [ 0.5, 3.5, 1, 4 ], "texture": "#pewdiepie_headphones" },
				"east": { "uv": [ 0.5, 3.5, 1, 4 ], "texture": "#pewdiepie_headphones" }
			}
		},
		{
			"__comment": "Element",
			"from": [ 12.2422, 3.7619, 6.3125 ],
			"to": [ 12.8047, 4.433229, 9.6875 ],
			"faces": {
				"north": { "uv": [ 0.5, 3.5, 1, 4 ], "texture": "#pewdiepie_headphones" },
				"south": { "uv": [ 0.5, 3.5, 1, 4 ], "texture": "#pewdiepie_headphones" },
				"west": { "uv": [ 0.5, 3.5, 1, 4 ], "texture": "#pewdiepie_headphones" },
				"east": { "uv": [ 0.5, 3.5, 1, 4 ], "texture": "#pewdiepie_headphones" }
			}
		},
		{
			"__comment": "Element",
			"from": [ 12.2422, 3.7619, 6.3125 ],
			"to": [ 12.8047, 4.433229, 9.6875 ],
			"rotation": { "origin": [ 12.52349, 4.097561, 8 ], "axis": "x", "angle": 22.5 },
			"faces": {
				"north": { "uv": [ 0.5, 3.5, 1, 4 ], "texture": "#pewdiepie_headphones" },
				"south": { "uv": [ 0.5, 3.5, 1, 4 ], "texture": "#pewdiepie_headphones" },
				"west": { "uv": [ 0.5, 3.5, 1, 4 ], "texture": "#pewdiepie_headphones" },
				"east": { "uv": [ 0.5, 3.5, 1, 4 ], "texture": "#pewdiepie_headphones" }
			}
		},
		{
			"__comment": "Element",
			"from": [ 12.2422, 4.4073, 6.788 ],
			"to": [ 12.8047, 4.992883, 7.3505 ],
			"rotation": { "origin": [ 12.52349, 4.516555, 8.365774 ], "axis": "x", "angle": 45 },
			"faces": {
				"north": { "uv": [ 0.5, 3.5, 1, 4 ], "texture": "#pewdiepie_headphones" },
				"west": { "uv": [ 0.5, 3.5, 1, 4 ], "texture": "#pewdiepie_headphones" },
				"east": { "uv": [ 0.5, 3.5, 1, 4 ], "texture": "#pewdiepie_headphones" }
			}
		},
		{
			"__comment": "Element",
			"from": [ 12.2422, 2.4101, 7.6643 ],
			"to": [ 12.8047, 5.7851, 8.335629 ],
			"rotation": { "origin": [ 12.52349, 4.097561, 8 ], "axis": "x", "angle": -22.5 },
			"faces": {
				"down": { "uv": [ 0.5, 3.5, 1, 4 ], "texture": "#pewdiepie_headphones" },
				"up": { "uv": [ 0.5, 3.5, 1, 4 ], "texture": "#pewdiepie_headphones" },
				"west": { "uv": [ 0.5, 3.5, 1, 4 ], "texture": "#pewdiepie_headphones" },
				"east": { "uv": [ 0.5, 3.5, 1, 4 ], "texture": "#pewdiepie_headphones" }
			}
		},
		{
			"__comment": "Element",
			"from": [ 12.2422, 2.4101, 7.5546 ],
			"to": [ 12.8047, 6.62885, 8.44544 ],
			"faces": {
				"down": { "uv": [ 0.5, 3.5, 1, 4 ], "texture": "#pewdiepie_headphones" },
				"up": { "uv": [ 0.5, 3.5, 1, 4 ], "texture": "#pewdiepie_headphones" },
				"north": { "uv": [ 0.5, 3.5, 1, 4 ], "texture": "#pewdiepie_headphones" },
				"south": { "uv": [ 0.5, 3.5, 1, 4 ], "texture": "#pewdiepie_headphones" },
				"west": { "uv": [ 0.5, 3.5, 1, 4 ], "texture": "#pewdiepie_headphones" },
				"east": { "uv": [ 0.5, 3.5, 1, 4 ], "texture": "#pewdiepie_headphones" }
			}
		},
		{
			"__comment": "Element",
			"from": [ 12.2422, 2.4101, 7.6643 ],
			"to": [ 12.8047, 5.7851, 8.335629 ],
			"rotation": { "origin": [ 12.52349, 4.097561, 8 ], "axis": "x", "angle": 22.5 },
			"faces": {
				"down": { "uv": [ 0.5, 3.5, 1, 4 ], "texture": "#pewdiepie_headphones" },
				"up": { "uv": [ 0.5, 3.5, 1, 4 ], "texture": "#pewdiepie_headphones" },
				"west": { "uv": [ 0.5, 3.5, 1, 4 ], "texture": "#pewdiepie_headphones" },
				"east": { "uv": [ 0.5, 3.5, 1, 4 ], "texture": "#pewdiepie_headphones" }
			}
		},
		{
			"__comment": "Element",
			"from": [ 12.2416, 5.1899, 6.5056 ],
			"to": [ 12.8041, 5.720604, 7.0681 ],
			"rotation": { "origin": [ 12.5228, 3.275569, 8.083345 ], "axis": "x", "angle": 22.5 },
			"faces": {
				"north": { "uv": [ 0.5, 3.5, 1, 4 ], "texture": "#pewdiepie_headphones" },
				"west": { "uv": [ 0.5, 3.5, 1, 4 ], "texture": "#pewdiepie_headphones" },
				"east": { "uv": [ 0.5, 3.5, 1, 4 ], "texture": "#pewdiepie_headphones" }
			}
		},
		{
			"__comment": "Element",
			"from": [ 12.2422, 3.7619, 6.3125 ],
			"to": [ 12.8047, 4.433229, 9.6875 ],
			"rotation": { "origin": [ 12.52349, 4.097561, 8 ], "axis": "x", "angle": 45 },
			"faces": {
				"north": { "uv": [ 0.5, 3.5, 1, 4 ], "texture": "#pewdiepie_headphones" },
				"south": { "uv": [ 0.5, 3.5, 1, 4 ], "texture": "#pewdiepie_headphones" },
				"west": { "uv": [ 0.5, 3.5, 1, 4 ], "texture": "#pewdiepie_headphones" },
				"east": { "uv": [ 0.5, 3.5, 1, 4 ], "texture": "#pewdiepie_headphones" }
			}
		},
		{
			"__comment": "Element",
			"from": [ 12.2416, 5.1899, 8.9319 ],
			"to": [ 12.8041, 5.720604, 9.4944 ],
			"rotation": { "origin": [ 12.5228, 3.275569, 7.916655 ], "axis": "x", "angle": -22.5 },
			"faces": {
				"south": { "uv": [ 0.5, 3.5, 1, 4 ], "texture": "#pewdiepie_headphones" },
				"west": { "uv": [ 0.5, 3.5, 1, 4 ], "texture": "#pewdiepie_headphones" },
				"east": { "uv": [ 0.5, 3.5, 1, 4 ], "texture": "#pewdiepie_headphones" }
			}
		},
		{
			"__comment": "Element",
			"from": [ 12.2422, 4.4073, 8.6495 ],
			"to": [ 12.8047, 4.992883, 9.212 ],
			"rotation": { "origin": [ 12.52349, 4.516555, 7.634226 ], "axis": "x", "angle": -45 },
			"faces": {
				"south": { "uv": [ 0.5, 3.5, 1, 4 ], "texture": "#pewdiepie_headphones" },
				"west": { "uv": [ 0.5, 3.5, 1, 4 ], "texture": "#pewdiepie_headphones" },
				"east": { "uv": [ 0.5, 3.5, 1, 4 ], "texture": "#pewdiepie_headphones" }
			}
		},
		{
			"__comment": "Element",
			"from": [ 7.7044, 9.9451, 7.4056 ],
			"to": [ 9.545698, 10.4512, 8.594624 ],
			"rotation": { "origin": [ 8.5, 6.5, 8.000067 ], "axis": "z", "angle": -45 },
			"faces": {
				"down": { "uv": [ 0.5, 3.5, 1, 4 ], "texture": "#pewdiepie_headphones" },
				"up": { "uv": [ 0.5, 3.5, 1, 4 ], "texture": "#pewdiepie_headphones" },
				"north": { "uv": [ 0.5, 3.5, 1, 4 ], "texture": "#pewdiepie_headphones" },
				"south": { "uv": [ 0.5, 3.5, 1, 4 ], "texture": "#pewdiepie_headphones" }
			}
		},
		{
			"__comment": "Element",
			"from": [ 7.7044, 9.9451, 7.4056 ],
			"to": [ 9.295698, 10.4512, 8.594624 ],
			"rotation": { "origin": [ 8.5, 6.5, 8.000067 ], "axis": "z", "angle": -22.5 },
			"faces": {
				"down": { "uv": [ 0.5, 3.5, 1, 4 ], "texture": "#pewdiepie_headphones" },
				"up": { "uv": [ 0.5, 3.5, 1, 4 ], "texture": "#pewdiepie_headphones" },
				"north": { "uv": [ 0.5, 3.5, 1, 4 ], "texture": "#pewdiepie_headphones" },
				"south": { "uv": [ 0.5, 3.5, 1, 4 ], "texture": "#pewdiepie_headphones" }
			}
		},
		{
			"__comment": "Element",
			"from": [ 6.7044, 9.9451, 7.4056 ],
			"to": [ 9.295699, 10.4512, 8.594624 ],
			"faces": {
				"down": { "uv": [ 0.5, 3.5, 1, 4 ], "texture": "#pewdiepie_headphones" },
				"up": { "uv": [ 0.5, 3.5, 1, 4 ], "texture": "#pewdiepie_headphones" },
				"north": { "uv": [ 0.5, 3.5, 1, 4 ], "texture": "#pewdiepie_headphones" },
				"south": { "uv": [ 0.5, 3.5, 1, 4 ], "texture": "#pewdiepie_headphones" }
			}
		},
		{
			"__comment": "Element",
			"from": [ 6.7044, 9.9451, 7.4056 ],
			"to": [ 8.295699, 10.4512, 8.594624 ],
			"rotation": { "origin": [ 7.5, 6.5, 8.000067 ], "axis": "z", "angle": 22.5 },
			"faces": {
				"down": { "uv": [ 0.5, 3.5, 1, 4 ], "texture": "#pewdiepie_headphones" },
				"up": { "uv": [ 0.5, 3.5, 1, 4 ], "texture": "#pewdiepie_headphones" },
				"north": { "uv": [ 0.5, 3.5, 1, 4 ], "texture": "#pewdiepie_headphones" },
				"south": { "uv": [ 0.5, 3.5, 1, 4 ], "texture": "#pewdiepie_headphones" }
			}
		},
		{
			"__comment": "Element",
			"from": [ 6.4544, 9.9451, 7.4056 ],
			"to": [ 8.295699, 10.4512, 8.594624 ],
			"rotation": { "origin": [ 7.5, 6.5, 8.000067 ], "axis": "z", "angle": 45 },
			"faces": {
				"down": { "uv": [ 0.5, 3.5, 1, 4 ], "texture": "#pewdiepie_headphones" },
				"up": { "uv": [ 0.5, 3.5, 1, 4 ], "texture": "#pewdiepie_headphones" },
				"north": { "uv": [ 0.5, 3.5, 1, 4 ], "texture": "#pewdiepie_headphones" },
				"south": { "uv": [ 0.5, 3.5, 1, 4 ], "texture": "#pewdiepie_headphones" }
			}
		},
		{
			"__comment": "Element",
			"from": [ 3.5488, 5.5519, 7.7012 ],
			"to": [ 3.701239, 7.143199, 8.298761 ],
			"rotation": { "origin": [ 7.54878, 6.347561, 8 ], "axis": "z", "angle": -22.5 },
			"faces": {
				"north": { "uv": [ 4, 2, 4.5, 2.5 ], "texture": "#pewdiepie_headphones" },
				"south": { "uv": [ 4, 2, 4.5, 2.5 ], "texture": "#pewdiepie_headphones" },
				"west": { "uv": [ 4, 2, 4.5, 2.5 ], "texture": "#pewdiepie_headphones" },
				"east": { "uv": [ 4, 2, 4.5, 2.5 ], "texture": "#pewdiepie_headphones" }
			}
		},
		{
			"__comment": "Element",
			"from": [ 3.5488, 5.5519, 7.7012 ],
			"to": [ 3.701239, 7.143199, 8.298761 ],
			"faces": {
				"north": { "uv": [ 4, 2, 4.5, 2.5 ], "texture": "#pewdiepie_headphones" },
				"south": { "uv": [ 4, 2, 4.5, 2.5 ], "texture": "#pewdiepie_headphones" },
				"west": { "uv": [ 4, 2, 4.5, 2.5 ], "texture": "#pewdiepie_headphones" },
				"east": { "uv": [ 4, 2, 4.5, 2.5 ], "texture": "#pewdiepie_headphones" }
			}
		},
		{
			"__comment": "Element",
			"from": [ 12.2988, 5.5031, 7.7012 ],
			"to": [ 12.45124, 7.094399, 8.298761 ],
			"faces": {
				"north": { "uv": [ 4, 2, 4.5, 2.5 ], "texture": "#pewdiepie_headphones" },
				"south": { "uv": [ 4, 2, 4.5, 2.5 ], "texture": "#pewdiepie_headphones" },
				"west": { "uv": [ 4, 2, 4.5, 2.5 ], "texture": "#pewdiepie_headphones" },
				"east": { "uv": [ 4, 2, 4.5, 2.5 ], "texture": "#pewdiepie_headphones" }
			}
		},
		{
			"__comment": "Element",
			"from": [ 12.2988, 5.5031, 7.7012 ],
			"to": [ 12.45124, 7.094399, 8.298761 ],
			"rotation": { "origin": [ 8.45122, 6.29878, 8 ], "axis": "z", "angle": 22.5 },
			"faces": {
				"north": { "uv": [ 4, 2, 4.5, 2.5 ], "texture": "#pewdiepie_headphones" },
				"south": { "uv": [ 4, 2, 4.5, 2.5 ], "texture": "#pewdiepie_headphones" },
				"west": { "uv": [ 4, 2, 4.5, 2.5 ], "texture": "#pewdiepie_headphones" },
				"east": { "uv": [ 4, 2, 4.5, 2.5 ], "texture": "#pewdiepie_headphones" }
			}
		},
		{
			"__comment": "Element",
			"from": [ 3.353, 6.1271, 7.4054 ],
			"to": [ 3.810317, 7.023277, 8.594424 ],
			"rotation": { "origin": [ 7.554232, 6.227647, 7.999866 ], "axis": "z", "angle": -22.5 },
			"faces": {
				"down": { "uv": [ 0.5, 3.5, 1, 4 ], "texture": "#pewdiepie_headphones" },
				"north": { "uv": [ 0.5, 4, 1, 4.5 ], "texture": "#pewdiepie_headphones" },
				"south": { "uv": [ 0.5, 4, 1, 4.5 ], "texture": "#pewdiepie_headphones" },
				"west": { "uv": [ 0.5, 4, 1, 4.5 ], "texture": "#pewdiepie_headphones" },
				"east": { "uv": [ 0.5, 3.5, 1, 4 ], "texture": "#pewdiepie_headphones" }
			}
		},
		{
			"__comment": "Element",
			"from": [ 12.141, 6.1269, 7.4056 ],
			"to": [ 12.6471, 7.023077, 8.594625 ],
			"rotation": { "origin": [ 8.445847, 6.227458, 8.00015 ], "axis": "z", "angle": 22.5 },
			"faces": {
				"down": { "uv": [ 0.5, 3.5, 1, 4 ], "texture": "#pewdiepie_headphones" },
				"north": { "uv": [ 0.5, 3.5, 1, 4 ], "texture": "#pewdiepie_headphones" },
				"south": { "uv": [ 0.5, 3.5, 1, 4 ], "texture": "#pewdiepie_headphones" },
				"west": { "uv": [ 0.5, 3.5, 1, 4 ], "texture": "#pewdiepie_headphones" },
				"east": { "uv": [ 0.5, 3.5, 1, 4 ], "texture": "#pewdiepie_headphones" }
			}
		},
		{
			"__comment": "Element",
			"from": [ 3.866, 3.9968, 4.8196 ],
			"to": [ 4.088561, 4.242186, 7.3196 ],
			"faces": {
				"down": { "uv": [ 5, 6, 5.5, 6.5 ], "texture": "#pewdiepie_headphones", "rotation": 90 },
				"up": { "uv": [ 5, 6, 5.5, 6.5 ], "texture": "#pewdiepie_headphones", "rotation": 90 },
				"west": { "uv": [ 5, 6, 5.5, 6.5 ], "texture": "#pewdiepie_headphones", "rotation": 90 },
				"east": { "uv": [ 5, 6, 5.5, 6.5 ], "texture": "#pewdiepie_headphones", "rotation": 90 }
			}
		},
		{
			"__comment": "Element",
			"from": [ 2.7181, 4.0001, 3.5862 ],
			"to": [ 2.940661, 4.245486, 4.5862 ],
			"rotation": { "origin": [ 2.699634, 4.656336, 7.586218 ], "axis": "y", "angle": -22.5 },
			"faces": {
				"down": { "uv": [ 5, 6, 5.5, 6.5 ], "texture": "#pewdiepie_headphones", "rotation": 90 },
				"up": { "uv": [ 5, 6, 5.5, 6.5 ], "texture": "#pewdiepie_headphones", "rotation": 90 },
				"west": { "uv": [ 5, 6, 5.5, 6.5 ], "texture": "#pewdiepie_headphones", "rotation": 90 },
				"east": { "uv": [ 5, 6, 5.5, 6.5 ], "texture": "#pewdiepie_headphones", "rotation": 90 }
			}
		},
		{
			"__comment": "Element",
			"from": [ 2.1287, 4.0039, 2.0071 ],
			"to": [ 2.351261, 4.249286, 3.0071 ],
			"rotation": { "origin": [ 2.110288, 4.660121, 6.007068 ], "axis": "y", "angle": -45 },
			"faces": {
				"down": { "uv": [ 5, 6, 5.5, 6.5 ], "texture": "#pewdiepie_headphones", "rotation": 90 },
				"up": { "uv": [ 5, 6, 5.5, 6.5 ], "texture": "#pewdiepie_headphones", "rotation": 90 },
				"west": { "uv": [ 5, 6, 5.5, 6.5 ], "texture": "#pewdiepie_headphones", "rotation": 90 },
				"east": { "uv": [ 5, 6, 5.5, 6.5 ], "texture": "#pewdiepie_headphones", "rotation": 90 }
			}
		},
		{
			"__comment": "Element",
			"from": [ 2.0312, 3.9063, 1.7571 ],
			"to": [ 2.448883, 4.346807, 2.5071 ],
			"rotation": { "origin": [ 2.110288, 4.660121, 6.007068 ], "axis": "y", "angle": -45 },
			"faces": {
				"down": { "uv": [ 0.5, 3.5, 1, 4 ], "texture": "#pewdiepie_headphones" },
				"up": { "uv": [ 0.5, 3.5, 1, 4 ], "texture": "#pewdiepie_headphones" },
				"north": { "uv": [ 0.5, 3.5, 1, 4 ], "texture": "#pewdiepie_headphones" },
				"south": { "uv": [ 0.5, 3.5, 1, 4 ], "texture": "#pewdiepie_headphones" },
				"west": { "uv": [ 0.5, 3.5, 1, 4 ], "texture": "#pewdiepie_headphones" },
				"east": { "uv": [ 0.5, 3.5, 1, 4 ], "texture": "#pewdiepie_headphones" }
			}
		},
		{
			"__comment": "Element",
			"from": [ 3.0905, 3.8458, 6.7344 ],
			"to": [ 4.290527, 4.349297, 9.26565 ],
			"rotation": { "origin": [ 3.881555, 4.097561, 8 ], "axis": "x", "angle": 22.5 },
			"faces": {
				"north": { "uv": [ 15, 0.1999998, 0, 1.8 ], "texture": "#pewdiepie_headphones" },
				"south": { "uv": [ 15, 0.1999998, 0, 1.8 ], "texture": "#pewdiepie_headphones", "rotation": 180 },
				"west": { "uv": [ 1, 0.1999998, 0, 15.8 ], "texture": "#pewdiepie_headphones", "rotation": 90 },
				"east": { "uv": [ 15.5, 3, 14.5, 4 ], "texture": "#pewdiepie_headphones" }
			}
		},
		{
			"__comment": "Element",
			"from": [ 3.0875, 2.8319, 7.7483 ],
			"to": [ 4.287529, 5.36315, 8.251797 ],
			"faces": {
				"down": { "uv": [ 15, 0, 0, 1 ], "texture": "#pewdiepie_headphones", "rotation": 180 },
				"up": { "uv": [ 14.5, 0, 0, 1 ], "texture": "#pewdiepie_headphones", "rotation": 180 },
				"north": { "uv": [ 15, 0, 0, 16 ], "texture": "#pewdiepie_headphones" },
				"south": { "uv": [ 15, 0, 0, 16 ], "texture": "#pewdiepie_headphones", "rotation": 180 },
				"west": { "uv": [ 1, 0, 0, 16 ], "texture": "#pewdiepie_headphones" },
				"east": { "uv": [ 15.5, 3, 14.5, 4 ], "texture": "#pewdiepie_headphones" }
			}
		},
		{
			"__comment": "Element",
			"from": [ 3.0875, 2.8319, 7.7483 ],
			"to": [ 4.287529, 5.36315, 8.251797 ],
			"rotation": { "origin": [ 3.878468, 4.097561, 8 ], "axis": "x", "angle": 45 },
			"faces": {
				"down": { "uv": [ 15, 0, 0, 1 ], "texture": "#pewdiepie_headphones", "rotation": 180 },
				"up": { "uv": [ 15, 0, 0, 1 ], "texture": "#pewdiepie_headphones", "rotation": 180 },
				"north": { "uv": [ 15, 0, 0, 16 ], "texture": "#pewdiepie_headphones" },
				"south": { "uv": [ 15, 0, 0, 16 ], "texture": "#pewdiepie_headphones", "rotation": 180 },
				"west": { "uv": [ 1, 0, 0, 16 ], "texture": "#pewdiepie_headphones" },
				"east": { "uv": [ 15.5, 3, 14.5, 4 ], "texture": "#pewdiepie_headphones" }
			}
		},
		{
			"__comment": "Element",
			"from": [ 3.0875, 3.8458, 6.7344 ],
			"to": [ 4.287529, 4.349297, 9.26565 ],
			"faces": {
				"down": { "uv": [ 15, 0, 0, 16 ], "texture": "#pewdiepie_headphones", "rotation": 180 },
				"up": { "uv": [ 15, 0, 0, 16 ], "texture": "#pewdiepie_headphones", "rotation": 180 },
				"north": { "uv": [ 15, 0, 0, 1 ], "texture": "#pewdiepie_headphones" },
				"south": { "uv": [ 15, 0, 0, 1 ], "texture": "#pewdiepie_headphones", "rotation": 180 },
				"west": { "uv": [ 1, 0, 0, 16 ], "texture": "#pewdiepie_headphones", "rotation": 270 },
				"east": { "uv": [ 15.5, 3, 14.5, 4 ], "texture": "#pewdiepie_headphones" }
			}
		},
		{
			"__comment": "Element",
			"from": [ 3.0875, 3.8458, 6.7344 ],
			"to": [ 4.287529, 4.349297, 9.26565 ],
			"rotation": { "origin": [ 3.878468, 4.097561, 8 ], "axis": "x", "angle": 45 },
			"faces": {
				"down": { "uv": [ 15, 0, 0, 16 ], "texture": "#pewdiepie_headphones", "rotation": 180 },
				"up": { "uv": [ 15, 0, 0, 16 ], "texture": "#pewdiepie_headphones", "rotation": 180 },
				"north": { "uv": [ 15, 0, 0, 1 ], "texture": "#pewdiepie_headphones" },
				"south": { "uv": [ 15, 0, 0, 1 ], "texture": "#pewdiepie_headphones", "rotation": 180 },
				"west": { "uv": [ 1, 0, 0, 16 ], "texture": "#pewdiepie_headphones", "rotation": 270 },
				"east": { "uv": [ 15.5, 3, 14.5, 4 ], "texture": "#pewdiepie_headphones" }
			}
		},
		{
			"__comment": "Element",
			"from": [ 3.0905, 3.8458, 6.7344 ],
			"to": [ 4.290527, 4.349297, 9.26565 ],
			"rotation": { "origin": [ 3.881555, 4.097561, 8 ], "axis": "x", "angle": -22.5 },
			"faces": {
				"north": { "uv": [ 15, 0.1999998, 0, 1.8 ], "texture": "#pewdiepie_headphones" },
				"south": { "uv": [ 15, 0.1999998, 0, 1.8 ], "texture": "#pewdiepie_headphones", "rotation": 180 },
				"west": { "uv": [ 1, 0.1999998, 0, 15.8 ], "texture": "#pewdiepie_headphones", "rotation": 90 },
				"east": { "uv": [ 15.5, 3, 14.5, 4 ], "texture": "#pewdiepie_headphones" }
			}
		},
		{
			"__comment": "Element",
			"from": [ 3.0905, 2.8319, 7.7483 ],
			"to": [ 4.290527, 5.36315, 8.251797 ],
			"rotation": { "origin": [ 3.881555, 4.097561, 8 ], "axis": "x", "angle": 22.5 },
			"faces": {
				"down": { "uv": [ 15, 0.1999998, 0, 1.8 ], "texture": "#pewdiepie_headphones", "rotation": 180 },
				"up": { "uv": [ 15, 0.1999998, 0, 1.8 ], "texture": "#pewdiepie_headphones", "rotation": 180 },
				"west": { "uv": [ 1, 0.1999998, 0, 15.8 ], "texture": "#pewdiepie_headphones", "rotation": 180 },
				"east": { "uv": [ 15.5, 3, 14.5, 4 ], "texture": "#pewdiepie_headphones" }
			}
		},
		{
			"__comment": "Element",
			"from": [ 3.0905, 2.8319, 7.7483 ],
			"to": [ 4.290527, 5.36315, 8.251797 ],
			"rotation": { "origin": [ 3.881555, 4.097561, 8 ], "axis": "x", "angle": -22.5 },
			"faces": {
				"down": { "uv": [ 15, 0.1999998, 0, 1.8 ], "texture": "#pewdiepie_headphones", "rotation": 180 },
				"up": { "uv": [ 15, 0.1999998, 0, 0.8000002 ], "texture": "#pewdiepie_headphones", "rotation": 180 },
				"west": { "uv": [ 1, 0.1999998, 0, 15.8 ], "texture": "#pewdiepie_headphones", "rotation": 180 },
				"east": { "uv": [ 15.5, 3, 14.5, 4 ], "texture": "#pewdiepie_headphones" }
			}
		},
		{
			"__comment": "Element",
			"from": [ 4.0542, 3.7199, 6.1016 ],
			"to": [ 4.879942, 4.475145, 6.734412 ],
			"rotation": { "origin": [ 4.687062, 4.097561, 8 ], "axis": "x", "angle": -45 },
			"faces": {
				"north": { "uv": [ 3, 0.5, 2.5, 1 ], "texture": "#pewdiepie_headphones", "rotation": 90 },
				"south": { "uv": [ 3, 0.5, 2.5, 1 ], "texture": "#pewdiepie_headphones", "rotation": 90 },
				"west": { "uv": [ 3, 0.5, 2.5, 1 ], "texture": "#pewdiepie_headphones", "rotation": 90 },
				"east": { "uv": [ 3, 0.5, 2.5, 1 ], "texture": "#pewdiepie_headphones", "rotation": 90 }
			}
		},
		{
			"__comment": "Element",
			"from": [ 4.0542, 3.7199, 6.1016 ],
			"to": [ 4.879942, 4.475145, 6.734412 ],
			"rotation": { "origin": [ 4.687062, 4.097561, 8 ], "axis": "x", "angle": -22.5 },
			"faces": {
				"north": { "uv": [ 3, 0.5, 2.5, 1 ], "texture": "#pewdiepie_headphones", "rotation": 90 },
				"south": { "uv": [ 3, 0.5, 2.5, 1 ], "texture": "#pewdiepie_headphones", "rotation": 90 },
				"west": { "uv": [ 3, 0.5, 2.5, 1 ], "texture": "#pewdiepie_headphones", "rotation": 90 },
				"east": { "uv": [ 3, 0.5, 2.5, 1 ], "texture": "#pewdiepie_headphones", "rotation": 90 }
			}
		},
		{
			"__comment": "Element",
			"from": [ 4.0542, 3.7199, 6.1016 ],
			"to": [ 4.879942, 4.475145, 6.734412 ],
			"faces": {
				"north": { "uv": [ 3, 0.5, 2.5, 1 ], "texture": "#pewdiepie_headphones", "rotation": 90 },
				"south": { "uv": [ 3, 0.5, 2.5, 1 ], "texture": "#pewdiepie_headphones", "rotation": 90 },
				"west": { "uv": [ 3, 0.5, 2.5, 1 ], "texture": "#pewdiepie_headphones", "rotation": 90 },
				"east": { "uv": [ 3, 0.5, 2.5, 1 ], "texture": "#pewdiepie_headphones", "rotation": 90 }
			}
		},
		{
			"__comment": "Element",
			"from": [ 4.0542, 3.7199, 6.1016 ],
			"to": [ 4.879942, 4.475145, 6.734412 ],
			"rotation": { "origin": [ 4.687062, 4.097561, 8 ], "axis": "x", "angle": 22.5 },
			"faces": {
				"north": { "uv": [ 3, 0.5, 2.5, 1 ], "texture": "#pewdiepie_headphones", "rotation": 90 },
				"south": { "uv": [ 3, 0.5, 2.5, 1 ], "texture": "#pewdiepie_headphones", "rotation": 90 },
				"west": { "uv": [ 3, 0.5, 2.5, 1 ], "texture": "#pewdiepie_headphones", "rotation": 90 },
				"east": { "uv": [ 3, 0.5, 2.5, 1 ], "texture": "#pewdiepie_headphones", "rotation": 90 }
			}
		},
		{
			"__comment": "Element",
			"from": [ 4.0542, 3.7199, 6.1016 ],
			"to": [ 4.879942, 4.475145, 6.734412 ],
			"rotation": { "origin": [ 4.687062, 4.097561, 8 ], "axis": "x", "angle": 45 },
			"faces": {
				"north": { "uv": [ 3, 0.5, 2.5, 1 ], "texture": "#pewdiepie_headphones", "rotation": 90 },
				"south": { "uv": [ 3, 0.5, 2.5, 1 ], "texture": "#pewdiepie_headphones", "rotation": 90 },
				"west": { "uv": [ 3, 0.5, 2.5, 1 ], "texture": "#pewdiepie_headphones", "rotation": 90 },
				"east": { "uv": [ 3, 0.5, 2.5, 1 ], "texture": "#pewdiepie_headphones", "rotation": 90 }
			}
		},
		{
			"__comment": "Element",
			"from": [ 4.0542, 3.7199, 9.2656 ],
			"to": [ 4.879942, 4.475145, 9.898413 ],
			"rotation": { "origin": [ 4.687062, 4.097561, 8 ], "axis": "x", "angle": -45 },
			"faces": {
				"north": { "uv": [ 3, 0.5, 2.5, 1 ], "texture": "#pewdiepie_headphones", "rotation": 90 },
				"south": { "uv": [ 3, 0.5, 2.5, 1 ], "texture": "#pewdiepie_headphones", "rotation": 90 },
				"west": { "uv": [ 3, 0.5, 2.5, 1 ], "texture": "#pewdiepie_headphones", "rotation": 90 },
				"east": { "uv": [ 3, 0.5, 2.5, 1 ], "texture": "#pewdiepie_headphones", "rotation": 90 }
			}
		},
		{
			"__comment": "Element",
			"from": [ 4.0542, 3.7199, 9.2656 ],
			"to": [ 4.879942, 4.475145, 9.898413 ],
			"rotation": { "origin": [ 4.687062, 4.097561, 8 ], "axis": "x", "angle": -22.5 },
			"faces": {
				"north": { "uv": [ 3, 0.5, 2.5, 1 ], "texture": "#pewdiepie_headphones", "rotation": 90 },
				"south": { "uv": [ 3, 0.5, 2.5, 1 ], "texture": "#pewdiepie_headphones", "rotation": 90 },
				"west": { "uv": [ 3, 0.5, 2.5, 1 ], "texture": "#pewdiepie_headphones", "rotation": 90 },
				"east": { "uv": [ 3, 0.5, 2.5, 1 ], "texture": "#pewdiepie_headphones", "rotation": 90 }
			}
		},
		{
			"__comment": "Element",
			"from": [ 4.0542, 3.7199, 9.2656 ],
			"to": [ 4.879942, 4.475145, 9.898413 ],
			"faces": {
				"north": { "uv": [ 3, 0.5, 2.5, 1 ], "texture": "#pewdiepie_headphones", "rotation": 90 },
				"south": { "uv": [ 3, 0.5, 2.5, 1 ], "texture": "#pewdiepie_headphones", "rotation": 90 },
				"west": { "uv": [ 3, 0.5, 2.5, 1 ], "texture": "#pewdiepie_headphones", "rotation": 90 },
				"east": { "uv": [ 3, 0.5, 2.5, 1 ], "texture": "#pewdiepie_headphones", "rotation": 90 }
			}
		},
		{
			"__comment": "Element",
			"from": [ 4.0542, 3.7199, 9.2656 ],
			"to": [ 4.879942, 4.475145, 9.898413 ],
			"rotation": { "origin": [ 4.687062, 4.097561, 8 ], "axis": "x", "angle": 22.5 },
			"faces": {
				"north": { "uv": [ 3, 0.5, 2.5, 1 ], "texture": "#pewdiepie_headphones", "rotation": 90 },
				"south": { "uv": [ 3, 0.5, 2.5, 1 ], "texture": "#pewdiepie_headphones", "rotation": 90 },
				"west": { "uv": [ 3, 0.5, 2.5, 1 ], "texture": "#pewdiepie_headphones", "rotation": 90 },
				"east": { "uv": [ 3, 0.5, 2.5, 1 ], "texture": "#pewdiepie_headphones", "rotation": 90 }
			}
		},
		{
			"__comment": "Element",
			"from": [ 4.0542, 3.7199, 9.2656 ],
			"to": [ 4.879942, 4.475145, 9.898413 ],
			"rotation": { "origin": [ 4.687062, 4.097561, 8 ], "axis": "x", "angle": 45 },
			"faces": {
				"north": { "uv": [ 3, 0.5, 2.5, 1 ], "texture": "#pewdiepie_headphones", "rotation": 90 },
				"south": { "uv": [ 3, 0.5, 2.5, 1 ], "texture": "#pewdiepie_headphones", "rotation": 90 },
				"west": { "uv": [ 3, 0.5, 2.5, 1 ], "texture": "#pewdiepie_headphones", "rotation": 90 },
				"east": { "uv": [ 3, 0.5, 2.5, 1 ], "texture": "#pewdiepie_headphones", "rotation": 90 }
			}
		},
		{
			"__comment": "Element",
			"from": [ 4.0542, 2.1991, 7.6224 ],
			"to": [ 4.879942, 2.831913, 8.377645 ],
			"rotation": { "origin": [ 4.687062, 4.097561, 8 ], "axis": "x", "angle": -22.5 },
			"faces": {
				"down": { "uv": [ 3, 0.5, 2.5, 1 ], "texture": "#pewdiepie_headphones", "rotation": 90 },
				"up": { "uv": [ 3, 0.5, 2.5, 1 ], "texture": "#pewdiepie_headphones", "rotation": 90 },
				"west": { "uv": [ 3, 0.5, 2.5, 1 ], "texture": "#pewdiepie_headphones", "rotation": 90 },
				"east": { "uv": [ 3, 0.5, 2.5, 1 ], "texture": "#pewdiepie_headphones", "rotation": 90 }
			}
		},
		{
			"__comment": "Element",
			"from": [ 4.0542, 2.1991, 7.6224 ],
			"to": [ 4.879942, 2.831913, 8.377645 ],
			"faces": {
				"down": { "uv": [ 3, 0.5, 2.5, 1 ], "texture": "#pewdiepie_headphones", "rotation": 90 },
				"up": { "uv": [ 3, 0.5, 2.5, 1 ], "texture": "#pewdiepie_headphones", "rotation": 90 },
				"west": { "uv": [ 3, 0.5, 2.5, 1 ], "texture": "#pewdiepie_headphones", "rotation": 90 },
				"east": { "uv": [ 3, 0.5, 2.5, 1 ], "texture": "#pewdiepie_headphones", "rotation": 90 }
			}
		},
		{
			"__comment": "Element",
			"from": [ 4.0542, 2.1991, 7.6224 ],
			"to": [ 4.879942, 2.831913, 8.377645 ],
			"rotation": { "origin": [ 4.687062, 4.097561, 8 ], "axis": "x", "angle": 22.5 },
			"faces": {
				"down": { "uv": [ 3, 0.5, 2.5, 1 ], "texture": "#pewdiepie_headphones", "rotation": 90 },
				"up": { "uv": [ 3, 0.5, 2.5, 1 ], "texture": "#pewdiepie_headphones", "rotation": 90 },
				"west": { "uv": [ 3, 0.5, 2.5, 1 ], "texture": "#pewdiepie_headphones", "rotation": 90 },
				"east": { "uv": [ 3, 0.5, 2.5, 1 ], "texture": "#pewdiepie_headphones", "rotation": 90 }
			}
		},
		{
			"__comment": "Element",
			"from": [ 4.0542, 5.3632, 7.6224 ],
			"to": [ 4.879942, 5.996012, 8.377645 ],
			"rotation": { "origin": [ 4.687062, 4.097561, 8 ], "axis": "x", "angle": -22.5 },
			"faces": {
				"down": { "uv": [ 3, 0.5, 2.5, 1 ], "texture": "#pewdiepie_headphones", "rotation": 90 },
				"up": { "uv": [ 3, 0.5, 2.5, 1 ], "texture": "#pewdiepie_headphones", "rotation": 90 },
				"west": { "uv": [ 3, 0.5, 2.5, 1 ], "texture": "#pewdiepie_headphones", "rotation": 90 },
				"east": { "uv": [ 3, 0.5, 2.5, 1 ], "texture": "#pewdiepie_headphones", "rotation": 90 }
			}
		},
		{
			"__comment": "Element",
			"from": [ 4.0542, 5.3632, 7.6224 ],
			"to": [ 4.879942, 5.996012, 8.377645 ],
			"faces": {
				"down": { "uv": [ 3, 0.5, 2.5, 1 ], "texture": "#pewdiepie_headphones", "rotation": 90 },
				"up": { "uv": [ 3, 0.5, 2.5, 1 ], "texture": "#pewdiepie_headphones", "rotation": 90 },
				"west": { "uv": [ 3, 0.5, 2.5, 1 ], "texture": "#pewdiepie_headphones", "rotation": 90 },
				"east": { "uv": [ 3, 0.5, 2.5, 1 ], "texture": "#pewdiepie_headphones", "rotation": 90 }
			}
		},
		{
			"__comment": "Element",
			"from": [ 4.0542, 5.3632, 7.6224 ],
			"to": [ 4.879942, 5.996012, 8.377645 ],
			"rotation": { "origin": [ 4.687062, 4.097561, 8 ], "axis": "x", "angle": 22.5 },
			"faces": {
				"down": { "uv": [ 3, 0.5, 2.5, 1 ], "texture": "#pewdiepie_headphones", "rotation": 90 },
				"up": { "uv": [ 3, 0.5, 2.5, 1 ], "texture": "#pewdiepie_headphones", "rotation": 90 },
				"west": { "uv": [ 3, 0.5, 2.5, 1 ], "texture": "#pewdiepie_headphones", "rotation": 90 },
				"east": { "uv": [ 3, 0.5, 2.5, 1 ], "texture": "#pewdiepie_headphones", "rotation": 90 }
			}
		},
		{
			"__comment": "Element",
			"from": [ 3.2808, 3.7619, 6.3125 ],
			"to": [ 3.8433, 4.433229, 9.6875 ],
			"rotation": { "origin": [ 3.562062, 4.097561, 8 ], "axis": "x", "angle": -45 },
			"faces": {
				"north": { "uv": [ 0.5, 3.5, 1, 4 ], "texture": "#pewdiepie_headphones" },
				"south": { "uv": [ 0.5, 3.5, 1, 4 ], "texture": "#pewdiepie_headphones" },
				"west": { "uv": [ 0.5, 3.5, 1, 4 ], "texture": "#pewdiepie_headphones" },
				"east": { "uv": [ 0.5, 3.5, 1, 4 ], "texture": "#pewdiepie_headphones" }
			}
		},
		{
			"__comment": "Element",
			"from": [ 3.2808, 3.7619, 6.3125 ],
			"to": [ 3.8433, 4.433229, 9.6875 ],
			"rotation": { "origin": [ 3.562062, 4.097561, 8 ], "axis": "x", "angle": -22.5 },
			"faces": {
				"north": { "uv": [ 0.5, 3.5, 1, 4 ], "texture": "#pewdiepie_headphones" },
				"south": { "uv": [ 0.5, 3.5, 1, 4 ], "texture": "#pewdiepie_headphones" },
				"west": { "uv": [ 0.5, 3.5, 1, 4 ], "texture": "#pewdiepie_headphones" },
				"east": { "uv": [ 0.5, 3.5, 1, 4 ], "texture": "#pewdiepie_headphones" }
			}
		},
		{
			"__comment": "Element",
			"from": [ 3.2808, 3.7619, 6.3125 ],
			"to": [ 3.8433, 4.433229, 9.6875 ],
			"faces": {
				"north": { "uv": [ 0.5, 3.5, 1, 4 ], "texture": "#pewdiepie_headphones" },
				"south": { "uv": [ 0.5, 3.5, 1, 4 ], "texture": "#pewdiepie_headphones" },
				"west": { "uv": [ 0.5, 3.5, 1, 4 ], "texture": "#pewdiepie_headphones" },
				"east": { "uv": [ 0.5, 3.5, 1, 4 ], "texture": "#pewdiepie_headphones" }
			}
		},
		{
			"__comment": "Element",
			"from": [ 3.2808, 3.7619, 6.3125 ],
			"to": [ 3.8433, 4.433229, 9.6875 ],
			"rotation": { "origin": [ 3.562062, 4.097561, 8 ], "axis": "x", "angle": 22.5 },
			"faces": {
				"north": { "uv": [ 0.5, 3.5, 1, 4 ], "texture": "#pewdiepie_headphones" },
				"south": { "uv": [ 0.5, 3.5, 1, 4 ], "texture": "#pewdiepie_headphones" },
				"west": { "uv": [ 0.5, 3.5, 1, 4 ], "texture": "#pewdiepie_headphones" },
				"east": { "uv": [ 0.5, 3.5, 1, 4 ], "texture": "#pewdiepie_headphones" }
			}
		},
		{
			"__comment": "Element",
			"from": [ 3.2808, 4.4073, 6.788 ],
			"to": [ 3.8433, 4.992883, 7.3505 ],
			"rotation": { "origin": [ 3.562062, 4.516555, 8.365774 ], "axis": "x", "angle": 45 },
			"faces": {
				"north": { "uv": [ 0.5, 3.5, 1, 4 ], "texture": "#pewdiepie_headphones" },
				"west": { "uv": [ 0.5, 3.5, 1, 4 ], "texture": "#pewdiepie_headphones" },
				"east": { "uv": [ 0.5, 3.5, 1, 4 ], "texture": "#pewdiepie_headphones" }
			}
		},
		{
			"__comment": "Element",
			"from": [ 3.2808, 2.4101, 7.6643 ],
			"to": [ 3.8433, 5.7851, 8.335629 ],
			"rotation": { "origin": [ 3.562062, 4.097561, 8 ], "axis": "x", "angle": -22.5 },
			"faces": {
				"down": { "uv": [ 0.5, 3.5, 1, 4 ], "texture": "#pewdiepie_headphones" },
				"up": { "uv": [ 0.5, 3.5, 1, 4 ], "texture": "#pewdiepie_headphones" },
				"west": { "uv": [ 0.5, 3.5, 1, 4 ], "texture": "#pewdiepie_headphones" },
				"east": { "uv": [ 0.5, 3.5, 1, 4 ], "texture": "#pewdiepie_headphones" }
			}
		},
		{
			"__comment": "Element",
			"from": [ 3.2808, 2.4101, 7.5546 ],
			"to": [ 3.8433, 6.62885, 8.44544 ],
			"faces": {
				"down": { "uv": [ 0.5, 3.5, 1, 4 ], "texture": "#pewdiepie_headphones" },
				"up": { "uv": [ 0.5, 3.5, 1, 4 ], "texture": "#pewdiepie_headphones" },
				"north": { "uv": [ 0.5, 3.5, 1, 4 ], "texture": "#pewdiepie_headphones" },
				"south": { "uv": [ 0.5, 3.5, 1, 4 ], "texture": "#pewdiepie_headphones" },
				"west": { "uv": [ 0.5, 3.5, 1, 4 ], "texture": "#pewdiepie_headphones" },
				"east": { "uv": [ 0.5, 3.5, 1, 4 ], "texture": "#pewdiepie_headphones" }
			}
		},
		{
			"__comment": "Element",
			"from": [ 3.2808, 2.4101, 7.6643 ],
			"to": [ 3.8433, 5.7851, 8.335629 ],
			"rotation": { "origin": [ 3.562062, 4.097561, 8 ], "axis": "x", "angle": 22.5 },
			"faces": {
				"down": { "uv": [ 0.5, 3.5, 1, 4 ], "texture": "#pewdiepie_headphones" },
				"up": { "uv": [ 0.5, 3.5, 1, 4 ], "texture": "#pewdiepie_headphones" },
				"west": { "uv": [ 0.5, 3.5, 1, 4 ], "texture": "#pewdiepie_headphones" },
				"east": { "uv": [ 0.5, 3.5, 1, 4 ], "texture": "#pewdiepie_headphones" }
			}
		},
		{
			"__comment": "Element",
			"from": [ 3.2815, 5.1899, 6.5056 ],
			"to": [ 3.844, 5.720604, 7.0681 ],
			"rotation": { "origin": [ 3.562756, 3.275569, 8.083345 ], "axis": "x", "angle": 22.5 },
			"faces": {
				"north": { "uv": [ 0.5, 3.5, 1, 4 ], "texture": "#pewdiepie_headphones" },
				"west": { "uv": [ 0.5, 3.5, 1, 4 ], "texture": "#pewdiepie_headphones" },
				"east": { "uv": [ 0.5, 3.5, 1, 4 ], "texture": "#pewdiepie_headphones" }
			}
		},
		{
			"__comment": "Element",
			"from": [ 3.2808, 3.7619, 6.3125 ],
			"to": [ 3.8433, 4.433229, 9.6875 ],
			"rotation": { "origin": [ 3.562062, 4.097561, 8 ], "axis": "x", "angle": 45 },
			"faces": {
				"north": { "uv": [ 0.5, 3.5, 1, 4 ], "texture": "#pewdiepie_headphones" },
				"south": { "uv": [ 0.5, 3.5, 1, 4 ], "texture": "#pewdiepie_headphones" },
				"west": { "uv": [ 0.5, 3.5, 1, 4 ], "texture": "#pewdiepie_headphones" },
				"east": { "uv": [ 0.5, 3.5, 1, 4 ], "texture": "#pewdiepie_headphones" }
			}
		},
		{
			"__comment": "Element",
			"from": [ 3.2815, 5.1899, 8.9319 ],
			"to": [ 3.844, 5.720604, 9.4944 ],
			"rotation": { "origin": [ 3.562756, 3.275569, 7.916655 ], "axis": "x", "angle": -22.5 },
			"faces": {
				"south": { "uv": [ 0.5, 3.5, 1, 4 ], "texture": "#pewdiepie_headphones" },
				"west": { "uv": [ 0.5, 3.5, 1, 4 ], "texture": "#pewdiepie_headphones" },
				"east": { "uv": [ 0.5, 3.5, 1, 4 ], "texture": "#pewdiepie_headphones" }
			}
		},
		{
			"__comment": "Element",
			"from": [ 3.2808, 4.4073, 8.6495 ],
			"to": [ 3.8433, 4.992883, 9.212 ],
			"rotation": { "origin": [ 3.562062, 4.516555, 7.634226 ], "axis": "x", "angle": -45 },
			"faces": {
				"south": { "uv": [ 0.5, 3.5, 1, 4 ], "texture": "#pewdiepie_headphones" },
				"west": { "uv": [ 0.5, 3.5, 1, 4 ], "texture": "#pewdiepie_headphones" },
				"east": { "uv": [ 0.5, 3.5, 1, 4 ], "texture": "#pewdiepie_headphones" }
			}
		},
		{
			"__comment": "Box88",
			"from": [ 6.5, 9.75, 7.5 ],
			"to": [ 9.5, 10.25, 8.5 ],
			"faces": {
				"down": { "uv": [ 0.5, 14.5, 1, 15 ], "texture": "#pewdiepie_headphones" },
				"up": { "uv": [ 0.5, 14.5, 1, 15 ], "texture": "#pewdiepie_headphones" },
				"north": { "uv": [ 0.5, 14.5, 1, 15 ], "texture": "#pewdiepie_headphones" },
				"south": { "uv": [ 0.5, 14.5, 1, 15 ], "texture": "#pewdiepie_headphones" },
				"west": { "uv": [ 0.5, 14.5, 1, 15 ], "texture": "#pewdiepie_headphones" },
				"east": { "uv": [ 0.5, 14.5, 1, 15 ], "texture": "#pewdiepie_headphones" }
			}
		},
		{
			"__comment": "Box88",
			"from": [ 9.25, 9.75, 7.5 ],
			"to": [ 10.5, 10.25, 8.5 ],
			"rotation": { "origin": [ 9.25, 9.75, 7.5 ], "axis": "z", "angle": -22.5 },
			"faces": {
				"down": { "uv": [ 0.5, 14.5, 1, 15 ], "texture": "#pewdiepie_headphones" },
				"up": { "uv": [ 0.5, 14.5, 1, 15 ], "texture": "#pewdiepie_headphones" },
				"north": { "uv": [ 0.5, 14.5, 1, 15 ], "texture": "#pewdiepie_headphones" },
				"south": { "uv": [ 0.5, 14.5, 1, 15 ], "texture": "#pewdiepie_headphones" },
				"west": { "uv": [ 0.5, 14.5, 1, 15 ], "texture": "#pewdiepie_headphones" },
				"east": { "uv": [ 0.5, 14.5, 1, 15 ], "texture": "#pewdiepie_headphones" }
			}
		},
		{
			"__comment": "Box88",
			"from": [ 5.5, 9.75, 7.5 ],
			"to": [ 6.75, 10.25, 8.5 ],
			"rotation": { "origin": [ 6.75, 9.75, 7.5 ], "axis": "z", "angle": 22.5 },
			"faces": {
				"down": { "uv": [ 0.5, 14.5, 1, 15 ], "texture": "#pewdiepie_headphones", "rotation": 270 },
				"up": { "uv": [ 1, 15, 0.5, 14.5 ], "texture": "#pewdiepie_headphones", "rotation": 90 },
				"north": { "uv": [ 1, 15, 0.5, 14.5 ], "texture": "#pewdiepie_headphones", "rotation": 270 },
				"south": { "uv": [ 1, 15, 0.5, 14.5 ], "texture": "#pewdiepie_headphones", "rotation": 90 },
				"west": { "uv": [ 0.5, 14.5, 1, 15 ], "texture": "#pewdiepie_headphones", "rotation": 270 },
				"east": { "uv": [ 1, 15, 0.5, 14.5 ], "texture": "#pewdiepie_headphones", "rotation": 90 }
			}
		},
		{
			"__comment": "Box88",
			"from": [ 3.75, 9.375, 7.5 ],
			"to": [ 5.75, 9.875, 8.5 ],
			"rotation": { "origin": [ 5.75, 9.375, 7.5 ], "axis": "z", "angle": 45 },
			"faces": {
				"down": { "uv": [ 0.5, 14.5, 1, 15 ], "texture": "#pewdiepie_headphones", "rotation": 270 },
				"up": { "uv": [ 1, 15, 0.5, 14.5 ], "texture": "#pewdiepie_headphones", "rotation": 90 },
				"north": { "uv": [ 1, 15, 0.5, 14.5 ], "texture": "#pewdiepie_headphones", "rotation": 270 },
				"south": { "uv": [ 1, 15, 0.5, 14.5 ], "texture": "#pewdiepie_headphones", "rotation": 90 },
				"west": { "uv": [ 0.5, 14.5, 1, 15 ], "texture": "#pewdiepie_headphones", "rotation": 270 },
				"east": { "uv": [ 1, 15, 0.5, 14.5 ], "texture": "#pewdiepie_headphones", "rotation": 90 }
			}
		},
		{
			"__comment": "Box88",
			"from": [ 10.25, 9.375, 7.5 ],
			"to": [ 12.25, 9.875, 8.5 ],
			"rotation": { "origin": [ 10.25, 9.375, 7.5 ], "axis": "z", "angle": -45 },
			"faces": {
				"down": { "uv": [ 0.5, 14.5, 1, 15 ], "texture": "#pewdiepie_headphones" },
				"up": { "uv": [ 0.5, 14.5, 1, 15 ], "texture": "#pewdiepie_headphones" },
				"north": { "uv": [ 0.5, 14.5, 1, 15 ], "texture": "#pewdiepie_headphones" },
				"south": { "uv": [ 0.5, 14.5, 1, 15 ], "texture": "#pewdiepie_headphones" },
				"west": { "uv": [ 0.5, 14.5, 1, 15 ], "texture": "#pewdiepie_headphones" },
				"east": { "uv": [ 0.5, 14.5, 1, 15 ], "texture": "#pewdiepie_headphones" }
			}
		},
		{
			"__comment": "Box88",
			"from": [ 4, 7.625, 7.5 ],
			"to": [ 4.5, 8.125, 8.5 ],
			"rotation": { "origin": [ 4.5, 8.125, 7.5 ], "axis": "z", "angle": -22.5 },
			"faces": {
				"down": { "uv": [ 1, 15, 0.5, 14.5 ], "texture": "#pewdiepie_headphones" },
				"up": { "uv": [ 1, 15, 0.5, 14.5 ], "texture": "#pewdiepie_headphones" },
				"north": { "uv": [ 0.5, 14.5, 1, 15 ], "texture": "#pewdiepie_headphones", "rotation": 180 },
				"south": { "uv": [ 0.5, 14.5, 1, 15 ], "texture": "#pewdiepie_headphones", "rotation": 180 },
				"west": { "uv": [ 0.5, 14.5, 1, 15 ], "texture": "#pewdiepie_headphones", "rotation": 180 },
				"east": { "uv": [ 0.5, 14.5, 1, 15 ], "texture": "#pewdiepie_headphones", "rotation": 180 }
			}
		},
		{
			"__comment": "Box88",
			"from": [ 11.5, 7.625, 7.5 ],
			"to": [ 12, 8.125, 8.5 ],
			"rotation": { "origin": [ 11.5, 8.125, 7.5 ], "axis": "z", "angle": 22.5 },
			"faces": {
				"down": { "uv": [ 0.5, 14.5, 1, 15 ], "texture": "#pewdiepie_headphones", "rotation": 90 },
				"up": { "uv": [ 1, 15, 0.5, 14.5 ], "texture": "#pewdiepie_headphones", "rotation": 270 },
				"north": { "uv": [ 1, 15, 0.5, 14.5 ], "texture": "#pewdiepie_headphones", "rotation": 90 },
				"south": { "uv": [ 1, 15, 0.5, 14.5 ], "texture": "#pewdiepie_headphones", "rotation": 270 },
				"west": { "uv": [ 1, 15, 0.5, 14.5 ], "texture": "#pewdiepie_headphones", "rotation": 270 },
				"east": { "uv": [ 0.5, 14.5, 1, 15 ], "texture": "#pewdiepie_headphones", "rotation": 90 }
			}
		},
		{
			"__comment": "Box88",
			"from": [ 10.5312, 9.3125, 7.625 ],
			"to": [ 10.99995, 11.5, 8.09375 ],
			"faces": {
				"down": { "uv": [ 3, 0.5, 3.5, 1 ], "texture": "#pewdiepie_headphones", "rotation": 180 },
				"up": { "uv": [ 3, 0.5, 3.5, 1 ], "texture": "#pewdiepie_headphones", "rotation": 180 },
				"north": { "uv": [ 3, 0.5, 3.5, 1 ], "texture": "#pewdiepie_headphones", "rotation": 180 },
				"south": { "uv": [ 3, 0.5, 3.5, 1 ], "texture": "#pewdiepie_headphones", "rotation": 180 },
				"west": { "uv": [ 3.5, 1, 3, 0.5 ], "texture": "#pewdiepie_headphones" },
				"east": { "uv": [ 3.5, 1, 3, 0.5 ], "texture": "#pewdiepie_headphones" }
			}
		},
		{
			"__comment": "Box88",
			"from": [ 10.375, 11.1875, 7.625 ],
			"to": [ 11, 11.5, 8.09375 ],
			"rotation": { "origin": [ 11, 11.5, 7.625 ], "axis": "z", "angle": -22.5 },
			"faces": {
				"down": { "uv": [ 3, 0.5, 3.5, 1 ], "texture": "#pewdiepie_headphones" },
				"up": { "uv": [ 3, 0.5, 3.5, 1 ], "texture": "#pewdiepie_headphones" },
				"north": { "uv": [ 3, 0.5, 3.5, 1 ], "texture": "#pewdiepie_headphones" },
				"south": { "uv": [ 3, 0.5, 3.5, 1 ], "texture": "#pewdiepie_headphones" },
				"west": { "uv": [ 3, 0.5, 3.5, 1 ], "texture": "#pewdiepie_headphones" },
				"east": { "uv": [ 3, 0.5, 3.5, 1 ], "texture": "#pewdiepie_headphones" }
			}
		},
		{
			"__comment": "Box88",
			"from": [ 10.4226, 9.073299, 7.625 ],
			"to": [ 10.8926, 11.2608, 8.09375 ],
			"rotation": { "origin": [ 11, 11.5, 7.625 ], "axis": "z", "angle": -45 },
			"faces": {
				"down": { "uv": [ 3, 0.5, 3.5, 1 ], "texture": "#pewdiepie_headphones", "rotation": 90 },
				"up": { "uv": [ 3.5, 1, 3, 0.5 ], "texture": "#pewdiepie_headphones", "rotation": 270 },
				"north": { "uv": [ 3.5, 1, 3, 0.5 ], "texture": "#pewdiepie_headphones", "rotation": 90 },
				"south": { "uv": [ 3.5, 1, 3, 0.5 ], "texture": "#pewdiepie_headphones", "rotation": 270 },
				"west": { "uv": [ 3.5, 1, 3, 0.5 ], "texture": "#pewdiepie_headphones", "rotation": 270 },
				"east": { "uv": [ 3, 0.5, 3.5, 1 ], "texture": "#pewdiepie_headphones", "rotation": 90 }
			}
		},
		{
			"__comment": "Box88",
			"from": [ 10.5312, 10.875, 8.0938 ],
			"to": [ 10.8437, 11.1875, 8.4063 ],
			"rotation": { "origin": [ 11, 11.5, 7.625 ], "axis": "z", "angle": -22.5 },
			"faces": {
				"down": { "uv": [ 3, 0.5, 3.5, 1 ], "texture": "#pewdiepie_headphones" },
				"up": { "uv": [ 3, 0.5, 3.5, 1 ], "texture": "#pewdiepie_headphones" },
				"north": { "uv": [ 4.5, 1, 5, 1.5 ], "texture": "#pewdiepie_headphones" },
				"south": { "uv": [ 2.5, 1, 3, 1.5 ], "texture": "#pewdiepie_headphones" },
				"west": { "uv": [ 2.5, 0.5, 3, 1 ], "texture": "#pewdiepie_headphones" },
				"east": { "uv": [ 2.5, 0.5, 3, 1 ], "texture": "#pewdiepie_headphones" }
			}
		},
		{
			"__comment": "Box88",
			"from": [ 10.6865, 9.3132, 8.0938 ],
			"to": [ 11.00025, 11.03195, 8.4063 ],
			"rotation": { "origin": [ 11, 11.5, 7.625 ], "axis": "z", "angle": -45 },
			"faces": {
				"down": { "uv": [ 3, 0.5, 3.5, 1 ], "texture": "#pewdiepie_headphones" },
				"up": { "uv": [ 3, 0.5, 3.5, 1 ], "texture": "#pewdiepie_headphones" },
				"north": { "uv": [ 4.5, 1, 5, 1.5 ], "texture": "#pewdiepie_headphones" },
				"south": { "uv": [ 2.5, 1, 3, 1.5 ], "texture": "#pewdiepie_headphones" },
				"west": { "uv": [ 2.5, 0.5, 3, 1 ], "texture": "#pewdiepie_headphones" },
				"east": { "uv": [ 2.5, 0.5, 3, 1 ], "texture": "#pewdiepie_headphones" }
			}
		},
		{
			"__comment": "Box88",
			"from": [ 10.4236, 9.552299, 8.0938 ],
			"to": [ 10.7361, 11.27105, 8.4063 ],
			"faces": {
				"down": { "uv": [ 3, 0.5, 3.5, 1 ], "texture": "#pewdiepie_headphones" },
				"up": { "uv": [ 3, 0.5, 3.5, 1 ], "texture": "#pewdiepie_headphones" },
				"north": { "uv": [ 4.5, 1, 5, 1.5 ], "texture": "#pewdiepie_headphones" },
				"south": { "uv": [ 2.5, 1, 3, 1.5 ], "texture": "#pewdiepie_headphones" },
				"west": { "uv": [ 2.5, 0.5, 3, 1 ], "texture": "#pewdiepie_headphones" },
				"east": { "uv": [ 2.5, 0.5, 3, 1 ], "texture": "#pewdiepie_headphones" }
			}
		},
		{
			"__comment": "Box88",
			"from": [ 10.5312, 10.4062, 8.0938 ],
			"to": [ 10.8437, 10.87495, 8.4063 ],
			"rotation": { "origin": [ 11, 11.5, 7.625 ], "axis": "z", "angle": -22.5 },
			"faces": {
				"down": { "uv": [ 3, 0.5, 3.5, 1 ], "texture": "#pewdiepie_headphones" },
				"up": { "uv": [ 3, 0.5, 3.5, 1 ], "texture": "#pewdiepie_headphones" },
				"north": { "uv": [ 4.5, 1, 5, 1.5 ], "texture": "#pewdiepie_headphones" },
				"south": { "uv": [ 2.5, 1, 3, 1.5 ], "texture": "#pewdiepie_headphones" },
				"west": { "uv": [ 2.5, 0.5, 3, 1 ], "texture": "#pewdiepie_headphones" },
				"east": { "uv": [ 2.5, 0.5, 3, 1 ], "texture": "#pewdiepie_headphones" }
			}
		},
		{
			"__comment": "Box88",
			"from": [ 10.2188, 9.9375, 8.0938 ],
			"to": [ 11.1563, 10.40625, 8.4063 ],
			"rotation": { "origin": [ 11, 11.5, 7.625 ], "axis": "z", "angle": -22.5 },
			"faces": {
				"down": { "uv": [ 3, 0.5, 3.5, 1 ], "texture": "#pewdiepie_headphones" },
				"up": { "uv": [ 3, 0.5, 3.5, 1 ], "texture": "#pewdiepie_headphones" },
				"north": { "uv": [ 4.5, 1, 5, 1.5 ], "texture": "#pewdiepie_headphones" },
				"south": { "uv": [ 2.5, 1, 3, 1.5 ], "texture": "#pewdiepie_headphones" },
				"west": { "uv": [ 2.5, 0.5, 3, 1 ], "texture": "#pewdiepie_headphones" },
				"east": { "uv": [ 2.5, 0.5, 3, 1 ], "texture": "#pewdiepie_headphones" }
			}
		},
		{
			"__comment": "Box88",
			"from": [ 10.0625, 9.4688, 8.0938 ],
			"to": [ 11.3125, 9.93755, 8.4063 ],
			"rotation": { "origin": [ 11, 11.5, 7.625 ], "axis": "z", "angle": -22.5 },
			"faces": {
				"down": { "uv": [ 3, 0.5, 3.5, 1 ], "texture": "#pewdiepie_headphones" },
				"up": { "uv": [ 3, 0.5, 3.5, 1 ], "texture": "#pewdiepie_headphones" },
				"north": { "uv": [ 4.5, 1, 5, 1.5 ], "texture": "#pewdiepie_headphones" },
				"south": { "uv": [ 2.5, 1, 3, 1.5 ], "texture": "#pewdiepie_headphones" },
				"west": { "uv": [ 2.5, 0.5, 3, 1 ], "texture": "#pewdiepie_headphones" },
				"east": { "uv": [ 2.5, 0.5, 3, 1 ], "texture": "#pewdiepie_headphones" }
			}
		},
		{
			"__comment": "Box88",
			"from": [ 5.0312, 9.5625, 7.5 ],
			"to": [ 5.49995, 11.75, 7.96875 ],
			"rotation": { "origin": [ 5.5, 11.75, 7.5 ], "axis": "z", "angle": 45 },
			"faces": {
				"down": { "uv": [ 3, 0.5, 3.5, 1 ], "texture": "#pewdiepie_headphones", "rotation": 180 },
				"up": { "uv": [ 3, 0.5, 3.5, 1 ], "texture": "#pewdiepie_headphones", "rotation": 180 },
				"north": { "uv": [ 3, 0.5, 3.5, 1 ], "texture": "#pewdiepie_headphones", "rotation": 180 },
				"south": { "uv": [ 3, 0.5, 3.5, 1 ], "texture": "#pewdiepie_headphones", "rotation": 180 },
				"west": { "uv": [ 3.5, 1, 3, 0.5 ], "texture": "#pewdiepie_headphones" },
				"east": { "uv": [ 3.5, 1, 3, 0.5 ], "texture": "#pewdiepie_headphones" }
			}
		},
		{
			"__comment": "Box88",
			"from": [ 4.875, 11.4375, 7.5 ],
			"to": [ 5.5, 11.75, 7.96875 ],
			"rotation": { "origin": [ 5.5, 11.75, 7.5 ], "axis": "z", "angle": 22.5 },
			"faces": {
				"down": { "uv": [ 3, 0.5, 3.5, 1 ], "texture": "#pewdiepie_headphones" },
				"up": { "uv": [ 3, 0.5, 3.5, 1 ], "texture": "#pewdiepie_headphones" },
				"north": { "uv": [ 3, 0.5, 3.5, 1 ], "texture": "#pewdiepie_headphones" },
				"south": { "uv": [ 3, 0.5, 3.5, 1 ], "texture": "#pewdiepie_headphones" },
				"west": { "uv": [ 3, 0.5, 3.5, 1 ], "texture": "#pewdiepie_headphones" },
				"east": { "uv": [ 3, 0.5, 3.5, 1 ], "texture": "#pewdiepie_headphones" }
			}
		},
		{
			"__comment": "Box88",
			"from": [ 4.9226, 9.323299, 7.5 ],
			"to": [ 5.3926, 11.5108, 7.96875 ],
			"faces": {
				"down": { "uv": [ 3, 0.5, 3.5, 1 ], "texture": "#pewdiepie_headphones", "rotation": 90 },
				"up": { "uv": [ 3.5, 1, 3, 0.5 ], "texture": "#pewdiepie_headphones", "rotation": 270 },
				"north": { "uv": [ 3.5, 1, 3, 0.5 ], "texture": "#pewdiepie_headphones", "rotation": 90 },
				"south": { "uv": [ 3.5, 1, 3, 0.5 ], "texture": "#pewdiepie_headphones", "rotation": 270 },
				"west": { "uv": [ 3.5, 1, 3, 0.5 ], "texture": "#pewdiepie_headphones", "rotation": 270 },
				"east": { "uv": [ 3, 0.5, 3.5, 1 ], "texture": "#pewdiepie_headphones", "rotation": 90 }
			}
		},
		{
			"__comment": "Box88",
			"from": [ 5.0312, 11.125, 7.9688 ],
			"to": [ 5.3437, 11.4375, 8.2813 ],
			"rotation": { "origin": [ 5.5, 11.75, 7.5 ], "axis": "z", "angle": 22.5 },
			"faces": {
				"down": { "uv": [ 3, 0.5, 3.5, 1 ], "texture": "#pewdiepie_headphones" },
				"up": { "uv": [ 3, 0.5, 3.5, 1 ], "texture": "#pewdiepie_headphones" },
				"north": { "uv": [ 4.5, 1, 5, 1.5 ], "texture": "#pewdiepie_headphones" },
				"south": { "uv": [ 2.5, 1, 3, 1.5 ], "texture": "#pewdiepie_headphones" },
				"west": { "uv": [ 2.5, 0.5, 3, 1 ], "texture": "#pewdiepie_headphones" },
				"east": { "uv": [ 2.5, 0.5, 3, 1 ], "texture": "#pewdiepie_headphones" }
			}
		},
		{
			"__comment": "Box88",
			"from": [ 5.1865, 9.5632, 7.9688 ],
			"to": [ 5.50025, 11.28195, 8.2813 ],
			"faces": {
				"down": { "uv": [ 3, 0.5, 3.5, 1 ], "texture": "#pewdiepie_headphones" },
				"up": { "uv": [ 3, 0.5, 3.5, 1 ], "texture": "#pewdiepie_headphones" },
				"north": { "uv": [ 4.5, 1, 5, 1.5 ], "texture": "#pewdiepie_headphones" },
				"south": { "uv": [ 2.5, 1, 3, 1.5 ], "texture": "#pewdiepie_headphones" },
				"west": { "uv": [ 2.5, 0.5, 3, 1 ], "texture": "#pewdiepie_headphones" },
				"east": { "uv": [ 2.5, 0.5, 3, 1 ], "texture": "#pewdiepie_headphones" }
			}
		},
		{
			"__comment": "Box88",
			"from": [ 4.9236, 9.802299, 7.9688 ],
			"to": [ 5.2361, 11.52105, 8.2813 ],
			"rotation": { "origin": [ 5.5, 11.75, 7.5 ], "axis": "z", "angle": 45 },
			"faces": {
				"down": { "uv": [ 3, 0.5, 3.5, 1 ], "texture": "#pewdiepie_headphones" },
				"up": { "uv": [ 3, 0.5, 3.5, 1 ], "texture": "#pewdiepie_headphones" },
				"north": { "uv": [ 4.5, 1, 5, 1.5 ], "texture": "#pewdiepie_headphones" },
				"south": { "uv": [ 2.5, 1, 3, 1.5 ], "texture": "#pewdiepie_headphones" },
				"west": { "uv": [ 2.5, 0.5, 3, 1 ], "texture": "#pewdiepie_headphones" },
				"east": { "uv": [ 2.5, 0.5, 3, 1 ], "texture": "#pewdiepie_headphones" }
			}
		},
		{
			"__comment": "Box88",
			"from": [ 5.0312, 10.6562, 7.9688 ],
			"to": [ 5.3437, 11.12495, 8.2813 ],
			"rotation": { "origin": [ 5.5, 11.75, 7.5 ], "axis": "z", "angle": 22.5 },
			"faces": {
				"down": { "uv": [ 3, 0.5, 3.5, 1 ], "texture": "#pewdiepie_headphones" },
				"up": { "uv": [ 3, 0.5, 3.5, 1 ], "texture": "#pewdiepie_headphones" },
				"north": { "uv": [ 4.5, 1, 5, 1.5 ], "texture": "#pewdiepie_headphones" },
				"south": { "uv": [ 2.5, 1, 3, 1.5 ], "texture": "#pewdiepie_headphones" },
				"west": { "uv": [ 2.5, 0.5, 3, 1 ], "texture": "#pewdiepie_headphones" },
				"east": { "uv": [ 2.5, 0.5, 3, 1 ], "texture": "#pewdiepie_headphones" }
			}
		},
		{
			"__comment": "Box88",
			"from": [ 4.7187, 10.1875, 7.9688 ],
			"to": [ 5.6562, 10.65625, 8.2813 ],
			"rotation": { "origin": [ 5.5, 11.75, 7.5 ], "axis": "z", "angle": 22.5 },
			"faces": {
				"down": { "uv": [ 3, 0.5, 3.5, 1 ], "texture": "#pewdiepie_headphones" },
				"up": { "uv": [ 3, 0.5, 3.5, 1 ], "texture": "#pewdiepie_headphones" },
				"north": { "uv": [ 4.5, 1, 5, 1.5 ], "texture": "#pewdiepie_headphones" },
				"south": { "uv": [ 2.5, 1, 3, 1.5 ], "texture": "#pewdiepie_headphones" },
				"west": { "uv": [ 2.5, 0.5, 3, 1 ], "texture": "#pewdiepie_headphones" },
				"east": { "uv": [ 2.5, 0.5, 3, 1 ], "texture": "#pewdiepie_headphones" }
			}
		},
		{
			"__comment": "Box88",
			"from": [ 4.5625, 9.7188, 7.9688 ],
			"to": [ 5.8125, 10.18755, 8.2813 ],
			"rotation": { "origin": [ 5.5, 11.75, 7.5 ], "axis": "z", "angle": 22.5 },
			"faces": {
				"down": { "uv": [ 3, 0.5, 3.5, 1 ], "texture": "#pewdiepie_headphones" },
				"up": { "uv": [ 3, 0.5, 3.5, 1 ], "texture": "#pewdiepie_headphones" },
				"north": { "uv": [ 4.5, 1, 5, 1.5 ], "texture": "#pewdiepie_headphones" },
				"south": { "uv": [ 2.5, 1, 3, 1.5 ], "texture": "#pewdiepie_headphones" },
				"west": { "uv": [ 2.5, 0.5, 3, 1 ], "texture": "#pewdiepie_headphones" },
				"east": { "uv": [ 2.5, 0.5, 3, 1 ], "texture": "#pewdiepie_headphones" }
			}
		},
		{
			"__comment": "PlaneX123",
			"from": [ 3, 3.5, 7.5 ],
			"to": [ 3.001, 4.5, 8.5 ],
			"faces": {
				"west": { "uv": [ 0, 0, 16, 16 ], "texture": "#pewdiepie_brofist" },
				"east": { "uv": [ 14.5, 14.5, 15.5, 15.5 ], "texture": "#pewdiepie_brofist" }
			}
		},
		{
			"__comment": "PlaneX123",
			"from": [ 13.124, 3.5, 7.5 ],
			"to": [ 13.125, 4.5, 8.5 ],
			"faces": {
				"west": { "uv": [ 14.5, 14.5, 15.5, 15.5 ], "texture": "#pewdiepie_brofist" },
				"east": { "uv": [ 0, 0, 16, 16 ], "texture": "#pewdiepie_brofist" }
			}
		}
	],
	"display": {
		"thirdperson_righthand": {
			"rotation":  [ 104, 33, 1 ],
			"translation":  [ -0.695, 0.7829, 0 ],
			"scale":  [ 0.7, 0.9, 0.9 ]
		},
		"thirdperson_lefthand": {
			"rotation":  [ 104, 33, 1 ],
			"translation":  [ -0.695, 0.7829, 0 ],
			"scale":  [ 0.7, 0.9, 0.9 ]
		},
		"firstperson_righthand": {
			"rotation":  [ 2, 114, -8 ],
			"translation":  [ 11.13, -4.085, -15.3 ],
			"scale":  [ 1, 1.2, 1.2 ]
		},
		"firstperson_lefthand": {
			"rotation":  [ 2, 114, -8 ],
			"translation":  [ 11.13, -4.085, -15.3 ],
			"scale":  [ 1, 1.2, 1.2 ]
		},
		"gui": {
			"rotation":  [ 25, 140, 0 ],
			"translation":  [ 0, 2.3043, -1 ],
			"scale":  [ 1.2, 1.4, 1.4 ]
		},
		"head": {
			"translation":  [ 0, 5.1956, 0 ],
			"scale":  [ 1.9, 1.9, 1.9 ]
		},
		"ground": {
			"translation":  [ 0, 2, 0 ],
			"scale":  [ 0.7, 0.8, 0.8 ]
		},
		"fixed": {
			"rotation":  [ 0, 180, 0 ],
			"translation":  [ 0, 3.5, -1 ],
			"scale":  [ 1.7, 2.2, 2.125 ]
		}
	}
}