{
  "__comment": "© Le0, Mineland.eu 2019 | www.mineland.eu",
  "textures": {
    "sonicscrewdriver": "other/sonicscrewdriver"
  },
  "elements": [
    {
      "__comment": "New",
      "from": [
        7.5,
        2,
        7.7812
      ],
      "to": [
        7.69965,
        2.19965,
        8.1805
      ],
      "faces": {
        "down": {
          "uv": [
            9.31,
            7.88,
            9.62,
            8.44
          ],
          "texture": "#sonicscrewdriver"
        },
        "up": {
          "uv": [
            0.25,
            0.6199999,
            0.19,
            0.6899996
          ],
          "texture": "#sonicscrewdriver",
          "rotation": 180
        },
        "north": {
          "uv": [
            0.25,
            0.6199999,
            0.19,
            0.6899996
          ],
          "texture": "#sonicscrewdriver"
        },
        "south": {
          "uv": [
            0.25,
            0.6199999,
            0.19,
            0.6899996
          ],
          "texture": "#sonicscrewdriver"
        },
        "west": {
          "uv": [
            0.25,
            0.6199999,
            0.19,
            0.6899996
          ],
          "texture": "#sonicscrewdriver"
        },
        "east": {
          "uv": [
            15.75,
            9.75,
            16,
            10.31
          ],
          "texture": "#sonicscrewdriver",
          "rotation": 90
        }
      }
    },
    {
      "__comment": "New",
      "from": [
        7.7977,
        2,
        8.2786
      ],
      "to": [
        8.19337,
        2.19965,
        8.47825
      ],
      "faces": {
        "down": {
          "uv": [
            13.62,
            0.25,
            13.88,
            0.8100004
          ],
          "texture": "#sonicscrewdriver",
          "rotation": 90
        },
        "up": {
          "uv": [
            0.25,
            0.6199999,
            0.19,
            0.6899996
          ],
          "texture": "#sonicscrewdriver",
          "rotation": 180
        },
        "north": {
          "uv": [
            15.75,
            13.81,
            16,
            14.38
          ],
          "texture": "#sonicscrewdriver",
          "rotation": 270
        },
        "south": {
          "uv": [
            0.25,
            0.6199999,
            0.19,
            0.6899996
          ],
          "texture": "#sonicscrewdriver"
        },
        "west": {
          "uv": [
            0.25,
            0.6199999,
            0.19,
            0.6899996
          ],
          "texture": "#sonicscrewdriver"
        },
        "east": {
          "uv": [
            0.25,
            0.6199999,
            0.19,
            0.6899996
          ],
          "texture": "#sonicscrewdriver"
        }
      }
    },
    {
      "__comment": "New",
      "from": [
        7.5,
        1.0054,
        7.4836
      ],
      "to": [
        8.49462,
        2.00002,
        8.47822
      ],
      "faces": {
        "down": {
          "uv": [
            0.25,
            0.6199999,
            0.19,
            0.6899996
          ],
          "texture": "#sonicscrewdriver",
          "rotation": 180
        },
        "up": {
          "uv": [
            0.25,
            0.6199999,
            0.19,
            0.6899996
          ],
          "texture": "#sonicscrewdriver",
          "rotation": 180
        },
        "north": {
          "uv": [
            0.25,
            0.6199999,
            0.19,
            0.6899996
          ],
          "texture": "#sonicscrewdriver"
        },
        "south": {
          "uv": [
            0.38,
            0.6199999,
            0.19,
            0.8100004
          ],
          "texture": "#sonicscrewdriver"
        },
        "west": {
          "uv": [
            0.44,
            0.6199999,
            0.19,
            0.8800001
          ],
          "texture": "#sonicscrewdriver"
        },
        "east": {
          "uv": [
            0.38,
            0.6199999,
            0.19,
            0.6899996
          ],
          "texture": "#sonicscrewdriver"
        }
      }
    },
    {
      "__comment": "New",
      "from": [
        7.7977,
        2,
        7.4836
      ],
      "to": [
        8.19337,
        2.19965,
        7.683249
      ],
      "faces": {
        "down": {
          "uv": [
            0.19,
            0.5,
            0.44,
            1.059999
          ],
          "texture": "#sonicscrewdriver",
          "rotation": 270
        },
        "up": {
          "uv": [
            0.25,
            0.6199999,
            0.19,
            0.6899996
          ],
          "texture": "#sonicscrewdriver",
          "rotation": 180
        },
        "north": {
          "uv": [
            0.25,
            0.6199999,
            0.19,
            0.6899996
          ],
          "texture": "#sonicscrewdriver"
        },
        "south": {
          "uv": [
            0.19,
            0.5,
            0.44,
            1
          ],
          "texture": "#sonicscrewdriver",
          "rotation": 270
        },
        "west": {
          "uv": [
            0.25,
            0.6199999,
            0.19,
            0.6899996
          ],
          "texture": "#sonicscrewdriver"
        },
        "east": {
          "uv": [
            0.25,
            0.6199999,
            0.19,
            0.6899996
          ],
          "texture": "#sonicscrewdriver"
        }
      }
    },
    {
      "__comment": "New",
      "from": [
        8.295,
        2,
        7.7812
      ],
      "to": [
        8.49465,
        2.19965,
        8.1805
      ],
      "faces": {
        "down": {
          "uv": [
            0.19,
            0.3800001,
            0.44,
            0.9399996
          ],
          "texture": "#sonicscrewdriver"
        },
        "up": {
          "uv": [
            0.25,
            0.6199999,
            0.19,
            0.6899996
          ],
          "texture": "#sonicscrewdriver",
          "rotation": 180
        },
        "north": {
          "uv": [
            0.25,
            0.6199999,
            0.19,
            0.6899996
          ],
          "texture": "#sonicscrewdriver",
          "rotation": 270
        },
        "south": {
          "uv": [
            0.31,
            0.6199999,
            0.19,
            0.75
          ],
          "texture": "#sonicscrewdriver"
        },
        "west": {
          "uv": [
            0.25,
            0.5,
            0.38,
            0.6199999
          ],
          "texture": "#sonicscrewdriver",
          "rotation": 90
        },
        "east": {
          "uv": [
            0.25,
            0.6199999,
            0.19,
            0.75
          ],
          "texture": "#sonicscrewdriver"
        }
      }
    },
    {
      "__comment": "New",
      "from": [
        7.6996,
        2.3993,
        7.6832
      ],
      "to": [
        8.29492,
        2.79497,
        8.27852
      ],
      "faces": {
        "down": {
          "uv": [
            7.75,
            1.38,
            8.56,
            2.190001
          ],
          "texture": "#sonicscrewdriver",
          "rotation": 270
        },
        "up": {
          "uv": [
            9.31,
            1.38,
            10.12,
            2.190001
          ],
          "texture": "#sonicscrewdriver",
          "rotation": 270
        },
        "north": {
          "uv": [
            13.62,
            0.8100004,
            14.12,
            1.62
          ],
          "texture": "#sonicscrewdriver",
          "rotation": 270
        },
        "south": {
          "uv": [
            14.12,
            4.62,
            14.69,
            5.440001
          ],
          "texture": "#sonicscrewdriver",
          "rotation": 270
        },
        "west": {
          "uv": [
            3.19,
            0.8100004,
            3.75,
            1.62
          ],
          "texture": "#sonicscrewdriver",
          "rotation": 90
        },
        "east": {
          "uv": [
            2.69,
            0.8100004,
            3.19,
            1.62
          ],
          "texture": "#sonicscrewdriver",
          "rotation": 90
        }
      }
    },
    {
      "__comment": "New",
      "from": [
        7.598,
        0.6097,
        7.5816
      ],
      "to": [
        8.39297,
        1.00537,
        8.37657
      ],
      "faces": {
        "down": {
          "uv": [
            0.25,
            0.6199999,
            0.19,
            0.6899996
          ],
          "texture": "#sonicscrewdriver",
          "rotation": 180
        },
        "up": {
          "uv": [
            0.12,
            0.3800001,
            0.56,
            0.8800001
          ],
          "texture": "#sonicscrewdriver",
          "rotation": 270
        },
        "north": {
          "uv": [
            0.25,
            0.6199999,
            0.19,
            0.6899996
          ],
          "texture": "#sonicscrewdriver"
        },
        "south": {
          "uv": [
            0.25,
            0.6199999,
            0.19,
            0.6899996
          ],
          "texture": "#sonicscrewdriver"
        },
        "west": {
          "uv": [
            0.25,
            0.6199999,
            0.19,
            0.6899996
          ],
          "texture": "#sonicscrewdriver"
        },
        "east": {
          "uv": [
            0.25,
            0.6199999,
            0.19,
            0.6899996
          ],
          "texture": "#sonicscrewdriver"
        }
      }
    },
    {
      "__comment": "New",
      "from": [
        7.598,
        2,
        7.5816
      ],
      "to": [
        8.39297,
        2.3993,
        8.37657
      ],
      "faces": {
        "down": {
          "uv": [
            12.56,
            6.75,
            13.62,
            7.88
          ],
          "texture": "#sonicscrewdriver"
        },
        "up": {
          "uv": [
            7.75,
            2.190001,
            8.81,
            3.25
          ],
          "texture": "#sonicscrewdriver",
          "rotation": 270
        },
        "north": {
          "uv": [
            14.38,
            12.75,
            14.94,
            13.81
          ],
          "texture": "#sonicscrewdriver",
          "rotation": 270
        },
        "south": {
          "uv": [
            12,
            0.8100004,
            12.56,
            1.88
          ],
          "texture": "#sonicscrewdriver",
          "rotation": 270
        },
        "west": {
          "uv": [
            14.38,
            3.5,
            14.94,
            4.62
          ],
          "texture": "#sonicscrewdriver",
          "rotation": 90
        },
        "east": {
          "uv": [
            2.12,
            0.5600004,
            2.69,
            1.62
          ],
          "texture": "#sonicscrewdriver",
          "rotation": 90
        }
      }
    },
    {
      "__comment": "New",
      "from": [
        7.5,
        3.3903,
        7.8829
      ],
      "to": [
        8.69064,
        3.58995,
        8.078919
      ],
      "faces": {
        "down": {
          "uv": [
            11.75,
            0.5600004,
            12,
            2.190001
          ],
          "texture": "#sonicscrewdriver",
          "rotation": 270
        },
        "up": {
          "uv": [
            14.94,
            11.12,
            15.19,
            12.75
          ],
          "texture": "#sonicscrewdriver",
          "rotation": 270
        },
        "north": {
          "uv": [
            14.94,
            5.690001,
            15.19,
            7.309999
          ],
          "texture": "#sonicscrewdriver",
          "rotation": 90
        },
        "south": {
          "uv": [
            15.19,
            14.38,
            15.44,
            16
          ],
          "texture": "#sonicscrewdriver",
          "rotation": 270
        },
        "west": {
          "uv": [
            9.62,
            12.75,
            9.88,
            13
          ],
          "texture": "#sonicscrewdriver",
          "rotation": 90
        },
        "east": {
          "uv": [
            13.88,
            0,
            14.12,
            0.25
          ],
          "texture": "#sonicscrewdriver",
          "rotation": 90
        }
      }
    },
    {
      "__comment": "New",
      "from": [
        7.3984,
        5.9748,
        7.7812
      ],
      "to": [
        7.598049,
        6.17445,
        8.1805
      ],
      "faces": {
        "down": {
          "uv": [
            14.69,
            11.12,
            14.94,
            11.69
          ],
          "texture": "#sonicscrewdriver"
        },
        "up": {
          "uv": [
            4.81,
            5.690001,
            5.06,
            6.25
          ],
          "texture": "#sonicscrewdriver"
        },
        "north": {
          "uv": [
            9.31,
            12.75,
            9.62,
            13
          ],
          "texture": "#sonicscrewdriver",
          "rotation": 180
        },
        "south": {
          "uv": [
            5.06,
            8.12,
            5.31,
            8.44
          ],
          "texture": "#sonicscrewdriver",
          "rotation": 180
        },
        "west": {
          "uv": [
            0.81,
            0,
            1.06,
            0.5600004
          ],
          "texture": "#sonicscrewdriver",
          "rotation": 90
        },
        "east": {
          "uv": [
            15.44,
            0.25,
            15.75,
            0.8100004
          ],
          "texture": "#sonicscrewdriver",
          "rotation": 90
        }
      }
    },
    {
      "__comment": "New",
      "from": [
        7.7977,
        5.9748,
        8.376599
      ],
      "to": [
        8.19337,
        6.17445,
        8.576249
      ],
      "faces": {
        "down": {
          "uv": [
            15.44,
            0.8100004,
            15.75,
            1.38
          ],
          "texture": "#sonicscrewdriver",
          "rotation": 90
        },
        "up": {
          "uv": [
            15.44,
            7.309999,
            15.75,
            7.88
          ],
          "texture": "#sonicscrewdriver",
          "rotation": 270
        },
        "north": {
          "uv": [
            2.38,
            0,
            2.69,
            0.5600004
          ],
          "texture": "#sonicscrewdriver",
          "rotation": 270
        },
        "south": {
          "uv": [
            13.88,
            0.25,
            14.12,
            0.8100004
          ],
          "texture": "#sonicscrewdriver",
          "rotation": 270
        },
        "west": {
          "uv": [
            9.06,
            14.38,
            9.31,
            14.62
          ],
          "texture": "#sonicscrewdriver",
          "rotation": 90
        },
        "east": {
          "uv": [
            9.62,
            14.38,
            9.88,
            14.62
          ],
          "texture": "#sonicscrewdriver",
          "rotation": 90
        }
      }
    },
    {
      "__comment": "New",
      "from": [
        7.6996,
        4.7842,
        7.2839
      ],
      "to": [
        8.29492,
        5.379519,
        7.48355
      ],
      "faces": {
        "down": {
          "uv": [
            4.81,
            0,
            5.06,
            0.8100004
          ],
          "texture": "#sonicscrewdriver",
          "rotation": 90
        },
        "up": {
          "uv": [
            3.19,
            0,
            3.44,
            0.8100004
          ],
          "texture": "#sonicscrewdriver",
          "rotation": 90
        },
        "north": {
          "uv": [
            10.94,
            1.38,
            11.75,
            2.190001
          ],
          "texture": "#sonicscrewdriver",
          "rotation": 180
        },
        "south": {
          "uv": [
            0,
            1.38,
            0.81,
            2.190001
          ],
          "texture": "#sonicscrewdriver",
          "rotation": 180
        },
        "west": {
          "uv": [
            14.38,
            0.25,
            14.69,
            1.059999
          ],
          "texture": "#sonicscrewdriver",
          "rotation": 180
        },
        "east": {
          "uv": [
            12,
            0,
            12.25,
            0.8100004
          ],
          "texture": "#sonicscrewdriver",
          "rotation": 180
        }
      }
    },
    {
      "__comment": "New",
      "from": [
        7.5,
        2.9946,
        7.3856
      ],
      "to": [
        8.49462,
        5.77518,
        8.57624
      ],
      "faces": {
        "down": {
          "uv": [
            7.44,
            11.12,
            8.81,
            12.75
          ],
          "texture": "#sonicscrewdriver"
        },
        "up": {
          "uv": [
            7.44,
            12.75,
            8.81,
            14.38
          ],
          "texture": "#sonicscrewdriver"
        },
        "north": {
          "uv": [
            4,
            8.44,
            5.31,
            12.19
          ],
          "texture": "#sonicscrewdriver",
          "rotation": 180
        },
        "south": {
          "uv": [
            1.31,
            8.44,
            2.69,
            12.19
          ],
          "texture": "#sonicscrewdriver",
          "rotation": 180
        },
        "west": {
          "uv": [
            0,
            12.19,
            1.62,
            16
          ],
          "texture": "#sonicscrewdriver",
          "rotation": 180
        },
        "east": {
          "uv": [
            4.81,
            12.19,
            6.38,
            16
          ],
          "texture": "#sonicscrewdriver"
        }
      }
    },
    {
      "__comment": "New",
      "from": [
        7.598,
        2.5953,
        7.3856
      ],
      "to": [
        8.39297,
        2.9946,
        8.57624
      ],
      "faces": {
        "down": {
          "uv": [
            11.19,
            12.75,
            12.25,
            14.38
          ],
          "texture": "#sonicscrewdriver"
        },
        "up": {
          "uv": [
            0,
            3.5,
            1.06,
            5.12
          ],
          "texture": "#sonicscrewdriver"
        },
        "north": {
          "uv": [
            12.81,
            1.059999,
            13.31,
            2.190001
          ],
          "texture": "#sonicscrewdriver",
          "rotation": 270
        },
        "south": {
          "uv": [
            14.12,
            6.5,
            14.69,
            7.559999
          ],
          "texture": "#sonicscrewdriver",
          "rotation": 270
        },
        "west": {
          "uv": [
            13.62,
            7.88,
            14.12,
            9.5
          ],
          "texture": "#sonicscrewdriver",
          "rotation": 90
        },
        "east": {
          "uv": [
            13.62,
            9.5,
            14.12,
            11.12
          ],
          "texture": "#sonicscrewdriver",
          "rotation": 90
        }
      }
    },
    {
      "__comment": "New",
      "from": [
        7.5,
        2.5953,
        7.4836
      ],
      "to": [
        8.49462,
        2.9946,
        8.47822
      ],
      "faces": {
        "down": {
          "uv": [
            8.81,
            14.62,
            10.12,
            16
          ],
          "texture": "#sonicscrewdriver"
        },
        "up": {
          "uv": [
            8.81,
            11.38,
            10.12,
            12.75
          ],
          "texture": "#sonicscrewdriver"
        },
        "north": {
          "uv": [
            5.62,
            1.059999,
            6.12,
            2.440001
          ],
          "texture": "#sonicscrewdriver",
          "rotation": 90
        },
        "south": {
          "uv": [
            6.12,
            1.059999,
            6.69,
            2.440001
          ],
          "texture": "#sonicscrewdriver",
          "rotation": 270
        },
        "west": {
          "uv": [
            7.19,
            1.059999,
            7.75,
            2.440001
          ],
          "texture": "#sonicscrewdriver",
          "rotation": 90
        },
        "east": {
          "uv": [
            13.88,
            3.25,
            14.38,
            4.62
          ],
          "texture": "#sonicscrewdriver",
          "rotation": 90
        }
      }
    },
    {
      "__comment": "New",
      "from": [
        7.598,
        6.0765,
        8.2786
      ],
      "to": [
        8.39297,
        7.46679,
        8.47825
      ],
      "faces": {
        "down": {
          "uv": [
            3.75,
            0,
            4,
            1.059999
          ],
          "texture": "#sonicscrewdriver",
          "rotation": 90
        },
        "up": {
          "uv": [
            5.06,
            0,
            5.31,
            1.059999
          ],
          "texture": "#sonicscrewdriver",
          "rotation": 270
        },
        "north": {
          "uv": [
            5.31,
            8.12,
            6.38,
            10.06
          ],
          "texture": "#sonicscrewdriver",
          "rotation": 180
        },
        "south": {
          "uv": [
            0,
            6.5,
            1.06,
            8.38
          ],
          "texture": "#sonicscrewdriver",
          "rotation": 180
        },
        "west": {
          "uv": [
            7.44,
            2.440001,
            7.75,
            4.309999
          ],
          "texture": "#sonicscrewdriver",
          "rotation": 180
        },
        "east": {
          "uv": [
            14.69,
            7.309999,
            14.94,
            9.25
          ],
          "texture": "#sonicscrewdriver"
        }
      }
    },
    {
      "__comment": "New",
      "from": [
        7.7977,
        5.9748,
        7.3856
      ],
      "to": [
        8.19337,
        6.17445,
        7.58162
      ],
      "faces": {
        "down": {
          "uv": [
            14.94,
            7.309999,
            15.19,
            7.88
          ],
          "texture": "#sonicscrewdriver",
          "rotation": 270
        },
        "up": {
          "uv": [
            9.62,
            7.88,
            9.88,
            8.44
          ],
          "texture": "#sonicscrewdriver",
          "rotation": 90
        },
        "north": {
          "uv": [
            12.25,
            0.25,
            12.56,
            0.8100004
          ],
          "texture": "#sonicscrewdriver",
          "rotation": 270
        },
        "south": {
          "uv": [
            2.12,
            0,
            2.38,
            0.5600004
          ],
          "texture": "#sonicscrewdriver",
          "rotation": 270
        },
        "west": {
          "uv": [
            8.81,
            14.38,
            9.06,
            14.62
          ],
          "texture": "#sonicscrewdriver",
          "rotation": 90
        },
        "east": {
          "uv": [
            9.31,
            11.12,
            9.62,
            11.38
          ],
          "texture": "#sonicscrewdriver",
          "rotation": 90
        }
      }
    },
    {
      "__comment": "New",
      "from": [
        8.393,
        5.9748,
        7.7812
      ],
      "to": [
        8.592649,
        6.17445,
        8.1805
      ],
      "faces": {
        "down": {
          "uv": [
            15.44,
            1.88,
            15.75,
            2.440001
          ],
          "texture": "#sonicscrewdriver"
        },
        "up": {
          "uv": [
            15.75,
            15.44,
            16,
            16
          ],
          "texture": "#sonicscrewdriver",
          "rotation": 180
        },
        "north": {
          "uv": [
            8.81,
            11.12,
            9.06,
            11.38
          ],
          "texture": "#sonicscrewdriver"
        },
        "south": {
          "uv": [
            9.06,
            12.75,
            9.31,
            13
          ],
          "texture": "#sonicscrewdriver",
          "rotation": 180
        },
        "west": {
          "uv": [
            14.38,
            11.12,
            14.69,
            11.69
          ],
          "texture": "#sonicscrewdriver",
          "rotation": 90
        },
        "east": {
          "uv": [
            11.75,
            0,
            12,
            0.5600004
          ],
          "texture": "#sonicscrewdriver",
          "rotation": 90
        }
      }
    },
    {
      "__comment": "New",
      "from": [
        7.8957,
        5.8768,
        7.8829
      ],
      "to": [
        8.09535,
        9.85165,
        8.078919
      ],
      "faces": {
        "down": {
          "uv": [
            12.56,
            0,
            12.81,
            0.25
          ],
          "texture": "#sonicscrewdriver"
        },
        "up": {
          "uv": [
            8.81,
            12.75,
            9.06,
            13
          ],
          "texture": "#sonicscrewdriver",
          "rotation": 270
        },
        "north": {
          "uv": [
            11.75,
            7.309999,
            12,
            12.75
          ],
          "texture": "#sonicscrewdriver",
          "rotation": 180
        },
        "south": {
          "uv": [
            12,
            7.309999,
            12.25,
            12.75
          ],
          "texture": "#sonicscrewdriver",
          "rotation": 180
        },
        "west": {
          "uv": [
            12.25,
            10.56,
            12.56,
            16
          ],
          "texture": "#sonicscrewdriver",
          "rotation": 180
        },
        "east": {
          "uv": [
            12.25,
            5.12,
            12.56,
            10.56
          ],
          "texture": "#sonicscrewdriver"
        }
      }
    },
    {
      "__comment": "New",
      "from": [
        7.5,
        5.8768,
        7.5816
      ],
      "to": [
        7.69965,
        7.46674,
        8.37657
      ],
      "faces": {
        "down": {
          "uv": [
            1.06,
            0,
            1.31,
            1.059999
          ],
          "texture": "#sonicscrewdriver"
        },
        "up": {
          "uv": [
            15.19,
            4.62,
            15.5,
            5.690001
          ],
          "texture": "#sonicscrewdriver"
        },
        "north": {
          "uv": [
            11.19,
            8.94,
            11.44,
            11.12
          ],
          "texture": "#sonicscrewdriver",
          "rotation": 180
        },
        "south": {
          "uv": [
            6.12,
            3.25,
            6.38,
            5.440001
          ],
          "texture": "#sonicscrewdriver",
          "rotation": 180
        },
        "west": {
          "uv": [
            6.38,
            13.88,
            7.44,
            16
          ],
          "texture": "#sonicscrewdriver",
          "rotation": 180
        },
        "east": {
          "uv": [
            6.38,
            11.69,
            7.44,
            13.81
          ],
          "texture": "#sonicscrewdriver"
        }
      }
    },
    {
      "__comment": "New",
      "from": [
        7.598,
        6.0765,
        7.4836
      ],
      "to": [
        8.39297,
        7.46679,
        7.683249
      ],
      "faces": {
        "down": {
          "uv": [
            4.56,
            0,
            4.81,
            1.059999
          ],
          "texture": "#sonicscrewdriver",
          "rotation": 270
        },
        "up": {
          "uv": [
            1.31,
            0,
            1.62,
            1.059999
          ],
          "texture": "#sonicscrewdriver",
          "rotation": 90
        },
        "north": {
          "uv": [
            1.06,
            6.5,
            2.12,
            8.38
          ],
          "texture": "#sonicscrewdriver"
        },
        "south": {
          "uv": [
            7.75,
            7.559999,
            8.81,
            9.5
          ],
          "texture": "#sonicscrewdriver",
          "rotation": 180
        },
        "west": {
          "uv": [
            4.81,
            0.8100004,
            5.06,
            2.690001
          ],
          "texture": "#sonicscrewdriver",
          "rotation": 180
        },
        "east": {
          "uv": [
            14.69,
            9.25,
            14.94,
            11.12
          ],
          "texture": "#sonicscrewdriver"
        }
      }
    },
    {
      "__comment": "New",
      "from": [
        7.598,
        7.6664,
        7.5816
      ],
      "to": [
        8.39297,
        8.46137,
        8.37657
      ],
      "faces": {
        "down": {
          "uv": [
            1.06,
            2.440001,
            2.12,
            3.5
          ],
          "texture": "#sonicscrewdriver",
          "rotation": 270
        },
        "up": {
          "uv": [
            8.81,
            2.190001,
            9.88,
            3.25
          ],
          "texture": "#sonicscrewdriver",
          "rotation": 270
        },
        "north": {
          "uv": [
            9.88,
            2.190001,
            10.94,
            3.25
          ],
          "texture": "#sonicscrewdriver",
          "rotation": 180
        },
        "south": {
          "uv": [
            10.94,
            2.190001,
            12,
            3.25
          ],
          "texture": "#sonicscrewdriver",
          "rotation": 180
        },
        "west": {
          "uv": [
            12.56,
            5.690001,
            13.62,
            6.75
          ],
          "texture": "#sonicscrewdriver",
          "rotation": 90
        },
        "east": {
          "uv": [
            12.56,
            4.62,
            13.62,
            5.690001
          ],
          "texture": "#sonicscrewdriver"
        }
      }
    },
    {
      "__comment": "New",
      "from": [
        7.598,
        5.8768,
        7.4836
      ],
      "to": [
        8.39297,
        6.07645,
        8.47822
      ],
      "faces": {
        "down": {
          "uv": [
            2.12,
            2.690001,
            3.19,
            4.059999
          ],
          "texture": "#sonicscrewdriver"
        },
        "up": {
          "uv": [
            3.19,
            2.690001,
            4.25,
            4.059999
          ],
          "texture": "#sonicscrewdriver"
        },
        "north": {
          "uv": [
            7.19,
            0,
            7.44,
            1.059999
          ],
          "texture": "#sonicscrewdriver",
          "rotation": 270
        },
        "south": {
          "uv": [
            5.31,
            0,
            5.62,
            1.059999
          ],
          "texture": "#sonicscrewdriver",
          "rotation": 270
        },
        "west": {
          "uv": [
            9.62,
            0,
            9.88,
            1.38
          ],
          "texture": "#sonicscrewdriver",
          "rotation": 90
        },
        "east": {
          "uv": [
            15.44,
            13.31,
            15.75,
            14.62
          ],
          "texture": "#sonicscrewdriver",
          "rotation": 90
        }
      }
    },
    {
      "__comment": "New",
      "from": [
        7.5,
        10.1494,
        7.5816
      ],
      "to": [
        8.49462,
        10.34905,
        8.37657
      ],
      "faces": {
        "down": {
          "uv": [
            10.94,
            3.25,
            12,
            4.62
          ],
          "texture": "#sonicscrewdriver",
          "rotation": 270
        },
        "up": {
          "uv": [
            12,
            3.25,
            13.06,
            4.62
          ],
          "texture": "#sonicscrewdriver",
          "rotation": 270
        },
        "north": {
          "uv": [
            15.44,
            14.62,
            15.75,
            16
          ],
          "texture": "#sonicscrewdriver",
          "rotation": 270
        },
        "south": {
          "uv": [
            15.44,
            7.88,
            15.75,
            9.25
          ],
          "texture": "#sonicscrewdriver",
          "rotation": 270
        },
        "west": {
          "uv": [
            13.06,
            0,
            13.31,
            1.059999
          ],
          "texture": "#sonicscrewdriver",
          "rotation": 90
        },
        "east": {
          "uv": [
            14.94,
            4.62,
            15.19,
            5.690001
          ],
          "texture": "#sonicscrewdriver",
          "rotation": 90
        }
      }
    },
    {
      "__comment": "New",
      "from": [
        7.3984,
        5.7752,
        7.5816
      ],
      "to": [
        8.592669,
        5.97485,
        8.37657
      ],
      "faces": {
        "down": {
          "uv": [
            10.12,
            9.5,
            11.19,
            11.12
          ],
          "texture": "#sonicscrewdriver",
          "rotation": 270
        },
        "up": {
          "uv": [
            7.75,
            4.62,
            8.81,
            6.25
          ],
          "texture": "#sonicscrewdriver",
          "rotation": 270
        },
        "north": {
          "uv": [
            15.19,
            9.5,
            15.44,
            11.12
          ],
          "texture": "#sonicscrewdriver",
          "rotation": 270
        },
        "south": {
          "uv": [
            15.19,
            11.12,
            15.44,
            12.75
          ],
          "texture": "#sonicscrewdriver",
          "rotation": 270
        },
        "west": {
          "uv": [
            12.81,
            0,
            13.06,
            1.059999
          ],
          "texture": "#sonicscrewdriver",
          "rotation": 90
        },
        "east": {
          "uv": [
            15.44,
            2.440001,
            15.75,
            3.5
          ],
          "texture": "#sonicscrewdriver",
          "rotation": 90
        }
      }
    },
    {
      "__comment": "New",
      "from": [
        7.598,
        5.7752,
        7.3856
      ],
      "to": [
        8.39297,
        5.97485,
        8.57624
      ],
      "faces": {
        "down": {
          "uv": [
            1.06,
            3.5,
            2.12,
            5.12
          ],
          "texture": "#sonicscrewdriver"
        },
        "up": {
          "uv": [
            10.94,
            4.62,
            12,
            6.25
          ],
          "texture": "#sonicscrewdriver"
        },
        "north": {
          "uv": [
            6.38,
            0,
            6.69,
            1.059999
          ],
          "texture": "#sonicscrewdriver",
          "rotation": 90
        },
        "south": {
          "uv": [
            5.62,
            0,
            5.88,
            1.059999
          ],
          "texture": "#sonicscrewdriver",
          "rotation": 270
        },
        "west": {
          "uv": [
            15.19,
            3,
            15.44,
            4.62
          ],
          "texture": "#sonicscrewdriver",
          "rotation": 90
        },
        "east": {
          "uv": [
            15.19,
            5.690001,
            15.5,
            7.309999
          ],
          "texture": "#sonicscrewdriver",
          "rotation": 90
        }
      }
    },
    {
      "__comment": "New",
      "from": [
        7.5,
        5.7752,
        7.4836
      ],
      "to": [
        8.49462,
        5.97485,
        8.47822
      ],
      "faces": {
        "down": {
          "uv": [
            9.06,
            6.25,
            10.38,
            7.559999
          ],
          "texture": "#sonicscrewdriver"
        },
        "up": {
          "uv": [
            2.12,
            5.690001,
            3.44,
            7.059999
          ],
          "texture": "#sonicscrewdriver"
        },
        "north": {
          "uv": [
            9.06,
            0,
            9.31,
            1.38
          ],
          "texture": "#sonicscrewdriver",
          "rotation": 270
        },
        "south": {
          "uv": [
            8.25,
            0,
            8.56,
            1.38
          ],
          "texture": "#sonicscrewdriver",
          "rotation": 270
        },
        "west": {
          "uv": [
            9.88,
            0,
            10.12,
            1.38
          ],
          "texture": "#sonicscrewdriver",
          "rotation": 90
        },
        "east": {
          "uv": [
            14.69,
            0.25,
            14.94,
            1.62
          ],
          "texture": "#sonicscrewdriver",
          "rotation": 90
        }
      }
    },
    {
      "__comment": "New",
      "from": [
        8.295,
        8.1601,
        8.2786
      ],
      "to": [
        8.49465,
        8.359751,
        8.47825
      ],
      "faces": {
        "down": {
          "uv": [
            9.06,
            7.559999,
            9.31,
            7.88
          ],
          "texture": "#sonicscrewdriver"
        },
        "up": {
          "uv": [
            8.81,
            7.559999,
            9.06,
            7.88
          ],
          "texture": "#sonicscrewdriver"
        },
        "north": {
          "uv": [
            8,
            9.5,
            8.25,
            9.75
          ],
          "texture": "#sonicscrewdriver",
          "rotation": 180
        },
        "south": {
          "uv": [
            14.38,
            0,
            14.69,
            0.25
          ],
          "texture": "#sonicscrewdriver",
          "rotation": 180
        },
        "west": {
          "uv": [
            11.44,
            9.25,
            11.75,
            9.5
          ],
          "texture": "#sonicscrewdriver",
          "rotation": 90
        },
        "east": {
          "uv": [
            11.44,
            10.88,
            11.75,
            11.12
          ],
          "texture": "#sonicscrewdriver",
          "rotation": 90
        }
      }
    },
    {
      "__comment": "New",
      "from": [
        7.6996,
        7.4668,
        7.6832
      ],
      "to": [
        8.29492,
        7.66645,
        8.27852
      ],
      "faces": {
        "down": {
          "uv": [
            10.12,
            1.38,
            10.94,
            2.190001
          ],
          "texture": "#sonicscrewdriver",
          "rotation": 270
        },
        "up": {
          "uv": [
            8.56,
            1.38,
            9.31,
            2.190001
          ],
          "texture": "#sonicscrewdriver",
          "rotation": 270
        },
        "north": {
          "uv": [
            2.69,
            0,
            2.94,
            0.8100004
          ],
          "texture": "#sonicscrewdriver",
          "rotation": 270
        },
        "south": {
          "uv": [
            1.62,
            0,
            1.88,
            0.8100004
          ],
          "texture": "#sonicscrewdriver",
          "rotation": 270
        },
        "west": {
          "uv": [
            2.94,
            0,
            3.19,
            0.8100004
          ],
          "texture": "#sonicscrewdriver",
          "rotation": 90
        },
        "east": {
          "uv": [
            6.12,
            2.440001,
            6.38,
            3.25
          ],
          "texture": "#sonicscrewdriver",
          "rotation": 90
        }
      }
    },
    {
      "__comment": "New",
      "from": [
        7.598,
        7.3651,
        7.3856
      ],
      "to": [
        8.39297,
        7.56112,
        8.57624
      ],
      "faces": {
        "down": {
          "uv": [
            11.19,
            14.38,
            12.25,
            16
          ],
          "texture": "#sonicscrewdriver"
        },
        "up": {
          "uv": [
            5.06,
            3.809999,
            6.12,
            5.440001
          ],
          "texture": "#sonicscrewdriver"
        },
        "north": {
          "uv": [
            11.19,
            0.25,
            11.44,
            1.38
          ],
          "texture": "#sonicscrewdriver",
          "rotation": 270
        },
        "south": {
          "uv": [
            14.94,
            0.25,
            15.19,
            1.38
          ],
          "texture": "#sonicscrewdriver",
          "rotation": 270
        },
        "west": {
          "uv": [
            15.19,
            1.38,
            15.44,
            3
          ],
          "texture": "#sonicscrewdriver",
          "rotation": 90
        },
        "east": {
          "uv": [
            15.19,
            12.75,
            15.44,
            14.38
          ],
          "texture": "#sonicscrewdriver",
          "rotation": 90
        }
      }
    },
    {
      "__comment": "New",
      "from": [
        7.3984,
        7.3651,
        7.5816
      ],
      "to": [
        8.592669,
        7.5829,
        8.37657
      ],
      "faces": {
        "down": {
          "uv": [
            10.12,
            11.12,
            11.19,
            12.75
          ],
          "texture": "#sonicscrewdriver",
          "rotation": 270
        },
        "up": {
          "uv": [
            10.12,
            12.75,
            11.19,
            14.38
          ],
          "texture": "#sonicscrewdriver",
          "rotation": 270
        },
        "north": {
          "uv": [
            14.69,
            5.690001,
            14.94,
            7.309999
          ],
          "texture": "#sonicscrewdriver",
          "rotation": 270
        },
        "south": {
          "uv": [
            1.62,
            0.8100004,
            1.88,
            2.440001
          ],
          "texture": "#sonicscrewdriver",
          "rotation": 270
        },
        "west": {
          "uv": [
            11.19,
            7.88,
            11.5,
            8.94
          ],
          "texture": "#sonicscrewdriver",
          "rotation": 90
        },
        "east": {
          "uv": [
            14.69,
            4.62,
            14.94,
            5.690001
          ],
          "texture": "#sonicscrewdriver",
          "rotation": 90
        }
      }
    },
    {
      "__comment": "New",
      "from": [
        7.5,
        7.3651,
        7.4836
      ],
      "to": [
        8.49462,
        7.57201,
        8.47822
      ],
      "faces": {
        "down": {
          "uv": [
            5.06,
            5.440001,
            6.38,
            6.75
          ],
          "texture": "#sonicscrewdriver"
        },
        "up": {
          "uv": [
            8.81,
            13,
            10.12,
            14.38
          ],
          "texture": "#sonicscrewdriver"
        },
        "north": {
          "uv": [
            0.25,
            1.25,
            0.56,
            1.38
          ],
          "texture": "#sonicscrewdriver",
          "rotation": 270
        },
        "south": {
          "uv": [
            7.75,
            0,
            8,
            1.38
          ],
          "texture": "#sonicscrewdriver",
          "rotation": 270
        },
        "west": {
          "uv": [
            0,
            0,
            0.25,
            0.1199999
          ],
          "texture": "#sonicscrewdriver",
          "rotation": 90
        },
        "east": {
          "uv": [
            8,
            0,
            8.25,
            1.38
          ],
          "texture": "#sonicscrewdriver",
          "rotation": 90
        }
      }
    },
    {
      "__comment": "New",
      "from": [
        7.3004,
        8.7591,
        7.7812
      ],
      "to": [
        7.500049,
        9.94974,
        8.1805
      ],
      "faces": {
        "down": {
          "uv": [
            15.5,
            4.62,
            15.75,
            5.12
          ],
          "texture": "#sonicscrewdriver"
        },
        "up": {
          "uv": [
            15.75,
            14.94,
            16,
            15.44
          ],
          "texture": "#sonicscrewdriver"
        },
        "north": {
          "uv": [
            14.94,
            12.75,
            15.19,
            14.38
          ],
          "texture": "#sonicscrewdriver",
          "rotation": 180
        },
        "south": {
          "uv": [
            14.94,
            9.5,
            15.19,
            11.12
          ],
          "texture": "#sonicscrewdriver",
          "rotation": 180
        },
        "west": {
          "uv": [
            13.88,
            12.75,
            14.38,
            14.38
          ],
          "texture": "#sonicscrewdriver",
          "rotation": 180
        },
        "east": {
          "uv": [
            13.31,
            11.12,
            13.88,
            12.75
          ],
          "texture": "#sonicscrewdriver"
        }
      }
    },
    {
      "__comment": "New",
      "from": [
        7.5,
        9.7501,
        7.4836
      ],
      "to": [
        8.49462,
        10.1494,
        8.47822
      ],
      "faces": {
        "down": {
          "uv": [
            8.81,
            9.75,
            10.12,
            11.12
          ],
          "texture": "#sonicscrewdriver"
        },
        "up": {
          "uv": [
            7.75,
            6.25,
            9.06,
            7.559999
          ],
          "texture": "#sonicscrewdriver"
        },
        "north": {
          "uv": [
            5.06,
            1.059999,
            5.62,
            2.440001
          ],
          "texture": "#sonicscrewdriver",
          "rotation": 270
        },
        "south": {
          "uv": [
            6.69,
            1.12,
            7.19,
            2.440001
          ],
          "texture": "#sonicscrewdriver",
          "rotation": 270
        },
        "west": {
          "uv": [
            14.12,
            9.75,
            14.69,
            11.12
          ],
          "texture": "#sonicscrewdriver",
          "rotation": 90
        },
        "east": {
          "uv": [
            1.06,
            1.059999,
            1.62,
            2.440001
          ],
          "texture": "#sonicscrewdriver",
          "rotation": 270
        }
      }
    },
    {
      "__comment": "New",
      "from": [
        8.295,
        8.1601,
        7.4836
      ],
      "to": [
        8.49465,
        8.359751,
        7.683249
      ],
      "faces": {
        "down": {
          "uv": [
            9.31,
            7.559999,
            9.62,
            7.88
          ],
          "texture": "#sonicscrewdriver"
        },
        "up": {
          "uv": [
            14.38,
            3.25,
            14.69,
            3.5
          ],
          "texture": "#sonicscrewdriver"
        },
        "north": {
          "uv": [
            7.44,
            9.5,
            7.75,
            9.75
          ],
          "texture": "#sonicscrewdriver",
          "rotation": 180
        },
        "south": {
          "uv": [
            14.69,
            0,
            14.94,
            0.25
          ],
          "texture": "#sonicscrewdriver",
          "rotation": 180
        },
        "west": {
          "uv": [
            11.44,
            10.31,
            11.75,
            10.56
          ],
          "texture": "#sonicscrewdriver",
          "rotation": 90
        },
        "east": {
          "uv": [
            11.44,
            10.56,
            11.75,
            10.88
          ],
          "texture": "#sonicscrewdriver",
          "rotation": 90
        }
      }
    },
    {
      "__comment": "New",
      "from": [
        7.5,
        8.1601,
        7.4836
      ],
      "to": [
        7.69965,
        8.359751,
        7.683249
      ],
      "faces": {
        "down": {
          "uv": [
            9.62,
            7.559999,
            9.88,
            7.88
          ],
          "texture": "#sonicscrewdriver"
        },
        "up": {
          "uv": [
            14.69,
            3.25,
            14.94,
            3.5
          ],
          "texture": "#sonicscrewdriver"
        },
        "north": {
          "uv": [
            7.75,
            9.5,
            8,
            9.75
          ],
          "texture": "#sonicscrewdriver",
          "rotation": 180
        },
        "south": {
          "uv": [
            8.56,
            9.5,
            8.81,
            9.75
          ],
          "texture": "#sonicscrewdriver",
          "rotation": 180
        },
        "west": {
          "uv": [
            11.44,
            9.75,
            11.75,
            10.06
          ],
          "texture": "#sonicscrewdriver",
          "rotation": 90
        },
        "east": {
          "uv": [
            11.44,
            10.06,
            11.75,
            10.31
          ],
          "texture": "#sonicscrewdriver",
          "rotation": 90
        }
      }
    },
    {
      "__comment": "New",
      "from": [
        7.5,
        8.1601,
        8.2786
      ],
      "to": [
        7.69965,
        8.359751,
        8.47825
      ],
      "faces": {
        "down": {
          "uv": [
            9.88,
            11.12,
            10.12,
            11.38
          ],
          "texture": "#sonicscrewdriver"
        },
        "up": {
          "uv": [
            10.12,
            0,
            10.44,
            0.25
          ],
          "texture": "#sonicscrewdriver"
        },
        "north": {
          "uv": [
            9.88,
            14.38,
            10.12,
            14.62
          ],
          "texture": "#sonicscrewdriver"
        },
        "south": {
          "uv": [
            8.25,
            9.5,
            8.56,
            9.75
          ],
          "texture": "#sonicscrewdriver",
          "rotation": 180
        },
        "west": {
          "uv": [
            11.44,
            9.5,
            11.75,
            9.75
          ],
          "texture": "#sonicscrewdriver",
          "rotation": 90
        },
        "east": {
          "uv": [
            9.06,
            11.12,
            9.31,
            11.38
          ],
          "texture": "#sonicscrewdriver"
        }
      }
    },
    {
      "__comment": "New",
      "from": [
        7.598,
        10.349,
        7.5816
      ],
      "to": [
        8.39297,
        10.54865,
        8.37657
      ],
      "faces": {
        "down": {
          "uv": [
            12.56,
            7.88,
            13.62,
            8.94
          ],
          "texture": "#sonicscrewdriver",
          "rotation": 270
        },
        "up": {
          "uv": [
            6.38,
            2.440001,
            7.44,
            3.5
          ],
          "texture": "#sonicscrewdriver",
          "rotation": 270
        },
        "north": {
          "uv": [
            14.12,
            0,
            14.38,
            1.059999
          ],
          "texture": "#sonicscrewdriver",
          "rotation": 270
        },
        "south": {
          "uv": [
            7.44,
            0,
            7.75,
            1.059999
          ],
          "texture": "#sonicscrewdriver",
          "rotation": 270
        },
        "west": {
          "uv": [
            15.44,
            3.5,
            15.75,
            4.62
          ],
          "texture": "#sonicscrewdriver",
          "rotation": 90
        },
        "east": {
          "uv": [
            6.69,
            0,
            6.94,
            1.059999
          ],
          "texture": "#sonicscrewdriver",
          "rotation": 90
        }
      }
    },
    {
      "__comment": "New",
      "from": [
        7.7977,
        8.7591,
        7.2839
      ],
      "to": [
        8.19337,
        9.94974,
        7.48355
      ],
      "faces": {
        "down": {
          "uv": [
            15.5,
            5.12,
            15.75,
            5.690001
          ],
          "texture": "#sonicscrewdriver",
          "rotation": 270
        },
        "up": {
          "uv": [
            15.44,
            1.38,
            15.75,
            1.88
          ],
          "texture": "#sonicscrewdriver",
          "rotation": 90
        },
        "north": {
          "uv": [
            13.88,
            11.12,
            14.38,
            12.75
          ],
          "texture": "#sonicscrewdriver",
          "rotation": 180
        },
        "south": {
          "uv": [
            13.31,
            12.75,
            13.88,
            14.38
          ],
          "texture": "#sonicscrewdriver",
          "rotation": 180
        },
        "west": {
          "uv": [
            14.69,
            1.62,
            14.94,
            3.25
          ],
          "texture": "#sonicscrewdriver",
          "rotation": 180
        },
        "east": {
          "uv": [
            13.31,
            0.5600004,
            13.62,
            2.190001
          ],
          "texture": "#sonicscrewdriver"
        }
      }
    },
    {
      "__comment": "New",
      "from": [
        7.7977,
        8.7591,
        8.4782
      ],
      "to": [
        8.19337,
        9.94974,
        8.67785
      ],
      "faces": {
        "down": {
          "uv": [
            13.31,
            0,
            13.62,
            0.5600004
          ],
          "texture": "#sonicscrewdriver",
          "rotation": 90
        },
        "up": {
          "uv": [
            15.75,
            14.38,
            16,
            14.94
          ],
          "texture": "#sonicscrewdriver",
          "rotation": 270
        },
        "north": {
          "uv": [
            13.31,
            14.38,
            13.88,
            16
          ],
          "texture": "#sonicscrewdriver",
          "rotation": 180
        },
        "south": {
          "uv": [
            3.75,
            1.059999,
            4.25,
            2.690001
          ],
          "texture": "#sonicscrewdriver",
          "rotation": 180
        },
        "west": {
          "uv": [
            12,
            4.62,
            12.25,
            6.25
          ],
          "texture": "#sonicscrewdriver",
          "rotation": 180
        },
        "east": {
          "uv": [
            14.94,
            1.38,
            15.19,
            3
          ],
          "texture": "#sonicscrewdriver"
        }
      }
    },
    {
      "__comment": "New",
      "from": [
        8.494599,
        8.7591,
        7.7812
      ],
      "to": [
        8.690619,
        9.94974,
        8.1805
      ],
      "faces": {
        "down": {
          "uv": [
            15.5,
            6.75,
            15.75,
            7.309999
          ],
          "texture": "#sonicscrewdriver"
        },
        "up": {
          "uv": [
            15.5,
            6.25,
            15.75,
            6.75
          ],
          "texture": "#sonicscrewdriver",
          "rotation": 180
        },
        "north": {
          "uv": [
            14.94,
            3,
            15.19,
            4.62
          ],
          "texture": "#sonicscrewdriver",
          "rotation": 180
        },
        "south": {
          "uv": [
            14.94,
            7.88,
            15.19,
            9.5
          ],
          "texture": "#sonicscrewdriver",
          "rotation": 180
        },
        "west": {
          "uv": [
            11.19,
            11.12,
            11.75,
            12.75
          ],
          "texture": "#sonicscrewdriver",
          "rotation": 180
        },
        "east": {
          "uv": [
            4.25,
            1.059999,
            4.81,
            2.690001
          ],
          "texture": "#sonicscrewdriver"
        }
      }
    },
    {
      "__comment": "New",
      "from": [
        7.598,
        8.359799,
        7.3856
      ],
      "to": [
        8.39297,
        8.955119,
        8.57624
      ],
      "faces": {
        "down": {
          "uv": [
            9.88,
            4.62,
            10.94,
            6.25
          ],
          "texture": "#sonicscrewdriver"
        },
        "up": {
          "uv": [
            3.75,
            3.88,
            3.69,
            3.940001
          ],
          "texture": "#sonicscrewdriver",
          "rotation": 180
        },
        "north": {
          "uv": [
            2.12,
            1.62,
            2.94,
            2.690001
          ],
          "texture": "#sonicscrewdriver",
          "rotation": 270
        },
        "south": {
          "uv": [
            11.44,
            6.25,
            12.25,
            7.309999
          ],
          "texture": "#sonicscrewdriver",
          "rotation": 270
        },
        "west": {
          "uv": [
            4.25,
            4.059999,
            5.06,
            5.690001
          ],
          "texture": "#sonicscrewdriver",
          "rotation": 90
        },
        "east": {
          "uv": [
            12.56,
            11.12,
            13.31,
            12.75
          ],
          "texture": "#sonicscrewdriver",
          "rotation": 90
        }
      }
    },
    {
      "__comment": "New",
      "from": [
        7.5,
        8.359799,
        7.4836
      ],
      "to": [
        8.49462,
        8.955119,
        8.47822
      ],
      "faces": {
        "down": {
          "uv": [
            8.81,
            8.44,
            10.12,
            9.75
          ],
          "texture": "#sonicscrewdriver"
        },
        "up": {
          "uv": [
            3.69,
            3.809999,
            3.75,
            3.88
          ],
          "texture": "#sonicscrewdriver",
          "rotation": 180
        },
        "north": {
          "uv": [
            12,
            1.88,
            12.81,
            3.25
          ],
          "texture": "#sonicscrewdriver",
          "rotation": 270
        },
        "south": {
          "uv": [
            4.25,
            2.690001,
            5.06,
            4.059999
          ],
          "texture": "#sonicscrewdriver",
          "rotation": 270
        },
        "west": {
          "uv": [
            1.31,
            5.12,
            2.12,
            6.5
          ],
          "texture": "#sonicscrewdriver",
          "rotation": 90
        },
        "east": {
          "uv": [
            13.06,
            3.25,
            13.88,
            4.62
          ],
          "texture": "#sonicscrewdriver",
          "rotation": 90
        }
      }
    },
    {
      "__comment": "New",
      "from": [
        7.3984,
        8.359799,
        7.5816
      ],
      "to": [
        8.592669,
        8.955119,
        8.37657
      ],
      "faces": {
        "down": {
          "uv": [
            10.12,
            7.88,
            11.19,
            9.5
          ],
          "texture": "#sonicscrewdriver",
          "rotation": 270
        },
        "up": {
          "uv": [
            3.69,
            3.940001,
            3.75,
            4
          ],
          "texture": "#sonicscrewdriver",
          "rotation": 90
        },
        "north": {
          "uv": [
            12.56,
            12.75,
            13.31,
            14.38
          ],
          "texture": "#sonicscrewdriver",
          "rotation": 270
        },
        "south": {
          "uv": [
            12.56,
            14.38,
            13.31,
            16
          ],
          "texture": "#sonicscrewdriver",
          "rotation": 270
        },
        "west": {
          "uv": [
            12.81,
            2.190001,
            13.62,
            3.25
          ],
          "texture": "#sonicscrewdriver",
          "rotation": 90
        },
        "east": {
          "uv": [
            2.94,
            1.62,
            3.75,
            2.690001
          ],
          "texture": "#sonicscrewdriver",
          "rotation": 90
        }
      }
    },
    {
      "__comment": "New",
      "from": [
        7.598,
        9.7501,
        7.3856
      ],
      "to": [
        8.39297,
        10.1494,
        8.57624
      ],
      "faces": {
        "down": {
          "uv": [
            10.38,
            6.25,
            11.44,
            7.88
          ],
          "texture": "#sonicscrewdriver"
        },
        "up": {
          "uv": [
            2.12,
            4.059999,
            3.19,
            5.690001
          ],
          "texture": "#sonicscrewdriver"
        },
        "north": {
          "uv": [
            14.38,
            11.69,
            14.94,
            12.75
          ],
          "texture": "#sonicscrewdriver",
          "rotation": 270
        },
        "south": {
          "uv": [
            14.44,
            13.81,
            14.94,
            14.94
          ],
          "texture": "#sonicscrewdriver",
          "rotation": 270
        },
        "west": {
          "uv": [
            13.88,
            14.38,
            14.38,
            16
          ],
          "texture": "#sonicscrewdriver",
          "rotation": 90
        },
        "east": {
          "uv": [
            13.62,
            1.62,
            14.12,
            3.309999
          ],
          "texture": "#sonicscrewdriver",
          "rotation": 90
        }
      }
    },
    {
      "__comment": "New",
      "from": [
        7.3984,
        9.7501,
        7.5816
      ],
      "to": [
        8.592669,
        10.1494,
        8.37657
      ],
      "faces": {
        "down": {
          "uv": [
            8.81,
            4.62,
            9.88,
            6.25
          ],
          "texture": "#sonicscrewdriver",
          "rotation": 270
        },
        "up": {
          "uv": [
            10.12,
            14.38,
            11.19,
            16
          ],
          "texture": "#sonicscrewdriver",
          "rotation": 270
        },
        "north": {
          "uv": [
            13.62,
            4.62,
            14.12,
            6.25
          ],
          "texture": "#sonicscrewdriver",
          "rotation": 270
        },
        "south": {
          "uv": [
            13.62,
            6.25,
            14.12,
            7.88
          ],
          "texture": "#sonicscrewdriver",
          "rotation": 270
        },
        "west": {
          "uv": [
            14.12,
            1.059999,
            14.69,
            2.190001
          ],
          "texture": "#sonicscrewdriver",
          "rotation": 90
        },
        "east": {
          "uv": [
            14.38,
            14.94,
            14.94,
            16
          ],
          "texture": "#sonicscrewdriver",
          "rotation": 90
        }
      }
    },
    {
      "__comment": "New",
      "from": [
        7.598,
        9.949699,
        7.4836
      ],
      "to": [
        8.39297,
        10.14935,
        8.47822
      ],
      "faces": {
        "down": {
          "uv": [
            9.88,
            3.25,
            10.94,
            4.62
          ],
          "texture": "#sonicscrewdriver"
        },
        "up": {
          "uv": [
            5.06,
            2.440001,
            6.12,
            3.809999
          ],
          "texture": "#sonicscrewdriver"
        },
        "north": {
          "uv": [
            10.12,
            0.25,
            10.44,
            1.38
          ],
          "texture": "#sonicscrewdriver",
          "rotation": 90
        },
        "south": {
          "uv": [
            5.88,
            0,
            6.12,
            1.059999
          ],
          "texture": "#sonicscrewdriver",
          "rotation": 270
        },
        "west": {
          "uv": [
            15.44,
            10.56,
            15.75,
            11.94
          ],
          "texture": "#sonicscrewdriver",
          "rotation": 90
        },
        "east": {
          "uv": [
            15.44,
            11.94,
            15.75,
            13.31
          ],
          "texture": "#sonicscrewdriver",
          "rotation": 90
        }
      }
    },
    {
      "__comment": "New",
      "from": [
        7.5,
        9.949699,
        7.5816
      ],
      "to": [
        8.49462,
        10.14935,
        8.37657
      ],
      "faces": {
        "down": {
          "uv": [
            6.38,
            3.5,
            7.44,
            4.88
          ],
          "texture": "#sonicscrewdriver",
          "rotation": 270
        },
        "up": {
          "uv": [
            0,
            2.190001,
            1.06,
            3.5
          ],
          "texture": "#sonicscrewdriver",
          "rotation": 270
        },
        "north": {
          "uv": [
            8.81,
            0,
            9.06,
            1.38
          ],
          "texture": "#sonicscrewdriver",
          "rotation": 270
        },
        "south": {
          "uv": [
            15.44,
            9.25,
            15.75,
            10.56
          ],
          "texture": "#sonicscrewdriver",
          "rotation": 270
        },
        "west": {
          "uv": [
            6.12,
            0,
            6.38,
            1.059999
          ],
          "texture": "#sonicscrewdriver",
          "rotation": 90
        },
        "east": {
          "uv": [
            10.44,
            0.25,
            10.69,
            1.38
          ],
          "texture": "#sonicscrewdriver",
          "rotation": 90
        }
      }
    },
    {
      "__comment": "New",
      "from": [
        7.598,
        10.1494,
        7.4836
      ],
      "to": [
        8.39297,
        10.34905,
        8.47822
      ],
      "faces": {
        "down": {
          "uv": [
            8.81,
            3.25,
            9.88,
            4.62
          ],
          "texture": "#sonicscrewdriver"
        },
        "up": {
          "uv": [
            7.75,
            3.25,
            8.81,
            4.62
          ],
          "texture": "#sonicscrewdriver"
        },
        "north": {
          "uv": [
            10.94,
            0.25,
            11.19,
            1.38
          ],
          "texture": "#sonicscrewdriver",
          "rotation": 90
        },
        "south": {
          "uv": [
            6.94,
            0,
            7.19,
            1.059999
          ],
          "texture": "#sonicscrewdriver",
          "rotation": 270
        },
        "west": {
          "uv": [
            9.31,
            0,
            9.62,
            1.38
          ],
          "texture": "#sonicscrewdriver",
          "rotation": 90
        },
        "east": {
          "uv": [
            8.56,
            0,
            8.81,
            1.38
          ],
          "texture": "#sonicscrewdriver",
          "rotation": 90
        }
      }
    },
    {
      "__comment": "New",
      "from": [
        8.295,
        5.8768,
        7.5816
      ],
      "to": [
        8.49465,
        7.46674,
        8.37657
      ],
      "faces": {
        "down": {
          "uv": [
            4.25,
            0,
            4.56,
            1.059999
          ],
          "texture": "#sonicscrewdriver"
        },
        "up": {
          "uv": [
            4,
            0,
            4.25,
            1.059999
          ],
          "texture": "#sonicscrewdriver"
        },
        "north": {
          "uv": [
            7.5,
            4.5,
            7.75,
            6.25
          ],
          "texture": "#sonicscrewdriver",
          "rotation": 180
        },
        "south": {
          "uv": [
            4.81,
            6.25,
            5.06,
            8.25
          ],
          "texture": "#sonicscrewdriver",
          "rotation": 180
        },
        "west": {
          "uv": [
            5.31,
            10.06,
            6.38,
            12.19
          ],
          "texture": "#sonicscrewdriver",
          "rotation": 180
        },
        "east": {
          "uv": [
            6.38,
            9.5,
            7.44,
            11.56
          ],
          "texture": "#sonicscrewdriver"
        }
      }
    },
    {
      "__comment": "new",
      "from": [
        7.3984,
        2.9946,
        7.4836
      ],
      "to": [
        8.592669,
        5.77518,
        8.47822
      ],
      "faces": {
        "down": {
          "uv": [
            6.38,
            7.88,
            7.75,
            9.5
          ],
          "texture": "#sonicscrewdriver",
          "rotation": 270
        },
        "up": {
          "uv": [
            7.44,
            14.38,
            8.81,
            16
          ],
          "texture": "#sonicscrewdriver",
          "rotation": 270
        },
        "north": {
          "uv": [
            3.19,
            12.19,
            4.81,
            16
          ],
          "texture": "#sonicscrewdriver",
          "rotation": 180
        },
        "south": {
          "uv": [
            1.62,
            12.19,
            3.19,
            16
          ],
          "texture": "#sonicscrewdriver",
          "rotation": 180
        },
        "west": {
          "uv": [
            0,
            8.44,
            1.31,
            12.19
          ],
          "texture": "#sonicscrewdriver",
          "rotation": 180
        },
        "east": {
          "uv": [
            2.69,
            8.44,
            4,
            12.19
          ],
          "texture": "#sonicscrewdriver"
        }
      }
    },
    {
      "__comment": "New",
      "from": [
        7.5,
        5.3795,
        7.8829
      ],
      "to": [
        8.69064,
        5.57915,
        8.078919
      ],
      "faces": {
        "down": {
          "uv": [
            0.81,
            0.5600004,
            1.06,
            2.190001
          ],
          "texture": "#sonicscrewdriver",
          "rotation": 270
        },
        "up": {
          "uv": [
            14.94,
            14.38,
            15.19,
            16
          ],
          "texture": "#sonicscrewdriver",
          "rotation": 270
        },
        "north": {
          "uv": [
            15.19,
            7.88,
            15.44,
            9.5
          ],
          "texture": "#sonicscrewdriver",
          "rotation": 270
        },
        "south": {
          "uv": [
            12.56,
            0.25,
            12.81,
            1.88
          ],
          "texture": "#sonicscrewdriver",
          "rotation": 270
        },
        "west": {
          "uv": [
            9.31,
            14.38,
            9.62,
            14.62
          ],
          "texture": "#sonicscrewdriver",
          "rotation": 90
        },
        "east": {
          "uv": [
            10.12,
            7.559999,
            10.38,
            7.88
          ],
          "texture": "#sonicscrewdriver"
        }
      }
    }
  ],
  "display": {
    "thirdperson_righthand": {
      "translation": [
        -0.3,
        2.2102,
        0.6956
      ],
      "scale": [
        0.5718,
        0.5718,
        0.5718
      ]
    },
    "thirdperson_lefthand": {
      "rotation": [
        270,
        0,
        0
      ],
      "translation": [
        0,
        -2,
        -3.5
      ],
      "scale": [
        0.5718,
        0.5718,
        0.5718
      ]
    },
    "firstperson_righthand": {
      "translation": [
        0,
        5.1385,
        0
      ]
    },
    "firstperson_lefthand": {
      "rotation": [
        0,
        90,
        -90
      ],
      "translation": [
        0,
        0,
        -5
      ]
    },
    "gui": {
      "rotation": [
        0,
        45,
        45
      ],
      "translation": [
        -0.758,
        0.6956,
        0
      ],
      "scale": [
        1.2,
        1.2,
        1.2
      ]
    },
    "head": {
      "rotation": [
        0,
        0,
        -90
      ],
      "translation": [
        2.8451,
        -4.684,
        -6.898
      ]
    },
    "ground": {
      "rotation": [
        0,
        0,
        90
      ],
      "scale": [
        0.5,
        0.5,
        0.5
      ]
    },
    "fixed": {
      "translation": [
        0,
        0.0625,
        0
      ],
      "scale": [
        1.3,
        1.3,
        1.3
      ]
    }
  }
}