{
	"credit": "Made with Blockbench",
	"textures": {
		"base": "other/tardis_base",
		"tardis_ppcb": "other/tardis_ppcb",
		"sign": "other/tardis_door_sign",
		"tardis_window": "other/tardis_window",
		"tardis_lamp": "other/tardis_lamp",
		"tardis_inside": "other/tardis_inside"
	},
	"elements": [
		{
			"name": "Base",
			"from": [-1, -16, -1],
			"to": [17, -15, 17],
			"faces": {
				"north": {"uv": [0, 15, 16, 16], "texture": "#base", "cullface": "down"},
				"east": {"uv": [0, 15, 16, 16], "texture": "#base", "cullface": "down"},
				"south": {"uv": [0, 15, 16, 16], "texture": "#base", "cullface": "down"},
				"west": {"uv": [0, 15, 16, 16], "texture": "#base", "cullface": "down"},
				"up": {"uv": [0, 0, 16, 16], "rotation": 180, "texture": "#base", "cullface": "down"},
				"down": {"uv": [0, 0, 16, 16], "rotation": 180, "texture": "#base", "cullface": "down"}
			}
		},
		{
			"name": "Post",
			"from": [15, -14.5, 15],
			"to": [16, 16, 16],
			"faces": {
				"north": {"uv": [1, 5.5, 2, 16], "texture": "#base", "cullface": "north"},
				"east": {"uv": [14, 5.5, 15, 16], "texture": "#base"},
				"south": {"uv": [14, 5.5, 15, 16], "texture": "#base"},
				"west": {"uv": [1, 5.5, 2, 16], "texture": "#base", "cullface": "west"},
				"up": {"uv": [0, 0, 16, 16], "rotation": 180, "texture": "#base"}
			}
		},
		{
			"name": "Roof",
			"from": [1, 16, 1],
			"to": [15, 17, 15],
			"faces": {
				"north": {"uv": [2, 3, 14, 4], "texture": "#base", "cullface": "up"},
				"east": {"uv": [2, 3, 14, 4], "texture": "#base", "cullface": "up"},
				"south": {"uv": [2, 3, 14, 4], "texture": "#base", "cullface": "up"},
				"west": {"uv": [2, 3, 14, 4], "texture": "#base", "cullface": "up"},
				"up": {"uv": [0, 0, 16, 16], "rotation": 180, "texture": "#base", "cullface": "up"}
			}
		},
		{
			"name": "Lamp",
			"from": [7.5, 20.5, 7],
			"to": [8.5, 21, 7.5],
			"faces": {
				"north": {"uv": [7, 0, 8.5, 2], "texture": "#base", "cullface": "up"},
				"east": {"uv": [7, 0, 8.5, 2], "texture": "#base", "cullface": "up"},
				"west": {"uv": [7, 0, 8.5, 2], "texture": "#base", "cullface": "up"},
				"up": {"uv": [6.5, 6.5, 9, 9], "rotation": 180, "texture": "#base", "cullface": "up"},
				"down": {"uv": [0, 0, 16, 16], "rotation": 180, "texture": "#base"}
			}
		},
		{
			"name": "Roof",
			"from": [1.5, 17, 1.5],
			"to": [14.5, 18, 14.5],
			"faces": {
				"north": {"uv": [2, 2.5, 14, 3], "texture": "#base", "cullface": "up"},
				"east": {"uv": [2, 2.5, 14, 3], "texture": "#base", "cullface": "up"},
				"south": {"uv": [2, 2.5, 14, 3], "texture": "#base", "cullface": "up"},
				"west": {"uv": [2, 2.5, 14, 3], "texture": "#base", "cullface": "up"},
				"up": {"uv": [0, 0, 16, 16], "rotation": 180, "texture": "#base", "cullface": "up"}
			}
		},
		{
			"name": "Base",
			"from": [-0.5, -15, -0.5],
			"to": [16.5, -14.5, 16.5],
			"faces": {
				"north": {"uv": [0.5, 14.5, 15.5, 15], "texture": "#base", "cullface": "down"},
				"east": {"uv": [0.5, 14.5, 15.5, 15], "texture": "#base", "cullface": "down"},
				"south": {"uv": [0.5, 14.5, 15.5, 15], "texture": "#base", "cullface": "down"},
				"west": {"uv": [0.5, 14.5, 15.5, 15], "texture": "#base", "cullface": "down"},
				"up": {"uv": [0, 0, 16, 16], "rotation": 180, "texture": "#base", "cullface": "down"}
			}
		},
		{
			"name": "Post",
			"from": [15, -14.5, 0],
			"to": [16, 16, 1],
			"faces": {
				"north": {"uv": [1, 5.5, 2, 16], "texture": "#base"},
				"east": {"uv": [14, 5.5, 15, 16], "texture": "#base"},
				"south": {"uv": [14, 5.5, 15, 16], "texture": "#base", "cullface": "south"},
				"west": {"uv": [1, 5.5, 2, 16], "texture": "#base", "cullface": "west"},
				"up": {"uv": [0, 0, 16, 16], "rotation": 180, "texture": "#base"}
			}
		},
		{
			"name": "Post",
			"from": [0, -14.5, 0],
			"to": [1, 16, 1],
			"faces": {
				"north": {"uv": [1, 5.5, 2, 16], "texture": "#base"},
				"east": {"uv": [14, 5.5, 15, 16], "texture": "#base", "cullface": "east"},
				"south": {"uv": [14, 5.5, 15, 16], "texture": "#base", "cullface": "south"},
				"west": {"uv": [1, 5.5, 2, 16], "texture": "#base"},
				"up": {"uv": [0, 0, 16, 16], "rotation": 180, "texture": "#base"}
			}
		},
		{
			"name": "Post",
			"from": [0, -14.5, 15],
			"to": [1, 16, 16],
			"faces": {
				"north": {"uv": [1, 5.5, 2, 16], "texture": "#base", "cullface": "north"},
				"east": {"uv": [14, 5.5, 15, 16], "texture": "#base", "cullface": "east"},
				"south": {"uv": [14, 5.5, 15, 16], "texture": "#base"},
				"west": {"uv": [1, 5.5, 2, 16], "texture": "#base"},
				"up": {"uv": [0, 0, 16, 16], "rotation": 180, "texture": "#base"}
			}
		},
		{
			"name": "InnerPost",
			"from": [15, -14.5, 14.5],
			"to": [15.5, 14, 15],
			"faces": {
				"north": {"uv": [1, 5.5, 2, 16], "texture": "#base", "cullface": "north"},
				"east": {"uv": [14, 5.5, 15, 16], "texture": "#base"}
			}
		},
		{
			"name": "InnerPost",
			"from": [14.5, -14.5, 15],
			"to": [15, 14, 15.5],
			"faces": {
				"south": {"uv": [14, 5.5, 15, 16], "texture": "#base"},
				"west": {"uv": [1, 5.5, 2, 16], "texture": "#base", "cullface": "west"}
			}
		},
		{
			"name": "InnerPost",
			"from": [1, -14.5, 15],
			"to": [1.5, 14, 15.5],
			"faces": {
				"east": {"uv": [14, 5.5, 15, 16], "texture": "#base"},
				"south": {"uv": [14, 5.5, 15, 16], "texture": "#base"}
			}
		},
		{
			"name": "InnerPost",
			"from": [0.5, -14.5, 14.5],
			"to": [1, 14, 15],
			"faces": {
				"north": {"uv": [1, 5.5, 2, 16], "texture": "#base", "cullface": "north"},
				"west": {"uv": [1, 5.5, 2, 16], "texture": "#base", "cullface": "west"}
			}
		},
		{
			"name": "InnerPost",
			"from": [1, -14.5, 0.5],
			"to": [1.5, 14, 1],
			"faces": {
				"north": {"uv": [1, 5.5, 2, 16], "texture": "#base", "cullface": "north"},
				"east": {"uv": [14, 5.5, 15, 16], "texture": "#base"}
			}
		},
		{
			"name": "InnerPost",
			"from": [14.5, -14.5, 0.5],
			"to": [15, 14, 1],
			"faces": {
				"north": {"uv": [1, 5.5, 2, 16], "texture": "#base", "cullface": "north"},
				"west": {"uv": [1, 5.5, 2, 16], "texture": "#base", "cullface": "west"}
			}
		},
		{
			"name": "InnerPost",
			"from": [15, -14.5, 1],
			"to": [15.5, 14, 1.5],
			"faces": {
				"east": {"uv": [14, 5.5, 15, 16], "texture": "#base"},
				"south": {"uv": [14, 5.5, 15, 16], "texture": "#base"}
			}
		},
		{
			"name": "MiddlePost",
			"from": [7.5, -14.5, 0.5],
			"to": [8.5, 13.5, 1],
			"faces": {
				"north": {"uv": [1, 5.5, 2, 16], "texture": "#base", "cullface": "north"},
				"east": {"uv": [14, 5.5, 15, 16], "texture": "#base"},
				"west": {"uv": [1, 5.5, 2, 16], "texture": "#base", "cullface": "west"}
			}
		},
		{
			"name": "TopPost",
			"from": [1.5, 13.5, 0.5],
			"to": [14.5, 14, 1],
			"faces": {
				"north": {"uv": [1, 5.5, 2, 16], "texture": "#base", "cullface": "north"},
				"down": {"uv": [0, 0, 16, 16], "rotation": 180, "texture": "#base"}
			}
		},
		{
			"name": "TopPost",
			"from": [1.5, 13.5, 15],
			"to": [14.5, 14, 15.5],
			"faces": {
				"south": {"uv": [14, 5.5, 15, 16], "texture": "#base"},
				"down": {"uv": [0, 0, 16, 16], "rotation": 180, "texture": "#base"}
			}
		},
		{
			"name": "MiddlePost",
			"from": [7.5, -14.5, 15],
			"to": [8.5, 13.5, 15.5],
			"faces": {
				"east": {"uv": [14, 5.5, 15, 16], "texture": "#base"},
				"south": {"uv": [14, 5.5, 15, 16], "texture": "#base"},
				"west": {"uv": [1, 5.5, 2, 16], "texture": "#base", "cullface": "west"}
			}
		},
		{
			"name": "MiddlePost",
			"from": [0.5, -14.5, 7.5],
			"to": [1, 13.5, 8.5],
			"faces": {
				"north": {"uv": [1, 5.5, 2, 16], "texture": "#base", "cullface": "north"},
				"south": {"uv": [14, 5.5, 15, 16], "texture": "#base"},
				"west": {"uv": [1, 5.5, 2, 16], "texture": "#base", "cullface": "west"}
			}
		},
		{
			"name": "MiddlePost",
			"from": [15, -14.5, 7.5],
			"to": [15.5, 13.5, 8.5],
			"faces": {
				"north": {"uv": [1, 5.5, 2, 16], "texture": "#base", "cullface": "north"},
				"east": {"uv": [14, 5.5, 15, 16], "texture": "#base"},
				"south": {"uv": [14, 5.5, 15, 16], "texture": "#base"}
			}
		},
		{
			"name": "InnerFrame",
			"from": [13.5, -14.5, 1],
			"to": [14.5, 13.5, 1.5],
			"faces": {
				"north": {"uv": [1.5, 2.5, 2.5, 16], "texture": "#base"},
				"west": {"uv": [1, 2.5, 1.5, 16], "texture": "#base"}
			}
		},
		{
			"name": "InnerFrame",
			"from": [1.5, -14.5, 1],
			"to": [2.5, 13.5, 1.5],
			"faces": {
				"north": {"uv": [13.5, 2.5, 14.5, 16], "texture": "#base"},
				"east": {"uv": [14.5, 2.5, 15, 16], "texture": "#base"}
			}
		},
		{
			"name": "InnerFrame",
			"from": [8.5, -14.5, 1],
			"to": [9.5, 13.5, 1.5],
			"faces": {
				"north": {"uv": [6.5, 2.5, 7.5, 16], "texture": "#base"},
				"east": {"uv": [14.5, 2.5, 15, 16], "texture": "#base"}
			}
		},
		{
			"name": "InnerFrame",
			"from": [6.5, -14.5, 1],
			"to": [7.5, 13.5, 1.5],
			"faces": {
				"north": {"uv": [8.5, 2.5, 9.5, 16], "texture": "#base"},
				"west": {"uv": [1, 2.5, 1.5, 16], "texture": "#base"}
			}
		},
		{
			"name": "Lock",
			"from": [6.5, -0.75, 0.5],
			"to": [7, -0.25, 1],
			"faces": {
				"north": {"uv": [6, 2, 6.5, 2.5], "texture": "#tardis_lamp"},
				"east": {"uv": [4.5, 1, 5, 1.5], "texture": "#tardis_lamp"},
				"west": {"uv": [4, 1.5, 4.5, 2], "texture": "#tardis_lamp"},
				"up": {"uv": [6, 1.5, 6.5, 2], "texture": "#tardis_lamp"},
				"down": {"uv": [5, 2, 5.5, 2.5], "texture": "#tardis_lamp"}
			}
		},
		{
			"name": "InnerFrame",
			"from": [9.5, 12, 1],
			"to": [13.5, 13.5, 1.5],
			"faces": {
				"north": {"uv": [2.5, 2.5, 6.5, 4], "texture": "#base"},
				"down": {"uv": [13.5, 15, 9.5, 14.5], "rotation": 180, "texture": "#base"}
			}
		},
		{
			"name": "InnerFrame",
			"from": [2.5, 12, 1],
			"to": [6.5, 13.5, 1.5],
			"faces": {
				"north": {"uv": [9.5, 2.5, 13.5, 4], "texture": "#base"},
				"down": {"uv": [6.5, 15, 2.5, 14.5], "rotation": 180, "texture": "#base"}
			}
		},
		{
			"name": "InnerFrame",
			"from": [9.5, -14.5, 1],
			"to": [13.5, -13, 1.5],
			"faces": {
				"north": {"uv": [2.5, 9.5, 6.5, 10.5], "texture": "#base"},
				"up": {"uv": [2.5, 14.5, 6.5, 15], "rotation": 180, "texture": "#base"}
			}
		},
		{
			"name": "InnerFrame",
			"from": [2.5, -14.5, 1],
			"to": [6.5, -13, 1.5],
			"faces": {
				"north": {"uv": [9.5, 9.5, 13.5, 10.5], "texture": "#base"},
				"up": {"uv": [9.5, 14.5, 13.5, 15], "rotation": 180, "texture": "#base"}
			}
		},
		{
			"name": "InnerFrame",
			"from": [9.5, 5.5, 1],
			"to": [13.5, 6.5, 1.5],
			"faces": {
				"north": {"uv": [2.5, 9.5, 6.5, 10.5], "texture": "#base"},
				"up": {"uv": [2.5, 14.5, 6.5, 15], "rotation": 180, "texture": "#base"},
				"down": {"uv": [13.5, 15, 9.5, 14.5], "rotation": 180, "texture": "#base"}
			}
		},
		{
			"name": "InnerFrame",
			"from": [9.5, -1, 1],
			"to": [13.5, 0, 1.5],
			"faces": {
				"north": {"uv": [2.5, 9.5, 6.5, 10.5], "texture": "#base"},
				"up": {"uv": [2.5, 14.5, 6.5, 15], "rotation": 180, "texture": "#base"},
				"down": {"uv": [13.5, 15, 9.5, 14.5], "rotation": 180, "texture": "#base"}
			}
		},
		{
			"name": "InnerFrame",
			"from": [9.5, -7.5, 1],
			"to": [13.5, -6.5, 1.5],
			"faces": {
				"north": {"uv": [2.5, 9.5, 6.5, 10.5], "texture": "#base"},
				"up": {"uv": [2.5, 14.5, 6.5, 15], "rotation": 180, "texture": "#base"},
				"down": {"uv": [13.5, 15, 9.5, 14.5], "rotation": 180, "texture": "#base"}
			}
		},
		{
			"name": "InnerFrame",
			"from": [2.5, 5.5, 1],
			"to": [6.5, 6.5, 1.5],
			"faces": {
				"north": {"uv": [9.5, 9.5, 13.5, 10.5], "texture": "#base"},
				"up": {"uv": [9.5, 14.5, 13.5, 15], "rotation": 180, "texture": "#base"},
				"down": {"uv": [6.5, 15, 2.5, 14.5], "rotation": 180, "texture": "#base"}
			}
		},
		{
			"name": "InnerFrame",
			"from": [2.5, -1, 1],
			"to": [6.5, 0, 1.5],
			"faces": {
				"north": {"uv": [9.5, 9.5, 13.5, 10.5], "texture": "#base"},
				"up": {"uv": [9.5, 14.5, 13.5, 15], "rotation": 180, "texture": "#base"},
				"down": {"uv": [6.5, 15, 2.5, 14.5], "rotation": 180, "texture": "#base"}
			}
		},
		{
			"name": "InnerFrame",
			"from": [2.5, -7.5, 1],
			"to": [6.5, -6.5, 1.5],
			"faces": {
				"north": {"uv": [9.5, 9.5, 13.5, 10.5], "texture": "#base"},
				"up": {"uv": [9.5, 14.5, 13.5, 15], "rotation": 180, "texture": "#base"},
				"down": {"uv": [6.5, 15, 2.5, 14.5], "rotation": 180, "texture": "#base"}
			}
		},
		{
			"name": "DoorHandle",
			"from": [7, 2, 0.5],
			"to": [7.5, 3.5, 1],
			"faces": {
				"north": {"uv": [8.5, 12.5, 9, 14], "texture": "#tardis_ppcb"},
				"west": {"uv": [0.5, 12.5, 1, 14], "texture": "#tardis_ppcb"},
				"up": {"uv": [8.5, 15, 9, 15.5], "rotation": 180, "texture": "#tardis_ppcb"},
				"down": {"uv": [7.5, 15.5, 7, 15], "rotation": 180, "texture": "#tardis_ppcb"}
			}
		},
		{
			"name": "InnerSquares",
			"from": [9.5, 6.5, 1.5],
			"to": [13.5, 12, 2],
			"faces": {
				"north": {"uv": [2, 0.5, 14, 15], "texture": "#tardis_window"}
			}
		},
		{
			"name": "InnerSquares",
			"from": [2.5, 6.5, 1.5],
			"to": [6.5, 12, 2],
			"faces": {
				"north": {"uv": [2, 0.5, 14, 15], "texture": "#tardis_window"}
			}
		},
		{
			"name": "InnerSquares",
			"from": [9.5, 0, 1.5],
			"to": [13.5, 5.5, 2],
			"faces": {
				"north": {"uv": [2, 0, 13.5, 16], "texture": "#sign"}
			}
		},
		{
			"name": "InnerSquares",
			"from": [2.5, 0, 1.5],
			"to": [6.5, 5.5, 2],
			"faces": {
				"north": {"uv": [9.5, 10.5, 13.5, 16], "texture": "#base"}
			}
		},
		{
			"name": "InnerSquares",
			"from": [2.5, -6.5, 1.5],
			"to": [6.5, -1, 2],
			"faces": {
				"north": {"uv": [9.5, 10.5, 13.5, 16], "texture": "#base"}
			}
		},
		{
			"name": "InnerSquares",
			"from": [9.5, -6.5, 1.5],
			"to": [13.5, -1, 2],
			"faces": {
				"north": {"uv": [2.5, 10.5, 6.5, 16], "texture": "#base"}
			}
		},
		{
			"name": "InnerSquares",
			"from": [9.5, -13, 1.5],
			"to": [13.5, -7.5, 2],
			"faces": {
				"north": {"uv": [2.5, 10.5, 6.5, 16], "texture": "#base"}
			}
		},
		{
			"name": "InnerSquares",
			"from": [2.5, -13, 1.5],
			"to": [6.5, -7.5, 2],
			"faces": {
				"north": {"uv": [9.5, 10.5, 13.5, 16], "texture": "#base"}
			}
		},
		{
			"name": "PPCB",
			"from": [0.5, 14, -0.5],
			"to": [15.5, 16, 1],
			"faces": {
				"north": {"uv": [0, 0, 16, 2], "texture": "#tardis_ppcb", "cullface": "north"},
				"east": {"uv": [14, 5.5, 15, 16], "texture": "#base"},
				"west": {"uv": [1, 5.5, 2, 16], "texture": "#base", "cullface": "west"},
				"up": {"uv": [0, 0, 16, 16], "rotation": 180, "texture": "#base"},
				"down": {"uv": [0, 0, 16, 16], "rotation": 180, "texture": "#base"}
			}
		},
		{
			"name": "InnerSquares",
			"from": [14, -13, 9.5],
			"to": [14.5, -7.5, 13.5],
			"faces": {
				"east": {"uv": [2.5, 10.5, 6.5, 16], "texture": "#base"}
			}
		},
		{
			"name": "InnerSquares",
			"from": [14, -6.5, 9.5],
			"to": [14.5, -1, 13.5],
			"faces": {
				"east": {"uv": [2.5, 10.5, 6.5, 16], "texture": "#base"}
			}
		},
		{
			"name": "InnerSquares",
			"from": [14, 0, 9.5],
			"to": [14.5, 5.5, 13.5],
			"faces": {
				"east": {"uv": [2.5, 10.5, 6.5, 16], "texture": "#base"}
			}
		},
		{
			"name": "InnerSquares",
			"from": [14, 6.5, 9.5],
			"to": [14.5, 12, 13.5],
			"faces": {
				"east": {"uv": [2, 0.5, 14, 15], "texture": "#tardis_window"}
			}
		},
		{
			"name": "InnerSquares",
			"from": [14, 6.5, 2.5],
			"to": [14.5, 12, 6.5],
			"faces": {
				"east": {"uv": [2, 0.5, 14, 15], "texture": "#tardis_window"}
			}
		},
		{
			"name": "InnerSquares",
			"from": [14, 0, 2.5],
			"to": [14.5, 5.5, 6.5],
			"faces": {
				"east": {"uv": [9.5, 10.5, 13.5, 16], "texture": "#base"}
			}
		},
		{
			"name": "InnerSquares",
			"from": [14, -6.5, 2.5],
			"to": [14.5, -1, 6.5],
			"faces": {
				"east": {"uv": [9.5, 10.5, 13.5, 16], "texture": "#base"}
			}
		},
		{
			"name": "InnerSquares",
			"from": [14, -13, 2.5],
			"to": [14.5, -7.5, 6.5],
			"faces": {
				"east": {"uv": [9.5, 10.5, 13.5, 16], "texture": "#base"}
			}
		},
		{
			"name": "TopPost",
			"from": [15, 13.5, 1.5],
			"to": [15.5, 14, 14.5],
			"faces": {
				"east": {"uv": [14, 5.5, 15, 16], "texture": "#base"},
				"down": {"uv": [0, 0, 16, 16], "rotation": 180, "texture": "#base"}
			}
		},
		{
			"name": "TopPost",
			"from": [0.5, 13.5, 1],
			"to": [1, 14, 14.5],
			"faces": {
				"west": {"uv": [1, 5.5, 2, 16], "texture": "#base", "cullface": "west"},
				"down": {"uv": [0, 0, 16, 16], "rotation": 180, "texture": "#base"}
			}
		},
		{
			"name": "PPCB",
			"from": [15, 14, 0.5],
			"to": [16.5, 16, 15.5],
			"faces": {
				"north": {"uv": [1, 5.5, 2, 16], "texture": "#base", "cullface": "north"},
				"east": {"uv": [0, 0, 16, 2], "texture": "#tardis_ppcb"},
				"south": {"uv": [14, 5.5, 15, 16], "texture": "#base"},
				"up": {"uv": [0, 0, 16, 16], "rotation": 180, "texture": "#base"},
				"down": {"uv": [0, 0, 16, 16], "rotation": 180, "texture": "#base"}
			}
		},
		{
			"name": "InnerFrame",
			"from": [14.5, -14.5, 13.5],
			"to": [15, 13.5, 14.5],
			"faces": {
				"north": {"uv": [1, 2.5, 1.5, 16], "texture": "#base"},
				"east": {"uv": [1.5, 2.5, 2.5, 16], "texture": "#base"}
			}
		},
		{
			"name": "InnerFrame",
			"from": [14.5, -14.5, 8.5],
			"to": [15, 13.5, 9.5],
			"faces": {
				"east": {"uv": [6.5, 2.5, 7.5, 16], "texture": "#base"},
				"south": {"uv": [14.5, 2.5, 15, 16], "texture": "#base"}
			}
		},
		{
			"name": "InnerFrame",
			"from": [14.5, -14.5, 6.5],
			"to": [15, 13.5, 7.5],
			"faces": {
				"north": {"uv": [1, 2.5, 1.5, 16], "texture": "#base"},
				"east": {"uv": [8.5, 2.5, 9.5, 16], "texture": "#base"}
			}
		},
		{
			"name": "InnerFrame",
			"from": [14.5, -14.5, 1.5],
			"to": [15, 13.5, 2.5],
			"faces": {
				"east": {"uv": [13.5, 2.5, 14.5, 16], "texture": "#base"},
				"south": {"uv": [14.5, 2.5, 15, 16], "texture": "#base"}
			}
		},
		{
			"name": "InnerFrame",
			"from": [14.5, 12, 9.5],
			"to": [15, 13.5, 13.5],
			"faces": {
				"east": {"uv": [2.5, 2.5, 6.5, 4], "texture": "#base"},
				"down": {"uv": [15, 6.5, 14.5, 2.5], "rotation": 180, "texture": "#base"}
			}
		},
		{
			"name": "InnerFrame",
			"from": [14.5, 12, 2.5],
			"to": [15, 13.5, 6.5],
			"faces": {
				"east": {"uv": [9.5, 2.5, 13.5, 4], "texture": "#base"},
				"down": {"uv": [15, 13.5, 14.5, 9.5], "rotation": 180, "texture": "#base"}
			}
		},
		{
			"name": "InnerFrame",
			"from": [14.5, 5.5, 2.5],
			"to": [15, 6.5, 6.5],
			"faces": {
				"east": {"uv": [9.5, 9.5, 13.5, 10.5], "texture": "#base"},
				"up": {"uv": [1, 9.5, 1.5, 13.5], "rotation": 180, "texture": "#base"},
				"down": {"uv": [15, 13.5, 14.5, 9.5], "rotation": 180, "texture": "#base"}
			}
		},
		{
			"name": "InnerFrame",
			"from": [14.5, 5.5, 9.5],
			"to": [15, 6.5, 13.5],
			"faces": {
				"east": {"uv": [2.5, 9.5, 6.5, 10.5], "texture": "#base"},
				"up": {"uv": [1, 2.5, 1.5, 6.5], "rotation": 180, "texture": "#base"},
				"down": {"uv": [15, 6.5, 14.5, 2.5], "rotation": 180, "texture": "#base"}
			}
		},
		{
			"name": "InnerFrame",
			"from": [14.5, -1, 9.5],
			"to": [15, 0, 13.5],
			"faces": {
				"east": {"uv": [2.5, 9.5, 6.5, 10.5], "texture": "#base"},
				"up": {"uv": [1, 2.5, 1.5, 6.5], "rotation": 180, "texture": "#base"},
				"down": {"uv": [15, 6.5, 14.5, 2.5], "rotation": 180, "texture": "#base"}
			}
		},
		{
			"name": "InnerFrame",
			"from": [14.5, -1, 2.5],
			"to": [15, 0, 6.5],
			"faces": {
				"east": {"uv": [9.5, 9.5, 13.5, 10.5], "texture": "#base"},
				"up": {"uv": [1, 9.5, 1.5, 13.5], "rotation": 180, "texture": "#base"},
				"down": {"uv": [15, 13.5, 14.5, 9.5], "rotation": 180, "texture": "#base"}
			}
		},
		{
			"name": "InnerFrame",
			"from": [14.5, -7.5, 2.5],
			"to": [15, -6.5, 6.5],
			"faces": {
				"east": {"uv": [9.5, 9.5, 13.5, 10.5], "texture": "#base"},
				"up": {"uv": [1, 9.5, 1.5, 13.5], "rotation": 180, "texture": "#base"},
				"down": {"uv": [15, 13.5, 14.5, 9.5], "rotation": 180, "texture": "#base"}
			}
		},
		{
			"name": "InnerFrame",
			"from": [14.5, -7.5, 9.5],
			"to": [15, -6.5, 13.5],
			"faces": {
				"east": {"uv": [2.5, 9.5, 6.5, 10.5], "texture": "#base"},
				"up": {"uv": [2.5, 9.5, 6.5, 10.5], "texture": "#base"},
				"down": {"uv": [15, 6.5, 14.5, 2.5], "rotation": 180, "texture": "#base"}
			}
		},
		{
			"name": "InnerFrame",
			"from": [14.5, -14.5, 9.5],
			"to": [15, -13, 13.5],
			"faces": {
				"east": {"uv": [2.5, 9.5, 6.5, 10.5], "texture": "#base"},
				"up": {"uv": [1, 2.5, 1.5, 6.5], "rotation": 180, "texture": "#base"}
			}
		},
		{
			"name": "InnerFrame",
			"from": [14.5, -14.5, 2.5],
			"to": [15, -13, 6.5],
			"faces": {
				"east": {"uv": [9.5, 9.5, 13.5, 10.5], "texture": "#base"},
				"up": {"uv": [1, 9.5, 1.5, 13.5], "rotation": 180, "texture": "#base"}
			}
		},
		{
			"name": "InnerFrame",
			"from": [1, -14.5, 8.5],
			"to": [1.5, 13.5, 9.5],
			"faces": {
				"south": {"uv": [1, 2.5, 1.5, 16], "texture": "#base"},
				"west": {"uv": [8.5, 2.5, 9.5, 16], "texture": "#base"}
			}
		},
		{
			"name": "InnerFrame",
			"from": [1, -14.5, 6.5],
			"to": [1.5, 13.5, 7.5],
			"faces": {
				"north": {"uv": [14.5, 2.5, 15, 16], "texture": "#base"},
				"west": {"uv": [6.5, 2.5, 7.5, 16], "texture": "#base"}
			}
		},
		{
			"name": "InnerFrame",
			"from": [1, -14.5, 1.5],
			"to": [1.5, 13.5, 2.5],
			"faces": {
				"south": {"uv": [1, 2.5, 1.5, 16], "texture": "#base"},
				"west": {"uv": [1.5, 2.5, 2.5, 16], "texture": "#base"}
			}
		},
		{
			"name": "InnerFrame",
			"from": [1, -14.5, 13.5],
			"to": [1.5, 13.5, 14.5],
			"faces": {
				"north": {"uv": [14.5, 2.5, 15, 16], "texture": "#base"},
				"west": {"uv": [13.5, 2.5, 14.5, 16], "texture": "#base"}
			}
		},
		{
			"name": "PPCB",
			"from": [0.5, 14, 15],
			"to": [15.5, 16, 16.5],
			"faces": {
				"east": {"uv": [14, 5.5, 15, 16], "texture": "#base"},
				"south": {"uv": [0, 0, 16, 2], "texture": "#tardis_ppcb"},
				"west": {"uv": [1, 5.5, 2, 16], "texture": "#base", "cullface": "west"},
				"up": {"uv": [0, 0, 16, 16], "rotation": 180, "texture": "#base"},
				"down": {"uv": [0, 0, 16, 16], "rotation": 180, "texture": "#base"}
			}
		},
		{
			"name": "PPCB",
			"from": [-0.5, 14, 0.5],
			"to": [1, 16, 15.5],
			"faces": {
				"north": {"uv": [1, 5.5, 2, 16], "texture": "#base", "cullface": "north"},
				"south": {"uv": [14, 5.5, 15, 16], "texture": "#base"},
				"west": {"uv": [0, 0, 16, 2], "texture": "#tardis_ppcb", "cullface": "west"},
				"up": {"uv": [0, 0, 16, 16], "rotation": 180, "texture": "#base"},
				"down": {"uv": [0, 0, 16, 16], "rotation": 180, "texture": "#base"}
			}
		},
		{
			"name": "InnerSquares",
			"from": [1.5, 6.5, 2.5],
			"to": [2, 12, 6.5],
			"faces": {
				"west": {"uv": [2, 0.5, 14, 15], "texture": "#tardis_window"}
			}
		},
		{
			"name": "InnerSquares",
			"from": [1.5, 0, 2.5],
			"to": [2, 5.5, 6.5],
			"faces": {
				"west": {"uv": [2.5, 10.5, 6.5, 16], "texture": "#base"}
			}
		},
		{
			"name": "InnerSquares",
			"from": [1.5, -6.5, 2.5],
			"to": [2, -1, 6.5],
			"faces": {
				"west": {"uv": [2.5, 10.5, 6.5, 16], "texture": "#base"}
			}
		},
		{
			"name": "InnerSquares",
			"from": [1.5, -13, 2.5],
			"to": [2, -7.5, 6.5],
			"faces": {
				"west": {"uv": [2.5, 10.5, 6.5, 16], "texture": "#base"}
			}
		},
		{
			"name": "InnerSquares",
			"from": [1.5, 6.5, 9.5],
			"to": [2, 12, 13.5],
			"faces": {
				"west": {"uv": [2, 0.5, 14, 15], "texture": "#tardis_window"}
			}
		},
		{
			"name": "InnerSquares",
			"from": [1.5, 0, 9.5],
			"to": [2, 5.5, 13.5],
			"faces": {
				"west": {"uv": [9.5, 10.5, 13.5, 16], "texture": "#base"}
			}
		},
		{
			"name": "InnerSquares",
			"from": [1.5, -6.5, 9.5],
			"to": [2, -1, 13.5],
			"faces": {
				"west": {"uv": [9.5, 10.5, 13.5, 16], "texture": "#base"}
			}
		},
		{
			"name": "InnerSquares",
			"from": [1.5, -13, 9.5],
			"to": [2, -7.5, 13.5],
			"faces": {
				"west": {"uv": [9.5, 10.5, 13.5, 16], "texture": "#base"}
			}
		},
		{
			"name": "InnerFrame",
			"from": [1, 12, 9.5],
			"to": [1.5, 13.5, 13.5],
			"faces": {
				"west": {"uv": [9.5, 2.5, 13.5, 4], "texture": "#base"},
				"down": {"uv": [1.5, 6.5, 1, 2.5], "rotation": 180, "texture": "#base"}
			}
		},
		{
			"name": "InnerFrame",
			"from": [1, 5.5, 9.5],
			"to": [1.5, 6.5, 13.5],
			"faces": {
				"west": {"uv": [9.5, 9.5, 13.5, 10.5], "texture": "#base"},
				"up": {"uv": [14.5, 2.5, 15, 6.5], "rotation": 180, "texture": "#base"},
				"down": {"uv": [1.5, 6.5, 1, 2.5], "rotation": 180, "texture": "#base"}
			}
		},
		{
			"name": "InnerFrame",
			"from": [1, -1, 9.5],
			"to": [1.5, 0, 13.5],
			"faces": {
				"west": {"uv": [9.5, 9.5, 13.5, 10.5], "texture": "#base"},
				"up": {"uv": [14.5, 2.5, 15, 6.5], "rotation": 180, "texture": "#base"},
				"down": {"uv": [1.5, 6.5, 1, 2.5], "rotation": 180, "texture": "#base"}
			}
		},
		{
			"name": "InnerFrame",
			"from": [1, -7.5, 9.5],
			"to": [1.5, -6.5, 13.5],
			"faces": {
				"west": {"uv": [9.5, 9.5, 13.5, 10.5], "texture": "#base"},
				"up": {"uv": [14.5, 2.5, 15, 6.5], "rotation": 180, "texture": "#base"},
				"down": {"uv": [1.5, 6.5, 1, 2.5], "rotation": 180, "texture": "#base"}
			}
		},
		{
			"name": "InnerFrame",
			"from": [1, -14.5, 9.5],
			"to": [1.5, -13, 13.5],
			"faces": {
				"west": {"uv": [9.5, 9.5, 13.5, 10.5], "texture": "#base"},
				"up": {"uv": [14.5, 2.5, 15, 6.5], "rotation": 180, "texture": "#base"}
			}
		},
		{
			"name": "InnerFrame",
			"from": [1, 12, 2.5],
			"to": [1.5, 13.5, 6.5],
			"faces": {
				"west": {"uv": [2.5, 2.5, 6.5, 4], "texture": "#base"},
				"down": {"uv": [1.5, 13.5, 1, 9.5], "rotation": 180, "texture": "#base"}
			}
		},
		{
			"name": "InnerFrame",
			"from": [1, -1, 2.5],
			"to": [1.5, 0, 6.5],
			"faces": {
				"west": {"uv": [2.5, 9.5, 6.5, 10.5], "texture": "#base"},
				"up": {"uv": [14.5, 9.5, 15, 13.5], "rotation": 180, "texture": "#base"},
				"down": {"uv": [1.5, 13.5, 1, 9.5], "rotation": 180, "texture": "#base"}
			}
		},
		{
			"name": "InnerFrame",
			"from": [1, -7.5, 2.5],
			"to": [1.5, -6.5, 6.5],
			"faces": {
				"west": {"uv": [2.5, 9.5, 6.5, 10.5], "texture": "#base"},
				"up": {"uv": [14.5, 9.5, 15, 13.5], "rotation": 180, "texture": "#base"},
				"down": {"uv": [1.5, 13.5, 1, 9.5], "rotation": 180, "texture": "#base"}
			}
		},
		{
			"name": "InnerFrame",
			"from": [1, -14.5, 2.5],
			"to": [1.5, -13, 6.5],
			"faces": {
				"west": {"uv": [2.5, 9.5, 6.5, 10.5], "texture": "#base"},
				"up": {"uv": [14.5, 9.5, 15, 13.5], "rotation": 180, "texture": "#base"}
			}
		},
		{
			"name": "InnerFrame",
			"from": [1, 5.5, 2.5],
			"to": [1.5, 6.5, 6.5],
			"faces": {
				"west": {"uv": [2.5, 9.5, 6.5, 10.5], "texture": "#base"},
				"up": {"uv": [14.5, 9.5, 15, 13.5], "rotation": 180, "texture": "#base"},
				"down": {"uv": [1.5, 13.5, 1, 9.5], "rotation": 180, "texture": "#base"}
			}
		},
		{
			"name": "InnerFrame",
			"from": [13.5, -14.5, 14.5],
			"to": [14.5, 13.5, 15],
			"faces": {
				"south": {"uv": [13.5, 2.5, 14.5, 16], "texture": "#base"},
				"west": {"uv": [14.5, 2.5, 15, 16], "texture": "#base"}
			}
		},
		{
			"name": "InnerFrame",
			"from": [8.5, -14.5, 14.5],
			"to": [9.5, 13.5, 15],
			"faces": {
				"east": {"uv": [1, 2.5, 1.5, 16], "texture": "#base"},
				"south": {"uv": [8.5, 2.5, 9.5, 16], "texture": "#base"}
			}
		},
		{
			"name": "InnerFrame",
			"from": [6.5, -14.5, 14.5],
			"to": [7.5, 13.5, 15],
			"faces": {
				"south": {"uv": [6.5, 2.5, 7.5, 16], "texture": "#base"},
				"west": {"uv": [14.5, 2.5, 15, 16], "texture": "#base"}
			}
		},
		{
			"name": "InnerFrame",
			"from": [1.5, -14.5, 14.5],
			"to": [2.5, 13.5, 15],
			"faces": {
				"east": {"uv": [1, 2.5, 1.5, 16], "texture": "#base"},
				"south": {"uv": [1.5, 2.5, 2.5, 16], "texture": "#base"}
			}
		},
		{
			"name": "InnerSquares",
			"from": [2.5, 6.5, 14],
			"to": [6.5, 12, 14.5],
			"faces": {
				"south": {"uv": [2, 0.5, 14, 15], "texture": "#tardis_window"}
			}
		},
		{
			"name": "InnerSquares",
			"from": [9.5, 6.5, 14],
			"to": [13.5, 12, 14.5],
			"faces": {
				"south": {"uv": [2, 0.5, 14, 15], "texture": "#tardis_window"}
			}
		},
		{
			"name": "InnerFrame",
			"from": [9.5, 12, 14.5],
			"to": [13.5, 13.5, 15],
			"faces": {
				"south": {"uv": [9.5, 2.5, 13.5, 4], "texture": "#base"},
				"down": {"uv": [13.5, 1.5, 9.5, 1], "rotation": 180, "texture": "#base"}
			}
		},
		{
			"name": "InnerFrame",
			"from": [2.5, 12, 14.5],
			"to": [6.5, 13.5, 15],
			"faces": {
				"south": {"uv": [2.5, 2.5, 6.5, 4], "texture": "#base"},
				"down": {"uv": [6.5, 1.5, 2.5, 1], "rotation": 180, "texture": "#base"}
			}
		},
		{
			"name": "InnerFrame",
			"from": [9.5, 5.5, 14.5],
			"to": [13.5, 6.5, 15],
			"faces": {
				"south": {"uv": [9.5, 9.5, 13.5, 10.5], "texture": "#base"},
				"up": {"uv": [2.5, 1, 6.5, 1.5], "rotation": 180, "texture": "#base"},
				"down": {"uv": [13.5, 1.5, 9.5, 1], "rotation": 180, "texture": "#base"}
			}
		},
		{
			"name": "InnerSquares",
			"from": [9.5, 0, 14],
			"to": [13.5, 5.5, 14.5],
			"faces": {
				"south": {"uv": [9.5, 10.5, 13.5, 16], "texture": "#base"}
			}
		},
		{
			"name": "InnerSquares",
			"from": [2.5, 0, 14],
			"to": [6.5, 5.5, 14.5],
			"faces": {
				"south": {"uv": [2.5, 10.5, 6.5, 16], "texture": "#base"}
			}
		},
		{
			"name": "InnerFrame",
			"from": [2.5, 5.5, 14.5],
			"to": [6.5, 6.5, 15],
			"faces": {
				"south": {"uv": [2.5, 9.5, 6.5, 10.5], "texture": "#base"},
				"up": {"uv": [9.5, 1, 13.5, 1.5], "rotation": 180, "texture": "#base"},
				"down": {"uv": [6.5, 1.5, 2.5, 1], "rotation": 180, "texture": "#base"}
			}
		},
		{
			"name": "InnerSquares",
			"from": [9.5, -6.5, 14],
			"to": [13.5, -1, 14.5],
			"faces": {
				"south": {"uv": [9.5, 10.5, 13.5, 16], "texture": "#base"}
			}
		},
		{
			"name": "InnerFrame",
			"from": [9.5, -1, 14.5],
			"to": [13.5, 0, 15],
			"faces": {
				"south": {"uv": [9.5, 9.5, 13.5, 10.5], "texture": "#base"},
				"up": {"uv": [2.5, 1, 6.5, 1.5], "rotation": 180, "texture": "#base"},
				"down": {"uv": [13.5, 1.5, 9.5, 1], "rotation": 180, "texture": "#base"}
			}
		},
		{
			"name": "InnerSquares",
			"from": [2.5, -6.5, 14],
			"to": [6.5, -1, 14.5],
			"faces": {
				"south": {"uv": [2.5, 10.5, 6.5, 16], "texture": "#base"}
			}
		},
		{
			"name": "InnerFrame",
			"from": [2.5, -1, 14.5],
			"to": [6.5, 0, 15],
			"faces": {
				"south": {"uv": [2.5, 9.5, 6.5, 10.5], "texture": "#base"},
				"up": {"uv": [9.5, 1, 13.5, 1.5], "rotation": 180, "texture": "#base"},
				"down": {"uv": [6.5, 1.5, 2.5, 1], "rotation": 180, "texture": "#base"}
			}
		},
		{
			"name": "InnerFrame",
			"from": [9.5, -7.5, 14.5],
			"to": [13.5, -6.5, 15],
			"faces": {
				"south": {"uv": [9.5, 9.5, 13.5, 10.5], "texture": "#base"},
				"up": {"uv": [2.5, 1, 6.5, 1.5], "rotation": 180, "texture": "#base"},
				"down": {"uv": [13.5, 1.5, 9.5, 1], "rotation": 180, "texture": "#base"}
			}
		},
		{
			"name": "InnerSquares",
			"from": [9.5, -13, 14],
			"to": [13.5, -7.5, 14.5],
			"faces": {
				"south": {"uv": [9.5, 10.5, 13.5, 16], "texture": "#base"}
			}
		},
		{
			"name": "InnerFrame",
			"from": [2.5, -7.5, 14.5],
			"to": [6.5, -6.5, 15],
			"faces": {
				"south": {"uv": [2.5, 9.5, 6.5, 10.5], "texture": "#base"},
				"up": {"uv": [2.5, 9.5, 6.5, 10.5], "texture": "#base"},
				"down": {"uv": [6.5, 1.5, 2.5, 1], "rotation": 180, "texture": "#base"}
			}
		},
		{
			"name": "InnerSquares",
			"from": [2.5, -13, 14],
			"to": [6.5, -7.5, 14.5],
			"faces": {
				"south": {"uv": [2.5, 10.5, 6.5, 16], "texture": "#base"}
			}
		},
		{
			"name": "InnerFrame",
			"from": [9.5, -14.5, 14.5],
			"to": [13.5, -13, 15],
			"faces": {
				"south": {"uv": [9.5, 9.5, 13.5, 10.5], "texture": "#base"},
				"up": {"uv": [2.5, 1, 6.5, 1.5], "rotation": 180, "texture": "#base"}
			}
		},
		{
			"name": "InnerFrame",
			"from": [2.5, -14.5, 14.5],
			"to": [6.5, -13, 15],
			"faces": {
				"south": {"uv": [2.5, 9.5, 6.5, 10.5], "texture": "#base"},
				"up": {"uv": [9.5, 1, 13.5, 1.5], "rotation": 180, "texture": "#base"}
			}
		},
		{
			"name": "Lamp",
			"from": [8.5, 18, 7],
			"to": [9, 20.5, 7.5],
			"faces": {
				"north": {"uv": [7, 0, 8.5, 2], "texture": "#base", "cullface": "up"},
				"east": {"uv": [7, 0, 8.5, 2], "texture": "#base", "cullface": "up"},
				"south": {"uv": [7, 0, 8.5, 2], "rotation": 90, "texture": "#base", "cullface": "up"},
				"west": {"uv": [7, 0, 8.5, 2], "texture": "#base", "cullface": "up"},
				"up": {"uv": [6.5, 6.5, 9, 9], "rotation": 180, "texture": "#base", "cullface": "up"}
			}
		},
		{
			"name": "Lamp",
			"from": [7, 18, 8.5],
			"to": [7.5, 20.5, 9],
			"faces": {
				"north": {"uv": [7, 0, 8.5, 2], "texture": "#base", "cullface": "up"},
				"east": {"uv": [7, 0, 8.5, 2], "texture": "#base", "cullface": "up"},
				"south": {"uv": [7, 0, 8.5, 2], "rotation": 90, "texture": "#base", "cullface": "up"},
				"west": {"uv": [7, 0, 8.5, 2], "texture": "#base", "cullface": "up"},
				"up": {"uv": [6.5, 6.5, 9, 9], "rotation": 180, "texture": "#base", "cullface": "up"}
			}
		},
		{
			"name": "Lamp",
			"from": [7, 18, 7],
			"to": [7.5, 20.5, 7.5],
			"faces": {
				"north": {"uv": [7, 0, 8.5, 2], "texture": "#base", "cullface": "up"},
				"east": {"uv": [7, 0, 8.5, 2], "texture": "#base", "cullface": "up"},
				"south": {"uv": [7, 0, 8.5, 2], "rotation": 90, "texture": "#base", "cullface": "up"},
				"west": {"uv": [7, 0, 8.5, 2], "texture": "#base", "cullface": "up"},
				"up": {"uv": [6.5, 6.5, 9, 9], "rotation": 180, "texture": "#base", "cullface": "up"}
			}
		},
		{
			"name": "Lamp",
			"from": [8.5, 18, 8.5],
			"to": [9, 20.5, 9],
			"faces": {
				"north": {"uv": [7, 0, 8.5, 2], "texture": "#base", "cullface": "up"},
				"east": {"uv": [7, 0, 8.5, 2], "texture": "#base", "cullface": "up"},
				"south": {"uv": [7, 0, 8.5, 2], "rotation": 90, "texture": "#base", "cullface": "up"},
				"west": {"uv": [7, 0, 8.5, 2], "texture": "#base", "cullface": "up"},
				"up": {"uv": [6.5, 6.5, 9, 9], "rotation": 180, "texture": "#base", "cullface": "up"}
			}
		},
		{
			"name": "Lamp",
			"from": [7.25, 18, 7.25],
			"to": [8.75, 20.5, 8.75],
			"faces": {
				"north": {"uv": [2.5, 0, 14, 15], "texture": "#tardis_lamp", "cullface": "up"},
				"east": {"uv": [2.5, 0, 14, 15], "texture": "#tardis_lamp", "cullface": "up"},
				"south": {"uv": [2.5, 0, 14, 15], "rotation": 90, "texture": "#tardis_lamp", "cullface": "up"},
				"west": {"uv": [2.5, 0, 14, 15], "texture": "#tardis_lamp", "cullface": "up"}
			}
		},
		{
			"name": "Lamp",
			"from": [7.5, 21, 7.5],
			"to": [8.5, 21.5, 8.5],
			"faces": {
				"north": {"uv": [7, 0, 8.5, 2], "texture": "#base", "cullface": "up"},
				"east": {"uv": [7, 0, 8.5, 2], "texture": "#base", "cullface": "up"},
				"south": {"uv": [7, 0, 8.5, 2], "rotation": 90, "texture": "#base", "cullface": "up"},
				"west": {"uv": [7, 0, 8.5, 2], "texture": "#base", "cullface": "up"},
				"up": {"uv": [6.5, 6.5, 9, 9], "rotation": 180, "texture": "#base", "cullface": "up"}
			}
		},
		{
			"name": "Lamp",
			"from": [7.5, 20.5, 8.5],
			"to": [8.5, 21, 9],
			"faces": {
				"east": {"uv": [7, 0, 8.5, 2], "texture": "#base", "cullface": "up"},
				"south": {"uv": [7, 0, 8.5, 2], "rotation": 90, "texture": "#base", "cullface": "up"},
				"west": {"uv": [7, 0, 8.5, 2], "texture": "#base", "cullface": "up"},
				"up": {"uv": [6.5, 6.5, 9, 9], "rotation": 180, "texture": "#base", "cullface": "up"},
				"down": {"uv": [0, 0, 16, 16], "rotation": 180, "texture": "#base"}
			}
		},
		{
			"name": "Lamp",
			"from": [7, 20.5, 7.5],
			"to": [7.5, 21, 8.5],
			"faces": {
				"north": {"uv": [7, 0, 8.5, 2], "texture": "#base", "cullface": "up"},
				"south": {"uv": [7, 0, 8.5, 2], "rotation": 90, "texture": "#base", "cullface": "up"},
				"west": {"uv": [7, 0, 8.5, 2], "texture": "#base", "cullface": "up"},
				"up": {"uv": [6.5, 6.5, 9, 9], "rotation": 180, "texture": "#base", "cullface": "up"},
				"down": {"uv": [0, 0, 16, 16], "rotation": 180, "texture": "#base"}
			}
		},
		{
			"name": "Lamp",
			"from": [8.5, 20.5, 7.5],
			"to": [9, 21, 8.5],
			"faces": {
				"north": {"uv": [7, 0, 8.5, 2], "texture": "#base", "cullface": "up"},
				"east": {"uv": [7, 0, 8.5, 2], "texture": "#base", "cullface": "up"},
				"south": {"uv": [7, 0, 8.5, 2], "rotation": 90, "texture": "#base", "cullface": "up"},
				"up": {"uv": [6.5, 6.5, 9, 9], "rotation": 180, "texture": "#base", "cullface": "up"},
				"down": {"uv": [0, 0, 16, 16], "rotation": 180, "texture": "#base"}
			}
		},
		{
			"name": "InnerPost",
			"from": [0.5, -14.5, 1],
			"to": [1, 13.5, 1.5],
			"faces": {
				"south": {"uv": [14, 5.5, 15, 16], "texture": "#base"},
				"west": {"uv": [1, 5.5, 2, 16], "texture": "#base", "cullface": "west"}
			}
		},
		{
			"name": "Inside",
			"from": [2.5, -13.5, 2],
			"to": [13.5, 15.5, 13.5],
			"faces": {
				"north": {"uv": [0.5, 3, 15, 15], "texture": "#tardis_inside"},
				"east": {"uv": [0.5, 3.5, 12.5, 14.5], "texture": "#tardis_inside"},
				"south": {"uv": [1, 3.5, 13.5, 14.5], "texture": "#tardis_inside"},
				"west": {"uv": [1, 2, 14.5, 14], "texture": "#tardis_inside"},
				"up": {"uv": [0.5, 3, 15.5, 14.5], "texture": "#tardis_inside"},
				"down": {"uv": [15.5, 15.5, 3, 2.5], "texture": "#tardis_inside"}
			}
		}
	],
	"display": {
		"thirdperson_righthand": {
			"translation": [0, 5, 0],
			"scale": [0.5, 0.5, 0.5]
		},
		"thirdperson_lefthand": {
			"translation": [0, 5, 0],
			"scale": [0.5, 0.5, 0.5]
		},
		"firstperson_righthand": {
			"scale": [0.5, 0.5, 0.5]
		},
		"firstperson_lefthand": {
			"scale": [0.5, 0.5, 0.5]
		},
		"ground": {
			"translation": [0, 20, 0]
		},
		"gui": {
			"rotation": [10, -160, 0],
			"translation": [0, 2.5, 0],
			"scale": [0.4, 0.4, 0.4]
		},
		"head": {
			"scale": [1.9, 1.8, 1.9]
		},
		"fixed": {
			"rotation": [-10, 25, 15],
			"translation": [0, 3, 0],
			"scale": [0.5, 0.5, 0.5]
		}
	}
}