{
	"credit": "Made with Blockbench",
	"textures": {
		"bright_gun_texture": "guns/poloautomaty/bright_gun_texture"
	},
	"elements": [
		{
			"from": [9.5, 9.125, 7.25],
			"to": [14.5, 9.875, 8.75],
			"faces": {
				"north": {"uv": [1.5, 6.125, 6.5, 6.875], "texture": "#bright_gun_texture"},
				"east": {"uv": [7.25, 6.125, 8.75, 6.875], "texture": "#bright_gun_texture"},
				"south": {"uv": [9.5, 6.125, 14.5, 6.875], "texture": "#bright_gun_texture"},
				"west": {"uv": [7.25, 6.125, 8.75, 6.875], "texture": "#bright_gun_texture"},
				"up": {"uv": [9.5, 7.25, 14.5, 8.75], "texture": "#bright_gun_texture"},
				"down": {"uv": [6.5, 8.75, 1.5, 7.25], "texture": "#bright_gun_texture"}
			}
		},
		{
			"from": [6.25, 8.75, 7.625],
			"to": [14.5, 10.25, 8.375],
			"faces": {
				"north": {"uv": [1.5, 5.75, 9.75, 7.25], "texture": "#bright_gun_texture"},
				"east": {"uv": [7.625, 5.75, 8.375, 7.25], "texture": "#bright_gun_texture"},
				"south": {"uv": [6.25, 5.75, 14.5, 7.25], "texture": "#bright_gun_texture"},
				"west": {"uv": [7.625, 5.75, 8.375, 7.25], "texture": "#bright_gun_texture"},
				"up": {"uv": [6.25, 7.625, 14.5, 8.375], "texture": "#bright_gun_texture"},
				"down": {"uv": [9.75, 8.375, 1.5, 7.625], "texture": "#bright_gun_texture"}
			}
		},
		{
			"from": [9.5, 9.7225, 7.625],
			"to": [14.5, 10.25, 7.9],
			"rotation": {"angle": 45, "axis": "x", "origin": [9.5, 10.25, 7.625]},
			"faces": {
				"north": {"uv": [1.5, 5.75, 6.5, 6.2775], "texture": "#bright_gun_texture"},
				"east": {"uv": [8.1, 5.75, 8.375, 6.2775], "texture": "#bright_gun_texture"},
				"south": {"uv": [9.5, 5.75, 14.5, 6.2775], "texture": "#bright_gun_texture"},
				"west": {"uv": [7.625, 5.75, 7.9, 6.2775], "texture": "#bright_gun_texture"},
				"up": {"uv": [9.5, 7.625, 14.5, 7.9], "texture": "#bright_gun_texture"},
				"down": {"uv": [6.5, 7.9, 1.5, 7.625], "texture": "#bright_gun_texture"}
			}
		},
		{
			"from": [6.25, 9.975, 8.375],
			"to": [14.5, 10.25, 8.9025],
			"rotation": {"angle": 45, "axis": "x", "origin": [6.25, 10.25, 8.375]},
			"faces": {
				"east": {"uv": [7.0975, 5.75, 7.625, 6.025], "texture": "#bright_gun_texture"},
				"south": {"uv": [6.25, 5.75, 14.5, 6.025], "texture": "#bright_gun_texture"},
				"west": {"uv": [8.375, 5.75, 8.9025, 6.025], "texture": "#bright_gun_texture"},
				"up": {"uv": [6.25, 8.375, 14.5, 8.9025], "texture": "#bright_gun_texture"},
				"down": {"uv": [9.75, 8.9025, 1.5, 8.375], "texture": "#bright_gun_texture"}
			}
		},
		{
			"from": [6.625, 10.375, 8.25],
			"to": [9.75, 10.625, 8.5],
			"faces": {
				"north": {"uv": [6.25, 5.375, 9.375, 5.625], "texture": "#bright_gun_texture"},
				"east": {"uv": [7.5, 5.375, 7.75, 5.625], "texture": "#bright_gun_texture"},
				"south": {"uv": [6.625, 5.375, 9.75, 5.625], "texture": "#bright_gun_texture"},
				"west": {"uv": [8.25, 5.375, 8.5, 5.625], "texture": "#bright_gun_texture"},
				"up": {"uv": [6.625, 8.25, 9.75, 8.5], "texture": "#bright_gun_texture"},
				"down": {"uv": [9.375, 8.5, 6.25, 8.25], "texture": "#bright_gun_texture"}
			}
		},
		{
			"from": [6.25, 9.045, 7.445],
			"to": [14.5, 9.32, 7.9725],
			"rotation": {"angle": 45, "axis": "x", "origin": [6.25, 9.32, 7.445]},
			"faces": {
				"north": {"uv": [1.5, 6.68, 9.75, 6.955], "texture": "#bright_gun_texture"},
				"east": {"uv": [8.0275, 6.68, 8.555, 6.955], "texture": "#bright_gun_texture"},
				"south": {"uv": [6.25, 6.68, 14.5, 6.955], "texture": "#bright_gun_texture"},
				"west": {"uv": [7.445, 6.68, 7.9725, 6.955], "texture": "#bright_gun_texture"},
				"up": {"uv": [6.25, 7.445, 14.5, 7.9725], "texture": "#bright_gun_texture"},
				"down": {"uv": [9.75, 7.9725, 1.5, 7.445], "texture": "#bright_gun_texture"}
			}
		},
		{
			"from": [6.25, 8.7925, 8.555],
			"to": [14.5, 9.32, 8.83],
			"rotation": {"angle": 45, "axis": "x", "origin": [6.25, 9.32, 8.555]},
			"faces": {
				"north": {"uv": [1.5, 6.68, 9.75, 7.2075], "texture": "#bright_gun_texture"},
				"east": {"uv": [7.17, 6.68, 7.445, 7.2075], "texture": "#bright_gun_texture"},
				"south": {"uv": [6.25, 6.68, 14.5, 7.2075], "texture": "#bright_gun_texture"},
				"west": {"uv": [8.555, 6.68, 8.83, 7.2075], "texture": "#bright_gun_texture"},
				"up": {"uv": [6.25, 8.555, 14.5, 8.83], "texture": "#bright_gun_texture"},
				"down": {"uv": [9.75, 8.83, 1.5, 8.555], "texture": "#bright_gun_texture"}
			}
		},
		{
			"from": [6.25, 9.125, 8.375],
			"to": [9.5, 9.875, 8.75],
			"faces": {
				"south": {"uv": [6.25, 6.125, 9.5, 6.875], "texture": "#bright_gun_texture"},
				"west": {"uv": [8.375, 6.125, 8.75, 6.875], "texture": "#bright_gun_texture"},
				"up": {"uv": [6.25, 8.375, 9.5, 8.75], "texture": "#bright_gun_texture"},
				"down": {"uv": [9.75, 8.75, 6.5, 8.375], "texture": "#bright_gun_texture"}
			}
		},
		{
			"from": [7, 9.375, 7.3125],
			"to": [9, 9.875, 7.625],
			"faces": {
				"north": {"uv": [7, 6.125, 9, 6.625], "texture": "#bright_gun_texture"},
				"east": {"uv": [8.375, 6.125, 8.6875, 6.625], "texture": "#bright_gun_texture"},
				"west": {"uv": [7.3125, 6.125, 7.625, 6.625], "texture": "#bright_gun_texture"},
				"up": {"uv": [7, 7.3125, 9, 7.625], "texture": "#bright_gun_texture"}
			}
		},
		{
			"from": [6.5, 9.125, 7.25],
			"to": [9.5, 9.375, 7.625],
			"faces": {
				"north": {"uv": [6.5, 6.625, 9.5, 6.875], "texture": "#bright_gun_texture"},
				"up": {"uv": [6.5, 7.25, 9.5, 7.625], "texture": "#bright_gun_texture"},
				"down": {"uv": [9.5, 7.625, 6.5, 7.25], "texture": "#bright_gun_texture"}
			}
		},
		{
			"from": [6.5, 9.375, 7.5],
			"to": [7, 9.875, 7.6875],
			"faces": {
				"north": {"uv": [9, 6.125, 9.5, 6.625], "texture": "#bright_gun_texture"},
				"east": {"uv": [8.3125, 6.125, 8.5, 6.625], "texture": "#bright_gun_texture"},
				"south": {"uv": [6.5, 6.125, 7, 6.625], "texture": "#bright_gun_texture"},
				"west": {"uv": [7.5, 6.125, 7.6875, 6.625], "texture": "#bright_gun_texture"},
				"up": {"uv": [6.5, 7.5, 7, 7.6875], "texture": "#bright_gun_texture"},
				"down": {"uv": [9.5, 7.6875, 9, 7.5], "texture": "#bright_gun_texture"}
			}
		},
		{
			"from": [7, 9.805, 7.485],
			"to": [9.5, 10.045, 7.71],
			"rotation": {"angle": 45, "axis": "x", "origin": [7, 10.045, 7.485]},
			"faces": {
				"north": {"uv": [6.5, 5.955, 9, 6.195], "texture": "#bright_gun_texture"},
				"east": {"uv": [8.29, 5.955, 8.515, 6.195], "texture": "#bright_gun_texture"},
				"south": {"uv": [7, 5.955, 9.5, 6.195], "texture": "#bright_gun_texture"},
				"west": {"uv": [7.485, 5.955, 7.71, 6.195], "texture": "#bright_gun_texture"},
				"up": {"uv": [7, 7.485, 9.5, 7.71], "texture": "#bright_gun_texture"},
				"down": {"uv": [9, 7.71, 6.5, 7.485], "texture": "#bright_gun_texture"}
			}
		},
		{
			"from": [9, 9.375, 7.3125],
			"to": [9.5, 9.5, 7.625],
			"faces": {
				"north": {"uv": [6.5, 6.5, 7, 6.625], "texture": "#bright_gun_texture"},
				"up": {"uv": [9, 7.3125, 9.5, 7.625], "texture": "#bright_gun_texture"}
			}
		},
		{
			"from": [6.5, 10, 7.625],
			"to": [9.5, 10.25, 7.875],
			"rotation": {"angle": 45, "axis": "x", "origin": [6.5, 10.25, 7.625]},
			"faces": {
				"north": {"uv": [6.5, 5.75, 9.5, 6], "texture": "#bright_gun_texture"},
				"south": {"uv": [6.5, 5.75, 9.5, 6], "texture": "#bright_gun_texture"},
				"up": {"uv": [6.5, 7.625, 9.5, 7.875], "texture": "#bright_gun_texture"},
				"down": {"uv": [9.5, 7.875, 6.5, 7.625], "texture": "#bright_gun_texture"}
			}
		},
		{
			"from": [6.25, 9.125, 7.25],
			"to": [6.5, 9.875, 7.625],
			"faces": {
				"north": {"uv": [9.5, 6.125, 9.75, 6.875], "texture": "#bright_gun_texture"},
				"east": {"uv": [8.375, 6.125, 8.75, 6.875], "texture": "#bright_gun_texture"},
				"west": {"uv": [7.25, 6.125, 7.625, 6.875], "texture": "#bright_gun_texture"},
				"up": {"uv": [6.25, 7.25, 6.5, 7.625], "texture": "#bright_gun_texture"},
				"down": {"uv": [9.75, 7.625, 9.5, 7.25], "texture": "#bright_gun_texture"}
			}
		},
		{
			"from": [6.25, 9.7225, 7.625],
			"to": [6.5, 10.25, 7.9],
			"rotation": {"angle": 45, "axis": "x", "origin": [6.25, 10.25, 7.625]},
			"faces": {
				"north": {"uv": [9.5, 5.75, 9.75, 6.2775], "texture": "#bright_gun_texture"},
				"east": {"uv": [8.1, 5.75, 8.375, 6.2775], "texture": "#bright_gun_texture"},
				"south": {"uv": [6.25, 5.75, 6.5, 6.2775], "texture": "#bright_gun_texture"},
				"west": {"uv": [7.625, 5.75, 7.9, 6.2775], "texture": "#bright_gun_texture"},
				"up": {"uv": [6.25, 7.625, 6.5, 7.9], "texture": "#bright_gun_texture"},
				"down": {"uv": [9.75, 7.9, 9.5, 7.625], "texture": "#bright_gun_texture"}
			}
		},
		{
			"from": [9.375, 9.5, 7.3125],
			"to": [9.5, 9.875, 7.625],
			"faces": {
				"north": {"uv": [6.5, 6.125, 6.625, 6.5], "texture": "#bright_gun_texture"},
				"west": {"uv": [7.3125, 6.125, 7.625, 6.5], "texture": "#bright_gun_texture"},
				"up": {"uv": [9.375, 7.3125, 9.5, 7.625], "texture": "#bright_gun_texture"}
			}
		},
		{
			"from": [6.5, 9.945, 7.485],
			"to": [7, 10.045, 7.685],
			"rotation": {"angle": 45, "axis": "x", "origin": [6.5, 10.045, 7.485]},
			"faces": {
				"north": {"uv": [9, 5.955, 9.5, 6.055], "texture": "#bright_gun_texture"},
				"east": {"uv": [8.315, 5.955, 8.515, 6.055], "texture": "#bright_gun_texture"},
				"south": {"uv": [6.5, 5.955, 7, 6.055], "texture": "#bright_gun_texture"},
				"west": {"uv": [7.485, 5.955, 7.685, 6.055], "texture": "#bright_gun_texture"},
				"up": {"uv": [6.5, 7.485, 7, 7.685], "texture": "#bright_gun_texture"},
				"down": {"uv": [9.5, 7.685, 9, 7.485], "texture": "#bright_gun_texture"}
			}
		},
		{
			"from": [6.625, 10.125, 8.375],
			"to": [7.375, 10.375, 8.4375],
			"faces": {
				"north": {"uv": [8.625, 5.625, 9.375, 5.875], "texture": "#bright_gun_texture"},
				"east": {"uv": [7.5625, 5.625, 7.625, 5.875], "texture": "#bright_gun_texture"},
				"south": {"uv": [6.625, 5.625, 7.375, 5.875], "texture": "#bright_gun_texture"},
				"west": {"uv": [8.375, 5.625, 8.4375, 5.875], "texture": "#bright_gun_texture"},
				"down": {"uv": [9.375, 8.4375, 8.625, 8.375], "texture": "#bright_gun_texture"}
			}
		},
		{
			"from": [9, 10.125, 8.375],
			"to": [9.75, 10.375, 8.4375],
			"faces": {
				"north": {"uv": [6.25, 5.625, 7, 5.875], "texture": "#bright_gun_texture"},
				"east": {"uv": [7.5625, 5.625, 7.625, 5.875], "texture": "#bright_gun_texture"},
				"south": {"uv": [9, 5.625, 9.75, 5.875], "texture": "#bright_gun_texture"},
				"west": {"uv": [8.375, 5.625, 8.4375, 5.875], "texture": "#bright_gun_texture"},
				"down": {"uv": [7, 8.4375, 6.25, 8.375], "texture": "#bright_gun_texture"}
			}
		},
		{
			"from": [6.625, 10.5625, 8.5],
			"to": [9.75, 10.6875, 9.0275],
			"rotation": {"angle": -22.5, "axis": "x", "origin": [6.625, 10.6875, 8.5]},
			"faces": {
				"north": {"uv": [6.25, 5.3125, 9.375, 5.4375], "texture": "#bright_gun_texture"},
				"east": {"uv": [6.9725, 5.3125, 7.5, 5.4375], "texture": "#bright_gun_texture"},
				"south": {"uv": [6.625, 5.3125, 9.75, 5.4375], "texture": "#bright_gun_texture"},
				"west": {"uv": [8.5, 5.3125, 9.0275, 5.4375], "texture": "#bright_gun_texture"},
				"up": {"uv": [6.625, 8.5, 9.75, 9.0275], "texture": "#bright_gun_texture"},
				"down": {"uv": [9.375, 9.0275, 6.25, 8.5], "texture": "#bright_gun_texture"}
			}
		},
		{
			"from": [7.375, 10.625, 8.375],
			"to": [9, 10.6875, 8.5625],
			"faces": {
				"north": {"uv": [7, 5.3125, 8.625, 5.375], "texture": "#bright_gun_texture"},
				"east": {"uv": [7.4375, 5.3125, 7.625, 5.375], "texture": "#bright_gun_texture"},
				"south": {"uv": [7.375, 5.3125, 9, 5.375], "texture": "#bright_gun_texture"},
				"west": {"uv": [8.375, 5.3125, 8.5625, 5.375], "texture": "#bright_gun_texture"},
				"up": {"uv": [7.375, 8.375, 9, 8.5625], "texture": "#bright_gun_texture"},
				"down": {"uv": [8.625, 8.5625, 7, 8.375], "texture": "#bright_gun_texture"}
			}
		},
		{
			"from": [6.625, 10.782, 9.121],
			"to": [9.75, 11.3095, 9.246],
			"rotation": {"angle": 22.5, "axis": "x", "origin": [6.625, 11.3095, 9.121]},
			"faces": {
				"north": {"uv": [6.25, 4.6905, 9.375, 5.218], "texture": "#bright_gun_texture"},
				"east": {"uv": [6.754, 4.6905, 6.879, 5.218], "texture": "#bright_gun_texture"},
				"south": {"uv": [6.625, 4.6905, 9.75, 5.218], "texture": "#bright_gun_texture"},
				"west": {"uv": [9.121, 4.6905, 9.246, 5.218], "texture": "#bright_gun_texture"},
				"up": {"uv": [6.625, 9.121, 9.75, 9.246], "texture": "#bright_gun_texture"},
				"down": {"uv": [9.375, 9.246, 6.25, 9.121], "texture": "#bright_gun_texture"}
			}
		},
		{
			"from": [6.625, 11.174, 8.9185],
			"to": [9.75, 11.7015, 9.0435],
			"rotation": {"angle": -22.5, "axis": "x", "origin": [6.625, 11.7015, 8.9185]},
			"faces": {
				"north": {"uv": [6.25, 4.2985, 9.375, 4.826], "texture": "#bright_gun_texture"},
				"east": {"uv": [6.9565, 4.2985, 7.0815, 4.826], "texture": "#bright_gun_texture"},
				"south": {"uv": [6.625, 4.2985, 9.75, 4.826], "texture": "#bright_gun_texture"},
				"west": {"uv": [8.9185, 4.2985, 9.0435, 4.826], "texture": "#bright_gun_texture"},
				"up": {"uv": [6.625, 8.9185, 9.75, 9.0435], "texture": "#bright_gun_texture"},
				"down": {"uv": [9.375, 9.0435, 6.25, 8.9185], "texture": "#bright_gun_texture"}
			}
		},
		{
			"from": [7.625, 11.6157, 9.014],
			"to": [8.625, 11.7407, 9.139],
			"rotation": {"angle": -22.5, "axis": "x", "origin": [7.625, 11.7407, 9.014]},
			"faces": {
				"north": {"uv": [7.375, 4.25931, 8.375, 4.38431], "texture": "#bright_gun_texture"},
				"east": {"uv": [6.861, 4.25931, 6.986, 4.38431], "texture": "#bright_gun_texture"},
				"south": {"uv": [7.625, 4.25931, 8.625, 4.38431], "texture": "#bright_gun_texture"},
				"west": {"uv": [9.014, 4.25931, 9.139, 4.38431], "texture": "#bright_gun_texture"},
				"up": {"uv": [7.625, 9.014, 8.625, 9.139], "texture": "#bright_gun_texture"},
				"down": {"uv": [8.375, 9.139, 7.375, 9.014], "texture": "#bright_gun_texture"}
			}
		},
		{
			"from": [6.00338, 9.10859, 7.20266],
			"to": [6.25338, 9.90594, 8.79735],
			"faces": {
				"north": {"uv": [9.74662, 6.09406, 9.99662, 6.89141], "texture": "#bright_gun_texture"},
				"east": {"uv": [7.20265, 6.09406, 8.79734, 6.89141], "texture": "#bright_gun_texture"},
				"south": {"uv": [6.00338, 6.09406, 6.25338, 6.89141], "texture": "#bright_gun_texture"},
				"west": {"uv": [7.20266, 6.09406, 8.79735, 6.89141], "texture": "#bright_gun_texture"},
				"up": {"uv": [6.00338, 7.20266, 6.25338, 8.79735], "texture": "#bright_gun_texture"},
				"down": {"uv": [9.99662, 8.79735, 9.74662, 7.20266], "texture": "#bright_gun_texture"}
			}
		},
		{
			"from": [6.00338, 8.70993, 7.60133],
			"to": [6.25338, 10.3046, 8.39867],
			"faces": {
				"north": {"uv": [9.74662, 5.69538, 9.99662, 7.29007], "texture": "#bright_gun_texture"},
				"east": {"uv": [7.60133, 5.69538, 8.39867, 7.29007], "texture": "#bright_gun_texture"},
				"south": {"uv": [6.00338, 5.69538, 6.25338, 7.29007], "texture": "#bright_gun_texture"},
				"west": {"uv": [7.60133, 5.69538, 8.39867, 7.29007], "texture": "#bright_gun_texture"},
				"up": {"uv": [6.00338, 7.60133, 6.25338, 8.39867], "texture": "#bright_gun_texture"},
				"down": {"uv": [9.99662, 8.39867, 9.74662, 7.60133], "texture": "#bright_gun_texture"}
			}
		},
		{
			"from": [6.00338, 9.74383, 7.60133],
			"to": [6.25338, 10.3046, 7.89369],
			"rotation": {"angle": 45, "axis": "x", "origin": [6.00338, 10.3046, 7.60133]},
			"faces": {
				"north": {"uv": [9.74662, 5.69538, 9.99662, 6.25617], "texture": "#bright_gun_texture"},
				"east": {"uv": [8.10631, 5.69538, 8.39867, 6.25617], "texture": "#bright_gun_texture"},
				"south": {"uv": [6.00338, 5.69538, 6.25338, 6.25617], "texture": "#bright_gun_texture"},
				"west": {"uv": [7.60133, 5.69538, 7.89369, 6.25617], "texture": "#bright_gun_texture"},
				"up": {"uv": [6.00338, 7.60133, 6.25338, 7.89369], "texture": "#bright_gun_texture"},
				"down": {"uv": [9.99662, 7.89369, 9.74662, 7.60133], "texture": "#bright_gun_texture"}
			}
		},
		{
			"from": [6.00338, 10.0123, 8.39867],
			"to": [6.25338, 10.3046, 8.95947],
			"rotation": {"angle": 45, "axis": "x", "origin": [6.00338, 10.3046, 8.39867]},
			"faces": {
				"north": {"uv": [9.74662, 5.69538, 9.99662, 5.98773], "texture": "#bright_gun_texture"},
				"east": {"uv": [7.04053, 5.69538, 7.60133, 5.98773], "texture": "#bright_gun_texture"},
				"south": {"uv": [6.00338, 5.69538, 6.25338, 5.98773], "texture": "#bright_gun_texture"},
				"west": {"uv": [8.39867, 5.69538, 8.95947, 5.98773], "texture": "#bright_gun_texture"},
				"up": {"uv": [6.00338, 8.39867, 6.25338, 8.95947], "texture": "#bright_gun_texture"},
				"down": {"uv": [9.99662, 8.95947, 9.74662, 8.39867], "texture": "#bright_gun_texture"}
			}
		},
		{
			"from": [6.00338, 9.02352, 7.40997],
			"to": [6.25338, 9.31588, 7.97076],
			"rotation": {"angle": 45, "axis": "x", "origin": [6.00338, 9.31588, 7.40997]},
			"faces": {
				"north": {"uv": [9.74662, 6.68412, 9.99662, 6.97648], "texture": "#bright_gun_texture"},
				"east": {"uv": [8.02924, 6.68412, 8.59003, 6.97648], "texture": "#bright_gun_texture"},
				"south": {"uv": [6.00338, 6.68412, 6.25338, 6.97648], "texture": "#bright_gun_texture"},
				"west": {"uv": [7.40997, 6.68412, 7.97076, 6.97648], "texture": "#bright_gun_texture"},
				"up": {"uv": [6.00338, 7.40997, 6.25338, 7.97076], "texture": "#bright_gun_texture"},
				"down": {"uv": [9.99662, 7.97076, 9.74662, 7.40997], "texture": "#bright_gun_texture"}
			}
		},
		{
			"from": [6.00338, 8.75508, 8.59003],
			"to": [6.25338, 9.31588, 8.88239],
			"rotation": {"angle": 45, "axis": "x", "origin": [6.00338, 9.31588, 8.59003]},
			"faces": {
				"north": {"uv": [9.74662, 6.68412, 9.99662, 7.24492], "texture": "#bright_gun_texture"},
				"east": {"uv": [7.11761, 6.68412, 7.40997, 7.24492], "texture": "#bright_gun_texture"},
				"south": {"uv": [6.00338, 6.68412, 6.25338, 7.24492], "texture": "#bright_gun_texture"},
				"west": {"uv": [8.59003, 6.68412, 8.88239, 7.24492], "texture": "#bright_gun_texture"},
				"up": {"uv": [6.00338, 8.59003, 6.25338, 8.88239], "texture": "#bright_gun_texture"},
				"down": {"uv": [9.99662, 8.88239, 9.74662, 8.59003], "texture": "#bright_gun_texture"}
			}
		},
		{
			"from": [5.53054, 9.08398, 7.16279],
			"to": [6.03054, 9.92119, 8.83721],
			"faces": {
				"north": {"uv": [9.96946, 6.07881, 10.4695, 6.91602], "texture": "#bright_gun_texture"},
				"east": {"uv": [7.16279, 6.07881, 8.83721, 6.91602], "texture": "#bright_gun_texture"},
				"south": {"uv": [5.53054, 6.07881, 6.03054, 6.91602], "texture": "#bright_gun_texture"},
				"west": {"uv": [7.16279, 6.07881, 8.83721, 6.91602], "texture": "#bright_gun_texture"},
				"up": {"uv": [5.53054, 7.16279, 6.03054, 8.83721], "texture": "#bright_gun_texture"},
				"down": {"uv": [10.4695, 8.83721, 9.96946, 7.16279], "texture": "#bright_gun_texture"}
			}
		},
		{
			"from": [5.53054, 8.66539, 7.58139],
			"to": [6.03054, 10.3398, 8.41861],
			"faces": {
				"north": {"uv": [9.96946, 5.66019, 10.4695, 7.33461], "texture": "#bright_gun_texture"},
				"east": {"uv": [7.58139, 5.66019, 8.41861, 7.33461], "texture": "#bright_gun_texture"},
				"south": {"uv": [5.53054, 5.66019, 6.03054, 7.33461], "texture": "#bright_gun_texture"},
				"west": {"uv": [7.58139, 5.66019, 8.41861, 7.33461], "texture": "#bright_gun_texture"},
				"up": {"uv": [5.53054, 7.58139, 6.03054, 8.41861], "texture": "#bright_gun_texture"},
				"down": {"uv": [10.4695, 8.41861, 9.96946, 7.58139], "texture": "#bright_gun_texture"}
			}
		},
		{
			"from": [5.53054, 9.75097, 7.58139],
			"to": [6.03054, 10.3398, 7.88837],
			"rotation": {"angle": 45, "axis": "x", "origin": [5.53054, 10.3398, 7.58139]},
			"faces": {
				"north": {"uv": [9.96946, 5.66019, 10.4695, 6.24903], "texture": "#bright_gun_texture"},
				"east": {"uv": [8.11163, 5.66019, 8.41861, 6.24903], "texture": "#bright_gun_texture"},
				"south": {"uv": [5.53054, 5.66019, 6.03054, 6.24903], "texture": "#bright_gun_texture"},
				"west": {"uv": [7.58139, 5.66019, 7.88837, 6.24903], "texture": "#bright_gun_texture"},
				"up": {"uv": [5.53054, 7.58139, 6.03054, 7.88837], "texture": "#bright_gun_texture"},
				"down": {"uv": [10.4695, 7.88837, 9.96946, 7.58139], "texture": "#bright_gun_texture"}
			}
		},
		{
			"from": [5.53054, 10.0328, 8.41861],
			"to": [6.03054, 10.3398, 9.00744],
			"rotation": {"angle": 45, "axis": "x", "origin": [5.53054, 10.3398, 8.41861]},
			"faces": {
				"north": {"uv": [9.96946, 5.66019, 10.4695, 5.96716], "texture": "#bright_gun_texture"},
				"east": {"uv": [6.99256, 5.66019, 7.58139, 5.96716], "texture": "#bright_gun_texture"},
				"south": {"uv": [5.53054, 5.66019, 6.03054, 5.96716], "texture": "#bright_gun_texture"},
				"west": {"uv": [8.41861, 5.66019, 9.00744, 5.96716], "texture": "#bright_gun_texture"},
				"up": {"uv": [5.53054, 8.41861, 6.03054, 9.00744], "texture": "#bright_gun_texture"},
				"down": {"uv": [10.4695, 9.00744, 9.96946, 8.41861], "texture": "#bright_gun_texture"}
			}
		},
		{
			"from": [5.53054, 8.99471, 7.38046],
			"to": [6.03054, 9.30169, 7.9693],
			"rotation": {"angle": 45, "axis": "x", "origin": [5.53054, 9.30169, 7.38046]},
			"faces": {
				"north": {"uv": [9.96946, 6.69831, 10.4695, 7.00529], "texture": "#bright_gun_texture"},
				"east": {"uv": [8.0307, 6.69831, 8.61954, 7.00529], "texture": "#bright_gun_texture"},
				"south": {"uv": [5.53054, 6.69831, 6.03054, 7.00529], "texture": "#bright_gun_texture"},
				"west": {"uv": [7.38046, 6.69831, 7.9693, 7.00529], "texture": "#bright_gun_texture"},
				"up": {"uv": [5.53054, 7.38046, 6.03054, 7.9693], "texture": "#bright_gun_texture"},
				"down": {"uv": [10.4695, 7.9693, 9.96946, 7.38046], "texture": "#bright_gun_texture"}
			}
		},
		{
			"from": [5.53054, 8.71285, 8.61954],
			"to": [6.03054, 9.30169, 8.92651],
			"rotation": {"angle": 45, "axis": "x", "origin": [5.53054, 9.30169, 8.61954]},
			"faces": {
				"north": {"uv": [9.96946, 6.69831, 10.4695, 7.28715], "texture": "#bright_gun_texture"},
				"east": {"uv": [7.07349, 6.69831, 7.38046, 7.28715], "texture": "#bright_gun_texture"},
				"south": {"uv": [5.53054, 6.69831, 6.03054, 7.28715], "texture": "#bright_gun_texture"},
				"west": {"uv": [8.61954, 6.69831, 8.92651, 7.28715], "texture": "#bright_gun_texture"},
				"up": {"uv": [5.53054, 8.61954, 6.03054, 8.92651], "texture": "#bright_gun_texture"},
				"down": {"uv": [10.4695, 8.92651, 9.96946, 8.61954], "texture": "#bright_gun_texture"}
			}
		},
		{
			"from": [0.3125, 9.25, 7.75],
			"to": [5.3125, 9.75, 8.25],
			"faces": {
				"north": {"uv": [10.6875, 6.25, 15.6875, 6.75], "texture": "#bright_gun_texture"},
				"east": {"uv": [7.75, 6.25, 8.25, 6.75], "texture": "#bright_gun_texture"},
				"south": {"uv": [0.3125, 6.25, 5.3125, 6.75], "texture": "#bright_gun_texture"},
				"west": {"uv": [7.75, 6.25, 8.25, 6.75], "texture": "#bright_gun_texture"},
				"up": {"uv": [0.3125, 7.75, 5.3125, 8.25], "texture": "#bright_gun_texture"},
				"down": {"uv": [15.6875, 8.25, 10.6875, 7.75], "texture": "#bright_gun_texture"}
			}
		},
		{
			"from": [5.27343, 9.26601, 7.52907],
			"to": [5.52343, 9.73694, 8.47093],
			"faces": {
				"north": {"uv": [10.4766, 6.26306, 10.7266, 6.73399], "texture": "#bright_gun_texture"},
				"east": {"uv": [7.52907, 6.26306, 8.47093, 6.73399], "texture": "#bright_gun_texture"},
				"south": {"uv": [5.27343, 6.26306, 5.52343, 6.73399], "texture": "#bright_gun_texture"},
				"west": {"uv": [7.52907, 6.26306, 8.47093, 6.73399], "texture": "#bright_gun_texture"},
				"up": {"uv": [5.27343, 7.52907, 5.52343, 8.47093], "texture": "#bright_gun_texture"},
				"down": {"uv": [10.7266, 8.47093, 10.4766, 7.52907], "texture": "#bright_gun_texture"}
			}
		},
		{
			"from": [5.27343, 9.03051, 7.76453],
			"to": [5.52343, 9.97237, 8.23547],
			"faces": {
				"north": {"uv": [10.4766, 6.02763, 10.7266, 6.96949], "texture": "#bright_gun_texture"},
				"east": {"uv": [7.76453, 6.02763, 8.23547, 6.96949], "texture": "#bright_gun_texture"},
				"south": {"uv": [5.27343, 6.02763, 5.52343, 6.96949], "texture": "#bright_gun_texture"},
				"west": {"uv": [7.76453, 6.02763, 8.23547, 6.96949], "texture": "#bright_gun_texture"},
				"up": {"uv": [5.27343, 7.76453, 5.52343, 8.23547], "texture": "#bright_gun_texture"},
				"down": {"uv": [10.7266, 8.23547, 10.4766, 7.76453], "texture": "#bright_gun_texture"}
			}
		},
		{
			"from": [5.27343, 9.64115, 7.76453],
			"to": [5.52343, 9.97237, 7.93721],
			"rotation": {"angle": 45, "axis": "x", "origin": [5.27343, 9.97237, 7.76453]},
			"faces": {
				"north": {"uv": [10.4766, 6.02763, 10.7266, 6.35885], "texture": "#bright_gun_texture"},
				"east": {"uv": [8.06279, 6.02763, 8.23547, 6.35885], "texture": "#bright_gun_texture"},
				"south": {"uv": [5.27343, 6.02763, 5.52343, 6.35885], "texture": "#bright_gun_texture"},
				"west": {"uv": [7.76453, 6.02763, 7.93721, 6.35885], "texture": "#bright_gun_texture"},
				"up": {"uv": [5.27343, 7.76453, 5.52343, 7.93721], "texture": "#bright_gun_texture"},
				"down": {"uv": [10.7266, 7.93721, 10.4766, 7.76453], "texture": "#bright_gun_texture"}
			}
		},
		{
			"from": [5.27343, 9.7997, 8.23547],
			"to": [5.52343, 9.97237, 8.56669],
			"rotation": {"angle": 45, "axis": "x", "origin": [5.27343, 9.97237, 8.23547]},
			"faces": {
				"north": {"uv": [10.4766, 6.02763, 10.7266, 6.2003], "texture": "#bright_gun_texture"},
				"east": {"uv": [7.43331, 6.02763, 7.76453, 6.2003], "texture": "#bright_gun_texture"},
				"south": {"uv": [5.27343, 6.02763, 5.52343, 6.2003], "texture": "#bright_gun_texture"},
				"west": {"uv": [8.23547, 6.02763, 8.56669, 6.2003], "texture": "#bright_gun_texture"},
				"up": {"uv": [5.27343, 8.23547, 5.52343, 8.56669], "texture": "#bright_gun_texture"},
				"down": {"uv": [10.7266, 8.56669, 10.4766, 8.23547], "texture": "#bright_gun_texture"}
			}
		},
		{
			"from": [5.27343, 9.21576, 7.65151],
			"to": [5.52343, 9.38844, 7.98273],
			"rotation": {"angle": 45, "axis": "x", "origin": [5.27343, 9.38844, 7.65151]},
			"faces": {
				"north": {"uv": [10.4766, 6.61156, 10.7266, 6.78424], "texture": "#bright_gun_texture"},
				"east": {"uv": [8.01727, 6.61156, 8.34849, 6.78424], "texture": "#bright_gun_texture"},
				"south": {"uv": [5.27343, 6.61156, 5.52343, 6.78424], "texture": "#bright_gun_texture"},
				"west": {"uv": [7.65151, 6.61156, 7.98273, 6.78424], "texture": "#bright_gun_texture"},
				"up": {"uv": [5.27343, 7.65151, 5.52343, 7.98273], "texture": "#bright_gun_texture"},
				"down": {"uv": [10.7266, 7.98273, 10.4766, 7.65151], "texture": "#bright_gun_texture"}
			}
		},
		{
			"from": [5.27343, 9.05722, 8.34849],
			"to": [5.52343, 9.38844, 8.52116],
			"rotation": {"angle": 45, "axis": "x", "origin": [5.27343, 9.38844, 8.34849]},
			"faces": {
				"north": {"uv": [10.4766, 6.61156, 10.7266, 6.94278], "texture": "#bright_gun_texture"},
				"east": {"uv": [7.47884, 6.61156, 7.65151, 6.94278], "texture": "#bright_gun_texture"},
				"south": {"uv": [5.27343, 6.61156, 5.52343, 6.94278], "texture": "#bright_gun_texture"},
				"west": {"uv": [8.34849, 6.61156, 8.52116, 6.94278], "texture": "#bright_gun_texture"},
				"up": {"uv": [5.27343, 8.34849, 5.52343, 8.52116], "texture": "#bright_gun_texture"},
				"down": {"uv": [10.7266, 8.52116, 10.4766, 8.34849], "texture": "#bright_gun_texture"}
			}
		},
		{
			"from": [14.5, 8.75, 7.9375],
			"to": [14.5625, 10.25, 8.0625],
			"faces": {
				"north": {"uv": [1.4375, 5.75, 1.5, 7.25], "texture": "#bright_gun_texture"},
				"east": {"uv": [7.9375, 5.75, 8.0625, 7.25], "texture": "#bright_gun_texture"},
				"south": {"uv": [14.5, 5.75, 14.5625, 7.25], "texture": "#bright_gun_texture"},
				"up": {"uv": [14.5, 7.9375, 14.5625, 8.0625], "texture": "#bright_gun_texture"},
				"down": {"uv": [1.5, 8.0625, 1.4375, 7.9375], "texture": "#bright_gun_texture"}
			}
		},
		{
			"from": [14.5, 9.4375, 8.375],
			"to": [14.5625, 9.5625, 8.5],
			"faces": {
				"north": {"uv": [1.4375, 6.4375, 1.5, 6.5625], "texture": "#bright_gun_texture"},
				"east": {"uv": [7.5, 6.4375, 7.625, 6.5625], "texture": "#bright_gun_texture"},
				"south": {"uv": [14.5, 6.4375, 14.5625, 6.5625], "texture": "#bright_gun_texture"},
				"up": {"uv": [14.5, 8.375, 14.5625, 8.5], "texture": "#bright_gun_texture"},
				"down": {"uv": [1.5, 8.5, 1.4375, 8.375], "texture": "#bright_gun_texture"}
			}
		},
		{
			"from": [14.5, 9.4375, 7.5],
			"to": [14.5625, 9.5625, 7.625],
			"faces": {
				"north": {"uv": [1.4375, 6.4375, 1.5, 6.5625], "texture": "#bright_gun_texture"},
				"east": {"uv": [8.375, 6.4375, 8.5, 6.5625], "texture": "#bright_gun_texture"},
				"south": {"uv": [14.5, 6.4375, 14.5625, 6.5625], "texture": "#bright_gun_texture"},
				"up": {"uv": [14.5, 7.5, 14.5625, 7.625], "texture": "#bright_gun_texture"},
				"down": {"uv": [1.5, 7.625, 1.4375, 7.5], "texture": "#bright_gun_texture"}
			}
		},
		{
			"from": [6.625, 7, 7.5],
			"to": [7.375, 8.875, 8.5],
			"faces": {
				"north": {"uv": [8.625, 7.125, 9.375, 9], "texture": "#bright_gun_texture"},
				"east": {"uv": [7.5, 7.125, 8.5, 9], "texture": "#bright_gun_texture"},
				"south": {"uv": [6.625, 7.125, 7.375, 9], "texture": "#bright_gun_texture"},
				"west": {"uv": [7.5, 7.125, 8.5, 9], "texture": "#bright_gun_texture"},
				"up": {"uv": [6.625, 7.5, 7.375, 8.5], "texture": "#bright_gun_texture"},
				"down": {"uv": [9.375, 8.5, 8.625, 7.5], "texture": "#bright_gun_texture"}
			}
		},
		{
			"from": [6.25, 7, 7.5625],
			"to": [6.625, 8.875, 8.4375],
			"faces": {
				"north": {"uv": [9.375, 7.125, 9.75, 9], "texture": "#bright_gun_texture"},
				"south": {"uv": [6.25, 7.125, 6.625, 9], "texture": "#bright_gun_texture"},
				"west": {"uv": [7.5625, 7.125, 8.4375, 9], "texture": "#bright_gun_texture"},
				"up": {"uv": [6.25, 7.5625, 6.625, 8.4375], "texture": "#bright_gun_texture"},
				"down": {"uv": [9.75, 8.4375, 9.375, 7.5625], "texture": "#bright_gun_texture"}
			}
		},
		{
			"from": [6.625, 6.6875, 7.625],
			"to": [7.3125, 7, 8.375],
			"faces": {
				"north": {"uv": [8.6875, 9, 9.375, 9.3125], "texture": "#bright_gun_texture"},
				"east": {"uv": [7.625, 9, 8.375, 9.3125], "texture": "#bright_gun_texture"},
				"south": {"uv": [6.625, 9, 7.3125, 9.3125], "texture": "#bright_gun_texture"},
				"west": {"uv": [7.625, 9, 8.375, 9.3125], "texture": "#bright_gun_texture"},
				"down": {"uv": [9.375, 8.375, 8.6875, 7.625], "texture": "#bright_gun_texture"}
			}
		},
		{
			"from": [6.375, 3, 7.6875],
			"to": [7.25, 7, 8.3125],
			"faces": {
				"north": {"uv": [8.75, 9, 9.625, 13], "texture": "#bright_gun_texture"},
				"east": {"uv": [7.6875, 9, 8.3125, 13], "texture": "#bright_gun_texture"},
				"south": {"uv": [6.375, 9, 7.25, 13], "texture": "#bright_gun_texture"},
				"west": {"uv": [7.6875, 9, 8.3125, 13], "texture": "#bright_gun_texture"},
				"up": {"uv": [6.375, 7.6875, 7.25, 8.3125], "texture": "#bright_gun_texture"},
				"down": {"uv": [9.625, 8.3125, 8.75, 7.6875], "texture": "#bright_gun_texture"}
			}
		},
		{
			"from": [7.375, 8, 7.625],
			"to": [12.875, 8.75, 8.375],
			"faces": {
				"north": {"uv": [3.125, 7.25, 8.625, 8], "texture": "#bright_gun_texture"},
				"south": {"uv": [7.375, 7.25, 12.875, 8], "texture": "#bright_gun_texture"},
				"down": {"uv": [8.625, 8.375, 3.125, 7.625], "texture": "#bright_gun_texture"}
			}
		},
		{
			"from": [7.375, 7.875, 7.625],
			"to": [7.625, 8, 8.375],
			"faces": {
				"north": {"uv": [8.375, 8, 8.625, 8.125], "texture": "#bright_gun_texture"},
				"east": {"uv": [7.625, 8, 8.375, 8.125], "texture": "#bright_gun_texture"},
				"south": {"uv": [7.375, 8, 7.625, 8.125], "texture": "#bright_gun_texture"},
				"down": {"uv": [8.625, 8.375, 8.375, 7.625], "texture": "#bright_gun_texture"}
			}
		},
		{
			"from": [9, 7.25, 7.625],
			"to": [11.625, 8, 8.375],
			"faces": {
				"north": {"uv": [4.375, 8, 7, 8.75], "texture": "#bright_gun_texture"},
				"east": {"uv": [7.625, 8, 8.375, 8.75], "texture": "#bright_gun_texture"},
				"south": {"uv": [9, 8, 11.625, 8.75], "texture": "#bright_gun_texture"},
				"west": {"uv": [7.625, 8, 8.375, 8.75], "texture": "#bright_gun_texture"},
				"down": {"uv": [7, 8.375, 4.375, 7.625], "texture": "#bright_gun_texture"}
			}
		},
		{
			"from": [8.5, 7.625, 7.625],
			"to": [9, 8, 8.375],
			"faces": {
				"north": {"uv": [7, 8, 7.5, 8.375], "texture": "#bright_gun_texture"},
				"south": {"uv": [8.5, 8, 9, 8.375], "texture": "#bright_gun_texture"},
				"west": {"uv": [7.625, 8, 8.375, 8.375], "texture": "#bright_gun_texture"},
				"down": {"uv": [7.5, 8.375, 7, 7.625], "texture": "#bright_gun_texture"}
			}
		},
		{
			"from": [8.25, 7.8125, 7.625],
			"to": [8.5, 8, 8.375],
			"faces": {
				"north": {"uv": [7.5, 8, 7.75, 8.1875], "texture": "#bright_gun_texture"},
				"south": {"uv": [8.25, 8, 8.5, 8.1875], "texture": "#bright_gun_texture"},
				"west": {"uv": [7.625, 8, 8.375, 8.1875], "texture": "#bright_gun_texture"},
				"down": {"uv": [7.75, 8.375, 7.5, 7.625], "texture": "#bright_gun_texture"}
			}
		},
		{
			"from": [8.75, 7.4375, 7.625],
			"to": [9, 7.625, 8.375],
			"faces": {
				"north": {"uv": [7, 8.375, 7.25, 8.5625], "texture": "#bright_gun_texture"},
				"south": {"uv": [8.75, 8.375, 9, 8.5625], "texture": "#bright_gun_texture"},
				"west": {"uv": [7.625, 8.375, 8.375, 8.5625], "texture": "#bright_gun_texture"},
				"down": {"uv": [7.25, 8.375, 7, 7.625], "texture": "#bright_gun_texture"}
			}
		},
		{
			"from": [11.625, 7.625, 7.625],
			"to": [13, 8, 8.375],
			"faces": {
				"north": {"uv": [3, 8, 4.375, 8.375], "texture": "#bright_gun_texture"},
				"south": {"uv": [11.625, 8, 13, 8.375], "texture": "#bright_gun_texture"},
				"up": {"uv": [11.625, 7.625, 13, 8.375], "texture": "#bright_gun_texture"},
				"down": {"uv": [4.375, 8.375, 3, 7.625], "texture": "#bright_gun_texture"}
			}
		},
		{
			"from": [12.875, 8, 7.5],
			"to": [14.25, 8.75, 8.5],
			"faces": {
				"north": {"uv": [1.75, 7.25, 3.125, 8], "texture": "#bright_gun_texture"},
				"east": {"uv": [7.5, 7.25, 8.5, 8], "texture": "#bright_gun_texture"},
				"south": {"uv": [12.875, 7.25, 14.25, 8], "texture": "#bright_gun_texture"},
				"west": {"uv": [7.5, 7.25, 8.5, 8], "texture": "#bright_gun_texture"},
				"up": {"uv": [12.875, 7.5, 14.25, 8.5], "texture": "#bright_gun_texture"},
				"down": {"uv": [3.125, 8.5, 1.75, 7.5], "texture": "#bright_gun_texture"}
			}
		},
		{
			"from": [13, 7.25, 7.5],
			"to": [14.375, 8, 8.5],
			"faces": {
				"north": {"uv": [1.625, 8, 3, 8.75], "texture": "#bright_gun_texture"},
				"east": {"uv": [7.5, 8, 8.5, 8.75], "texture": "#bright_gun_texture"},
				"south": {"uv": [13, 8, 14.375, 8.75], "texture": "#bright_gun_texture"},
				"west": {"uv": [7.5, 8, 8.5, 8.75], "texture": "#bright_gun_texture"},
				"up": {"uv": [13, 7.5, 14.375, 8.5], "texture": "#bright_gun_texture"},
				"down": {"uv": [3, 8.5, 1.625, 7.5], "texture": "#bright_gun_texture"}
			}
		},
		{
			"from": [13.125, 6.5, 7.5],
			"to": [14.5, 7.25, 8.5],
			"faces": {
				"north": {"uv": [1.5, 8.75, 2.875, 9.5], "texture": "#bright_gun_texture"},
				"east": {"uv": [7.5, 8.75, 8.5, 9.5], "texture": "#bright_gun_texture"},
				"south": {"uv": [13.125, 8.75, 14.5, 9.5], "texture": "#bright_gun_texture"},
				"west": {"uv": [7.5, 8.75, 8.5, 9.5], "texture": "#bright_gun_texture"},
				"up": {"uv": [13.125, 7.5, 14.5, 8.5], "texture": "#bright_gun_texture"},
				"down": {"uv": [2.875, 8.5, 1.5, 7.5], "texture": "#bright_gun_texture"}
			}
		},
		{
			"from": [13.25, 5.75, 7.5],
			"to": [14.625, 6.5, 8.5],
			"faces": {
				"north": {"uv": [1.375, 9.5, 2.75, 10.25], "texture": "#bright_gun_texture"},
				"east": {"uv": [7.5, 9.5, 8.5, 10.25], "texture": "#bright_gun_texture"},
				"south": {"uv": [13.25, 9.5, 14.625, 10.25], "texture": "#bright_gun_texture"},
				"west": {"uv": [7.5, 9.5, 8.5, 10.25], "texture": "#bright_gun_texture"},
				"up": {"uv": [13.25, 7.5, 14.625, 8.5], "texture": "#bright_gun_texture"},
				"down": {"uv": [2.75, 8.5, 1.375, 7.5], "texture": "#bright_gun_texture"}
			}
		},
		{
			"from": [13.375, 5, 7.5],
			"to": [14.75, 5.75, 8.5],
			"faces": {
				"north": {"uv": [1.25, 10.25, 2.625, 11], "texture": "#bright_gun_texture"},
				"east": {"uv": [7.5, 10.25, 8.5, 11], "texture": "#bright_gun_texture"},
				"south": {"uv": [13.375, 10.25, 14.75, 11], "texture": "#bright_gun_texture"},
				"west": {"uv": [7.5, 10.25, 8.5, 11], "texture": "#bright_gun_texture"},
				"up": {"uv": [13.375, 7.5, 14.75, 8.5], "texture": "#bright_gun_texture"},
				"down": {"uv": [2.625, 8.5, 1.25, 7.5], "texture": "#bright_gun_texture"}
			}
		},
		{
			"from": [13.5, 4.875, 7.5],
			"to": [14.25, 5, 8.5],
			"faces": {
				"north": {"uv": [1.75, 11, 2.5, 11.125], "texture": "#bright_gun_texture"},
				"east": {"uv": [7.5, 11, 8.5, 11.125], "texture": "#bright_gun_texture"},
				"south": {"uv": [13.5, 11, 14.25, 11.125], "texture": "#bright_gun_texture"},
				"west": {"uv": [7.5, 11, 8.5, 11.125], "texture": "#bright_gun_texture"},
				"down": {"uv": [2.5, 8.5, 1.75, 7.5], "texture": "#bright_gun_texture"}
			}
		},
		{
			"from": [13.375, 8.25, 7.375],
			"to": [13.5, 8.5, 8.625],
			"faces": {
				"north": {"uv": [2.5, 7.5, 2.625, 7.75], "texture": "#bright_gun_texture"},
				"east": {"uv": [7.375, 7.5, 8.625, 7.75], "texture": "#bright_gun_texture"},
				"south": {"uv": [13.375, 7.5, 13.5, 7.75], "texture": "#bright_gun_texture"},
				"west": {"uv": [7.375, 7.5, 8.625, 7.75], "texture": "#bright_gun_texture"},
				"down": {"uv": [2.625, 8.625, 2.5, 7.375], "texture": "#bright_gun_texture"}
			}
		},
		{
			"from": [11.625, 7.5, 7.625],
			"to": [11.875, 7.625, 8.375],
			"faces": {
				"north": {"uv": [4.125, 8.375, 4.375, 8.5], "texture": "#bright_gun_texture"},
				"east": {"uv": [7.625, 8.375, 8.375, 8.5], "texture": "#bright_gun_texture"},
				"south": {"uv": [11.625, 8.375, 11.875, 8.5], "texture": "#bright_gun_texture"},
				"down": {"uv": [4.375, 8.375, 4.125, 7.625], "texture": "#bright_gun_texture"}
			}
		},
		{
			"from": [12.75, 7.5, 7.625],
			"to": [13, 7.625, 8.375],
			"faces": {
				"north": {"uv": [3, 8.375, 3.25, 8.5], "texture": "#bright_gun_texture"},
				"south": {"uv": [12.75, 8.375, 13, 8.5], "texture": "#bright_gun_texture"},
				"west": {"uv": [7.625, 8.375, 8.375, 8.5], "texture": "#bright_gun_texture"},
				"down": {"uv": [3.25, 8.375, 3, 7.625], "texture": "#bright_gun_texture"}
			}
		},
		{
			"from": [12.5, 7, 7.75],
			"to": [12.875, 7.625, 8.25],
			"faces": {
				"north": {"uv": [3.125, 8.375, 3.5, 9], "texture": "#bright_gun_texture"},
				"east": {"uv": [7.75, 8.375, 8.25, 9], "texture": "#bright_gun_texture"},
				"south": {"uv": [12.5, 8.375, 12.875, 9], "texture": "#bright_gun_texture"},
				"west": {"uv": [7.75, 8.375, 8.25, 9], "texture": "#bright_gun_texture"},
				"down": {"uv": [3.5, 8.25, 3.125, 7.75], "texture": "#bright_gun_texture"}
			}
		},
		{
			"from": [12.875, 7.0625, 7.75],
			"to": [13.125, 7.625, 8.25],
			"faces": {
				"north": {"uv": [2.875, 8.375, 3.125, 8.9375], "texture": "#bright_gun_texture"},
				"east": {"uv": [7.75, 8.375, 8.25, 8.9375], "texture": "#bright_gun_texture"},
				"south": {"uv": [12.875, 8.375, 13.125, 8.9375], "texture": "#bright_gun_texture"},
				"up": {"uv": [12.875, 7.75, 13.125, 8.25], "texture": "#bright_gun_texture"},
				"down": {"uv": [3.125, 8.25, 2.875, 7.75], "texture": "#bright_gun_texture"}
			}
		},
		{
			"from": [11.375, 7, 7.75],
			"to": [11.4375, 7.25, 8.25],
			"faces": {
				"north": {"uv": [4.5625, 8.75, 4.625, 9], "texture": "#bright_gun_texture"},
				"east": {"uv": [7.75, 8.75, 8.25, 9], "texture": "#bright_gun_texture"},
				"south": {"uv": [11.375, 8.75, 11.4375, 9], "texture": "#bright_gun_texture"},
				"west": {"uv": [7.75, 8.75, 8.25, 9], "texture": "#bright_gun_texture"},
				"down": {"uv": [4.625, 8.25, 4.5625, 7.75], "texture": "#bright_gun_texture"}
			}
		},
		{
			"from": [12.875, 6.6875, 7.75],
			"to": [13.125, 6.75, 8.25],
			"faces": {
				"north": {"uv": [2.875, 9.25, 3.125, 9.3125], "texture": "#bright_gun_texture"},
				"south": {"uv": [12.875, 9.25, 13.125, 9.3125], "texture": "#bright_gun_texture"},
				"west": {"uv": [7.75, 9.25, 8.25, 9.3125], "texture": "#bright_gun_texture"},
				"up": {"uv": [12.875, 7.75, 13.125, 8.25], "texture": "#bright_gun_texture"},
				"down": {"uv": [3.125, 8.25, 2.875, 7.75], "texture": "#bright_gun_texture"}
			}
		},
		{
			"from": [12.625, 6.625, 7.75],
			"to": [12.875, 6.6875, 8.25],
			"faces": {
				"north": {"uv": [3.125, 9.3125, 3.375, 9.375], "texture": "#bright_gun_texture"},
				"east": {"uv": [7.75, 9.3125, 8.25, 9.375], "texture": "#bright_gun_texture"},
				"south": {"uv": [12.625, 9.3125, 12.875, 9.375], "texture": "#bright_gun_texture"},
				"west": {"uv": [7.75, 9.3125, 8.25, 9.375], "texture": "#bright_gun_texture"},
				"up": {"uv": [12.625, 7.75, 12.875, 8.25], "texture": "#bright_gun_texture"},
				"down": {"uv": [3.375, 8.25, 3.125, 7.75], "texture": "#bright_gun_texture"}
			}
		},
		{
			"from": [12.125, 6.5625, 7.75],
			"to": [12.625, 6.625, 8.25],
			"faces": {
				"north": {"uv": [3.375, 9.375, 3.875, 9.4375], "texture": "#bright_gun_texture"},
				"east": {"uv": [7.75, 9.375, 8.25, 9.4375], "texture": "#bright_gun_texture"},
				"south": {"uv": [12.125, 9.375, 12.625, 9.4375], "texture": "#bright_gun_texture"},
				"west": {"uv": [7.75, 9.375, 8.25, 9.4375], "texture": "#bright_gun_texture"},
				"up": {"uv": [12.125, 7.75, 12.625, 8.25], "texture": "#bright_gun_texture"},
				"down": {"uv": [3.875, 8.25, 3.375, 7.75], "texture": "#bright_gun_texture"}
			}
		},
		{
			"from": [11.875, 6.625, 7.75],
			"to": [12.125, 6.6875, 8.25],
			"faces": {
				"north": {"uv": [3.875, 9.3125, 4.125, 9.375], "texture": "#bright_gun_texture"},
				"east": {"uv": [7.75, 9.3125, 8.25, 9.375], "texture": "#bright_gun_texture"},
				"south": {"uv": [11.875, 9.3125, 12.125, 9.375], "texture": "#bright_gun_texture"},
				"west": {"uv": [7.75, 9.3125, 8.25, 9.375], "texture": "#bright_gun_texture"},
				"up": {"uv": [11.875, 7.75, 12.125, 8.25], "texture": "#bright_gun_texture"},
				"down": {"uv": [4.125, 8.25, 3.875, 7.75], "texture": "#bright_gun_texture"}
			}
		},
		{
			"from": [11.6875, 6.6875, 7.75],
			"to": [11.875, 6.75, 8.25],
			"faces": {
				"north": {"uv": [4.125, 9.25, 4.3125, 9.3125], "texture": "#bright_gun_texture"},
				"east": {"uv": [7.75, 9.25, 8.25, 9.3125], "texture": "#bright_gun_texture"},
				"south": {"uv": [11.6875, 9.25, 11.875, 9.3125], "texture": "#bright_gun_texture"},
				"west": {"uv": [7.75, 9.25, 8.25, 9.3125], "texture": "#bright_gun_texture"},
				"up": {"uv": [11.6875, 7.75, 11.875, 8.25], "texture": "#bright_gun_texture"},
				"down": {"uv": [4.3125, 8.25, 4.125, 7.75], "texture": "#bright_gun_texture"}
			}
		},
		{
			"from": [11.5625, 6.75, 7.75],
			"to": [11.6875, 6.8125, 8.25],
			"faces": {
				"north": {"uv": [4.3125, 9.1875, 4.4375, 9.25], "texture": "#bright_gun_texture"},
				"east": {"uv": [7.75, 9.1875, 8.25, 9.25], "texture": "#bright_gun_texture"},
				"south": {"uv": [11.5625, 9.1875, 11.6875, 9.25], "texture": "#bright_gun_texture"},
				"west": {"uv": [7.75, 9.1875, 8.25, 9.25], "texture": "#bright_gun_texture"},
				"up": {"uv": [11.5625, 7.75, 11.6875, 8.25], "texture": "#bright_gun_texture"},
				"down": {"uv": [4.4375, 8.25, 4.3125, 7.75], "texture": "#bright_gun_texture"}
			}
		},
		{
			"from": [11.4375, 6.875, 7.75],
			"to": [11.5, 7, 8.25],
			"faces": {
				"north": {"uv": [4.5, 9, 4.5625, 9.125], "texture": "#bright_gun_texture"},
				"east": {"uv": [7.75, 9, 8.25, 9.125], "texture": "#bright_gun_texture"},
				"south": {"uv": [11.4375, 9, 11.5, 9.125], "texture": "#bright_gun_texture"},
				"west": {"uv": [7.75, 9, 8.25, 9.125], "texture": "#bright_gun_texture"},
				"up": {"uv": [11.4375, 7.75, 11.5, 8.25], "texture": "#bright_gun_texture"},
				"down": {"uv": [4.5625, 8.25, 4.5, 7.75], "texture": "#bright_gun_texture"}
			}
		},
		{
			"from": [11.5, 6.8125, 7.75],
			"to": [11.5625, 6.875, 8.25],
			"faces": {
				"north": {"uv": [4.4375, 9.125, 4.5, 9.1875], "texture": "#bright_gun_texture"},
				"east": {"uv": [7.75, 9.125, 8.25, 9.1875], "texture": "#bright_gun_texture"},
				"south": {"uv": [11.5, 9.125, 11.5625, 9.1875], "texture": "#bright_gun_texture"},
				"west": {"uv": [7.75, 9.125, 8.25, 9.1875], "texture": "#bright_gun_texture"},
				"up": {"uv": [11.5, 7.75, 11.5625, 8.25], "texture": "#bright_gun_texture"},
				"down": {"uv": [4.5, 8.25, 4.4375, 7.75], "texture": "#bright_gun_texture"}
			}
		},
		{
			"from": [6.875, 7.875, 8.5],
			"to": [7.375, 8.5, 8.625],
			"faces": {
				"east": {"uv": [7.375, 7.5, 7.5, 8.125], "texture": "#bright_gun_texture"},
				"south": {"uv": [6.875, 7.5, 7.375, 8.125], "texture": "#bright_gun_texture"},
				"west": {"uv": [8.5, 7.5, 8.625, 8.125], "texture": "#bright_gun_texture"},
				"up": {"uv": [6.875, 8.5, 7.375, 8.625], "texture": "#bright_gun_texture"},
				"down": {"uv": [9.125, 8.625, 8.625, 8.5], "texture": "#bright_gun_texture"}
			}
		},
		{
			"from": [8.125, 8.5, 7.25],
			"to": [11.625, 8.75, 8.75],
			"faces": {
				"north": {"uv": [4.375, 7.25, 7.875, 7.5], "texture": "#bright_gun_texture"},
				"east": {"uv": [7.25, 7.25, 8.75, 7.5], "texture": "#bright_gun_texture"},
				"south": {"uv": [8.125, 7.25, 11.625, 7.5], "texture": "#bright_gun_texture"},
				"west": {"uv": [7.25, 7.25, 8.75, 7.5], "texture": "#bright_gun_texture"},
				"up": {"uv": [8.125, 7.25, 11.625, 8.75], "texture": "#bright_gun_texture"},
				"down": {"uv": [7.875, 8.75, 4.375, 7.25], "texture": "#bright_gun_texture"}
			}
		},
		{
			"from": [13.75, 8.25, 7.375],
			"to": [13.875, 8.5, 8.625],
			"faces": {
				"north": {"uv": [2.125, 7.5, 2.25, 7.75], "texture": "#bright_gun_texture"},
				"east": {"uv": [7.375, 7.5, 8.625, 7.75], "texture": "#bright_gun_texture"},
				"south": {"uv": [13.75, 7.5, 13.875, 7.75], "texture": "#bright_gun_texture"},
				"west": {"uv": [7.375, 7.5, 8.625, 7.75], "texture": "#bright_gun_texture"},
				"down": {"uv": [2.25, 8.625, 2.125, 7.375], "texture": "#bright_gun_texture"}
			}
		},
		{
			"from": [13.875, 8.375, 7.375],
			"to": [14.125, 8.5, 8.625],
			"faces": {
				"north": {"uv": [1.875, 7.5, 2.125, 7.625], "texture": "#bright_gun_texture"},
				"east": {"uv": [7.375, 7.5, 8.625, 7.625], "texture": "#bright_gun_texture"},
				"south": {"uv": [13.875, 7.5, 14.125, 7.625], "texture": "#bright_gun_texture"},
				"down": {"uv": [2.125, 8.625, 1.875, 7.375], "texture": "#bright_gun_texture"}
			}
		},
		{
			"from": [13.125, 8.375, 7.375],
			"to": [13.375, 8.5, 8.625],
			"faces": {
				"north": {"uv": [2.625, 7.5, 2.875, 7.625], "texture": "#bright_gun_texture"},
				"south": {"uv": [13.125, 7.5, 13.375, 7.625], "texture": "#bright_gun_texture"},
				"west": {"uv": [7.375, 7.5, 8.625, 7.625], "texture": "#bright_gun_texture"},
				"down": {"uv": [2.875, 8.625, 2.625, 7.375], "texture": "#bright_gun_texture"}
			}
		},
		{
			"from": [6, 10.25, 7.9375],
			"to": [6.25, 10.5, 8.0625],
			"faces": {
				"north": {"uv": [9.75, 5.5, 10, 5.75], "texture": "#bright_gun_texture"},
				"east": {"uv": [7.9375, 5.5, 8.0625, 5.75], "texture": "#bright_gun_texture"},
				"south": {"uv": [6, 5.5, 6.25, 5.75], "texture": "#bright_gun_texture"},
				"west": {"uv": [7.9375, 5.5, 8.0625, 5.75], "texture": "#bright_gun_texture"},
				"up": {"uv": [6, 7.9375, 6.25, 8.0625], "texture": "#bright_gun_texture"},
				"down": {"uv": [10, 8.0625, 9.75, 7.9375], "texture": "#bright_gun_texture"}
			}
		},
		{
			"from": [13.375, 10.25, 7.6875],
			"to": [13.875, 10.5, 7.8125],
			"faces": {
				"north": {"uv": [2.125, 5.5, 2.625, 5.75], "texture": "#bright_gun_texture"},
				"east": {"uv": [8.1875, 5.5, 8.3125, 5.75], "texture": "#bright_gun_texture"},
				"south": {"uv": [13.375, 5.5, 13.875, 5.75], "texture": "#bright_gun_texture"},
				"west": {"uv": [7.6875, 5.5, 7.8125, 5.75], "texture": "#bright_gun_texture"},
				"up": {"uv": [13.375, 7.6875, 13.875, 7.8125], "texture": "#bright_gun_texture"},
				"down": {"uv": [2.625, 7.8125, 2.125, 7.6875], "texture": "#bright_gun_texture"}
			}
		},
		{
			"from": [13.375, 10.25, 8.1875],
			"to": [13.875, 10.5, 8.3125],
			"faces": {
				"north": {"uv": [2.125, 5.5, 2.625, 5.75], "texture": "#bright_gun_texture"},
				"east": {"uv": [7.6875, 5.5, 7.8125, 5.75], "texture": "#bright_gun_texture"},
				"south": {"uv": [13.375, 5.5, 13.875, 5.75], "texture": "#bright_gun_texture"},
				"west": {"uv": [8.1875, 5.5, 8.3125, 5.75], "texture": "#bright_gun_texture"},
				"up": {"uv": [13.375, 8.1875, 13.875, 8.3125], "texture": "#bright_gun_texture"},
				"down": {"uv": [2.625, 8.3125, 2.125, 8.1875], "texture": "#bright_gun_texture"}
			}
		},
		{
			"from": [13.75, 10.25, 7.8125],
			"to": [13.875, 10.625, 8.1875],
			"faces": {
				"north": {"uv": [2.125, 5.375, 2.25, 5.75], "texture": "#bright_gun_texture"},
				"east": {"uv": [7.8125, 5.375, 8.1875, 5.75], "texture": "#bright_gun_texture"},
				"south": {"uv": [13.75, 5.375, 13.875, 5.75], "texture": "#bright_gun_texture"},
				"west": {"uv": [7.8125, 5.375, 8.1875, 5.75], "texture": "#bright_gun_texture"},
				"up": {"uv": [13.75, 7.8125, 13.875, 8.1875], "texture": "#bright_gun_texture"},
				"down": {"uv": [2.25, 8.1875, 2.125, 7.8125], "texture": "#bright_gun_texture"}
			}
		},
		{
			"from": [13.75, 10.75, 7.9375],
			"to": [13.875, 10.8125, 8.0625],
			"faces": {
				"north": {"uv": [2.125, 5.1875, 2.25, 5.25], "texture": "#bright_gun_texture"},
				"east": {"uv": [7.9375, 5.1875, 8.0625, 5.25], "texture": "#bright_gun_texture"},
				"south": {"uv": [13.75, 5.1875, 13.875, 5.25], "texture": "#bright_gun_texture"},
				"west": {"uv": [7.9375, 5.1875, 8.0625, 5.25], "texture": "#bright_gun_texture"},
				"up": {"uv": [13.75, 7.9375, 13.875, 8.0625], "texture": "#bright_gun_texture"},
				"down": {"uv": [2.25, 8.0625, 2.125, 7.9375], "texture": "#bright_gun_texture"}
			}
		},
		{
			"from": [13.75, 10.625, 7.8125],
			"to": [13.875, 10.75, 7.9375],
			"faces": {
				"north": {"uv": [2.125, 5.25, 2.25, 5.375], "texture": "#bright_gun_texture"},
				"east": {"uv": [8.0625, 5.25, 8.1875, 5.375], "texture": "#bright_gun_texture"},
				"south": {"uv": [13.75, 5.25, 13.875, 5.375], "texture": "#bright_gun_texture"},
				"west": {"uv": [7.8125, 5.25, 7.9375, 5.375], "texture": "#bright_gun_texture"},
				"up": {"uv": [13.75, 7.8125, 13.875, 7.9375], "texture": "#bright_gun_texture"},
				"down": {"uv": [2.25, 7.9375, 2.125, 7.8125], "texture": "#bright_gun_texture"}
			}
		},
		{
			"from": [13.75, 10.625, 8.0625],
			"to": [13.875, 10.75, 8.1875],
			"faces": {
				"north": {"uv": [2.125, 5.25, 2.25, 5.375], "texture": "#bright_gun_texture"},
				"east": {"uv": [7.8125, 5.25, 7.9375, 5.375], "texture": "#bright_gun_texture"},
				"south": {"uv": [13.75, 5.25, 13.875, 5.375], "texture": "#bright_gun_texture"},
				"west": {"uv": [8.0625, 5.25, 8.1875, 5.375], "texture": "#bright_gun_texture"},
				"up": {"uv": [13.75, 8.0625, 13.875, 8.1875], "texture": "#bright_gun_texture"},
				"down": {"uv": [2.25, 8.1875, 2.125, 8.0625], "texture": "#bright_gun_texture"}
			}
		}
	],
	"display": {
		"thirdperson_righthand": {
			"rotation": [-180, -90, 130],
			"translation": [0, 5, 0]
		},
		"thirdperson_lefthand": {
			"rotation": [0, 90, 90],
			"translation": [0, 0, -1.5],
			"scale": [0.9, 0.9, 0.9]
		},
		"firstperson_righthand": {
			"rotation": [0, -90, 0],
			"translation": [-2.5, 4, -1],
			"scale": [0.9, 0.9, 0.9]
		},
		"firstperson_lefthand": {
			"rotation": [45, 90, 0],
			"translation": [-2.5, 4, -1],
			"scale": [0.9, 0.9, 0.9]
		},
		"ground": {
			"rotation": [90, 0, 0],
			"translation": [-1.5, 0, 0],
			"scale": [0.8, 0.8, 0.8]
		},
		"gui": {
			"rotation": [-15, 40, 0],
			"translation": [-1, 0, 0],
			"scale": [0.8, 0.8, 0.8]
		},
		"head": {
			"rotation": [0, -90, 0],
			"translation": [0, 12, 0],
			"scale": [0.8, 0.8, 0.8]
		},
		"fixed": {
			"translation": [-2.75, 0, -1.25]
		}
	}
}