{
"__comment": "© Le0, Mineland.eu 2019 | www.mineland.eu",
"textures": {
    "normal_gun_texture": "guns/poloautomaty/normal_gun_texture",
    "bright_gun_texture": "guns/poloautomaty/bright_gun_texture"
},
"elements":[
{
"from":[7,9.5,7.125],
"to":[15,10.125,8.875],
"faces":{
"down":{"uv":[7,7.125,15,8.875],"texture":"#normal_gun_texture"},
"up":{"uv":[7,7.125,15,8.875],"texture":"#normal_gun_texture"},
"north":{"uv":[1,5.875,9,6.5],"texture":"#normal_gun_texture"},
"south":{"uv":[7,5.875,15,6.5],"texture":"#normal_gun_texture"},
"west":{"uv":[7.125,5.875,8.875,6.5],"texture":"#normal_gun_texture"},
"east":{"uv":[7.125,5.875,8.875,6.5],"texture":"#normal_gun_texture"}
}
},
{
"from":[7,8.5,7.125],
"to":[15,9,8.875],
"faces":{
"down":{"uv":[7,7.125,15,8.875],"texture":"#normal_gun_texture"},
"up":{"uv":[7,7.125,15,8.875],"texture":"#normal_gun_texture"},
"north":{"uv":[1,7,9,7.5],"texture":"#normal_gun_texture"},
"south":{"uv":[7,7,15,7.5],"texture":"#normal_gun_texture"},
"west":{"uv":[7.125,7,8.875,7.5],"texture":"#normal_gun_texture"},
"east":{"uv":[7.125,7,8.875,7.5],"texture":"#normal_gun_texture"}
}
},
{
"from":[5.625,8.5,7.125],
"to":[7,10.125,8.875],
"faces":{
"down":{"uv":[5.625,7.125,7,8.875],"texture":"#normal_gun_texture"},
"up":{"uv":[5.625,7.125,7,8.875],"texture":"#normal_gun_texture"},
"north":{"uv":[9,5.875,10.375,7.5],"texture":"#normal_gun_texture"},
"south":{"uv":[5.625,5.875,7,7.5],"texture":"#normal_gun_texture"},
"west":{"uv":[7.125,5.875,8.875,7.5],"texture":"#normal_gun_texture"},
"east":{"uv":[7.125,5.875,8.875,7.5],"texture":"#normal_gun_texture"}
}
},
{
"from":[4.5,10.375,7.5],
"to":[15,11.5,8.5],
"faces":{
"down":{"uv":[4.5,7.5,15,8.5],"texture":"#normal_gun_texture"},
"up":{"uv":[4.5,7.5,15,8.5],"texture":"#normal_gun_texture"},
"north":{"uv":[1,4.5,11.5,5.625],"texture":"#normal_gun_texture"},
"south":{"uv":[4.5,4.5,15,5.625],"texture":"#normal_gun_texture"},
"west":{"uv":[7.5,4.5,8.5,5.625],"texture":"#normal_gun_texture"},
"east":{"uv":[7.5,4.5,8.5,5.625],"texture":"#normal_gun_texture"}
}
},
{
"from":[5.625,10.125,7.25],
"to":[15,10.375,8.75],
"faces":{
"down":{"uv":[5.625,7.25,15,8.75],"texture":"#normal_gun_texture"},
"up":{"uv":[5.625,7.25,15,8.75],"texture":"#normal_gun_texture"},
"north":{"uv":[1,5.625,10.375,5.875],"texture":"#normal_gun_texture"},
"south":{"uv":[5.625,5.625,15,5.875],"texture":"#normal_gun_texture"},
"west":{"uv":[7.25,5.625,8.75,5.875],"texture":"#normal_gun_texture"},
"east":{"uv":[7.25,5.625,8.75,5.875],"texture":"#normal_gun_texture"}
}
},
{
"from":[5.625,10.375,7.375],
"to":[15,10.5,8.625],
"faces":{
"down":{"uv":[5.625,7.375,15,8.625],"texture":"#normal_gun_texture"},
"up":{"uv":[5.625,7.375,15,8.625],"texture":"#normal_gun_texture"},
"north":{"uv":[1,5.5,10.375,5.625],"texture":"#normal_gun_texture"},
"south":{"uv":[5.625,5.5,15,5.625],"texture":"#normal_gun_texture"},
"west":{"uv":[7.375,5.5,8.625,5.625],"texture":"#normal_gun_texture"},
"east":{"uv":[7.375,5.5,8.625,5.625],"texture":"#normal_gun_texture"}
}
},
{
"from":[1.625,8.875,7],
"to":[5.625,10.125,9],
"faces":{
"down":{"uv":[1.625,7,5.625,9],"texture":"#normal_gun_texture"},
"up":{"uv":[1.625,7,5.625,9],"texture":"#normal_gun_texture"},
"north":{"uv":[10.375,5.875,14.375,7.125],"texture":"#normal_gun_texture"},
"south":{"uv":[1.625,5.875,5.625,7.125],"texture":"#normal_gun_texture"},
"west":{"uv":[7,5.875,9,7.125],"texture":"#normal_gun_texture"},
"east":{"uv":[7,5.875,9,7.125],"texture":"#normal_gun_texture"}
}
},
{
"from":[1.625,10.125,7.125],
"to":[5.625,10.5,8.875],
"faces":{
"down":{"uv":[1.625,7.125,5.625,8.875],"texture":"#normal_gun_texture"},
"up":{"uv":[1.625,7.125,5.625,8.875],"texture":"#normal_gun_texture"},
"north":{"uv":[10.375,5.5,14.375,5.875],"texture":"#normal_gun_texture"},
"south":{"uv":[1.625,5.5,5.625,5.875],"texture":"#normal_gun_texture"},
"west":{"uv":[7.125,5.5,8.875,5.875],"texture":"#normal_gun_texture"},
"east":{"uv":[7.125,5.5,8.875,5.875],"texture":"#normal_gun_texture"}
}
},
{
"from":[1.625,10.5,7.25],
"to":[5.625,10.625,8.75],
"faces":{
"down":{"uv":[1.625,7.25,5.625,8.75],"texture":"#normal_gun_texture"},
"up":{"uv":[1.625,7.25,5.625,8.75],"texture":"#normal_gun_texture"},
"north":{"uv":[10.375,5.375,14.375,5.5],"texture":"#normal_gun_texture"},
"south":{"uv":[1.625,5.375,5.625,5.5],"texture":"#normal_gun_texture"},
"west":{"uv":[7.25,5.375,8.75,5.5],"texture":"#normal_gun_texture"},
"east":{"uv":[7.25,5.375,8.75,5.5],"texture":"#normal_gun_texture"}
}
},
{
"from":[3.875,8.125,7.0625],
"to":[5.625,8.875,8.9375],
"faces":{
"down":{"uv":[3.875,7.0625,5.625,8.9375],"texture":"#normal_gun_texture"},
"up":{"uv":[3.875,7.0625,5.625,8.9375],"texture":"#normal_gun_texture"},
"north":{"uv":[10.375,7.125,12.125,7.875],"texture":"#normal_gun_texture"},
"south":{"uv":[3.875,7.125,5.625,7.875],"texture":"#normal_gun_texture"},
"west":{"uv":[7.0625,7.125,8.9375,7.875],"texture":"#normal_gun_texture"},
"east":{"uv":[7.0625,7.125,8.9375,7.875],"texture":"#normal_gun_texture"}
}
},
{
"from":[1.875,8.5,7.0625],
"to":[3.875,8.875,8.9375],
"faces":{
"down":{"uv":[1.875,7.0625,3.875,8.9375],"texture":"#normal_gun_texture"},
"up":{"uv":[1.875,7.0625,3.875,8.9375],"texture":"#normal_gun_texture"},
"north":{"uv":[12.125,7.125,14.125,7.5],"texture":"#normal_gun_texture"},
"south":{"uv":[1.875,7.125,3.875,7.5],"texture":"#normal_gun_texture"},
"west":{"uv":[7.0625,7.125,8.9375,7.5],"texture":"#normal_gun_texture"},
"east":{"uv":[7.0625,7.125,8.9375,7.5],"texture":"#normal_gun_texture"}
}
},
{
"from":[3.125,8.25,7.0625],
"to":[3.875,8.5,8.9375],
"faces":{
"down":{"uv":[3.125,7.0625,3.875,8.9375],"texture":"#normal_gun_texture"},
"up":{"uv":[3.125,7.0625,3.875,8.9375],"texture":"#normal_gun_texture"},
"north":{"uv":[12.125,7.5,12.875,7.75],"texture":"#normal_gun_texture"},
"south":{"uv":[3.125,7.5,3.875,7.75],"texture":"#normal_gun_texture"},
"west":{"uv":[7.0625,7.5,8.9375,7.75],"texture":"#normal_gun_texture"},
"east":{"uv":[7.0625,7.5,8.9375,7.75],"texture":"#normal_gun_texture"}
}
},
{
"from":[1.125,8.625,7.125],
"to":[1.875,8.875,8.875],
"faces":{
"down":{"uv":[1.125,7.125,1.875,8.875],"texture":"#normal_gun_texture"},
"up":{"uv":[1.125,7.125,1.875,8.875],"texture":"#normal_gun_texture"},
"north":{"uv":[14.125,7.125,14.875,7.375],"texture":"#normal_gun_texture"},
"south":{"uv":[1.125,7.125,1.875,7.375],"texture":"#normal_gun_texture"},
"west":{"uv":[7.125,7.125,8.875,7.375],"texture":"#normal_gun_texture"},
"east":{"uv":[7.125,7.125,8.875,7.375],"texture":"#normal_gun_texture"}
}
},
{
"from":[2.5,8.375,7.0625],
"to":[3.125,8.5,8.9375],
"faces":{
"down":{"uv":[2.5,7.0625,3.125,8.9375],"texture":"#normal_gun_texture"},
"up":{"uv":[2.5,7.0625,3.125,8.9375],"texture":"#normal_gun_texture"},
"north":{"uv":[12.875,7.5,13.5,7.625],"texture":"#normal_gun_texture"},
"south":{"uv":[2.5,7.5,3.125,7.625],"texture":"#normal_gun_texture"},
"west":{"uv":[7.0625,7.5,8.9375,7.625],"texture":"#normal_gun_texture"},
"east":{"uv":[7.0625,7.5,8.9375,7.625],"texture":"#normal_gun_texture"}
}
},
{
"from":[0.5,8.75,7.125],
"to":[1.125,8.875,8.875],
"faces":{
"down":{"uv":[0.5,7.125,1.125,8.875],"texture":"#normal_gun_texture"},
"up":{"uv":[0.5,7.125,1.125,8.875],"texture":"#normal_gun_texture"},
"north":{"uv":[14.875,7.125,15.5,7.25],"texture":"#normal_gun_texture"},
"south":{"uv":[0.5,7.125,1.125,7.25],"texture":"#normal_gun_texture"},
"west":{"uv":[7.125,7.125,8.875,7.25],"texture":"#normal_gun_texture"},
"east":{"uv":[7.125,7.125,8.875,7.25],"texture":"#normal_gun_texture"}
}
},
{
"from":[4.5,8,7.125],
"to":[5.125,8.125,8.875],
"faces":{
"down":{"uv":[4.5,7.125,5.125,8.875],"texture":"#normal_gun_texture"},
"up":{"uv":[4.5,7.125,5.125,8.875],"texture":"#normal_gun_texture"},
"north":{"uv":[10.875,7.875,11.5,8],"texture":"#normal_gun_texture"},
"south":{"uv":[4.5,7.875,5.125,8],"texture":"#normal_gun_texture"},
"west":{"uv":[7.125,7.875,8.875,8],"texture":"#normal_gun_texture"},
"east":{"uv":[7.125,7.875,8.875,8],"texture":"#normal_gun_texture"}
}
},
{
"from":[5.125,7.875,7.125],
"to":[5.625,8.125,8.875],
"faces":{
"down":{"uv":[5.125,7.125,5.625,8.875],"texture":"#normal_gun_texture"},
"up":{"uv":[5.125,7.125,5.625,8.875],"texture":"#normal_gun_texture"},
"north":{"uv":[10.375,7.875,10.875,8.125],"texture":"#normal_gun_texture"},
"south":{"uv":[5.125,7.875,5.625,8.125],"texture":"#normal_gun_texture"},
"west":{"uv":[7.125,7.875,8.875,8.125],"texture":"#normal_gun_texture"},
"east":{"uv":[7.125,7.875,8.875,8.125],"texture":"#normal_gun_texture"}
}
},
{
"from":[7.5,7,7.25],
"to":[14,7.375,8.75],
"faces":{
"down":{"uv":[7.5,7.25,14,8.75],"texture":"#normal_gun_texture"},
"up":{"uv":[7.5,7.25,14,8.75],"texture":"#normal_gun_texture"},
"north":{"uv":[2,8.625,8.5,9],"texture":"#normal_gun_texture"},
"south":{"uv":[7.5,8.625,14,9],"texture":"#normal_gun_texture"},
"west":{"uv":[7.25,8.625,8.75,9],"texture":"#normal_gun_texture"},
"east":{"uv":[7.25,8.625,8.75,9],"texture":"#normal_gun_texture"}
}
},
{
"from":[6.7275,7.46,7.25],
"to":[8.2275,9.06,8.75],
"rotation":{"origin":[6.7275,9.06,7.25],"axis":"z","angle":-22.5},
"faces":{
"down":{"uv":[6.115206,7.25,7.615206,8.75],"texture":"#bright_gun_texture"},
"up":{"uv":[6.115206,7.25,7.615206,8.75],"texture":"#bright_gun_texture"},
"north":{"uv":[8.384794,6.818207,9.884794,8.418207],"texture":"#bright_gun_texture"},
"south":{"uv":[6.115206,6.818207,7.615206,8.418207],"texture":"#bright_gun_texture"},
"west":{"uv":[7.25,6.818207,8.75,8.418207],"texture":"#bright_gun_texture"},
"east":{"uv":[7.25,6.818207,8.75,8.418207],"texture":"#bright_gun_texture"}
}
},
{
"from":[5.7075,8.4875,7.25],
"to":[6.5825,8.8625,8.75],
"rotation":{"origin":[5.7075,8.8625,7.25],"axis":"z","angle":-22.5},
"faces":{
"down":{"uv":[5.563993,7.25,6.438993,8.75],"texture":"#bright_gun_texture"},
"up":{"uv":[5.563993,7.25,6.438993,8.75],"texture":"#bright_gun_texture"},
"north":{"uv":[9.561007,7.108954,10.43601,7.483954],"texture":"#bright_gun_texture"},
"south":{"uv":[5.563993,7.108954,6.438993,7.483954],"texture":"#bright_gun_texture"},
"west":{"uv":[7.25,7.108954,8.75,7.483954],"texture":"#bright_gun_texture"},
"east":{"uv":[7.25,7.108954,8.75,7.483954],"texture":"#bright_gun_texture"}
}
},
{
"from":[7,9,7.375],
"to":[15,9.5,8.625],
"faces":{
"down":{"uv":[7,7.375,15,8.625],"texture":"#normal_gun_texture"},
"up":{"uv":[7,7.375,15,8.625],"texture":"#normal_gun_texture"},
"north":{"uv":[1,6.5,9,7],"texture":"#normal_gun_texture"},
"south":{"uv":[7,6.5,15,7],"texture":"#normal_gun_texture"},
"west":{"uv":[7.375,6.5,8.625,7],"texture":"#normal_gun_texture"},
"east":{"uv":[7.375,6.5,8.625,7],"texture":"#normal_gun_texture"}
}
},
{
"from":[15,8.5,7],
"to":[15.875,10.125,9],
"faces":{
"down":{"uv":[15,7,15.875,9],"texture":"#normal_gun_texture"},
"up":{"uv":[15,7,15.875,9],"texture":"#normal_gun_texture"},
"north":{"uv":[0.125,5.875,1,7.5],"texture":"#normal_gun_texture"},
"south":{"uv":[15,5.875,15.875,7.5],"texture":"#normal_gun_texture"},
"west":{"uv":[7,5.875,9,7.5],"texture":"#normal_gun_texture"},
"east":{"uv":[7,5.875,9,7.5],"texture":"#normal_gun_texture"}
}
},
{
"from":[15,10.125,7.125],
"to":[15.875,10.375,8.875],
"faces":{
"down":{"uv":[15,7.125,15.875,8.875],"texture":"#normal_gun_texture"},
"up":{"uv":[15,7.125,15.875,8.875],"texture":"#normal_gun_texture"},
"north":{"uv":[0.125,5.625,1,5.875],"texture":"#normal_gun_texture"},
"south":{"uv":[15,5.625,15.875,5.875],"texture":"#normal_gun_texture"},
"west":{"uv":[7.125,5.625,8.875,5.875],"texture":"#normal_gun_texture"},
"east":{"uv":[7.125,5.625,8.875,5.875],"texture":"#normal_gun_texture"}
}
},
{
"from":[15,10.375,7.25],
"to":[15.875,10.5,8.75],
"faces":{
"down":{"uv":[15,7.25,15.875,8.75],"texture":"#normal_gun_texture"},
"up":{"uv":[15,7.25,15.875,8.75],"texture":"#normal_gun_texture"},
"north":{"uv":[0.125,5.5,1,5.625],"texture":"#normal_gun_texture"},
"south":{"uv":[15,5.5,15.875,5.625],"texture":"#normal_gun_texture"},
"west":{"uv":[7.25,5.5,8.75,5.625],"texture":"#normal_gun_texture"},
"east":{"uv":[7.25,5.5,8.75,5.625],"texture":"#normal_gun_texture"}
}
},
{
"from":[15,10.5,7.4375],
"to":[15.875,11.5625,8.5625],
"faces":{
"down":{"uv":[15,7.4375,15.875,8.5625],"texture":"#normal_gun_texture"},
"up":{"uv":[15,7.4375,15.875,8.5625],"texture":"#normal_gun_texture"},
"north":{"uv":[0.125,4.4375,1,5.5],"texture":"#normal_gun_texture"},
"south":{"uv":[15,4.4375,15.875,5.5],"texture":"#normal_gun_texture"},
"west":{"uv":[7.4375,4.4375,8.5625,5.5],"texture":"#normal_gun_texture"},
"east":{"uv":[7.4375,4.4375,8.5625,5.5],"texture":"#normal_gun_texture"}
}
},
{
"from":[13.75,9,7.25],
"to":[21,9.5,7.5],
"faces":{
"down":{"uv":[13.75,8.5,16,8.75],"texture":"#bright_gun_texture"},
"up":{"uv":[13.75,7.25,16,7.5],"texture":"#bright_gun_texture"},
"north":{"uv":[0,6.5,2.25,7],"texture":"#bright_gun_texture"},
"south":{"uv":[13.75,6.5,16,7],"texture":"#bright_gun_texture"},
"west":{"uv":[7.25,6.5,7.5,7],"texture":"#bright_gun_texture"},
"east":{"uv":[8.5,6.5,8.75,7],"texture":"#bright_gun_texture"}
}
},
{
"from":[13.75,9,8.5],
"to":[21,9.5,8.75],
"faces":{
"down":{"uv":[13.75,7.25,16,7.5],"texture":"#bright_gun_texture"},
"up":{"uv":[13.75,8.5,16,8.75],"texture":"#bright_gun_texture"},
"north":{"uv":[0,6.5,2.25,7],"texture":"#bright_gun_texture"},
"south":{"uv":[13.75,6.5,16,7],"texture":"#bright_gun_texture"},
"west":{"uv":[8.5,6.5,8.75,7],"texture":"#bright_gun_texture"},
"east":{"uv":[7.25,6.5,7.5,7],"texture":"#bright_gun_texture"}
}
},
{
"from":[0,8.875,7.0625],
"to":[1.625,10.125,8.9375],
"faces":{
"down":{"uv":[0,7.0625,1.625,8.9375],"texture":"#normal_gun_texture"},
"up":{"uv":[0,7.0625,1.625,8.9375],"texture":"#normal_gun_texture"},
"north":{"uv":[14.375,5.875,16,7.125],"texture":"#normal_gun_texture"},
"south":{"uv":[0,5.875,1.625,7.125],"texture":"#normal_gun_texture"},
"west":{"uv":[7.0625,5.875,8.9375,7.125],"texture":"#normal_gun_texture"},
"east":{"uv":[7.0625,5.875,8.9375,7.125],"texture":"#normal_gun_texture"}
}
},
{
"from":[0,10.125,7.1875],
"to":[1.625,10.5,8.8125],
"faces":{
"down":{"uv":[0,7.1875,1.625,8.8125],"texture":"#normal_gun_texture"},
"up":{"uv":[0,7.1875,1.625,8.8125],"texture":"#normal_gun_texture"},
"north":{"uv":[14.375,5.5,16,5.875],"texture":"#normal_gun_texture"},
"south":{"uv":[0,5.5,1.625,5.875],"texture":"#normal_gun_texture"},
"west":{"uv":[7.1875,5.5,8.8125,5.875],"texture":"#normal_gun_texture"},
"east":{"uv":[7.1875,5.5,8.8125,5.875],"texture":"#normal_gun_texture"}
}
},
{
"from":[0,10.5,7.3125],
"to":[1.625,10.625,8.6875],
"faces":{
"down":{"uv":[0,7.3125,1.625,8.6875],"texture":"#normal_gun_texture"},
"up":{"uv":[0,7.3125,1.625,8.6875],"texture":"#normal_gun_texture"},
"north":{"uv":[14.375,5.375,16,5.5],"texture":"#normal_gun_texture"},
"south":{"uv":[0,5.375,1.625,5.5],"texture":"#normal_gun_texture"},
"west":{"uv":[7.3125,5.375,8.6875,5.5],"texture":"#normal_gun_texture"},
"east":{"uv":[7.3125,5.375,8.6875,5.5],"texture":"#normal_gun_texture"}
}
},
{
"from":[-0.625,9.25,7.6875],
"to":[0,9.875,8.3125],
"faces":{
"down":{"uv":[15.375,7.6875,16,8.3125],"texture":"#normal_gun_texture"},
"up":{"uv":[15.375,7.6875,16,8.3125],"texture":"#normal_gun_texture"},
"north":{"uv":[0,6.125,0.625,6.75],"texture":"#normal_gun_texture"},
"south":{"uv":[15.375,6.125,16,6.75],"texture":"#normal_gun_texture"},
"west":{"uv":[7.6875,6.125,8.3125,6.75],"texture":"#normal_gun_texture"},
"east":{"uv":[7.6875,6.125,8.3125,6.75],"texture":"#normal_gun_texture"}
}
},
{
"from":[-1.125,9.0625,7.625],
"to":[-0.625,10.0625,8.375],
"faces":{
"down":{"uv":[14.875,7.625,15.375,8.375],"texture":"#normal_gun_texture"},
"up":{"uv":[14.875,7.625,15.375,8.375],"texture":"#normal_gun_texture"},
"north":{"uv":[0.625,5.9375,1.125,6.9375],"texture":"#normal_gun_texture"},
"south":{"uv":[14.875,5.9375,15.375,6.9375],"texture":"#normal_gun_texture"},
"west":{"uv":[7.625,5.9375,8.375,6.9375],"texture":"#normal_gun_texture"},
"east":{"uv":[7.625,5.9375,8.375,6.9375],"texture":"#normal_gun_texture"}
}
},
{
"from":[-1.125,9.1875,7.5],
"to":[-0.625,9.9375,8.5],
"faces":{
"down":{"uv":[14.875,7.5,15.375,8.5],"texture":"#normal_gun_texture"},
"up":{"uv":[14.875,7.5,15.375,8.5],"texture":"#normal_gun_texture"},
"north":{"uv":[0.625,6.0625,1.125,6.8125],"texture":"#normal_gun_texture"},
"south":{"uv":[14.875,6.0625,15.375,6.8125],"texture":"#normal_gun_texture"},
"west":{"uv":[7.5,6.0625,8.5,6.8125],"texture":"#normal_gun_texture"},
"east":{"uv":[7.5,6.0625,8.5,6.8125],"texture":"#normal_gun_texture"}
}
},
{
"from":[-3,9.1875,7.625],
"to":[-1.125,9.9375,8.375],
"faces":{
"down":{"uv":[13,7.625,14.875,8.375],"texture":"#normal_gun_texture"},
"up":{"uv":[13,7.625,14.875,8.375],"texture":"#normal_gun_texture"},
"north":{"uv":[1.125,6.0625,3,6.8125],"texture":"#normal_gun_texture"},
"south":{"uv":[13,6.0625,14.875,6.8125],"texture":"#normal_gun_texture"},
"west":{"uv":[7.625,6.0625,8.375,6.8125],"texture":"#normal_gun_texture"},
"east":{"uv":[7.625,6.0625,8.375,6.8125],"texture":"#normal_gun_texture"}
}
},
{
"from":[-0.625,10.6875,7.6875],
"to":[0,11.3125,8.3125],
"faces":{
"down":{"uv":[15.375,7.6875,16,8.3125],"texture":"#normal_gun_texture"},
"up":{"uv":[15.375,7.6875,16,8.3125],"texture":"#normal_gun_texture"},
"north":{"uv":[0,4.6875,0.625,5.3125],"texture":"#normal_gun_texture"},
"south":{"uv":[15.375,4.6875,16,5.3125],"texture":"#normal_gun_texture"},
"west":{"uv":[7.6875,4.6875,8.3125,5.3125],"texture":"#normal_gun_texture"},
"east":{"uv":[7.6875,4.6875,8.3125,5.3125],"texture":"#normal_gun_texture"}
}
},
{
"from":[-0.5625,9.875,7.75],
"to":[-0.0625,10.75,8.25],
"faces":{
"down":{"uv":[15.4375,7.75,15.9375,8.25],"texture":"#normal_gun_texture"},
"up":{"uv":[15.4375,7.75,15.9375,8.25],"texture":"#normal_gun_texture"},
"north":{"uv":[0.0625,5.25,0.5625,6.125],"texture":"#normal_gun_texture"},
"south":{"uv":[15.4375,5.25,15.9375,6.125],"texture":"#normal_gun_texture"},
"west":{"uv":[7.75,5.25,8.25,6.125],"texture":"#normal_gun_texture"},
"east":{"uv":[7.75,5.25,8.25,6.125],"texture":"#normal_gun_texture"}
}
},
{
"from":[0,10.625,7.625],
"to":[1,11.375,8.375],
"faces":{
"down":{"uv":[0,7.625,1,8.375],"texture":"#normal_gun_texture"},
"up":{"uv":[0,7.625,1,8.375],"texture":"#normal_gun_texture"},
"north":{"uv":[15,4.625,16,5.375],"texture":"#normal_gun_texture"},
"south":{"uv":[0,4.625,1,5.375],"texture":"#normal_gun_texture"},
"west":{"uv":[7.625,4.625,8.375,5.375],"texture":"#normal_gun_texture"},
"east":{"uv":[7.625,4.625,8.375,5.375],"texture":"#normal_gun_texture"}
}
},
{
"from":[1,10.5625,7.5625],
"to":[4.5,11.4375,8.4375],
"faces":{
"down":{"uv":[1,7.5625,4.5,8.4375],"texture":"#normal_gun_texture"},
"up":{"uv":[1,7.5625,4.5,8.4375],"texture":"#normal_gun_texture"},
"north":{"uv":[11.5,4.5625,15,5.4375],"texture":"#normal_gun_texture"},
"south":{"uv":[1,4.5625,4.5,5.4375],"texture":"#normal_gun_texture"},
"west":{"uv":[7.5625,4.5625,8.4375,5.4375],"texture":"#normal_gun_texture"},
"east":{"uv":[7.5625,4.5625,8.4375,5.4375],"texture":"#normal_gun_texture"}
}
},
{
"from":[-0.5625,11.3125,7.75],
"to":[-0.0625,11.9375,8.25],
"faces":{
"down":{"uv":[15.4375,7.75,15.9375,8.25],"texture":"#normal_gun_texture"},
"up":{"uv":[15.4375,7.75,15.9375,8.25],"texture":"#normal_gun_texture"},
"north":{"uv":[0.0625,4.0625,0.5625,4.6875],"texture":"#normal_gun_texture"},
"south":{"uv":[15.4375,4.0625,15.9375,4.6875],"texture":"#normal_gun_texture"},
"west":{"uv":[7.75,4.0625,8.25,4.6875],"texture":"#normal_gun_texture"},
"east":{"uv":[7.75,4.0625,8.25,4.6875],"texture":"#normal_gun_texture"}
}
},
{
"from":[7.625,7.375,7.25],
"to":[14.125,7.75,8.75],
"faces":{
"down":{"uv":[7.625,7.25,14.125,8.75],"texture":"#normal_gun_texture"},
"up":{"uv":[7.625,7.25,14.125,8.75],"texture":"#normal_gun_texture"},
"north":{"uv":[1.875,8.25,8.375,8.625],"texture":"#normal_gun_texture"},
"south":{"uv":[7.625,8.25,14.125,8.625],"texture":"#normal_gun_texture"},
"west":{"uv":[7.25,8.25,8.75,8.625],"texture":"#normal_gun_texture"},
"east":{"uv":[7.25,8.25,8.75,8.625],"texture":"#normal_gun_texture"}
}
},
{
"from":[7.9375,8.125,7.25],
"to":[14.0625,8.5,8.75],
"faces":{
"down":{"uv":[7.9375,7.25,14.0625,8.75],"texture":"#normal_gun_texture"},
"up":{"uv":[7.9375,7.25,14.0625,8.75],"texture":"#normal_gun_texture"},
"north":{"uv":[1.9375,7.5,8.0625,7.875],"texture":"#normal_gun_texture"},
"south":{"uv":[7.9375,7.5,14.0625,7.875],"texture":"#normal_gun_texture"},
"west":{"uv":[7.25,7.5,8.75,7.875],"texture":"#normal_gun_texture"},
"east":{"uv":[7.25,7.5,8.75,7.875],"texture":"#normal_gun_texture"}
}
},
{
"from":[7.8125,7.75,7.25],
"to":[14.0625,8.125,8.75],
"faces":{
"down":{"uv":[7.8125,7.25,14.0625,8.75],"texture":"#normal_gun_texture"},
"up":{"uv":[7.8125,7.25,14.0625,8.75],"texture":"#normal_gun_texture"},
"north":{"uv":[1.9375,7.875,8.1875,8.25],"texture":"#normal_gun_texture"},
"south":{"uv":[7.8125,7.875,14.0625,8.25],"texture":"#normal_gun_texture"},
"west":{"uv":[7.25,7.875,8.75,8.25],"texture":"#normal_gun_texture"},
"east":{"uv":[7.25,7.875,8.75,8.25],"texture":"#normal_gun_texture"}
}
},
{
"from":[1.25,11,8.375],
"to":[1.625,11.25,9.375],
"faces":{
"down":{"uv":[1.25,6.625,1.625,7.625],"texture":"#normal_gun_texture"},
"up":{"uv":[1.25,8.375,1.625,9.375],"texture":"#normal_gun_texture"},
"north":{"uv":[14.375,4.75,14.75,5],"texture":"#normal_gun_texture"},
"south":{"uv":[1.25,4.75,1.625,5],"texture":"#normal_gun_texture"},
"west":{"uv":[8.375,4.75,9.375,5],"texture":"#normal_gun_texture"},
"east":{"uv":[6.625,4.75,7.625,5],"texture":"#normal_gun_texture"}
}
},
{
"from":[15,7.75,7.125],
"to":[15.875,8.5,8.875],
"faces":{
"down":{"uv":[15,7.125,15.875,8.875],"texture":"#normal_gun_texture"},
"up":{"uv":[15,7.125,15.875,8.875],"texture":"#normal_gun_texture"},
"north":{"uv":[0.125,7.5,1,8.25],"texture":"#normal_gun_texture"},
"south":{"uv":[15,7.5,15.875,8.25],"texture":"#normal_gun_texture"},
"west":{"uv":[7.125,7.5,8.875,8.25],"texture":"#normal_gun_texture"},
"east":{"uv":[7.125,7.5,8.875,8.25],"texture":"#normal_gun_texture"}
}
},
{
"from":[14,7.75,7.25],
"to":[15,8.5,8.75],
"faces":{
"down":{"uv":[14,7.25,15,8.75],"texture":"#normal_gun_texture"},
"up":{"uv":[14,7.25,15,8.75],"texture":"#normal_gun_texture"},
"north":{"uv":[1,7.5,2,8.25],"texture":"#normal_gun_texture"},
"south":{"uv":[14,7.5,15,8.25],"texture":"#normal_gun_texture"},
"west":{"uv":[7.25,7.5,8.75,8.25],"texture":"#normal_gun_texture"},
"east":{"uv":[7.25,7.5,8.75,8.25],"texture":"#normal_gun_texture"}
}
},
{
"from":[13.48,6.7825,7.25],
"to":[14.605,7.5325,8.75],
"rotation":{"origin":[13.48,7.5325,7.25],"axis":"z","angle":45},
"faces":{
"down":{"uv":[14.01033,7.25,15.13533,8.75],"texture":"#normal_gun_texture"},
"up":{"uv":[14.01033,7.25,15.13533,8.75],"texture":"#normal_gun_texture"},
"north":{"uv":[0.8646708,8.24783,1.989671,8.99783],"texture":"#normal_gun_texture"},
"south":{"uv":[14.01033,8.24783,15.13533,8.99783],"texture":"#normal_gun_texture"},
"west":{"uv":[7.25,8.24783,8.75,8.99783],"texture":"#normal_gun_texture"},
"east":{"uv":[7.25,8.24783,8.75,8.99783],"texture":"#normal_gun_texture"}
}
},
{
"from":[15.875,8.5,7.125],
"to":[16.5,10.125,8.875],
"faces":{
"down":{"uv":[15.875,7.125,16,8.875],"texture":"#normal_gun_texture"},
"up":{"uv":[15.875,7.125,16,8.875],"texture":"#normal_gun_texture"},
"north":{"uv":[0,5.875,0.125,7.5],"texture":"#normal_gun_texture"},
"south":{"uv":[15.875,5.875,16,7.5],"texture":"#normal_gun_texture"},
"west":{"uv":[7.125,5.875,8.875,7.5],"texture":"#normal_gun_texture"},
"east":{"uv":[7.125,5.875,8.875,7.5],"texture":"#normal_gun_texture"}
}
},
{
"from":[15.875,10.125,7.25],
"to":[16.5,10.375,8.75],
"faces":{
"down":{"uv":[15.875,7.25,16,8.75],"texture":"#normal_gun_texture"},
"up":{"uv":[15.875,7.25,16,8.75],"texture":"#normal_gun_texture"},
"north":{"uv":[0,5.625,0.125,5.875],"texture":"#normal_gun_texture"},
"south":{"uv":[15.875,5.625,16,5.875],"texture":"#normal_gun_texture"},
"west":{"uv":[7.25,5.625,8.75,5.875],"texture":"#normal_gun_texture"},
"east":{"uv":[7.25,5.625,8.75,5.875],"texture":"#normal_gun_texture"}
}
},
{
"from":[15.875,10.375,7.5],
"to":[16.5,10.5,8.5],
"faces":{
"down":{"uv":[15.875,7.5,16,8.5],"texture":"#normal_gun_texture"},
"up":{"uv":[15.875,7.5,16,8.5],"texture":"#normal_gun_texture"},
"north":{"uv":[0,5.5,0.125,5.625],"texture":"#normal_gun_texture"},
"south":{"uv":[15.875,5.5,16,5.625],"texture":"#normal_gun_texture"},
"west":{"uv":[7.5,5.5,8.5,5.625],"texture":"#normal_gun_texture"},
"east":{"uv":[7.5,5.5,8.5,5.625],"texture":"#normal_gun_texture"}
}
},
{
"from":[15.875,10.5,7.5],
"to":[16,11.5,8.5],
"faces":{
"down":{"uv":[15.875,7.5,16,8.5],"texture":"#normal_gun_texture"},
"up":{"uv":[15.875,7.5,16,8.5],"texture":"#normal_gun_texture"},
"north":{"uv":[0,4.5,0.125,5.5],"texture":"#normal_gun_texture"},
"south":{"uv":[15.875,4.5,16,5.5],"texture":"#normal_gun_texture"},
"west":{"uv":[7.5,4.5,8.5,5.5],"texture":"#normal_gun_texture"},
"east":{"uv":[7.5,4.5,8.5,5.5],"texture":"#normal_gun_texture"}
}
},
{
"from":[16,10.5,7.5],
"to":[16.125,11.25,8.5],
"faces":{
"down":{"uv":[0,7.5,0.125,8.5],"texture":"#normal_gun_texture"},
"up":{"uv":[0,7.5,0.125,8.5],"texture":"#normal_gun_texture"},
"north":{"uv":[15.875,4.75,16,5.5],"texture":"#normal_gun_texture"},
"south":{"uv":[0,4.75,0.125,5.5],"texture":"#normal_gun_texture"},
"west":{"uv":[7.5,4.75,8.5,5.5],"texture":"#normal_gun_texture"},
"east":{"uv":[7.5,4.75,8.5,5.5],"texture":"#normal_gun_texture"}
}
},
{
"from":[16.125,10.5,7.5],
"to":[16.25,11,8.5],
"faces":{
"down":{"uv":[0.125,7.5,0.25,8.5],"texture":"#normal_gun_texture"},
"up":{"uv":[0.125,7.5,0.25,8.5],"texture":"#normal_gun_texture"},
"north":{"uv":[15.75,5,15.875,5.5],"texture":"#normal_gun_texture"},
"south":{"uv":[0.125,5,0.25,5.5],"texture":"#normal_gun_texture"},
"west":{"uv":[7.5,5,8.5,5.5],"texture":"#normal_gun_texture"},
"east":{"uv":[7.5,5,8.5,5.5],"texture":"#normal_gun_texture"}
}
},
{
"from":[16.25,10.5,7.5],
"to":[16.375,10.75,8.5],
"faces":{
"down":{"uv":[0.25,7.5,0.375,8.5],"texture":"#normal_gun_texture"},
"up":{"uv":[0.25,7.5,0.375,8.5],"texture":"#normal_gun_texture"},
"north":{"uv":[15.625,5.25,15.75,5.5],"texture":"#normal_gun_texture"},
"south":{"uv":[0.25,5.25,0.375,5.5],"texture":"#normal_gun_texture"},
"west":{"uv":[7.5,5.25,8.5,5.5],"texture":"#normal_gun_texture"},
"east":{"uv":[7.5,5.25,8.5,5.5],"texture":"#normal_gun_texture"}
}
},
{
"from":[15.875,10.375,7.375],
"to":[16.375,10.5,8.625],
"faces":{
"down":{"uv":[15.875,7.375,16,8.625],"texture":"#normal_gun_texture"},
"up":{"uv":[15.875,7.375,16,8.625],"texture":"#normal_gun_texture"},
"north":{"uv":[0,5.5,0.125,5.625],"texture":"#normal_gun_texture"},
"south":{"uv":[15.875,5.5,16,5.625],"texture":"#normal_gun_texture"},
"west":{"uv":[7.375,5.5,8.625,5.625],"texture":"#normal_gun_texture"},
"east":{"uv":[7.375,5.5,8.625,5.625],"texture":"#normal_gun_texture"}
}
},
{
"from":[15.875,10.5,7.4375],
"to":[16,11.125,8.5625],
"faces":{
"down":{"uv":[15.875,7.4375,16,8.5625],"texture":"#normal_gun_texture"},
"up":{"uv":[15.875,7.4375,16,8.5625],"texture":"#normal_gun_texture"},
"north":{"uv":[0,4.875,0.125,5.5],"texture":"#normal_gun_texture"},
"south":{"uv":[15.875,4.875,16,5.5],"texture":"#normal_gun_texture"},
"west":{"uv":[7.4375,4.875,8.5625,5.5],"texture":"#normal_gun_texture"},
"east":{"uv":[7.4375,4.875,8.5625,5.5],"texture":"#normal_gun_texture"}
}
},
{
"from":[16,10.5,7.4375],
"to":[16.125,10.875,8.5625],
"faces":{
"down":{"uv":[0,7.4375,0.125,8.5625],"texture":"#normal_gun_texture"},
"up":{"uv":[0,7.4375,0.125,8.5625],"texture":"#normal_gun_texture"},
"north":{"uv":[15.875,5.125,16,5.5],"texture":"#normal_gun_texture"},
"south":{"uv":[0,5.125,0.125,5.5],"texture":"#normal_gun_texture"},
"west":{"uv":[7.4375,5.125,8.5625,5.5],"texture":"#normal_gun_texture"},
"east":{"uv":[7.4375,5.125,8.5625,5.5],"texture":"#normal_gun_texture"}
}
},
{
"from":[16.125,10.5,7.4375],
"to":[16.25,10.625,8.5625],
"faces":{
"down":{"uv":[0.125,7.4375,0.25,8.5625],"texture":"#normal_gun_texture"},
"up":{"uv":[0.125,7.4375,0.25,8.5625],"texture":"#normal_gun_texture"},
"north":{"uv":[15.75,5.375,15.875,5.5],"texture":"#normal_gun_texture"},
"south":{"uv":[0.125,5.375,0.25,5.5],"texture":"#normal_gun_texture"},
"west":{"uv":[7.4375,5.375,8.5625,5.5],"texture":"#normal_gun_texture"},
"east":{"uv":[7.4375,5.375,8.5625,5.5],"texture":"#normal_gun_texture"}
}
},
{
"from":[21,8.75,7],
"to":[22,9.75,9.125],
"faces":{
"down":{"uv":[5,6.875,6,9],"texture":"#normal_gun_texture"},
"up":{"uv":[5,7,6,9.125],"texture":"#normal_gun_texture"},
"north":{"uv":[10,6.25,11,7.25],"texture":"#normal_gun_texture"},
"south":{"uv":[5,6.25,6,7.25],"texture":"#normal_gun_texture"},
"west":{"uv":[7,6.25,9.125,7.25],"texture":"#normal_gun_texture"},
"east":{"uv":[6.875,6.25,9,7.25],"texture":"#normal_gun_texture"}
}
},
{
"from":[21,9.75,7.25],
"to":[22,10,8.875],
"faces":{
"down":{"uv":[5,7.125,6,8.75],"texture":"#normal_gun_texture"},
"up":{"uv":[5,7.25,6,8.875],"texture":"#normal_gun_texture"},
"north":{"uv":[10,6,11,6.25],"texture":"#normal_gun_texture"},
"south":{"uv":[5,6,6,6.25],"texture":"#normal_gun_texture"},
"west":{"uv":[7.25,6,8.875,6.25],"texture":"#normal_gun_texture"},
"east":{"uv":[7.125,6,8.75,6.25],"texture":"#normal_gun_texture"}
}
},
{
"from":[21,8.5,7.25],
"to":[22,8.75,8.875],
"faces":{
"down":{"uv":[5,7.125,6,8.75],"texture":"#normal_gun_texture"},
"up":{"uv":[5,7.25,6,8.875],"texture":"#normal_gun_texture"},
"north":{"uv":[10,7.25,11,7.5],"texture":"#normal_gun_texture"},
"south":{"uv":[5,7.25,6,7.5],"texture":"#normal_gun_texture"},
"west":{"uv":[7.25,7.25,8.875,7.5],"texture":"#normal_gun_texture"},
"east":{"uv":[7.125,7.25,8.75,7.5],"texture":"#normal_gun_texture"}
}
},
{
"from":[21.125,7.75,7.5],
"to":[22,8.5,8.625],
"faces":{
"down":{"uv":[5.125,7.375,6,8.5],"texture":"#normal_gun_texture"},
"up":{"uv":[5.125,7.5,6,8.625],"texture":"#normal_gun_texture"},
"north":{"uv":[10,7.5,10.875,8.25],"texture":"#normal_gun_texture"},
"south":{"uv":[5.125,7.5,6,8.25],"texture":"#normal_gun_texture"},
"west":{"uv":[7.5,7.5,8.625,8.25],"texture":"#normal_gun_texture"},
"east":{"uv":[7.375,7.5,8.5,8.25],"texture":"#normal_gun_texture"}
}
},
{
"from":[21.25,7,7.625],
"to":[22,7.75,8.5],
"faces":{
"down":{"uv":[5.25,7.5,6,8.375],"texture":"#normal_gun_texture"},
"up":{"uv":[5.25,7.625,6,8.5],"texture":"#normal_gun_texture"},
"north":{"uv":[10,8.25,10.75,9],"texture":"#normal_gun_texture"},
"south":{"uv":[5.25,8.25,6,9],"texture":"#normal_gun_texture"},
"west":{"uv":[7.625,8.25,8.5,9],"texture":"#normal_gun_texture"},
"east":{"uv":[7.5,8.25,8.375,9],"texture":"#normal_gun_texture"}
}
},
{
"from":[21.375,6.25,7.75],
"to":[22,7,8.375],
"faces":{
"down":{"uv":[5.375,7.625,6,8.25],"texture":"#normal_gun_texture"},
"up":{"uv":[5.375,7.75,6,8.375],"texture":"#normal_gun_texture"},
"north":{"uv":[10,9,10.625,9.75],"texture":"#normal_gun_texture"},
"south":{"uv":[5.375,9,6,9.75],"texture":"#normal_gun_texture"},
"west":{"uv":[7.75,9,8.375,9.75],"texture":"#normal_gun_texture"},
"east":{"uv":[7.625,9,8.25,9.75],"texture":"#normal_gun_texture"}
}
},
{
"from":[22,6.75,7.8125],
"to":[22.25,8.75,8.3125],
"faces":{
"down":{"uv":[6,7.6875,6.25,8.1875],"texture":"#normal_gun_texture"},
"up":{"uv":[6,7.8125,6.25,8.3125],"texture":"#normal_gun_texture"},
"north":{"uv":[9.75,7.25,10,9.25],"texture":"#normal_gun_texture"},
"south":{"uv":[6,7.25,6.25,9.25],"texture":"#normal_gun_texture"},
"west":{"uv":[7.8125,7.25,8.3125,9.25],"texture":"#normal_gun_texture"},
"east":{"uv":[7.6875,7.25,8.1875,9.25],"texture":"#normal_gun_texture"}
}
},
{
"from":[22,8.75,7.4375],
"to":[22.25,9.5,8.6875],
"faces":{
"down":{"uv":[6,7.3125,6.25,8.5625],"texture":"#normal_gun_texture"},
"up":{"uv":[6,7.4375,6.25,8.6875],"texture":"#normal_gun_texture"},
"north":{"uv":[9.75,6.5,10,7.25],"texture":"#normal_gun_texture"},
"south":{"uv":[6,6.5,6.25,7.25],"texture":"#normal_gun_texture"},
"west":{"uv":[7.4375,6.5,8.6875,7.25],"texture":"#normal_gun_texture"},
"east":{"uv":[7.3125,6.5,8.5625,7.25],"texture":"#normal_gun_texture"}
}
},
{
"from":[6.1875,7,7.5],
"to":[7.4375,7.625,8.5],
"faces":{
"down":{"uv":[6.1875,7.5,7.4375,8.5],"texture":"#bright_gun_texture"},
"up":{"uv":[6.1875,7.5,7.4375,8.5],"texture":"#bright_gun_texture"},
"north":{"uv":[8.5625,8.375,9.8125,9],"texture":"#bright_gun_texture"},
"south":{"uv":[6.1875,8.375,7.4375,9],"texture":"#bright_gun_texture"},
"west":{"uv":[7.5,8.375,8.5,9],"texture":"#bright_gun_texture"},
"east":{"uv":[7.5,8.375,8.5,9],"texture":"#bright_gun_texture"}
}
},
{
"from":[6.125,6.5,7.5],
"to":[7.375,7,8.5],
"faces":{
"down":{"uv":[6.125,7.5,7.375,8.5],"texture":"#bright_gun_texture"},
"up":{"uv":[6.125,7.5,7.375,8.5],"texture":"#bright_gun_texture"},
"north":{"uv":[8.625,9,9.875,9.5],"texture":"#bright_gun_texture"},
"south":{"uv":[6.125,9,7.375,9.5],"texture":"#bright_gun_texture"},
"west":{"uv":[7.5,9,8.5,9.5],"texture":"#bright_gun_texture"},
"east":{"uv":[7.5,9,8.5,9.5],"texture":"#bright_gun_texture"}
}
},
{
"from":[6,6,7.5],
"to":[7.25,6.5,8.5],
"faces":{
"down":{"uv":[6,7.5,7.25,8.5],"texture":"#bright_gun_texture"},
"up":{"uv":[6,7.5,7.25,8.5],"texture":"#bright_gun_texture"},
"north":{"uv":[8.75,9.5,10,10],"texture":"#bright_gun_texture"},
"south":{"uv":[6,9.5,7.25,10],"texture":"#bright_gun_texture"},
"west":{"uv":[7.5,9.5,8.5,10],"texture":"#bright_gun_texture"},
"east":{"uv":[7.5,9.5,8.5,10],"texture":"#bright_gun_texture"}
}
},
{
"from":[5.875,5.5,7.5],
"to":[7.125,6,8.5],
"faces":{
"down":{"uv":[5.875,7.5,7.125,8.5],"texture":"#bright_gun_texture"},
"up":{"uv":[5.875,7.5,7.125,8.5],"texture":"#bright_gun_texture"},
"north":{"uv":[8.875,10,10.125,10.5],"texture":"#bright_gun_texture"},
"south":{"uv":[5.875,10,7.125,10.5],"texture":"#bright_gun_texture"},
"west":{"uv":[7.5,10,8.5,10.5],"texture":"#bright_gun_texture"},
"east":{"uv":[7.5,10,8.5,10.5],"texture":"#bright_gun_texture"}
}
},
{
"from":[5.75,5,7.5],
"to":[7,5.5,8.5],
"faces":{
"down":{"uv":[5.75,7.5,7,8.5],"texture":"#bright_gun_texture"},
"up":{"uv":[5.75,7.5,7,8.5],"texture":"#bright_gun_texture"},
"north":{"uv":[9,10.5,10.25,11],"texture":"#bright_gun_texture"},
"south":{"uv":[5.75,10.5,7,11],"texture":"#bright_gun_texture"},
"west":{"uv":[7.5,10.5,8.5,11],"texture":"#bright_gun_texture"},
"east":{"uv":[7.5,10.5,8.5,11],"texture":"#bright_gun_texture"}
}
},
{
"from":[5.625,4.625,7.5],
"to":[6.875,5,8.5],
"faces":{
"down":{"uv":[5.625,7.5,6.875,8.5],"texture":"#bright_gun_texture"},
"up":{"uv":[5.625,7.5,6.875,8.5],"texture":"#bright_gun_texture"},
"north":{"uv":[9.125,11,10.375,11.375],"texture":"#bright_gun_texture"},
"south":{"uv":[5.625,11,6.875,11.375],"texture":"#bright_gun_texture"},
"west":{"uv":[7.5,11,8.5,11.375],"texture":"#bright_gun_texture"},
"east":{"uv":[7.5,11,8.5,11.375],"texture":"#bright_gun_texture"}
}
},
{
"from":[5,2.875,7.5],
"to":[6.25,3.125,8.5],
"faces":{
"down":{"uv":[5,7.5,6.25,8.5],"texture":"#bright_gun_texture"},
"up":{"uv":[5,7.5,6.25,8.5],"texture":"#bright_gun_texture"},
"north":{"uv":[9.75,12.875,11,13.125],"texture":"#bright_gun_texture"},
"south":{"uv":[5,12.875,6.25,13.125],"texture":"#bright_gun_texture"},
"west":{"uv":[7.5,12.875,8.5,13.125],"texture":"#bright_gun_texture"},
"east":{"uv":[7.5,12.875,8.5,13.125],"texture":"#bright_gun_texture"}
}
},
{
"from":[4.875,2.625,7.5],
"to":[6.125,2.875,8.5],
"faces":{
"down":{"uv":[4.875,7.5,6.125,8.5],"texture":"#bright_gun_texture"},
"up":{"uv":[4.875,7.5,6.125,8.5],"texture":"#bright_gun_texture"},
"north":{"uv":[9.875,13.125,11.125,13.375],"texture":"#bright_gun_texture"},
"south":{"uv":[4.875,13.125,6.125,13.375],"texture":"#bright_gun_texture"},
"west":{"uv":[7.5,13.125,8.5,13.375],"texture":"#bright_gun_texture"},
"east":{"uv":[7.5,13.125,8.5,13.375],"texture":"#bright_gun_texture"}
}
},
{
"from":[4.75,2.375,7.5],
"to":[6,2.625,8.5],
"faces":{
"down":{"uv":[4.75,7.5,6,8.5],"texture":"#bright_gun_texture"},
"up":{"uv":[4.75,7.5,6,8.5],"texture":"#bright_gun_texture"},
"north":{"uv":[10,13.375,11.25,13.625],"texture":"#bright_gun_texture"},
"south":{"uv":[4.75,13.375,6,13.625],"texture":"#bright_gun_texture"},
"west":{"uv":[7.5,13.375,8.5,13.625],"texture":"#bright_gun_texture"},
"east":{"uv":[7.5,13.375,8.5,13.625],"texture":"#bright_gun_texture"}
}
},
{
"from":[4.5,2,7.5],
"to":[5.75,2.125,8.5],
"faces":{
"down":{"uv":[4.5,7.5,5.75,8.5],"texture":"#bright_gun_texture"},
"up":{"uv":[4.5,7.5,5.75,8.5],"texture":"#bright_gun_texture"},
"north":{"uv":[10.25,13.875,11.5,14],"texture":"#bright_gun_texture"},
"south":{"uv":[4.5,13.875,5.75,14],"texture":"#bright_gun_texture"},
"west":{"uv":[7.5,13.875,8.5,14],"texture":"#bright_gun_texture"},
"east":{"uv":[7.5,13.875,8.5,14],"texture":"#bright_gun_texture"}
}
},
{
"from":[4.375,1.875,7.5],
"to":[5.625,2,8.5],
"faces":{
"down":{"uv":[4.375,7.5,5.625,8.5],"texture":"#bright_gun_texture"},
"up":{"uv":[4.375,7.5,5.625,8.5],"texture":"#bright_gun_texture"},
"north":{"uv":[10.375,14,11.625,14.125],"texture":"#bright_gun_texture"},
"south":{"uv":[4.375,14,5.625,14.125],"texture":"#bright_gun_texture"},
"west":{"uv":[7.5,14,8.5,14.125],"texture":"#bright_gun_texture"},
"east":{"uv":[7.5,14,8.5,14.125],"texture":"#bright_gun_texture"}
}
},
{
"from":[5.5,4.25,7.5],
"to":[6.75,4.625,8.5],
"faces":{
"down":{"uv":[5.5,7.5,6.75,8.5],"texture":"#bright_gun_texture"},
"up":{"uv":[5.5,7.5,6.75,8.5],"texture":"#bright_gun_texture"},
"north":{"uv":[9.25,11.375,10.5,11.75],"texture":"#bright_gun_texture"},
"south":{"uv":[5.5,11.375,6.75,11.75],"texture":"#bright_gun_texture"},
"west":{"uv":[7.5,11.375,8.5,11.75],"texture":"#bright_gun_texture"},
"east":{"uv":[7.5,11.375,8.5,11.75],"texture":"#bright_gun_texture"}
}
},
{
"from":[5.375,3.875,7.5],
"to":[6.625,4.25,8.5],
"faces":{
"down":{"uv":[5.375,7.5,6.625,8.5],"texture":"#bright_gun_texture"},
"up":{"uv":[5.375,7.5,6.625,8.5],"texture":"#bright_gun_texture"},
"north":{"uv":[9.375,11.75,10.625,12.125],"texture":"#bright_gun_texture"},
"south":{"uv":[5.375,11.75,6.625,12.125],"texture":"#bright_gun_texture"},
"west":{"uv":[7.5,11.75,8.5,12.125],"texture":"#bright_gun_texture"},
"east":{"uv":[7.5,11.75,8.5,12.125],"texture":"#bright_gun_texture"}
}
},
{
"from":[5.25,3.5,7.5],
"to":[6.5,3.875,8.5],
"faces":{
"down":{"uv":[5.25,7.5,6.5,8.5],"texture":"#bright_gun_texture"},
"up":{"uv":[5.25,7.5,6.5,8.5],"texture":"#bright_gun_texture"},
"north":{"uv":[9.5,12.125,10.75,12.5],"texture":"#bright_gun_texture"},
"south":{"uv":[5.25,12.125,6.5,12.5],"texture":"#bright_gun_texture"},
"west":{"uv":[7.5,12.125,8.5,12.5],"texture":"#bright_gun_texture"},
"east":{"uv":[7.5,12.125,8.5,12.5],"texture":"#bright_gun_texture"}
}
},
{
"from":[11.625,2.625,7.5],
"to":[13.375,7,8.5],
"rotation":{"origin":[11.625,7,7.5],"axis":"z","angle":22.5},
"faces":{
"down":{"uv":[13.29924,7.5,15.04924,8.5],"texture":"#normal_gun_texture"},
"up":{"uv":[13.29924,7.5,15.04924,8.5],"texture":"#normal_gun_texture"},
"north":{"uv":[0.9507599,8.666973,2.70076,13.04197],"texture":"#normal_gun_texture"},
"south":{"uv":[13.29924,8.666973,15.04924,13.04197],"texture":"#normal_gun_texture"},
"west":{"uv":[7.5,8.666973,8.5,13.04197],"texture":"#normal_gun_texture"},
"east":{"uv":[7.5,8.666973,8.5,13.04197],"texture":"#normal_gun_texture"}
}
},
{
"from":[13.5,5.75,7.5],
"to":[14,7,8.5],
"faces":{
"down":{"uv":[13.5,7.5,14,8.5],"texture":"#normal_gun_texture"},
"up":{"uv":[13.5,7.5,14,8.5],"texture":"#normal_gun_texture"},
"north":{"uv":[2,9,2.5,10.25],"texture":"#normal_gun_texture"},
"south":{"uv":[13.5,9,14,10.25],"texture":"#normal_gun_texture"},
"west":{"uv":[7.5,9,8.5,10.25],"texture":"#normal_gun_texture"},
"east":{"uv":[7.5,9,8.5,10.25],"texture":"#normal_gun_texture"}
}
},
{
"from":[14.0625,3.5625,7.5],
"to":[14.1875,5.6875,8.5],
"rotation":{"origin":[14.0625,5.6875,7.5],"axis":"z","angle":22.5},
"faces":{
"down":{"uv":[14.8757,7.5,15.0007,8.5],"texture":"#normal_gun_texture"},
"up":{"uv":[14.8757,7.5,15.0007,8.5],"texture":"#normal_gun_texture"},
"north":{"uv":[0.9992981,10.15074,1.124298,12.27574],"texture":"#normal_gun_texture"},
"south":{"uv":[14.8757,10.15074,15.0007,12.27574],"texture":"#normal_gun_texture"},
"west":{"uv":[7.5,10.15074,8.5,12.27574],"texture":"#normal_gun_texture"},
"east":{"uv":[7.5,10.15074,8.5,12.27574],"texture":"#normal_gun_texture"}
}
},
{
"from":[9.5,5.375,7.625],
"to":[12.375,5.625,8.375],
"faces":{
"down":{"uv":[9.5,7.625,12.375,8.375],"texture":"#normal_gun_texture"},
"up":{"uv":[9.5,7.625,12.375,8.375],"texture":"#normal_gun_texture"},
"north":{"uv":[3.625,10.375,6.5,10.625],"texture":"#normal_gun_texture"},
"south":{"uv":[9.5,10.375,12.375,10.625],"texture":"#normal_gun_texture"},
"west":{"uv":[7.625,10.375,8.375,10.625],"texture":"#normal_gun_texture"},
"east":{"uv":[7.625,10.375,8.375,10.625],"texture":"#normal_gun_texture"}
}
},
{
"from":[8.8125,5.25,7.625],
"to":[9.0625,7,8.375],
"rotation":{"origin":[8.8125,7,7.625],"axis":"z","angle":22.5},
"faces":{
"down":{"uv":[9.482196,7.625,9.732196,8.375],"texture":"#normal_gun_texture"},
"up":{"uv":[9.482196,7.625,9.732196,8.375],"texture":"#normal_gun_texture"},
"north":{"uv":[6.267804,8.866789,6.517804,10.61679],"texture":"#normal_gun_texture"},
"south":{"uv":[9.482196,8.866789,9.732196,10.61679],"texture":"#normal_gun_texture"},
"west":{"uv":[7.625,8.866789,8.375,10.61679],"texture":"#normal_gun_texture"},
"east":{"uv":[7.625,8.866789,8.375,10.61679],"texture":"#normal_gun_texture"}
}
},
{
"from":[11,6.25,7.75],
"to":[11.375,7,8.25],
"faces":{
"down":{"uv":[11,7.75,11.375,8.25],"texture":"#bright_gun_texture"},
"up":{"uv":[11,7.75,11.375,8.25],"texture":"#bright_gun_texture"},
"north":{"uv":[4.625,9,5,9.75],"texture":"#bright_gun_texture"},
"south":{"uv":[11,9,11.375,9.75],"texture":"#bright_gun_texture"},
"west":{"uv":[7.75,9,8.25,9.75],"texture":"#bright_gun_texture"},
"east":{"uv":[7.75,9,8.25,9.75],"texture":"#bright_gun_texture"}
}
},
{
"from":[11.03,5.895,7.75],
"to":[11.405,6.395,8.25],
"rotation":{"origin":[11.03,6.395,7.75],"axis":"z","angle":-22.5},
"faces":{
"down":{"uv":[10.83866,7.75,11.21366,8.25],"texture":"#bright_gun_texture"},
"up":{"uv":[10.83866,7.75,11.21366,8.25],"texture":"#bright_gun_texture"},
"north":{"uv":[4.786342,9.56694,5.161342,10.06694],"texture":"#bright_gun_texture"},
"south":{"uv":[10.83866,9.56694,11.21366,10.06694],"texture":"#bright_gun_texture"},
"west":{"uv":[7.75,9.56694,8.25,10.06694],"texture":"#bright_gun_texture"},
"east":{"uv":[7.75,9.56694,8.25,10.06694],"texture":"#bright_gun_texture"}
}
},
{
"from":[8.125,6.5,7.875],
"to":[8.25,7,8.125],
"faces":{
"down":{"uv":[8.125,7.875,8.25,8.125],"texture":"#bright_gun_texture"},
"up":{"uv":[8.125,7.875,8.25,8.125],"texture":"#bright_gun_texture"},
"north":{"uv":[7.75,9,7.875,9.5],"texture":"#bright_gun_texture"},
"south":{"uv":[8.125,9,8.25,9.5],"texture":"#bright_gun_texture"},
"west":{"uv":[7.875,9,8.125,9.5],"texture":"#bright_gun_texture"},
"east":{"uv":[7.875,9,8.125,9.5],"texture":"#bright_gun_texture"}
}
},
{
"from":[5.125,3.125,7.5],
"to":[6.375,3.5,8.5],
"faces":{
"down":{"uv":[5.125,7.5,6.375,8.5],"texture":"#bright_gun_texture"},
"up":{"uv":[5.125,7.5,6.375,8.5],"texture":"#bright_gun_texture"},
"north":{"uv":[9.625,12.5,10.875,12.875],"texture":"#bright_gun_texture"},
"south":{"uv":[5.125,12.5,6.375,12.875],"texture":"#bright_gun_texture"},
"west":{"uv":[7.5,12.5,8.5,12.875],"texture":"#bright_gun_texture"},
"east":{"uv":[7.5,12.5,8.5,12.875],"texture":"#bright_gun_texture"}
}
},
{
"from":[4.625,2.125,7.5],
"to":[5.875,2.375,8.5],
"faces":{
"down":{"uv":[4.625,7.5,5.875,8.5],"texture":"#bright_gun_texture"},
"up":{"uv":[4.625,7.5,5.875,8.5],"texture":"#bright_gun_texture"},
"north":{"uv":[10.125,13.625,11.375,13.875],"texture":"#bright_gun_texture"},
"south":{"uv":[4.625,13.625,5.875,13.875],"texture":"#bright_gun_texture"},
"west":{"uv":[7.5,13.625,8.5,13.875],"texture":"#bright_gun_texture"},
"east":{"uv":[7.5,13.625,8.5,13.875],"texture":"#bright_gun_texture"}
}
},
{
"from":[4.25,1.75,7.5],
"to":[5.5,1.875,8.5],
"faces":{
"down":{"uv":[4.25,7.5,5.5,8.5],"texture":"#bright_gun_texture"},
"up":{"uv":[4.25,7.5,5.5,8.5],"texture":"#bright_gun_texture"},
"north":{"uv":[10.5,14.125,11.75,14.25],"texture":"#bright_gun_texture"},
"south":{"uv":[4.25,14.125,5.5,14.25],"texture":"#bright_gun_texture"},
"west":{"uv":[7.5,14.125,8.5,14.25],"texture":"#bright_gun_texture"},
"east":{"uv":[7.5,14.125,8.5,14.25],"texture":"#bright_gun_texture"}
}
},
{
"from":[4.125,1.625,7.5],
"to":[5.375,1.75,8.5],
"faces":{
"down":{"uv":[4.125,7.5,5.375,8.5],"texture":"#bright_gun_texture"},
"up":{"uv":[4.125,7.5,5.375,8.5],"texture":"#bright_gun_texture"},
"north":{"uv":[10.625,14.25,11.875,14.375],"texture":"#bright_gun_texture"},
"south":{"uv":[4.125,14.25,5.375,14.375],"texture":"#bright_gun_texture"},
"west":{"uv":[7.5,14.25,8.5,14.375],"texture":"#bright_gun_texture"},
"east":{"uv":[7.5,14.25,8.5,14.375],"texture":"#bright_gun_texture"}
}
},
{
"from":[4.75,1.5,7.5],
"to":[5.25,1.625,8.5],
"faces":{
"down":{"uv":[4.75,7.5,5.25,8.5],"texture":"#bright_gun_texture"},
"up":{"uv":[4.75,7.5,5.25,8.5],"texture":"#bright_gun_texture"},
"north":{"uv":[10.75,14.375,11.25,14.5],"texture":"#bright_gun_texture"},
"south":{"uv":[4.75,14.375,5.25,14.5],"texture":"#bright_gun_texture"},
"west":{"uv":[7.5,14.375,8.5,14.5],"texture":"#bright_gun_texture"},
"east":{"uv":[7.5,14.375,8.5,14.5],"texture":"#bright_gun_texture"}
}
},
{
"from":[4.375,1.5625,7.5],
"to":[4.75,1.625,8.5],
"faces":{
"down":{"uv":[4.375,7.5,4.75,8.5],"texture":"#bright_gun_texture"},
"up":{"uv":[4.375,7.5,4.75,8.5],"texture":"#bright_gun_texture"},
"north":{"uv":[11.25,14.375,11.625,14.4375],"texture":"#bright_gun_texture"},
"south":{"uv":[4.375,14.375,4.75,14.4375],"texture":"#bright_gun_texture"},
"west":{"uv":[7.5,14.375,8.5,14.4375],"texture":"#bright_gun_texture"},
"east":{"uv":[7.5,14.375,8.5,14.4375],"texture":"#bright_gun_texture"}
}
},
{
"from":[5,1.4375,7.5],
"to":[5.125,1.5,8.5],
"faces":{
"down":{"uv":[5,7.5,5.125,8.5],"texture":"#bright_gun_texture"},
"up":{"uv":[5,7.5,5.125,8.5],"texture":"#bright_gun_texture"},
"north":{"uv":[10.875,14.5,11,14.5625],"texture":"#bright_gun_texture"},
"south":{"uv":[5,14.5,5.125,14.5625],"texture":"#bright_gun_texture"},
"west":{"uv":[7.5,14.5,8.5,14.5625],"texture":"#bright_gun_texture"},
"east":{"uv":[7.5,14.5,8.5,14.5625],"texture":"#bright_gun_texture"}
}
},
{
"from":[-0.5625,11.9375,7.625],
"to":[-0.0625,12.5,7.75],
"faces":{
"down":{"uv":[15.4375,8.25,15.9375,8.375],"texture":"#normal_gun_texture"},
"up":{"uv":[15.4375,7.625,15.9375,7.75],"texture":"#normal_gun_texture"},
"north":{"uv":[0.0625,3.5,0.5625,4.0625],"texture":"#normal_gun_texture"},
"south":{"uv":[15.4375,3.5,15.9375,4.0625],"texture":"#normal_gun_texture"},
"west":{"uv":[7.625,3.5,7.75,4.0625],"texture":"#normal_gun_texture"},
"east":{"uv":[8.25,3.5,8.375,4.0625],"texture":"#normal_gun_texture"}
}
},
{
"from":[-0.5625,11.9375,8.25],
"to":[-0.0625,12.5,8.375],
"faces":{
"down":{"uv":[15.4375,7.625,15.9375,7.75],"texture":"#normal_gun_texture"},
"up":{"uv":[15.4375,8.25,15.9375,8.375],"texture":"#normal_gun_texture"},
"north":{"uv":[0.0625,3.5,0.5625,4.0625],"texture":"#normal_gun_texture"},
"south":{"uv":[15.4375,3.5,15.9375,4.0625],"texture":"#normal_gun_texture"},
"west":{"uv":[8.25,3.5,8.375,4.0625],"texture":"#normal_gun_texture"},
"east":{"uv":[7.625,3.5,7.75,4.0625],"texture":"#normal_gun_texture"}
}
},
{
"from":[-0.5625,12.5,7.75],
"to":[-0.0625,12.625,8.25],
"faces":{
"down":{"uv":[15.4375,7.75,15.9375,8.25],"texture":"#normal_gun_texture"},
"up":{"uv":[15.4375,7.75,15.9375,8.25],"texture":"#normal_gun_texture"},
"north":{"uv":[0.0625,3.375,0.5625,3.5],"texture":"#normal_gun_texture"},
"south":{"uv":[15.4375,3.375,15.9375,3.5],"texture":"#normal_gun_texture"},
"west":{"uv":[7.75,3.375,8.25,3.5],"texture":"#normal_gun_texture"},
"east":{"uv":[7.75,3.375,8.25,3.5],"texture":"#normal_gun_texture"}
}
},
{
"from":[11.25,11.5,7.625],
"to":[12.5,11.875,8.375],
"faces":{
"down":{"uv":[11.25,7.625,12.5,8.375],"texture":"#normal_gun_texture"},
"up":{"uv":[11.25,7.625,12.5,8.375],"texture":"#normal_gun_texture"},
"north":{"uv":[3.5,4.125,4.75,4.5],"texture":"#normal_gun_texture"},
"south":{"uv":[11.25,4.125,12.5,4.5],"texture":"#normal_gun_texture"},
"west":{"uv":[7.625,4.125,8.375,4.5],"texture":"#normal_gun_texture"},
"east":{"uv":[7.625,4.125,8.375,4.5],"texture":"#normal_gun_texture"}
}
},
{
"from":[11.3125,11.375,7.75],
"to":[11.6875,12.125,8.25],
"rotation":{"origin":[11.3125,12.125,7.75],"axis":"z","angle":22.5},
"faces":{
"down":{"uv":[11.59951,7.75,11.97451,8.25],"texture":"#normal_gun_texture"},
"up":{"uv":[11.59951,7.75,11.97451,8.25],"texture":"#normal_gun_texture"},
"north":{"uv":[4.025488,3.817909,4.400488,4.567909],"texture":"#normal_gun_texture"},
"south":{"uv":[11.59951,3.817909,11.97451,4.567909],"texture":"#normal_gun_texture"},
"west":{"uv":[7.75,3.817909,8.25,4.567909],"texture":"#normal_gun_texture"},
"east":{"uv":[7.75,3.817909,8.25,4.567909],"texture":"#normal_gun_texture"}
}
},
{
"from":[11.875,11.875,7.625],
"to":[12.5,12.125,7.75],
"faces":{
"down":{"uv":[11.875,8.25,12.5,8.375],"texture":"#normal_gun_texture"},
"up":{"uv":[11.875,7.625,12.5,7.75],"texture":"#normal_gun_texture"},
"north":{"uv":[3.5,3.875,4.125,4.125],"texture":"#normal_gun_texture"},
"south":{"uv":[11.875,3.875,12.5,4.125],"texture":"#normal_gun_texture"},
"west":{"uv":[7.625,3.875,7.75,4.125],"texture":"#normal_gun_texture"},
"east":{"uv":[8.25,3.875,8.375,4.125],"texture":"#normal_gun_texture"}
}
},
{
"from":[11.875,11.875,8.25],
"to":[12.5,12.125,8.375],
"faces":{
"down":{"uv":[11.875,7.625,12.5,7.75],"texture":"#normal_gun_texture"},
"up":{"uv":[11.875,8.25,12.5,8.375],"texture":"#normal_gun_texture"},
"north":{"uv":[3.5,3.875,4.125,4.125],"texture":"#normal_gun_texture"},
"south":{"uv":[11.875,3.875,12.5,4.125],"texture":"#normal_gun_texture"},
"west":{"uv":[8.25,3.875,8.375,4.125],"texture":"#normal_gun_texture"},
"east":{"uv":[7.625,3.875,7.75,4.125],"texture":"#normal_gun_texture"}
}
},
{
"from":[12.125,12.125,8.25],
"to":[12.375,12.375,8.375],
"faces":{
"down":{"uv":[12.125,7.625,12.375,7.75],"texture":"#normal_gun_texture"},
"up":{"uv":[12.125,8.25,12.375,8.375],"texture":"#normal_gun_texture"},
"north":{"uv":[3.625,3.625,3.875,3.875],"texture":"#normal_gun_texture"},
"south":{"uv":[12.125,3.625,12.375,3.875],"texture":"#normal_gun_texture"},
"west":{"uv":[8.25,3.625,8.375,3.875],"texture":"#normal_gun_texture"},
"east":{"uv":[7.625,3.625,7.75,3.875],"texture":"#normal_gun_texture"}
}
},
{
"from":[12.125,12.125,7.625],
"to":[12.375,12.375,7.75],
"faces":{
"down":{"uv":[12.125,8.25,12.375,8.375],"texture":"#normal_gun_texture"},
"up":{"uv":[12.125,7.625,12.375,7.75],"texture":"#normal_gun_texture"},
"north":{"uv":[3.625,3.625,3.875,3.875],"texture":"#normal_gun_texture"},
"south":{"uv":[12.125,3.625,12.375,3.875],"texture":"#normal_gun_texture"},
"west":{"uv":[7.625,3.625,7.75,3.875],"texture":"#normal_gun_texture"},
"east":{"uv":[8.25,3.625,8.375,3.875],"texture":"#normal_gun_texture"}
}
},
{
"from":[-0.5,11.875,7.965],
"to":[-0.25,12.125,8.0275],
"faces":{
"down":{"uv":[15.5,7.9725,15.75,8.035],"texture":"#normal_gun_texture"},
"up":{"uv":[15.5,7.965,15.75,8.0275],"texture":"#normal_gun_texture"},
"north":{"uv":[0.25,3.875,0.5,4.125],"texture":"#normal_gun_texture"},
"south":{"uv":[15.5,3.875,15.75,4.125],"texture":"#normal_gun_texture"},
"west":{"uv":[7.965,3.875,8.0275,4.125],"texture":"#normal_gun_texture"},
"east":{"uv":[7.9725,3.875,8.035,4.125],"texture":"#normal_gun_texture"}
}
}
],
"display": {
    "thirdperson_righthand": {
        "rotation": [ -170, -90, 130 ],
        "translation": [ 0, 4, 3 ],
        "scale": [ 0.7, 0.7, 0.7 ]
    },
    "thirdperson_lefthand": {
        "rotation": [ 0, 90, 0 ],
        "translation": [ 0, 0, -4 ],
        "scale": [ 0.7, 0.7, 0.7 ]
    },
    "head": {
        "rotation": [ 0, -90, 0 ],
        "translation": [ 0, 12, 0 ],
        "scale": [ 0.6, 0.6, 0.6 ]
    },
    "ground": {
        "rotation": [ 90, 0, 0 ],
        "translation": [ 1, 0, 0 ],
        "scale": [ 0.6, 0.6, 0.6 ]
    },
    "fixed": {
        "rotation": [ 0, 0, 0 ],
        "translation": [ 0, 0, -1 ],
        "scale": [ 1, 1, 1 ]
    },
    "firstperson_righthand": {
        "rotation": [ 0, -90, 0 ],
        "translation": [ -2.5, 3, -3.5 ],
        "scale": [ 0.8, 0.8, 0.8 ]
    },
    "firstperson_lefthand": {
        "rotation": [ 0, 90, -90 ],
        "translation": [ -2, -3, -5 ],
        "scale": [ 0.8, 0.8, 0.8 ]
    },
    "gui": {
        "rotation": [ -15, 40, 0 ],
        "translation": [ -0.5, 0, 0 ],
        "scale": [ 0.6, 0.6, 0.6 ]
    }
}
}