{
"__comment": "© Le0, Mineland.eu 2019 | www.mineland.eu",
"textures": {
    "uzi": "guns/poloautomaty/uzi"
},
"elements": [ 
{
    "from": [ 2.06, 8.52, 6.56 ],
    "to": [ 7.46, 11.4, 9.44 ],
    "faces": {
        "down":  { "uv": [ 6.125, 0.875, 8.75, 2.75 ], "texture": "#uzi" },
        "up":    { "uv": [ 6.125, 0.875, 8.75, 2.75 ], "texture": "#uzi" },
        "north": { "uv": [ 6.125, 0.875, 8.75, 2.75 ], "texture": "#uzi" },
        "south": { "uv": [ 8.75, 0.875, 6.125, 2.75 ], "texture": "#uzi" },
        "west":  { "uv": [ 6.125, 0.875, 8.75, 2.75 ], "texture": "#uzi" },
        "east":  { "uv": [ 6.125, 0.875, 8.75, 2.75 ], "texture": "#uzi" }
    }
},
{
    "from": [ 8, 3.48, 6.56 ],
    "to": [ 10.16, 7.8, 9.44 ],
    "faces": {
        "down":  { "uv": [ 4, 3.125, 5.25, 5.75 ], "texture": "#uzi" },
        "up":    { "uv": [ 4, 3.125, 5.25, 5.75 ], "texture": "#uzi" },
        "north": { "uv": [ 4, 3.125, 5.25, 5.75 ], "texture": "#uzi" },
        "south": { "uv": [ 5.25, 3.125, 4, 5.75 ], "texture": "#uzi" },
        "west":  { "uv": [ 8.375, 6.25, 9.875, 8.875 ], "texture": "#uzi" },
        "east":  { "uv": [ 8.375, 6.25, 9.875, 8.875 ], "texture": "#uzi" }
    }
},
{
    "from": [ -2.08, 9.1275, 7.19 ],
    "to": [ -0.64, 10.7475, 8.81 ],
    "faces": {
        "down":  { "uv": [ 10.375, 1.5, 11, 2.5 ], "texture": "#uzi" },
        "up":    { "uv": [ 10.375, 1.5, 11, 2.5 ], "texture": "#uzi" },
        "north": { "uv": [ 10.375, 1.5, 11, 2.5 ], "texture": "#uzi" },
        "south": { "uv": [ 11, 1.5, 10.375, 2.5 ], "texture": "#uzi" },
        "west":  { "uv": [ 10.375, 1.5, 11, 2.5 ], "texture": "#uzi" },
        "east":  { "uv": [ 10.375, 1.5, 11, 2.5 ], "texture": "#uzi" }
    }
},
{
    "from": [ 8.135, -0.1425, 6.92 ],
    "to": [ 9.8, 3.48, 9.08 ],
    "faces": {
        "down":  { "uv": [ 4.25, 7.625, 5.125, 7.75 ], "texture": "#uzi" },
        "up":    { "uv": [ 4.25, 7.625, 5.125, 7.75 ], "texture": "#uzi" },
        "north": { "uv": [ 4.25, 5.75, 5.125, 7.75 ], "texture": "#uzi" },
        "south": { "uv": [ 6.25, 6.25, 7.125, 8.25 ], "texture": "#uzi" },
        "west":  { "uv": [ 5.25, 6.25, 6.125, 8.25 ], "texture": "#uzi" },
        "east":  { "uv": [ 7.25, 6.25, 8.125, 8.25 ], "texture": "#uzi" }
    }
},
{
    "from": [ 5.12, 7.8, 6.515 ],
    "to": [ 10.88, 8.52, 9.485 ],
    "faces": {
        "down":  { "uv": [ 3.375, 2.75, 7, 3.125 ], "texture": "#uzi" },
        "up":    { "uv": [ 3.375, 2.75, 7, 3.125 ], "texture": "#uzi" },
        "north": { "uv": [ 3.375, 2.75, 7, 3.125 ], "texture": "#uzi" },
        "south": { "uv": [ 7, 2.75, 3.5, 3.125 ], "texture": "#uzi" },
        "west":  { "uv": [ 3.375, 2.75, 7, 3.125 ], "texture": "#uzi" },
        "east":  { "uv": [ 3.375, 2.75, 7, 3.125 ], "texture": "#uzi" }
    }
},
{
    "from": [ 1.88, 7.7775, 6.38 ],
    "to": [ 4.94, 9.9375, 9.62 ],
    "faces": {
        "down":  { "uv": [ 8.375, 4.75, 9.75, 6 ], "texture": "#uzi" },
        "up":    { "uv": [ 8.375, 4.75, 9.75, 6 ], "texture": "#uzi" },
        "north": { "uv": [ 8.375, 4.75, 9.75, 6 ], "texture": "#uzi" },
        "south": { "uv": [ 8.375, 4.75, 9.75, 6 ], "texture": "#uzi" },
        "west":  { "uv": [ 8.375, 4.75, 9.75, 6 ], "texture": "#uzi" },
        "east":  { "uv": [ 8.375, 4.75, 9.75, 6 ], "texture": "#uzi" }
    }
},
{
    "from": [ -4.96, 9.4875, 7.55 ],
    "to": [ -2.08, 10.3875, 8.45 ],
    "faces": {
        "down":  { "uv": [ 12.5, 1.75, 11, 2.25 ], "texture": "#uzi" },
        "up":    { "uv": [ 11, 1.75, 12.5, 2.25 ], "texture": "#uzi" },
        "north": { "uv": [ 11, 1.75, 12.5, 2.25 ], "texture": "#uzi" },
        "south": { "uv": [ 12.5, 1.75, 11, 2.25 ], "texture": "#uzi" },
        "west":  { "uv": [ 12.625, 1.75, 13.125, 2.25 ], "texture": "#uzi" },
        "east":  { "uv": [ 12.625, 1.75, 13.125, 2.25 ], "texture": "#uzi" }
    }
},
{
    "from": [ 11.06, 7.8, 6.56 ],
    "to": [ 16.1, 8.52, 9.44 ],
    "faces": {
        "down":  { "uv": [ 0.375, 3, 3.375, 3.125 ], "texture": "#uzi" },
        "up":    { "uv": [ 0.375, 3, 3.375, 3.125 ], "texture": "#uzi" },
        "north": { "uv": [ 0.375, 2.75, 3.375, 3.25 ], "texture": "#uzi" },
        "south": { "uv": [ 3.375, 2.75, 0.375, 3.25 ], "texture": "#uzi" },
        "west":  { "uv": [ 0.375, 2.75, 0.375, 3.375 ], "texture": "#uzi" },
        "east":  { "uv": [ 0.375, 2.75, 0.375, 3.375 ], "texture": "#uzi" }
    }
},
{
    "from": [ 15.38, 3.66, 6.56 ],
    "to": [ 16.1, 7.8, 9.44 ],
    "faces": {
        "down":  { "uv": [ 0.375, 5.625, 0.75, 5.75 ], "texture": "#uzi" },
        "up":    { "uv": [ 0.375, 5.625, 0.75, 5.75 ], "texture": "#uzi" },
        "north": { "uv": [ 0.375, 3.125, 0.75, 5.75 ], "texture": "#uzi" },
        "south": { "uv": [ 0.75, 3.125, 0.375, 5.75 ], "texture": "#uzi" },
        "west":  { "uv": [ 0.375, 5.875, 1.625, 9.25 ], "texture": "#uzi" },
        "east":  { "uv": [ 0.375, 5.875, 1.625, 9.25 ], "texture": "#uzi" }
    }
},
{
    "from": [ 15.2, 8.52, 6.56 ],
    "to": [ 15.92, 9.24, 9.44 ],
    "faces": {
        "down":  { "uv": [ 1.75, 5.875, 3.125, 6.25 ], "texture": "#uzi" },
        "up":    { "uv": [ 1.75, 5.875, 3.125, 6.25 ], "rotation": 270, "texture": "#uzi" },
        "north": { "uv": [ 0.5, 2, 0.875, 2.375 ], "texture": "#uzi" },
        "south": { "uv": [ 0.5, 2, 0.875, 2.375 ], "texture": "#uzi" },
        "west":  { "uv": [ 1.75, 5.875, 3.125, 6.25 ], "texture": "#uzi" },
        "east":  { "uv": [ 1.75, 5.875, 3.125, 6.25 ], "texture": "#uzi" }
    }
},
{
    "from": [ 15.2, 9.24, 7.28 ],
    "to": [ 15.74, 9.96, 8.72 ],
    "faces": {
        "down":  { "uv": [ 1.75, 6.375, 3.125, 6.625 ], "texture": "#uzi" },
        "up":    { "uv": [ 1.75, 6.375, 3.125, 6.625 ], "rotation": 270, "texture": "#uzi" },
        "north": { "uv": [ 0.625, 1.75, 0.875, 2 ], "texture": "#uzi" },
        "south": { "uv": [ 0.625, 1.75, 0.875, 2 ], "texture": "#uzi" },
        "west":  { "uv": [ 1.75, 6.375, 3.125, 6.625 ], "texture": "#uzi" },
        "east":  { "uv": [ 1.75, 6.375, 3.125, 6.625 ], "texture": "#uzi" }
    }
},
{
    "from": [ -0.64, 11.4, 6.74 ],
    "to": [ 0.62, 12.12, 7.28 ],
    "faces": {
        "down":  { "uv": [ 9.5, 0.625, 10.375, 1 ], "texture": "#uzi" },
        "up":    { "uv": [ 9.5, 0.625, 10.375, 1 ], "texture": "#uzi" },
        "north": { "uv": [ 9.5, 0.625, 10.375, 1 ], "texture": "#uzi" },
        "south": { "uv": [ 9.5, 0.625, 10.375, 1 ], "texture": "#uzi" },
        "west":  { "uv": [ 9.5, 0.625, 9.75, 1 ], "texture": "#uzi" },
        "east":  { "uv": [ 9.5, 0.625, 9.75, 1 ], "texture": "#uzi" }
    }
},
{
    "from": [ -0.64, 11.4, 8.72 ],
    "to": [ 0.62, 12.12, 9.26 ],
    "faces": {
        "down":  { "uv": [ 9.5, 0.625, 10.375, 1 ], "texture": "#uzi" },
        "up":    { "uv": [ 9.5, 0.625, 10.375, 1 ], "texture": "#uzi" },
        "north": { "uv": [ 9.5, 0.625, 10.375, 1 ], "texture": "#uzi" },
        "south": { "uv": [ 9.5, 0.625, 10.375, 1 ], "texture": "#uzi" },
        "west":  { "uv": [ 9.5, 0.625, 9.75, 1 ], "texture": "#uzi" },
        "east":  { "uv": [ 9.5, 0.625, 9.75, 1 ], "texture": "#uzi" }
    }
},
{
    "from": [ 2.96, 11.49, 7.64 ],
    "to": [ 3.68, 11.67, 8.36 ],
    "faces": {
        "down":  { "uv": [ 7.5, 0.125, 8, 0.375 ], "texture": "#uzi" },
        "up":    { "uv": [ 7.5, 0.125, 8, 0.375 ], "texture": "#uzi" },
        "north": { "uv": [ 7.5, 0.125, 8, 0.375 ], "texture": "#uzi" },
        "south": { "uv": [ 7.5, 0.125, 8, 0.375 ], "texture": "#uzi" },
        "west":  { "uv": [ 7.5, 0.125, 8, 0.375 ], "texture": "#uzi" },
        "east":  { "uv": [ 7.5, 0.125, 8, 0.375 ], "texture": "#uzi" }
    }
},
{
    "from": [ 13.04, 11.4, 6.56 ],
    "to": [ 15.2, 12.12, 7.28 ],
    "faces": {
        "down":  { "uv": [ 0.875, 0.625, 2.25, 1 ], "texture": "#uzi" },
        "up":    { "uv": [ 0.875, 0.625, 2.25, 1 ], "texture": "#uzi" },
        "north": { "uv": [ 0.875, 0.625, 2.25, 1 ], "texture": "#uzi" },
        "south": { "uv": [ 0.875, 0.625, 2.25, 1 ], "texture": "#uzi" },
        "west":  { "uv": [ 0.875, 0.625, 2.25, 1 ], "texture": "#uzi" },
        "east":  { "uv": [ 0.875, 0.625, 2.25, 1 ], "texture": "#uzi" }
    }
},
{
    "from": [ 13.04, 11.4, 8.72 ],
    "to": [ 15.2, 12.12, 9.44 ],
    "faces": {
        "down":  { "uv": [ 0.875, 0.625, 2.25, 1 ], "texture": "#uzi" },
        "up":    { "uv": [ 0.875, 0.625, 2.25, 1 ], "texture": "#uzi" },
        "north": { "uv": [ 0.875, 0.625, 2.25, 1 ], "texture": "#uzi" },
        "south": { "uv": [ 0.875, 0.625, 2.25, 1 ], "texture": "#uzi" },
        "west":  { "uv": [ 0.875, 0.625, 2.25, 1 ], "texture": "#uzi" },
        "east":  { "uv": [ 0.875, 0.625, 2.25, 1 ], "texture": "#uzi" }
    }
},
{
    "from": [ 5.03, 6.54, 7.1 ],
    "to": [ 5.21, 8.52, 8.9 ],
    "faces": {
        "down":  { "uv": [ 6.625, 3.125, 6.875, 4 ], "texture": "#uzi" },
        "up":    { "uv": [ 6.625, 3.125, 6.875, 4 ], "texture": "#uzi" },
        "north": { "uv": [ 6.625, 3.125, 6.875, 4 ], "texture": "#uzi" },
        "south": { "uv": [ 6.625, 3.125, 6.875, 4 ], "texture": "#uzi" },
        "west":  { "uv": [ 6.625, 3.125, 6.875, 4 ], "texture": "#uzi" },
        "east":  { "uv": [ 6.625, 3.125, 6.875, 4 ], "texture": "#uzi" }
    }
},
{
    "from": [ 5.03, 6.36, 7.1 ],
    "to": [ 5.21, 6.54, 8.9 ],
    "rotation": { "origin": [ 5.03, 6.54, 7.1 ], "axis": "z", "angle": 22.5 },
    "faces": {
        "down":  { "uv": [ 6.75, 4.125, 7, 4.375 ], "texture": "#uzi" },
        "up":    { "uv": [ 6.75, 4.125, 7, 4.375 ], "texture": "#uzi" },
        "north": { "uv": [ 6.75, 4.125, 7, 4.375 ], "texture": "#uzi" },
        "south": { "uv": [ 6.75, 4.125, 7, 4.375 ], "texture": "#uzi" },
        "west":  { "uv": [ 6.75, 4.125, 7, 4.375 ], "texture": "#uzi" },
        "east":  { "uv": [ 6.75, 4.125, 7, 4.375 ], "texture": "#uzi" }
    }
},
{
    "from": [ 5.0975, 6.19169, 7.1 ],
    "to": [ 5.2775, 6.37169, 8.9 ],
    "rotation": { "origin": [ 5.0975, 6.37169, 7.1 ], "axis": "z", "angle": 45 },
    "faces": {
        "down":  { "uv": [ 6.75, 4.125, 7, 4.375 ], "texture": "#uzi" },
        "up":    { "uv": [ 6.75, 4.125, 7, 4.375 ], "texture": "#uzi" },
        "north": { "uv": [ 6.75, 4.125, 7, 4.375 ], "texture": "#uzi" },
        "south": { "uv": [ 6.75, 4.125, 7, 4.375 ], "texture": "#uzi" },
        "west":  { "uv": [ 6.75, 4.125, 7, 4.375 ], "texture": "#uzi" },
        "east":  { "uv": [ 6.75, 4.125, 7, 4.375 ], "texture": "#uzi" }
    }
},
{
    "from": [ 5.2928, 6.23225, 7.1 ],
    "to": [ 5.4728, 6.41225, 8.9 ],
    "rotation": { "origin": [ 5.2928, 6.41225, 7.1 ], "axis": "z", "angle": -22.5 },
    "faces": {
        "down":  { "uv": [ 6.75, 4.125, 7, 4.375 ], "texture": "#uzi" },
        "up":    { "uv": [ 6.75, 4.125, 7, 4.375 ], "texture": "#uzi" },
        "north": { "uv": [ 6.75, 4.125, 7, 4.375 ], "texture": "#uzi" },
        "south": { "uv": [ 6.75, 4.125, 7, 4.375 ], "texture": "#uzi" },
        "west":  { "uv": [ 6.75, 4.125, 7, 4.375 ], "texture": "#uzi" },
        "east":  { "uv": [ 6.75, 4.125, 7, 4.375 ], "texture": "#uzi" }
    }
},
{
    "from": [ 5.39, 6.18, 7.1 ],
    "to": [ 6.83, 6.36, 8.9 ],
    "faces": {
        "down":  { "uv": [ 5.75, 3.875, 6.625, 4.125 ], "texture": "#uzi" },
        "up":    { "uv": [ 5.75, 3.875, 6.625, 4.125 ], "texture": "#uzi" },
        "north": { "uv": [ 5.75, 3.875, 6.625, 4.125 ], "texture": "#uzi" },
        "south": { "uv": [ 5.75, 3.875, 6.625, 4.125 ], "texture": "#uzi" },
        "west":  { "uv": [ 5.75, 3.875, 6.625, 4.125 ], "texture": "#uzi" },
        "east":  { "uv": [ 5.75, 3.875, 6.625, 4.125 ], "texture": "#uzi" }
    }
},
{
    "from": [ 6.7625, 6.16831, 7.1 ],
    "to": [ 8.0225, 6.34831, 8.9 ],
    "rotation": { "origin": [ 6.7625, 6.34831, 7.1 ], "axis": "z", "angle": 22.5 },
    "faces": {
        "down":  { "uv": [ 5.375, 4.25, 6, 4.5 ], "texture": "#uzi" },
        "up":    { "uv": [ 5.375, 4.25, 6, 4.5 ], "texture": "#uzi" },
        "north": { "uv": [ 5.375, 4.25, 6, 4.5 ], "texture": "#uzi" },
        "south": { "uv": [ 5.375, 4.25, 6, 4.5 ], "texture": "#uzi" },
        "west":  { "uv": [ 5.375, 4.25, 6, 4.5 ], "texture": "#uzi" },
        "east":  { "uv": [ 5.375, 4.25, 6, 4.5 ], "texture": "#uzi" }
    }
},
{
    "from": [ 7.82, 6.675, 7.1 ],
    "to": [ 8, 7.8, 8.9 ],
    "faces": {
        "down":  { "uv": [ 5.25, 3.125, 5.5, 3.875 ], "texture": "#uzi" },
        "up":    { "uv": [ 5.25, 3.125, 5.5, 3.875 ], "texture": "#uzi" },
        "north": { "uv": [ 5.25, 3.125, 5.5, 3.875 ], "texture": "#uzi" },
        "south": { "uv": [ 5.25, 3.125, 5.5, 3.875 ], "texture": "#uzi" },
        "west":  { "uv": [ 5.25, 3.125, 5.5, 3.875 ], "texture": "#uzi" },
        "east":  { "uv": [ 5.25, 3.125, 5.5, 3.875 ], "texture": "#uzi" }
    }
},
{
    "from": [ 6.74, 7.44, 7.46 ],
    "to": [ 6.92, 7.8, 8.54 ],
    "faces": {
        "down":  { "uv": [ 7, 3.25, 7.25, 3.625 ], "texture": "#uzi" },
        "up":    { "uv": [ 7, 3.25, 7.25, 3.625 ], "texture": "#uzi" },
        "north": { "uv": [ 7, 3.25, 7.25, 3.625 ], "texture": "#uzi" },
        "south": { "uv": [ 7, 3.25, 7.25, 3.625 ], "texture": "#uzi" },
        "west":  { "uv": [ 7, 3.25, 7.25, 3.625 ], "texture": "#uzi" },
        "east":  { "uv": [ 7, 3.25, 7.25, 3.625 ], "texture": "#uzi" }
    }
},
{
    "from": [ 6.7544, 6.9675, 7.46 ],
    "to": [ 6.9344, 7.5075, 8.54 ],
    "rotation": { "origin": [ 6.7544, 7.5075, 7.46 ], "axis": "z", "angle": -22.5 },
    "faces": {
        "down":  { "uv": [ 7.375, 3.25, 7.625, 3.625 ], "texture": "#uzi" },
        "up":    { "uv": [ 7.375, 3.25, 7.625, 3.625 ], "texture": "#uzi" },
        "north": { "uv": [ 7.375, 3.25, 7.625, 3.625 ], "texture": "#uzi" },
        "south": { "uv": [ 7.375, 3.25, 7.625, 3.625 ], "texture": "#uzi" },
        "west":  { "uv": [ 7.375, 3.25, 7.625, 3.625 ], "texture": "#uzi" },
        "east":  { "uv": [ 7.375, 3.25, 7.625, 3.625 ], "texture": "#uzi" }
    }
},
{
    "from": [ 6.5897, 6.70925, 7.46 ],
    "to": [ 6.7697, 7.06925, 8.54 ],
    "rotation": { "origin": [ 6.5897, 7.06925, 7.46 ], "axis": "z", "angle": -45 },
    "faces": {
        "down":  { "uv": [ 7.75, 3.25, 8, 3.5 ], "texture": "#uzi" },
        "up":    { "uv": [ 7.75, 3.25, 8, 3.5 ], "texture": "#uzi" },
        "north": { "uv": [ 7.75, 3.25, 8, 3.5 ], "texture": "#uzi" },
        "south": { "uv": [ 7.75, 3.25, 8, 3.5 ], "texture": "#uzi" },
        "west":  { "uv": [ 7.75, 3.25, 8, 3.5 ], "texture": "#uzi" },
        "east":  { "uv": [ 7.75, 3.25, 8, 3.5 ], "texture": "#uzi" }
    }
},
{
    "from": [ 13.04, 7.44, 6.56 ],
    "to": [ 15.38, 7.8, 6.92 ],
    "faces": {
        "down":  { "uv": [ 0.75, 3.25, 2, 3.375 ], "texture": "#uzi" },
        "up":    { "uv": [ 0.75, 3.25, 2, 3.375 ], "texture": "#uzi" },
        "north": { "uv": [ 0.75, 3.25, 2, 3.375 ], "texture": "#uzi" },
        "south": { "uv": [ 0.75, 3.25, 2, 3.375 ], "texture": "#uzi" },
        "west":  { "uv": [ 0.75, 3.25, 2, 3.375 ], "texture": "#uzi" },
        "east":  { "uv": [ 0.75, 3.25, 2, 3.375 ], "texture": "#uzi" }
    }
},
{
    "from": [ 11.06, 7.62, 6.56 ],
    "to": [ 13.04, 7.8, 6.92 ],
    "faces": {
        "down":  { "uv": [ 2, 3.25, 2.25, 3.375 ], "texture": "#uzi" },
        "up":    { "uv": [ 2, 3.25, 2.25, 3.375 ], "texture": "#uzi" },
        "north": { "uv": [ 2, 3.25, 2.25, 3.375 ], "texture": "#uzi" },
        "south": { "uv": [ 2, 3.25, 2.25, 3.375 ], "texture": "#uzi" },
        "west":  { "uv": [ 2, 3.25, 2.25, 3.375 ], "texture": "#uzi" },
        "east":  { "uv": [ 2, 3.25, 2.25, 3.375 ], "texture": "#uzi" }
    }
},
{
    "from": [ 12.5, 7.5075, 6.56 ],
    "to": [ 13.04, 7.62, 6.92 ],
    "faces": {
        "down":  { "uv": [ 2, 3.25, 2.25, 3.375 ], "texture": "#uzi" },
        "up":    { "uv": [ 2, 3.25, 2.25, 3.375 ], "texture": "#uzi" },
        "north": { "uv": [ 2, 3.25, 2.25, 3.375 ], "texture": "#uzi" },
        "south": { "uv": [ 2, 3.25, 2.25, 3.375 ], "texture": "#uzi" },
        "west":  { "uv": [ 2, 3.25, 2.25, 3.375 ], "texture": "#uzi" },
        "east":  { "uv": [ 2, 3.25, 2.25, 3.375 ], "texture": "#uzi" }
    }
},
{
    "from": [ 15.02, 4.92, 9.08 ],
    "to": [ 15.38, 7.8, 9.44 ],
    "faces": {
        "down":  { "uv": [ 0.875, 5.5, 1.125, 5.75 ], "texture": "#uzi" },
        "up":    { "uv": [ 0.875, 5.5, 1.125, 5.75 ], "texture": "#uzi" },
        "north": { "uv": [ 0.875, 3.5, 1.125, 5.75 ], "texture": "#uzi" },
        "south": { "uv": [ 0.875, 3.5, 1.125, 5.75 ], "texture": "#uzi" },
        "west":  { "uv": [ 0.875, 3.5, 1.125, 5.75 ], "texture": "#uzi" },
        "east":  { "uv": [ 0.875, 3.5, 1.125, 5.75 ], "texture": "#uzi" }
    }
},
{
    "from": [ 14.615, 4.8525, 9.08 ],
    "to": [ 14.975, 5.9325, 9.44 ],
    "rotation": { "origin": [ 14.615, 5.9325, 9.08 ], "axis": "z", "angle": 22.5 },
    "faces": {
        "down":  { "uv": [ 1.25, 3.75, 1.5, 4 ], "texture": "#uzi" },
        "up":    { "uv": [ 1.25, 3.75, 1.5, 4 ], "texture": "#uzi" },
        "north": { "uv": [ 1.25, 3.5, 1.5, 4 ], "texture": "#uzi" },
        "south": { "uv": [ 1.25, 3.5, 1.5, 4 ], "texture": "#uzi" },
        "west":  { "uv": [ 1.25, 3.5, 1.5, 4 ], "texture": "#uzi" },
        "east":  { "uv": [ 1.25, 3.5, 1.5, 4 ], "texture": "#uzi" }
    }
},
{
    "from": [ 13.4225, 5.28, 9.08 ],
    "to": [ 13.7825, 7.08, 9.44 ],
    "rotation": { "origin": [ 13.4225, 7.08, 9.08 ], "axis": "z", "angle": 45 },
    "faces": {
        "down":  { "uv": [ 1.625, 4.125, 1.875, 4.375 ], "texture": "#uzi" },
        "up":    { "uv": [ 1.625, 4.125, 1.875, 4.375 ], "texture": "#uzi" },
        "north": { "uv": [ 1.625, 3.5, 1.875, 4.375 ], "texture": "#uzi" },
        "south": { "uv": [ 1.625, 3.5, 1.875, 4.375 ], "texture": "#uzi" },
        "west":  { "uv": [ 1.625, 3.5, 1.875, 4.375 ], "texture": "#uzi" },
        "east":  { "uv": [ 1.625, 3.5, 1.875, 4.375 ], "texture": "#uzi" }
    }
},
{
    "from": [ 12.0275, 7.6425, 9.08 ],
    "to": [ 13.8275, 8.0025, 9.44 ],
    "rotation": { "origin": [ 12.0275, 8.0025, 9.08 ], "axis": "z", "angle": -22.5 },
    "faces": {
        "down":  { "uv": [ 2, 3.5, 2.25, 4.125 ], "texture": "#uzi" },
        "up":    { "uv": [ 2, 3.5, 2.25, 4.125 ], "rotation": 90, "texture": "#uzi" },
        "north": { "uv": [ 2, 3.5, 2.25, 4.125 ], "rotation": 90, "texture": "#uzi" },
        "south": { "uv": [ 2, 3.5, 2.25, 4.125 ], "texture": "#uzi" },
        "west":  { "uv": [ 2, 3.875, 2.25, 4.125 ], "texture": "#uzi" },
        "east":  { "uv": [ 2, 3.875, 2.25, 4.125 ], "texture": "#uzi" }
    }
},
{
    "from": [ 11.24, 7.62, 9.08 ],
    "to": [ 12.14, 7.8, 9.44 ],
    "faces": {
        "down":  { "uv": [ 2.5, 3.375, 3.375, 3.625 ], "texture": "#uzi" },
        "up":    { "uv": [ 2.5, 3.375, 3.375, 3.625 ], "texture": "#uzi" },
        "north": { "uv": [ 2.5, 3.375, 3.375, 3.625 ], "texture": "#uzi" },
        "south": { "uv": [ 2.5, 3.375, 3.375, 3.625 ], "texture": "#uzi" },
        "west":  { "uv": [ 2.5, 3.375, 3.375, 3.625 ], "texture": "#uzi" },
        "east":  { "uv": [ 2.5, 3.375, 3.375, 3.625 ], "texture": "#uzi" }
    }
},
{
    "from": [ 10.97, 7.98, 6.56 ],
    "to": [ 11.15, 8.52, 9.44 ],
    "faces": {
        "down":  { "uv": [ 3.25, 3.125, 3.375, 3.25 ], "texture": "#uzi" },
        "up":    { "uv": [ 3.25, 3.125, 3.375, 3.25 ], "texture": "#uzi" },
        "north": { "uv": [ 3.25, 3.125, 3.375, 3.25 ], "texture": "#uzi" },
        "south": { "uv": [ 3.25, 3.125, 3.375, 3.25 ], "texture": "#uzi" },
        "west":  { "uv": [ 3.25, 3.125, 3.375, 3.25 ], "texture": "#uzi" },
        "east":  { "uv": [ 3.25, 3.125, 3.375, 3.25 ], "texture": "#uzi" }
    }
},
{
    "from": [ 10.16, 7.62, 6.56 ],
    "to": [ 10.88, 7.8, 9.44 ],
    "faces": {
        "down":  { "uv": [ 3.375, 3.125, 4, 3.25 ], "texture": "#uzi" },
        "up":    { "uv": [ 3.375, 3.125, 4, 3.25 ], "texture": "#uzi" },
        "north": { "uv": [ 3.375, 3.125, 4, 3.25 ], "texture": "#uzi" },
        "south": { "uv": [ 3.375, 3.125, 4, 3.25 ], "texture": "#uzi" },
        "west":  { "uv": [ 3.375, 3.125, 4, 3.25 ], "texture": "#uzi" },
        "east":  { "uv": [ 3.375, 3.125, 4, 3.25 ], "texture": "#uzi" }
    }
},
{
    "from": [ 10.16, 7.44, 6.56 ],
    "to": [ 10.7, 7.62, 9.44 ],
    "faces": {
        "down":  { "uv": [ 3.625, 3.25, 4, 3.375 ], "texture": "#uzi" },
        "up":    { "uv": [ 3.625, 3.25, 4, 3.375 ], "texture": "#uzi" },
        "north": { "uv": [ 3.625, 3.25, 4, 3.375 ], "texture": "#uzi" },
        "south": { "uv": [ 3.625, 3.25, 4, 3.375 ], "texture": "#uzi" },
        "west":  { "uv": [ 3.625, 3.25, 4, 3.375 ], "texture": "#uzi" },
        "east":  { "uv": [ 3.625, 3.25, 4, 3.375 ], "texture": "#uzi" }
    }
},
{
    "from": [ 10.16, 3.48, 6.56 ],
    "to": [ 10.7, 3.66, 9.44 ],
    "faces": {
        "down":  { "uv": [ 3.625, 5.625, 4, 5.75 ], "texture": "#uzi" },
        "up":    { "uv": [ 3.625, 5.625, 4, 5.75 ], "texture": "#uzi" },
        "north": { "uv": [ 3.625, 5.625, 4, 5.75 ], "texture": "#uzi" },
        "south": { "uv": [ 3.625, 5.625, 4, 5.75 ], "texture": "#uzi" },
        "west":  { "uv": [ 3.625, 5.625, 4, 5.75 ], "texture": "#uzi" },
        "east":  { "uv": [ 3.625, 5.625, 4, 5.75 ], "texture": "#uzi" }
    }
},
{
    "from": [ 10.16, 3.66, 6.56 ],
    "to": [ 10.8125, 3.84, 9.44 ],
    "faces": {
        "down":  { "uv": [ 3.625, 5.625, 4, 5.75 ], "texture": "#uzi" },
        "up":    { "uv": [ 3.625, 5.625, 4, 5.75 ], "texture": "#uzi" },
        "north": { "uv": [ 3.625, 5.625, 4, 5.75 ], "texture": "#uzi" },
        "south": { "uv": [ 3.625, 5.625, 4, 5.75 ], "texture": "#uzi" },
        "west":  { "uv": [ 3.625, 5.625, 4, 5.75 ], "texture": "#uzi" },
        "east":  { "uv": [ 3.625, 5.625, 4, 5.75 ], "texture": "#uzi" }
    }
},
{
    "from": [ 10.16, 3.84, 6.56 ],
    "to": [ 10.88, 5.28, 9.44 ],
    "faces": {
        "down":  { "uv": [ 3.5, 4.375, 3.875, 5.625 ], "texture": "#uzi" },
        "up":    { "uv": [ 3.5, 4.375, 3.875, 5.625 ], "texture": "#uzi" },
        "north": { "uv": [ 3.5, 4.375, 4, 5.625 ], "texture": "#uzi" },
        "south": { "uv": [ 3.5, 4.375, 4, 5.625 ], "texture": "#uzi" },
        "west":  { "uv": [ 3.5, 4.375, 4, 5.625 ], "texture": "#uzi" },
        "east":  { "uv": [ 3.5, 4.375, 4, 5.625 ], "texture": "#uzi" }
    }
},
{
    "from": [ 10.16, 5.28, 6.56 ],
    "to": [ 10.79, 5.64, 9.44 ],
    "faces": {
        "down":  { "uv": [ 3.625, 4.125, 4, 4.375 ], "texture": "#uzi" },
        "up":    { "uv": [ 3.625, 4.125, 4, 4.375 ], "texture": "#uzi" },
        "north": { "uv": [ 3.625, 4.125, 4, 4.375 ], "texture": "#uzi" },
        "south": { "uv": [ 3.625, 4.125, 4, 4.375 ], "texture": "#uzi" },
        "west":  { "uv": [ 3.625, 4.125, 4, 4.375 ], "texture": "#uzi" },
        "east":  { "uv": [ 3.625, 4.125, 4, 4.375 ], "texture": "#uzi" }
    }
},
{
    "from": [ 10.16, 5.64, 6.56 ],
    "to": [ 10.7, 6, 9.44 ],
    "faces": {
        "down":  { "uv": [ 3.625, 4, 4, 4.125 ], "texture": "#uzi" },
        "up":    { "uv": [ 3.625, 4, 4, 4.125 ], "texture": "#uzi" },
        "north": { "uv": [ 3.625, 4, 4, 4.125 ], "texture": "#uzi" },
        "south": { "uv": [ 3.625, 4, 4, 4.125 ], "texture": "#uzi" },
        "west":  { "uv": [ 3.625, 4, 4, 4.125 ], "texture": "#uzi" },
        "east":  { "uv": [ 3.625, 4, 4, 4.125 ], "texture": "#uzi" }
    }
},
{
    "from": [ 10.16, 6, 6.56 ],
    "to": [ 10.61, 7.44, 9.44 ],
    "faces": {
        "down":  { "uv": [ 3.75, 3.375, 4, 4 ], "texture": "#uzi" },
        "up":    { "uv": [ 3.75, 3.375, 4, 4 ], "texture": "#uzi" },
        "north": { "uv": [ 3.75, 3.375, 4, 4 ], "texture": "#uzi" },
        "south": { "uv": [ 3.75, 3.375, 4, 4 ], "texture": "#uzi" },
        "west":  { "uv": [ 3.75, 3.375, 4, 4 ], "texture": "#uzi" },
        "east":  { "uv": [ 3.75, 3.375, 4, 4 ], "texture": "#uzi" }
    }
},
{
    "from": [ 10.61, 6.045, 7.28 ],
    "to": [ 10.79, 7.4625, 8.72 ],
    "faces": {
        "down":  { "uv": [ 3.25, 5.875, 4.125, 6.75 ], "texture": "#uzi" },
        "up":    { "uv": [ 3.25, 5.875, 4.125, 6.75 ], "texture": "#uzi" },
        "north": { "uv": [ 3.25, 5.875, 4.125, 6.75 ], "texture": "#uzi" },
        "south": { "uv": [ 3.25, 5.875, 4.125, 6.75 ], "texture": "#uzi" },
        "west":  { "uv": [ 3.25, 5.875, 4.125, 6.75 ], "texture": "#uzi" },
        "east":  { "uv": [ 3.25, 5.875, 4.125, 6.75 ], "texture": "#uzi" }
    }
},
{
    "from": [ -0.64, 8.52, 6.74 ],
    "to": [ 2.06, 11.4, 9.26 ],
    "faces": {
        "down":  { "uv": [ 12.875, 0, 14.5, 1.375 ], "texture": "#uzi" },
        "up":    { "uv": [ 12.875, 0, 14.5, 1.375 ], "rotation": 90, "texture": "#uzi" },
        "north": { "uv": [ 8.75, 1, 10.375, 2.75 ], "texture": "#uzi" },
        "south": { "uv": [ 10.375, 1, 8.75, 2.75 ], "texture": "#uzi" },
        "west":  { "uv": [ 8.75, 1, 10.375, 2.75 ], "texture": "#uzi" },
        "east":  { "uv": [ 8.75, 1, 10.375, 2.75 ], "texture": "#uzi" }
    }
},
{
    "from": [ -0.46, 8.8575, 6.47 ],
    "to": [ 1.88, 9.9375, 9.53 ],
    "faces": {
        "down":  { "uv": [ 11.625, 4.625, 11.75, 5.25 ], "texture": "#uzi" },
        "up":    { "uv": [ 11.625, 4.625, 11.75, 5.25 ], "texture": "#uzi" },
        "north": { "uv": [ 9.875, 4.625, 11.75, 5.25 ], "texture": "#uzi" },
        "south": { "uv": [ 11.75, 4.625, 9.875, 5.25 ], "texture": "#uzi" },
        "west":  { "uv": [ 9.875, 4.625, 11.75, 5.25 ], "texture": "#uzi" },
        "east":  { "uv": [ 9.875, 4.625, 11.75, 5.25 ], "texture": "#uzi" }
    }
},
{
    "from": [ -0.46, 7.7775, 6.38 ],
    "to": [ 1.88, 8.8575, 9.62 ],
    "faces": {
        "down":  { "uv": [ 9.75, 5.375, 11.625, 6 ], "texture": "#uzi" },
        "up":    { "uv": [ 9.75, 5.375, 11.625, 6 ], "texture": "#uzi" },
        "north": { "uv": [ 9.75, 5.375, 11.625, 6 ], "texture": "#uzi" },
        "south": { "uv": [ 11.625, 5.375, 9.75, 6 ], "texture": "#uzi" },
        "west":  { "uv": [ 9.75, 5.375, 11.625, 6 ], "texture": "#uzi" },
        "east":  { "uv": [ 9.75, 5.375, 11.625, 6 ], "texture": "#uzi" }
    }
},
{
    "from": [ 1.7, 9.9375, 8.9 ],
    "to": [ 2.24, 11.0175, 9.26 ],
    "rotation": { "origin": [ 1.7, 9.9375, 8.9 ], "axis": "y", "angle": -22.5 },
    "faces": {
        "down":  { "uv": [ 8.75, 1.375, 9.125, 2.5 ], "texture": "#uzi" },
        "up":    { "uv": [ 8.75, 1.375, 9.125, 2.5 ], "texture": "#uzi" },
        "north": { "uv": [ 8.75, 1.375, 9.125, 2.5 ], "texture": "#uzi" },
        "south": { "uv": [ 8.75, 1.375, 9.125, 2.5 ], "texture": "#uzi" },
        "west":  { "uv": [ 8.75, 1.375, 9.125, 2.5 ], "texture": "#uzi" },
        "east":  { "uv": [ 8.75, 1.375, 9.125, 2.5 ], "texture": "#uzi" }
    }
},
{
    "from": [ 1.565, 9.9375, 6.7625 ],
    "to": [ 2.105, 11.0175, 7.1225 ],
    "rotation": { "origin": [ 1.565, 9.9375, 6.7625 ], "axis": "y", "angle": 22.5 },
    "faces": {
        "down":  { "uv": [ 8.75, 1.375, 9.125, 2.5 ], "texture": "#uzi" },
        "up":    { "uv": [ 8.75, 1.375, 9.125, 2.5 ], "texture": "#uzi" },
        "north": { "uv": [ 8.75, 1.375, 9.125, 2.5 ], "texture": "#uzi" },
        "south": { "uv": [ 8.75, 1.375, 9.125, 2.5 ], "texture": "#uzi" },
        "west":  { "uv": [ 8.75, 1.375, 9.125, 2.5 ], "texture": "#uzi" },
        "east":  { "uv": [ 8.75, 1.375, 9.125, 2.5 ], "texture": "#uzi" }
    }
},
{
    "from": [ 1.7, 11.0175, 9.26 ],
    "to": [ 2.0825, 11.4, 9.44 ],
    "faces": {
        "down":  { "uv": [ 8.75, 1, 9.125, 1.375 ], "texture": "#uzi" },
        "up":    { "uv": [ 8.75, 1, 9.125, 1.375 ], "texture": "#uzi" },
        "north": { "uv": [ 8.75, 1, 9.125, 1.375 ], "texture": "#uzi" },
        "south": { "uv": [ 8.75, 1, 9.125, 1.375 ], "texture": "#uzi" },
        "west":  { "uv": [ 8.75, 1, 9.125, 1.375 ], "texture": "#uzi" },
        "east":  { "uv": [ 8.75, 1, 9.125, 1.375 ], "texture": "#uzi" }
    }
},
{
    "from": [ 1.7, 11.0175, 6.56 ],
    "to": [ 2.0825, 11.4, 6.74 ],
    "faces": {
        "down":  { "uv": [ 8.75, 1, 9.125, 1.375 ], "texture": "#uzi" },
        "up":    { "uv": [ 8.75, 1, 9.125, 1.375 ], "texture": "#uzi" },
        "north": { "uv": [ 8.75, 1, 9.125, 1.375 ], "texture": "#uzi" },
        "south": { "uv": [ 8.75, 1, 9.125, 1.375 ], "texture": "#uzi" },
        "west":  { "uv": [ 8.75, 1, 9.125, 1.375 ], "texture": "#uzi" },
        "east":  { "uv": [ 8.75, 1, 9.125, 1.375 ], "texture": "#uzi" }
    }
},
{
    "from": [ 1.205, 11.0175, 6.7625 ],
    "to": [ 1.745, 11.4, 6.9425 ],
    "rotation": { "origin": [ 1.205, 11.0175, 6.7625 ], "axis": "y", "angle": 22.5 },
    "faces": {
        "down":  { "uv": [ 9, 1, 9.375, 1.375 ], "texture": "#uzi" },
        "up":    { "uv": [ 9, 1, 9.375, 1.375 ], "texture": "#uzi" },
        "north": { "uv": [ 9, 1, 9.375, 1.375 ], "texture": "#uzi" },
        "south": { "uv": [ 9, 1, 9.375, 1.375 ], "texture": "#uzi" },
        "west":  { "uv": [ 9, 1, 9.375, 1.375 ], "texture": "#uzi" },
        "east":  { "uv": [ 9, 1, 9.375, 1.375 ], "texture": "#uzi" }
    }
},
{
    "from": [ 1.2725, 11.0175, 9.0647 ],
    "to": [ 1.8125, 11.4, 9.2447 ],
    "rotation": { "origin": [ 1.2725, 11.0175, 9.0647 ], "axis": "y", "angle": -22.5 },
    "faces": {
        "down":  { "uv": [ 9, 1, 9.375, 1.375 ], "texture": "#uzi" },
        "up":    { "uv": [ 9, 1, 9.375, 1.375 ], "texture": "#uzi" },
        "north": { "uv": [ 9, 1, 9.375, 1.375 ], "texture": "#uzi" },
        "south": { "uv": [ 9, 1, 9.375, 1.375 ], "texture": "#uzi" },
        "west":  { "uv": [ 9, 1, 9.375, 1.375 ], "texture": "#uzi" },
        "east":  { "uv": [ 9, 1, 9.375, 1.375 ], "texture": "#uzi" }
    }
},
{
    "from": [ 0.62, 11.0175, 9.26 ],
    "to": [ 1.52, 11.4, 9.35375 ],
    "faces": {
        "down":  { "uv": [ 8.75, 1, 9.625, 1.375 ], "texture": "#uzi" },
        "up":    { "uv": [ 8.75, 1, 9.625, 1.375 ], "texture": "#uzi" },
        "north": { "uv": [ 8.75, 1, 9.625, 1.375 ], "texture": "#uzi" },
        "south": { "uv": [ 8.75, 1, 9.625, 1.375 ], "texture": "#uzi" },
        "west":  { "uv": [ 8.75, 1, 9.625, 1.375 ], "texture": "#uzi" },
        "east":  { "uv": [ 8.75, 1, 9.625, 1.375 ], "texture": "#uzi" }
    }
},
{
    "from": [ 0.62, 11.0175, 6.6725 ],
    "to": [ 1.52, 11.4, 6.76625 ],
    "faces": {
        "down":  { "uv": [ 8.75, 1, 9.625, 1.375 ], "texture": "#uzi" },
        "up":    { "uv": [ 8.75, 1, 9.625, 1.375 ], "texture": "#uzi" },
        "north": { "uv": [ 8.75, 1, 9.625, 1.375 ], "texture": "#uzi" },
        "south": { "uv": [ 8.75, 1, 9.625, 1.375 ], "texture": "#uzi" },
        "west":  { "uv": [ 8.75, 1, 9.625, 1.375 ], "texture": "#uzi" },
        "east":  { "uv": [ 8.75, 1, 9.625, 1.375 ], "texture": "#uzi" }
    }
},
{
    "from": [ -0.46, 12.12, 8.72 ],
    "to": [ 0.44, 12.3, 9.26 ],
    "faces": {
        "down":  { "uv": [ 9.625, 0.5, 10.25, 0.625 ], "texture": "#uzi" },
        "up":    { "uv": [ 9.625, 0.5, 10.25, 0.625 ], "texture": "#uzi" },
        "north": { "uv": [ 9.625, 0.5, 10.25, 0.625 ], "texture": "#uzi" },
        "south": { "uv": [ 9.625, 0.5, 10.25, 0.625 ], "texture": "#uzi" },
        "west":  { "uv": [ 9.625, 0.5, 10.25, 0.625 ], "texture": "#uzi" },
        "east":  { "uv": [ 9.625, 0.5, 10.25, 0.625 ], "texture": "#uzi" }
    }
},
{
    "from": [ -0.46, 12.12, 6.74 ],
    "to": [ 0.44, 12.3, 7.28 ],
    "faces": {
        "down":  { "uv": [ 9.625, 0.5, 10.25, 0.625 ], "texture": "#uzi" },
        "up":    { "uv": [ 9.625, 0.5, 10.25, 0.625 ], "texture": "#uzi" },
        "north": { "uv": [ 9.625, 0.5, 10.25, 0.625 ], "texture": "#uzi" },
        "south": { "uv": [ 9.625, 0.5, 10.25, 0.625 ], "texture": "#uzi" },
        "west":  { "uv": [ 9.625, 0.5, 10.25, 0.625 ], "texture": "#uzi" },
        "east":  { "uv": [ 9.625, 0.5, 10.25, 0.625 ], "texture": "#uzi" }
    }
},
{
    "from": [ -0.64, 11.4, 7.28 ],
    "to": [ 0.62, 11.58, 8.72 ],
    "faces": {
        "down":  { "uv": [ 13.625, 0, 14.5, 1.375 ], "texture": "#uzi" },
        "up":    { "uv": [ 13.625, 0, 14.5, 1.375 ], "texture": "#uzi" },
        "north": { "uv": [ 12.875, 1.25, 14.5, 1.375 ], "texture": "#uzi" },
        "south": { "uv": [ 12.875, 1.25, 14.5, 1.375 ], "texture": "#uzi" },
        "west":  { "uv": [ 12.875, 1.25, 14.5, 1.375 ], "texture": "#uzi" },
        "east":  { "uv": [ 12.875, 1.25, 14.5, 1.375 ], "texture": "#uzi" }
    }
},
{
    "from": [ -0.82, 10.86, 7.91 ],
    "to": [ -0.64, 11.04, 8.09 ],
    "faces": {
        "down":  { "uv": [ 14.625, 1.25, 14.75, 1.375 ], "texture": "#uzi" },
        "up":    { "uv": [ 14.625, 1.25, 14.75, 1.375 ], "texture": "#uzi" },
        "north": { "uv": [ 14.625, 1.25, 14.75, 1.375 ], "texture": "#uzi" },
        "south": { "uv": [ 14.625, 1.25, 14.75, 1.375 ], "texture": "#uzi" },
        "west":  { "uv": [ 14.625, 1.25, 14.75, 1.375 ], "texture": "#uzi" },
        "east":  { "uv": [ 14.625, 1.25, 14.75, 1.375 ], "texture": "#uzi" }
    }
},
{
    "from": [ 2.96, 11.58, 7.64 ],
    "to": [ 3.68, 12.12, 7.82 ],
    "faces": {
        "down":  { "uv": [ 7.5, 0.125, 8, 0.375 ], "texture": "#uzi" },
        "up":    { "uv": [ 7.5, 0.125, 8, 0.375 ], "texture": "#uzi" },
        "north": { "uv": [ 7.5, 0.125, 8, 0.375 ], "texture": "#uzi" },
        "south": { "uv": [ 7.5, 0.125, 8, 0.375 ], "texture": "#uzi" },
        "west":  { "uv": [ 7.5, 0.125, 8, 0.375 ], "texture": "#uzi" },
        "east":  { "uv": [ 7.5, 0.125, 8, 0.375 ], "texture": "#uzi" }
    }
},
{
    "from": [ 2.96, 11.58, 8.18 ],
    "to": [ 3.68, 12.12, 8.36 ],
    "faces": {
        "down":  { "uv": [ 7.5, 0.125, 8, 0.375 ], "texture": "#uzi" },
        "up":    { "uv": [ 7.5, 0.125, 8, 0.375 ], "texture": "#uzi" },
        "north": { "uv": [ 7.5, 0.125, 8, 0.375 ], "texture": "#uzi" },
        "south": { "uv": [ 7.5, 0.125, 8, 0.375 ], "texture": "#uzi" },
        "west":  { "uv": [ 7.5, 0.125, 8, 0.375 ], "texture": "#uzi" },
        "east":  { "uv": [ 7.5, 0.125, 8, 0.375 ], "texture": "#uzi" }
    }
},
{
    "from": [ 1.7, 11.3963, 6.56 ],
    "to": [ 11.7575, 11.49, 9.44 ],
    "faces": {
        "down":  { "uv": [ 0.125, 11.125, 8, 9.375 ], "texture": "#uzi" },
        "up":    { "uv": [ 0.125, 9.375, 8, 11.125 ], "texture": "#uzi" },
        "north": { "uv": [ 2.875, 0.875, 8.75, 1 ], "texture": "#uzi" },
        "south": { "uv": [ 2.875, 0.875, 8.75, 1 ], "texture": "#uzi" },
        "west":  { "uv": [ 2.875, 0.875, 3.125, 1 ], "texture": "#uzi" },
        "east":  { "uv": [ 2.875, 0.875, 3.125, 1 ], "texture": "#uzi" }
    }
},
{
    "from": [ 10.52, 8.52, 6.56 ],
    "to": [ 15.2, 11.4, 9.44 ],
    "faces": {
        "down":  { "uv": [ 10.625, 0, 12.625, 1.375 ], "texture": "#uzi" },
        "up":    { "uv": [ 10.625, 0, 12.625, 1.375 ], "texture": "#uzi" },
        "north": { "uv": [ 0.875, 1, 3.75, 2.75 ], "texture": "#uzi" },
        "south": { "uv": [ 3.75, 1, 0.875, 2.75 ], "texture": "#uzi" },
        "west":  { "uv": [ 3.75, 1, 0.875, 2.75 ], "texture": "#uzi" },
        "east":  { "uv": [ 1.75, 6.75, 3.125, 7.5 ], "texture": "#uzi" }
    }
},
{
    "from": [ 13.22, 12.12, 8.72 ],
    "to": [ 15.02, 12.3, 9.44 ],
    "faces": {
        "down":  { "uv": [ 1, 0.5, 2.125, 0.625 ], "texture": "#uzi" },
        "up":    { "uv": [ 1, 0.5, 2.125, 0.625 ], "texture": "#uzi" },
        "north": { "uv": [ 1, 0.5, 2.125, 0.625 ], "texture": "#uzi" },
        "south": { "uv": [ 1, 0.5, 2.125, 0.625 ], "texture": "#uzi" },
        "west":  { "uv": [ 1, 0.5, 2.125, 0.625 ], "texture": "#uzi" },
        "east":  { "uv": [ 1, 0.5, 2.125, 0.625 ], "texture": "#uzi" }
    }
},
{
    "from": [ 13.22, 12.12, 6.56 ],
    "to": [ 15.02, 12.3, 7.28 ],
    "faces": {
        "down":  { "uv": [ 1, 0.5, 2.125, 0.625 ], "texture": "#uzi" },
        "up":    { "uv": [ 1, 0.5, 2.125, 0.625 ], "texture": "#uzi" },
        "north": { "uv": [ 1, 0.5, 2.125, 0.625 ], "texture": "#uzi" },
        "south": { "uv": [ 1, 0.5, 2.125, 0.625 ], "texture": "#uzi" },
        "west":  { "uv": [ 1, 0.5, 2.125, 0.625 ], "texture": "#uzi" },
        "east":  { "uv": [ 1, 0.5, 2.125, 0.625 ], "texture": "#uzi" }
    }
},
{
    "from": [ 13.76, 12.3, 6.56 ],
    "to": [ 14.48, 12.48, 7.28 ],
    "faces": {
        "down":  { "uv": [ 1.375, 0.375, 1.75, 0.5 ], "texture": "#uzi" },
        "up":    { "uv": [ 1.375, 0.375, 1.75, 0.5 ], "texture": "#uzi" },
        "north": { "uv": [ 1.375, 0.375, 1.75, 0.5 ], "texture": "#uzi" },
        "south": { "uv": [ 1.375, 0.375, 1.75, 0.5 ], "texture": "#uzi" },
        "west":  { "uv": [ 1.375, 0.375, 1.75, 0.5 ], "texture": "#uzi" },
        "east":  { "uv": [ 1.375, 0.375, 1.75, 0.5 ], "texture": "#uzi" }
    }
},
{
    "from": [ 13.76, 12.3, 8.72 ],
    "to": [ 14.48, 12.48, 9.44 ],
    "faces": {
        "down":  { "uv": [ 1.375, 0.375, 1.75, 0.5 ], "texture": "#uzi" },
        "up":    { "uv": [ 1.375, 0.375, 1.75, 0.5 ], "texture": "#uzi" },
        "north": { "uv": [ 1.375, 0.375, 1.75, 0.5 ], "texture": "#uzi" },
        "south": { "uv": [ 1.375, 0.375, 1.75, 0.5 ], "texture": "#uzi" },
        "west":  { "uv": [ 1.375, 0.375, 1.75, 0.5 ], "texture": "#uzi" },
        "east":  { "uv": [ 1.375, 0.375, 1.75, 0.5 ], "texture": "#uzi" }
    }
},
{
    "from": [ 7.46, 8.515, 6.9225 ],
    "to": [ 10.52, 11.395, 9.4425 ],
    "faces": {
        "down":  { "uv": [ 3.375, 1, 5.375, 2.75 ], "texture": "#uzi" },
        "up":    { "uv": [ 3.375, 1, 5.375, 2.75 ], "texture": "#uzi" },
        "north": { "uv": [ 3.375, 1, 5.375, 2.75 ], "texture": "#uzi" },
        "south": { "uv": [ 5.375, 1, 3.375, 2.75 ], "texture": "#uzi" },
        "west":  { "uv": [ 3.375, 1.125, 5.375, 2.75 ], "texture": "#uzi" },
        "east":  { "uv": [ 3.375, 1.125, 5.375, 2.75 ], "texture": "#uzi" }
    }
},
{
    "from": [ 7.46, 8.52, 6.56 ],
    "to": [ 10.52, 9.645, 6.92 ],
    "faces": {
        "down":  { "uv": [ 3.375, 2, 5.25, 2.125 ], "texture": "#uzi" },
        "up":    { "uv": [ 3.375, 2, 5.25, 2.125 ], "texture": "#uzi" },
        "north": { "uv": [ 3.375, 2, 5.25, 2.75 ], "texture": "#uzi" },
        "south": { "uv": [ 5.25, 2, 3.375, 2.75 ], "texture": "#uzi" },
        "west":  { "uv": [ 3.5, 1.875, 5.25, 2 ], "texture": "#uzi" },
        "east":  { "uv": [ 3.5, 1.875, 5.25, 2 ], "texture": "#uzi" }
    }
},
{
    "from": [ 7.46, 11.04, 6.56 ],
    "to": [ 10.52, 11.4, 6.92 ],
    "faces": {
        "down":  { "uv": [ 3.375, 1, 5.25, 1.375 ], "texture": "#uzi" },
        "up":    { "uv": [ 3.375, 1, 5.25, 1.375 ], "texture": "#uzi" },
        "north": { "uv": [ 3.375, 1, 5.25, 1.375 ], "texture": "#uzi" },
        "south": { "uv": [ 5.25, 1, 3.375, 1.375 ], "texture": "#uzi" },
        "west":  { "uv": [ 3.375, 1.125, 3.75, 1.5 ], "texture": "#uzi" },
        "east":  { "uv": [ 3.375, 1.125, 3.75, 1.5 ], "texture": "#uzi" }
    }
},
{
    "from": [ -1, 10.86, 7.91 ],
    "to": [ -0.82, 11.76, 8.09 ],
    "faces": {
        "down":  { "uv": [ 14.75, 0.875, 14.875, 1.375 ], "texture": "#uzi" },
        "up":    { "uv": [ 14.75, 0.875, 14.875, 1.375 ], "texture": "#uzi" },
        "north": { "uv": [ 14.75, 0.875, 14.875, 1.375 ], "texture": "#uzi" },
        "south": { "uv": [ 14.75, 0.875, 14.875, 1.375 ], "texture": "#uzi" },
        "west":  { "uv": [ 14.75, 0.875, 14.875, 1.375 ], "texture": "#uzi" },
        "east":  { "uv": [ 14.75, 0.875, 14.875, 1.375 ], "texture": "#uzi" }
    }
},
{
    "from": [ 5.3, 10.32, 9.125 ],
    "to": [ 10.7, 10.68, 9.485 ],
    "faces": {
        "down":  { "uv": [ 5.375, 4.75, 8.25, 5.125 ], "texture": "#uzi" },
        "up":    { "uv": [ 5.375, 4.75, 8.25, 5.125 ], "texture": "#uzi" },
        "north": { "uv": [ 5.375, 4.75, 8.25, 5.125 ], "texture": "#uzi" },
        "south": { "uv": [ 5.375, 4.75, 8.25, 5.125 ], "texture": "#uzi" },
        "west":  { "uv": [ 5.375, 4.75, 5.75, 5.125 ], "texture": "#uzi" },
        "east":  { "uv": [ 5.375, 4.75, 5.75, 5.125 ], "texture": "#uzi" }
    }
},
{
    "from": [ 5.3, 9.24, 6.515 ],
    "to": [ 10.7, 9.6, 9.485 ],
    "faces": {
        "down":  { "uv": [ 5.375, 5.75, 8.25, 6.125 ], "texture": "#uzi" },
        "up":    { "uv": [ 5.375, 5.75, 8.25, 6.125 ], "texture": "#uzi" },
        "north": { "uv": [ 5.375, 5.75, 8.25, 6.125 ], "texture": "#uzi" },
        "south": { "uv": [ 5.375, 5.75, 8.25, 6.125 ], "texture": "#uzi" },
        "west":  { "uv": [ 5.375, 5.75, 8.25, 6.125 ], "texture": "#uzi" },
        "east":  { "uv": [ 5.375, 5.75, 8.25, 6.125 ], "texture": "#uzi" }
    }
},
{
    "from": [ 11.6, 10.32, 6.515 ],
    "to": [ 14.3, 10.68, 9.485 ],
    "faces": {
        "down":  { "uv": [ 1.25, 4.5, 2.875, 4.875 ], "texture": "#uzi" },
        "up":    { "uv": [ 1.25, 4.5, 2.875, 4.875 ], "texture": "#uzi" },
        "north": { "uv": [ 1.25, 4.5, 2.875, 4.875 ], "texture": "#uzi" },
        "south": { "uv": [ 1.25, 4.5, 2.875, 4.875 ], "texture": "#uzi" },
        "west":  { "uv": [ 1.25, 4.5, 2.875, 4.875 ], "texture": "#uzi" },
        "east":  { "uv": [ 1.25, 4.5, 2.875, 4.875 ], "texture": "#uzi" }
    }
},
{
    "from": [ 11.6, 9.24, 6.515 ],
    "to": [ 14.3, 9.6, 9.485 ],
    "faces": {
        "down":  { "uv": [ 1.25, 5, 2.875, 5.375 ], "texture": "#uzi" },
        "up":    { "uv": [ 1.25, 5, 2.875, 5.375 ], "texture": "#uzi" },
        "north": { "uv": [ 1.25, 5, 2.875, 5.375 ], "texture": "#uzi" },
        "south": { "uv": [ 1.25, 5, 2.875, 5.375 ], "texture": "#uzi" },
        "west":  { "uv": [ 1.25, 5, 2.875, 5.375 ], "texture": "#uzi" },
        "east":  { "uv": [ 1.25, 5, 2.875, 5.375 ], "texture": "#uzi" }
    }
},
{
    "from": [ 5.3, 10.32, 6.515 ],
    "to": [ 7.4375, 10.68, 6.875 ],
    "faces": {
        "down":  { "uv": [ 6.875, 5.25, 8.25, 5.625 ], "texture": "#uzi" },
        "up":    { "uv": [ 6.875, 5.25, 8.25, 5.625 ], "texture": "#uzi" },
        "north": { "uv": [ 6.875, 5.25, 8.25, 5.625 ], "texture": "#uzi" },
        "south": { "uv": [ 6.875, 5.25, 8.25, 5.625 ], "texture": "#uzi" },
        "west":  { "uv": [ 6.875, 5.25, 8.25, 5.625 ], "texture": "#uzi" },
        "east":  { "uv": [ 6.875, 5.25, 8.25, 5.625 ], "texture": "#uzi" }
    }
},
{
    "from": [ 10.5425, 10.32, 6.515 ],
    "to": [ 10.7225, 10.68, 8.515 ],
    "faces": {
        "down":  { "uv": [ 5.375, 5.25, 5.625, 5.625 ], "texture": "#uzi" },
        "up":    { "uv": [ 5.375, 5.25, 5.625, 5.625 ], "texture": "#uzi" },
        "north": { "uv": [ 5.375, 5.25, 5.625, 5.625 ], "texture": "#uzi" },
        "south": { "uv": [ 5.375, 5.25, 5.625, 5.625 ], "texture": "#uzi" },
        "west":  { "uv": [ 5.375, 5.25, 5.625, 5.625 ], "texture": "#uzi" },
        "east":  { "uv": [ 5.375, 5.25, 5.625, 5.625 ], "texture": "#uzi" }
    }
}
],
"display": {
    "thirdperson_righthand": {
        "rotation": [ 50, -90, 0 ],
        "translation": [ 0, 2, 4 ],
        "scale": [ 0.6, 0.6, 0.6 ]
    },
    "thirdperson_lefthand": {
        "rotation": [ 0, 90, 0 ],
        "translation": [ 0, 0, -1 ],
        "scale": [ 0.6, 0.6, 0.6 ]
    },
    "head": {
        "rotation": [ 0, -90, 0 ],
        "translation": [ 0, 12, 0 ],
        "scale": [ 0.6, 0.6, 0.6 ]
    },
    "ground": {
        "rotation": [ 90, 0, 0 ],
        "translation": [ 0, 0, 0 ],
        "scale": [ 0.5, 0.5, 0.5 ]
    },
    "fixed": {
        "rotation": [ 0, 0, 0 ],
        "translation": [ 0, 0, 0 ],
        "scale": [ 0.8, 0.8, 0.8 ]
    },
    "firstperson_righthand": {
        "rotation": [ 0, -90, 0 ],
        "translation": [ 0, 1, -8 ],
        "scale": [ 1, 1, 1 ]
    },
    "firstperson_lefthand": {
        "rotation": [ 0, 90, -90 ],
        "translation": [ -2, -3, -5 ],
        "scale": [ 1, 1, 1 ]
    },
    "gui": {
        "rotation": [ -20, 40, 0 ],
        "translation": [ 0, 1, 0 ],
        "scale": [ 0.5, 0.5, 0.5 ]
    }
}
}